{"type":"FeatureCollection","features":[{"type":"Feature","geometry":{"type":"Point","coordinates":[20.621904,52.110223]},"properties":{"name":"Grodzisk Maz. Traugutta Dw. PKP","band":0,"modes":"bus","arr":["0","18","21","22","23","24","25","28","30","31","32","33","34","45","63","82","92","93"],"off":[0,-0.8],"sc":0.89}},{"type":"Feature","geometry":{"type":"Point","coordinates":[20.621904,52.110223]},"properties":{"name":"Grodzisk Maz. Dw. PKP","band":0,"modes":"bus","arr":["0","18","21","22","23","24","25","28","30","31","32","33","34","45","63","82","92","93"],"off":[0,-3],"sc":0.89}},{"type":"Feature","geometry":{"type":"Point","coordinates":[20.621904,52.110223]},"properties":{"line":"0","mode":"bus","color":"#0059a9","colorDark":"#00294f","band":0,"sc":0.89,"off":[-6.8,1.1]}},{"type":"Feature","geometry":{"type":"Point","coordinates":[20.621904,52.110223]},"properties":{"line":"18","mode":"bus","color":"#0059a9","colorDark":"#00294f","band":0,"sc":0.89,"off":[-3.4,1.1]}},{"type":"Feature","geometry":{"type":"Point","coordinates":[20.621904,52.110223]},"properties":{"line":"21","mode":"bus","color":"#0059a9","colorDark":"#00294f","band":0,"sc":0.89,"off":[0,1.1]}},{"type":"Feature","geometry":{"type":"Point","coordinates":[20.621904,52.110223]},"properties":{"line":"22","mode":"bus","color":"#0059a9","colorDark":"#00294f","band":0,"sc":0.89,"off":[3.4,1.1]}},{"type":"Feature","geometry":{"type":"Point","coordinates":[20.621904,52.110223]},"properties":{"line":"23","mode":"bus","color":"#0059a9","colorDark":"#00294f","band":0,"sc":0.89,"off":[6.8,1.1]}},{"type":"Feature","geometry":{"type":"Point","coordinates":[20.621904,52.110223]},"properties":{"line":"24","mode":"bus","color":"#0059a9","colorDark":"#00294f","band":0,"sc":0.89,"off":[-6.8,3.1]}},{"type":"Feature","geometry":{"type":"Point","coordinates":[20.621904,52.110223]},"properties":{"line":"25","mode":"bus","color":"#0059a9","colorDark":"#00294f","band":0,"sc":0.89,"off":[-3.4,3.1]}},{"type":"Feature","geometry":{"type":"Point","coordinates":[20.621904,52.110223]},"properties":{"line":"28","mode":"bus","color":"#0059a9","colorDark":"#00294f","band":0,"sc":0.89,"off":[0,3.1]}},{"type":"Feature","geometry":{"type":"Point","coordinates":[20.621904,52.110223]},"properties":{"line":"30","mode":"bus","color":"#0059a9","colorDark":"#00294f","band":0,"sc":0.89,"off":[3.4,3.1]}},{"type":"Feature","geometry":{"type":"Point","coordinates":[20.621904,52.110223]},"properties":{"line":"31","mode":"bus","color":"#0059a9","colorDark":"#00294f","band":0,"sc":0.89,"off":[6.8,3.1]}},{"type":"Feature","geometry":{"type":"Point","coordinates":[20.621904,52.110223]},"properties":{"line":"32","mode":"bus","color":"#0059a9","colorDark":"#00294f","band":0,"sc":0.89,"off":[-6.8,5.1]}},{"type":"Feature","geometry":{"type":"Point","coordinates":[20.621904,52.110223]},"properties":{"line":"33","mode":"bus","color":"#0059a9","colorDark":"#00294f","band":0,"sc":0.89,"off":[-3.4,5.1]}},{"type":"Feature","geometry":{"type":"Point","coordinates":[20.621904,52.110223]},"properties":{"line":"34","mode":"bus","color":"#0059a9","colorDark":"#00294f","band":0,"sc":0.89,"off":[0,5.1]}},{"type":"Feature","geometry":{"type":"Point","coordinates":[20.621904,52.110223]},"properties":{"line":"45","mode":"bus","color":"#0059a9","colorDark":"#00294f","band":0,"sc":0.89,"off":[3.4,5.1]}},{"type":"Feature","geometry":{"type":"Point","coordinates":[20.621904,52.110223]},"properties":{"line":"63","mode":"bus","color":"#0059a9","colorDark":"#00294f","band":0,"sc":0.89,"off":[6.8,5.1]}},{"type":"Feature","geometry":{"type":"Point","coordinates":[20.621904,52.110223]},"properties":{"line":"82","mode":"bus","color":"#0059a9","colorDark":"#00294f","band":0,"sc":0.89,"off":[-3.4,7.1]}},{"type":"Feature","geometry":{"type":"Point","coordinates":[20.621904,52.110223]},"properties":{"line":"92","mode":"bus","color":"#0059a9","colorDark":"#00294f","band":0,"sc":0.89,"off":[0,7.1]}},{"type":"Feature","geometry":{"type":"Point","coordinates":[20.621904,52.110223]},"properties":{"line":"93","mode":"bus","color":"#0059a9","colorDark":"#00294f","band":0,"sc":0.89,"off":[3.4,7.1]}},{"type":"Feature","geometry":{"type":"Point","coordinates":[20.614133,52.101621]},"properties":{"name":"Grodzisk Maz. Żyrardowska","band":0,"modes":"bus","arr":["17"],"off":[0,-0.8]}},{"type":"Feature","geometry":{"type":"Point","coordinates":[20.614133,52.101621]},"properties":{"line":"17","mode":"bus","color":"#0059a9","colorDark":"#00294f","band":0,"off":[0,1.1]}},{"type":"Feature","geometry":{"type":"Point","coordinates":[20.61459,52.096857]},"properties":{"name":"Grodzisk Maz. Szpital","band":0,"modes":"bus","arr":["13","16","17","20","26","29","46"],"off":[0,-0.8]}},{"type":"Feature","geometry":{"type":"Point","coordinates":[20.61459,52.096857]},"properties":{"name":"Grodzisk Maz. Chełmońskiego PKS","band":0,"modes":"bus","arr":["13","16","17","20","26","29","46"],"off":[0,-3]}},{"type":"Feature","geometry":{"type":"Point","coordinates":[20.61459,52.096857]},"properties":{"line":"13","mode":"bus","color":"#0059a9","colorDark":"#00294f","band":0,"off":[-6.8,1.1]}},{"type":"Feature","geometry":{"type":"Point","coordinates":[20.61459,52.096857]},"properties":{"line":"16","mode":"bus","color":"#0059a9","colorDark":"#00294f","band":0,"off":[-3.4,1.1]}},{"type":"Feature","geometry":{"type":"Point","coordinates":[20.61459,52.096857]},"properties":{"line":"17","mode":"bus","color":"#0059a9","colorDark":"#00294f","band":0,"off":[0,1.1]}},{"type":"Feature","geometry":{"type":"Point","coordinates":[20.61459,52.096857]},"properties":{"line":"20","mode":"bus","color":"#0059a9","colorDark":"#00294f","band":0,"off":[3.4,1.1]}},{"type":"Feature","geometry":{"type":"Point","coordinates":[20.61459,52.096857]},"properties":{"line":"26","mode":"bus","color":"#0059a9","colorDark":"#00294f","band":0,"off":[6.8,1.1]}},{"type":"Feature","geometry":{"type":"Point","coordinates":[20.61459,52.096857]},"properties":{"line":"29","mode":"bus","color":"#0059a9","colorDark":"#00294f","band":0,"off":[-1.7,3.1]}},{"type":"Feature","geometry":{"type":"Point","coordinates":[20.61459,52.096857]},"properties":{"line":"46","mode":"bus","color":"#0059a9","colorDark":"#00294f","band":0,"off":[1.7,3.1]}},{"type":"Feature","geometry":{"type":"Point","coordinates":[20.485575,52.189127]},"properties":{"name":"Bieniewo-Wieś","band":0,"modes":"bus","arr":["10"],"off":[0,-0.8]}},{"type":"Feature","geometry":{"type":"Point","coordinates":[20.485575,52.189127]},"properties":{"line":"10","mode":"bus","color":"#0059a9","colorDark":"#00294f","band":0,"off":[0,1.1]}},{"type":"Feature","geometry":{"type":"Point","coordinates":[20.611495,52.196962]},"properties":{"name":"Błonie Szkoła Nr 2","band":0,"modes":"bus","arr":["19"],"off":[0,-0.8]}},{"type":"Feature","geometry":{"type":"Point","coordinates":[20.611495,52.196962]},"properties":{"line":"19","mode":"bus","color":"#0059a9","colorDark":"#00294f","band":0,"off":[0,1.1]}},{"type":"Feature","geometry":{"type":"Point","coordinates":[20.56213,52.182451]},"properties":{"name":"Bieniewice Szkoła","band":0,"modes":"bus","arr":["19"],"off":[0,-0.8]}},{"type":"Feature","geometry":{"type":"Point","coordinates":[20.56213,52.182451]},"properties":{"line":"19","mode":"bus","color":"#0059a9","colorDark":"#00294f","band":0,"off":[0,1.1]}},{"type":"Feature","geometry":{"type":"Point","coordinates":[20.496365,52.205825]},"properties":{"name":"Bieniewo-Parcela","band":0,"modes":"bus","arr":["10"],"off":[0,-0.8]}},{"type":"Feature","geometry":{"type":"Point","coordinates":[20.496365,52.205825]},"properties":{"line":"10","mode":"bus","color":"#0059a9","colorDark":"#00294f","band":0,"off":[0,1.1]}},{"type":"Feature","geometry":{"type":"Point","coordinates":[20.514784,52.219697]},"properties":{"name":"Nowa Górna II","band":0,"modes":"bus","arr":["11"],"off":[0,-0.8]}},{"type":"Feature","geometry":{"type":"Point","coordinates":[20.514784,52.219697]},"properties":{"line":"11","mode":"bus","color":"#0059a9","colorDark":"#00294f","band":0,"off":[0,1.1]}},{"type":"Feature","geometry":{"type":"Point","coordinates":[20.526302,52.206464]},"properties":{"name":"Bramki DPS","band":0,"modes":"bus","arr":["11"],"off":[0,-0.8]}},{"type":"Feature","geometry":{"type":"Point","coordinates":[20.526302,52.206464]},"properties":{"line":"11","mode":"bus","color":"#0059a9","colorDark":"#00294f","band":0,"off":[0,1.1]}},{"type":"Feature","geometry":{"type":"Point","coordinates":[20.610313,52.187298]},"properties":{"name":"Błonie PKP","band":0,"modes":"bus","arr":["12","40","42","43"],"off":[0,-0.8]}},{"type":"Feature","geometry":{"type":"Point","coordinates":[20.610313,52.187298]},"properties":{"line":"12","mode":"bus","color":"#0059a9","colorDark":"#00294f","band":0,"off":[-5.1,1.1]}},{"type":"Feature","geometry":{"type":"Point","coordinates":[20.610313,52.187298]},"properties":{"line":"40","mode":"bus","color":"#0059a9","colorDark":"#00294f","band":0,"off":[-1.7,1.1]}},{"type":"Feature","geometry":{"type":"Point","coordinates":[20.610313,52.187298]},"properties":{"line":"42","mode":"bus","color":"#0059a9","colorDark":"#00294f","band":0,"off":[1.7,1.1]}},{"type":"Feature","geometry":{"type":"Point","coordinates":[20.610313,52.187298]},"properties":{"line":"43","mode":"bus","color":"#0059a9","colorDark":"#00294f","band":0,"off":[5.1,1.1]}},{"type":"Feature","geometry":{"type":"Point","coordinates":[20.584545,52.21093]},"properties":{"name":"Pass","band":0,"modes":"bus","arr":["14"],"off":[0,-0.8]}},{"type":"Feature","geometry":{"type":"Point","coordinates":[20.584545,52.21093]},"properties":{"line":"14","mode":"bus","color":"#0059a9","colorDark":"#00294f","band":0,"off":[0,1.1]}},{"type":"Feature","geometry":{"type":"Point","coordinates":[20.616052,52.192221]},"properties":{"name":"Błonie Piłsudskiego Przedszkole","band":0,"modes":"bus","arr":["13","67","77"],"off":[0,-0.8]}},{"type":"Feature","geometry":{"type":"Point","coordinates":[20.616052,52.192221]},"properties":{"name":"Błonie Centrum Sportu","band":0,"modes":"bus","arr":["13","67","77"],"off":[0,-3]}},{"type":"Feature","geometry":{"type":"Point","coordinates":[20.616052,52.192221]},"properties":{"line":"13","mode":"bus","color":"#0059a9","colorDark":"#00294f","band":0,"off":[-3.4,1.1]}},{"type":"Feature","geometry":{"type":"Point","coordinates":[20.616052,52.192221]},"properties":{"line":"67","mode":"bus","color":"#0059a9","colorDark":"#00294f","band":0,"off":[0,1.1]}},{"type":"Feature","geometry":{"type":"Point","coordinates":[20.616052,52.192221]},"properties":{"line":"77","mode":"bus","color":"#0059a9","colorDark":"#00294f","band":0,"off":[3.4,1.1]}},{"type":"Feature","geometry":{"type":"Point","coordinates":[20.929819,52.224383]},"properties":{"name":"Warszawa Fort Wola","band":0,"modes":"bus","arr":["14"],"off":[0,-0.8]}},{"type":"Feature","geometry":{"type":"Point","coordinates":[20.929819,52.224383]},"properties":{"name":"Warszawa Cm. Wolski","band":0,"modes":"bus","arr":["14"],"off":[0,-1.9]}},{"type":"Feature","geometry":{"type":"Point","coordinates":[20.929819,52.224383]},"properties":{"line":"14","mode":"bus","color":"#0059a9","colorDark":"#00294f","band":0,"off":[0,1.1]}},{"type":"Feature","geometry":{"type":"Point","coordinates":[20.816296,52.21096]},"properties":{"name":"Ożarów Maz. Starostwo","band":0,"modes":"bus","arr":["97"],"off":[0,-0.8]}},{"type":"Feature","geometry":{"type":"Point","coordinates":[20.816296,52.21096]},"properties":{"line":"97","mode":"bus","color":"#0059a9","colorDark":"#00294f","band":0,"off":[0,1.1]}},{"type":"Feature","geometry":{"type":"Point","coordinates":[20.646048,52.215714]},"properties":{"name":"Radzików Ihar","band":0,"modes":"bus","arr":["49"],"off":[0,-0.8]}},{"type":"Feature","geometry":{"type":"Point","coordinates":[20.646048,52.215714]},"properties":{"line":"49","mode":"bus","color":"#0059a9","colorDark":"#00294f","band":0,"off":[0,1.1]}},{"type":"Feature","geometry":{"type":"Point","coordinates":[20.717693,52.141701]},"properties":{"name":"Brwinów Rynek","band":0,"modes":"bus","arr":["15","23","35","45","48","64","67","69"],"off":[0,-0.8]}},{"type":"Feature","geometry":{"type":"Point","coordinates":[20.717693,52.141701]},"properties":{"name":"Brwinów OSP","band":0,"modes":"bus","arr":["15","23","35","45","48","64","67","69"],"off":[0,-1.9]}},{"type":"Feature","geometry":{"type":"Point","coordinates":[20.717693,52.141701]},"properties":{"line":"15","mode":"bus","color":"#0059a9","colorDark":"#00294f","band":0,"off":[-6.8,1.1]}},{"type":"Feature","geometry":{"type":"Point","coordinates":[20.717693,52.141701]},"properties":{"line":"23","mode":"bus","color":"#0059a9","colorDark":"#00294f","band":0,"off":[-3.4,1.1]}},{"type":"Feature","geometry":{"type":"Point","coordinates":[20.717693,52.141701]},"properties":{"line":"35","mode":"bus","color":"#0059a9","colorDark":"#00294f","band":0,"off":[0,1.1]}},{"type":"Feature","geometry":{"type":"Point","coordinates":[20.717693,52.141701]},"properties":{"line":"45","mode":"bus","color":"#0059a9","colorDark":"#00294f","band":0,"off":[3.4,1.1]}},{"type":"Feature","geometry":{"type":"Point","coordinates":[20.717693,52.141701]},"properties":{"line":"48","mode":"bus","color":"#0059a9","colorDark":"#00294f","band":0,"off":[6.8,1.1]}},{"type":"Feature","geometry":{"type":"Point","coordinates":[20.717693,52.141701]},"properties":{"line":"64","mode":"bus","color":"#0059a9","colorDark":"#00294f","band":0,"off":[-3.4,3.1]}},{"type":"Feature","geometry":{"type":"Point","coordinates":[20.717693,52.141701]},"properties":{"line":"67","mode":"bus","color":"#0059a9","colorDark":"#00294f","band":0,"off":[0,3.1]}},{"type":"Feature","geometry":{"type":"Point","coordinates":[20.717693,52.141701]},"properties":{"line":"69","mode":"bus","color":"#0059a9","colorDark":"#00294f","band":0,"off":[3.4,3.1]}},{"type":"Feature","geometry":{"type":"Point","coordinates":[20.712293,52.133414]},"properties":{"name":"Brwinów Zespół Szkół Ogólnokształcących","band":0,"modes":"bus","arr":["65","66","Z67"],"off":[0,-0.8]}},{"type":"Feature","geometry":{"type":"Point","coordinates":[20.712293,52.133414]},"properties":{"line":"65","mode":"bus","color":"#0059a9","colorDark":"#00294f","band":0,"off":[-3.4,1.1]}},{"type":"Feature","geometry":{"type":"Point","coordinates":[20.712293,52.133414]},"properties":{"line":"66","mode":"bus","color":"#0059a9","colorDark":"#00294f","band":0,"off":[0,1.1]}},{"type":"Feature","geometry":{"type":"Point","coordinates":[20.712293,52.133414]},"properties":{"line":"Z67","mode":"bus","color":"#0059a9","colorDark":"#00294f","band":0,"off":[3.4,1.1]}},{"type":"Feature","geometry":{"type":"Point","coordinates":[20.724342,52.097151]},"properties":{"name":"Żółwin Szkoła i Orlik","band":0,"modes":"bus","arr":["55"],"off":[0,-0.8]}},{"type":"Feature","geometry":{"type":"Point","coordinates":[20.724342,52.097151]},"properties":{"line":"55","mode":"bus","color":"#0059a9","colorDark":"#00294f","band":0,"off":[0,1.1]}},{"type":"Feature","geometry":{"type":"Point","coordinates":[20.599786,52.109973]},"properties":{"name":"Wólka Grodziska Zachodnia","band":0,"modes":"bus","arr":["15"],"off":[0,-0.8]}},{"type":"Feature","geometry":{"type":"Point","coordinates":[20.599786,52.109973]},"properties":{"line":"15","mode":"bus","color":"#0059a9","colorDark":"#00294f","band":0,"off":[0,1.1]}},{"type":"Feature","geometry":{"type":"Point","coordinates":[20.665566,52.121657]},"properties":{"name":"Milanówek Dębowa","band":0,"modes":"bus","arr":["17"],"off":[0,-0.8]}},{"type":"Feature","geometry":{"type":"Point","coordinates":[20.665566,52.121657]},"properties":{"line":"17","mode":"bus","color":"#0059a9","colorDark":"#00294f","band":0,"off":[0,1.1]}},{"type":"Feature","geometry":{"type":"Point","coordinates":[20.63323,52.106098]},"properties":{"name":"Grodzisk Maz. Okulickiego Szkoła Muzyczna","band":0,"modes":"bus","arr":["15"],"off":[0,-0.8]}},{"type":"Feature","geometry":{"type":"Point","coordinates":[20.63323,52.106098]},"properties":{"line":"15","mode":"bus","color":"#0059a9","colorDark":"#00294f","band":0,"off":[0,1.1]}},{"type":"Feature","geometry":{"type":"Point","coordinates":[20.650757,52.136337]},"properties":{"name":"Milanówek Cmentarz","band":0,"modes":"bus","arr":["16","46"],"off":[0,-0.8]}},{"type":"Feature","geometry":{"type":"Point","coordinates":[20.650757,52.136337]},"properties":{"line":"16","mode":"bus","color":"#0059a9","colorDark":"#00294f","band":0,"off":[-1.7,1.1]}},{"type":"Feature","geometry":{"type":"Point","coordinates":[20.650757,52.136337]},"properties":{"line":"46","mode":"bus","color":"#0059a9","colorDark":"#00294f","band":0,"off":[1.7,1.1]}},{"type":"Feature","geometry":{"type":"Point","coordinates":[20.671644,52.128791]},"properties":{"name":"Milanówek Zaciszna","band":0,"modes":"bus","arr":["31"],"off":[0,-0.8]}},{"type":"Feature","geometry":{"type":"Point","coordinates":[20.671644,52.128791]},"properties":{"line":"31","mode":"bus","color":"#0059a9","colorDark":"#00294f","band":0,"off":[0,1.1]}},{"type":"Feature","geometry":{"type":"Point","coordinates":[20.760946,52.127017]},"properties":{"name":"Otrębusy WKD","band":0,"modes":"bus","arr":["17"],"off":[0,-0.8]}},{"type":"Feature","geometry":{"type":"Point","coordinates":[20.760946,52.127017]},"properties":{"line":"17","mode":"bus","color":"#0059a9","colorDark":"#00294f","band":0,"off":[0,1.1]}},{"type":"Feature","geometry":{"type":"Point","coordinates":[20.800076,52.091292]},"properties":{"name":"P+R Nadarzyn","band":0,"modes":"bus","arr":["17","29","60"],"off":[0,-0.8]}},{"type":"Feature","geometry":{"type":"Point","coordinates":[20.800076,52.091292]},"properties":{"line":"17","mode":"bus","color":"#0059a9","colorDark":"#00294f","band":0,"off":[-3.4,1.1]}},{"type":"Feature","geometry":{"type":"Point","coordinates":[20.800076,52.091292]},"properties":{"line":"29","mode":"bus","color":"#0059a9","colorDark":"#00294f","band":0,"off":[0,1.1]}},{"type":"Feature","geometry":{"type":"Point","coordinates":[20.800076,52.091292]},"properties":{"line":"60","mode":"bus","color":"#0059a9","colorDark":"#00294f","band":0,"off":[3.4,1.1]}},{"type":"Feature","geometry":{"type":"Point","coordinates":[20.663487,52.118805]},"properties":{"name":"Milanówek Basen","band":0,"modes":"bus","arr":["27"],"off":[0,-0.8]}},{"type":"Feature","geometry":{"type":"Point","coordinates":[20.663487,52.118805]},"properties":{"line":"27","mode":"bus","color":"#0059a9","colorDark":"#00294f","band":0,"off":[0,1.1]}},{"type":"Feature","geometry":{"type":"Point","coordinates":[20.389092,52.202331]},"properties":{"name":"Nowy Teresin","band":0,"modes":"bus","arr":["20","44"],"off":[0,-0.8]}},{"type":"Feature","geometry":{"type":"Point","coordinates":[20.389092,52.202331]},"properties":{"line":"20","mode":"bus","color":"#0059a9","colorDark":"#00294f","band":0,"off":[-1.7,1.1]}},{"type":"Feature","geometry":{"type":"Point","coordinates":[20.389092,52.202331]},"properties":{"line":"44","mode":"bus","color":"#0059a9","colorDark":"#00294f","band":0,"off":[1.7,1.1]}},{"type":"Feature","geometry":{"type":"Point","coordinates":[20.434994,52.171537]},"properties":{"name":"Kaski","band":0,"modes":"bus","arr":["20","26"],"off":[0,-0.8]}},{"type":"Feature","geometry":{"type":"Point","coordinates":[20.434994,52.171537]},"properties":{"line":"20","mode":"bus","color":"#0059a9","colorDark":"#00294f","band":0,"off":[-1.7,1.1]}},{"type":"Feature","geometry":{"type":"Point","coordinates":[20.434994,52.171537]},"properties":{"line":"26","mode":"bus","color":"#0059a9","colorDark":"#00294f","band":0,"off":[1.7,1.1]}},{"type":"Feature","geometry":{"type":"Point","coordinates":[20.464468,52.139173]},"properties":{"name":"Pułapina Nowa Rondo","band":0,"modes":"bus","arr":["80"],"off":[0,-0.8]}},{"type":"Feature","geometry":{"type":"Point","coordinates":[20.464468,52.139173]},"properties":{"line":"80","mode":"bus","color":"#0059a9","colorDark":"#00294f","band":0,"off":[0,1.1]}},{"type":"Feature","geometry":{"type":"Point","coordinates":[20.471944,52.122571]},"properties":{"name":"Baranów Szkoła","band":0,"modes":"bus","arr":["24"],"off":[0,-0.8]}},{"type":"Feature","geometry":{"type":"Point","coordinates":[20.471944,52.122571]},"properties":{"line":"24","mode":"bus","color":"#0059a9","colorDark":"#00294f","band":0,"off":[0,1.1]}},{"type":"Feature","geometry":{"type":"Point","coordinates":[20.582224,52.072202]},"properties":{"name":"Władków Pętla","band":0,"modes":"bus","arr":["21"],"off":[0,-0.8]}},{"type":"Feature","geometry":{"type":"Point","coordinates":[20.582224,52.072202]},"properties":{"line":"21","mode":"bus","color":"#0059a9","colorDark":"#00294f","band":0,"off":[0,1.1]}},{"type":"Feature","geometry":{"type":"Point","coordinates":[20.588976,52.054077]},"properties":{"name":"Makówka Lukrecji","band":0,"modes":"bus","arr":["22","58"],"off":[0,-0.8]}},{"type":"Feature","geometry":{"type":"Point","coordinates":[20.588976,52.054077]},"properties":{"line":"22","mode":"bus","color":"#0059a9","colorDark":"#00294f","band":0,"off":[-1.7,1.1]}},{"type":"Feature","geometry":{"type":"Point","coordinates":[20.588976,52.054077]},"properties":{"line":"58","mode":"bus","color":"#0059a9","colorDark":"#00294f","band":0,"off":[1.7,1.1]}},{"type":"Feature","geometry":{"type":"Point","coordinates":[20.629436,52.076608]},"properties":{"name":"Adamowizna Szkoła","band":0,"modes":"bus","arr":["58"],"off":[0,-0.8]}},{"type":"Feature","geometry":{"type":"Point","coordinates":[20.629436,52.076608]},"properties":{"line":"58","mode":"bus","color":"#0059a9","colorDark":"#00294f","band":0,"off":[0,1.1]}},{"type":"Feature","geometry":{"type":"Point","coordinates":[20.664871,52.070231]},"properties":{"name":"Radonie Pętla","band":0,"modes":"bus","arr":["30"],"off":[0,-0.8]}},{"type":"Feature","geometry":{"type":"Point","coordinates":[20.664871,52.070231]},"properties":{"line":"30","mode":"bus","color":"#0059a9","colorDark":"#00294f","band":0,"off":[0,1.1]}},{"type":"Feature","geometry":{"type":"Point","coordinates":[20.645468,52.086505]},"properties":{"name":"Szczęsne Cmentarz","band":0,"modes":"bus","arr":["50","C1"],"off":[0,-0.8]}},{"type":"Feature","geometry":{"type":"Point","coordinates":[20.645468,52.086505]},"properties":{"line":"50","mode":"bus","color":"#0059a9","colorDark":"#00294f","band":0,"off":[-1.7,1.1]}},{"type":"Feature","geometry":{"type":"Point","coordinates":[20.645468,52.086505]},"properties":{"line":"C1","mode":"bus","color":"#0059a9","colorDark":"#00294f","band":0,"off":[1.7,1.1]}},{"type":"Feature","geometry":{"type":"Point","coordinates":[20.532914,52.137902]},"properties":{"name":"Izdebno Kościelne Szkoła","band":0,"modes":"bus","arr":["25"],"off":[0,-0.8]}},{"type":"Feature","geometry":{"type":"Point","coordinates":[20.532914,52.137902]},"properties":{"line":"25","mode":"bus","color":"#0059a9","colorDark":"#00294f","band":0,"off":[0,1.1]}},{"type":"Feature","geometry":{"type":"Point","coordinates":[20.509634,52.136392]},"properties":{"name":"Izdebno Kościelne Pętla","band":0,"modes":"bus","arr":["24"],"off":[0,-0.8]}},{"type":"Feature","geometry":{"type":"Point","coordinates":[20.509634,52.136392]},"properties":{"line":"24","mode":"bus","color":"#0059a9","colorDark":"#00294f","band":0,"off":[0,1.1]}},{"type":"Feature","geometry":{"type":"Point","coordinates":[20.560042,52.154076]},"properties":{"name":"Kłudno Nowe Pętla","band":0,"modes":"bus","arr":["26"],"off":[0,-0.8]}},{"type":"Feature","geometry":{"type":"Point","coordinates":[20.560042,52.154076]},"properties":{"line":"26","mode":"bus","color":"#0059a9","colorDark":"#00294f","band":0,"off":[0,1.1]}},{"type":"Feature","geometry":{"type":"Point","coordinates":[20.630857,52.115597]},"properties":{"name":"Grodzisk Maz. Rokiciańska","band":0,"modes":"bus","arr":["27"],"off":[0,-0.8]}},{"type":"Feature","geometry":{"type":"Point","coordinates":[20.630857,52.115597]},"properties":{"line":"27","mode":"bus","color":"#0059a9","colorDark":"#00294f","band":0,"off":[0,1.1]}},{"type":"Feature","geometry":{"type":"Point","coordinates":[20.689933,52.031252]},"properties":{"name":"Żabia Wola Urząd Gminy","band":0,"modes":"bus","arr":["30","32","52"],"off":[0,-0.8]}},{"type":"Feature","geometry":{"type":"Point","coordinates":[20.689933,52.031252]},"properties":{"line":"30","mode":"bus","color":"#0059a9","colorDark":"#00294f","band":0,"off":[-3.4,1.1]}},{"type":"Feature","geometry":{"type":"Point","coordinates":[20.689933,52.031252]},"properties":{"line":"32","mode":"bus","color":"#0059a9","colorDark":"#00294f","band":0,"off":[0,1.1]}},{"type":"Feature","geometry":{"type":"Point","coordinates":[20.689933,52.031252]},"properties":{"line":"52","mode":"bus","color":"#0059a9","colorDark":"#00294f","band":0,"off":[3.4,1.1]}},{"type":"Feature","geometry":{"type":"Point","coordinates":[20.669047,52.029374]},"properties":{"name":"Józefina Szkoła","band":0,"modes":"bus","arr":["51","63"],"off":[0,-0.8]}},{"type":"Feature","geometry":{"type":"Point","coordinates":[20.669047,52.029374]},"properties":{"line":"51","mode":"bus","color":"#0059a9","colorDark":"#00294f","band":0,"off":[-1.7,1.1]}},{"type":"Feature","geometry":{"type":"Point","coordinates":[20.669047,52.029374]},"properties":{"line":"63","mode":"bus","color":"#0059a9","colorDark":"#00294f","band":0,"off":[1.7,1.1]}},{"type":"Feature","geometry":{"type":"Point","coordinates":[20.656142,51.982972]},"properties":{"name":"Skuły Szkoła","band":0,"modes":"bus","arr":["30"],"off":[0,-0.8]}},{"type":"Feature","geometry":{"type":"Point","coordinates":[20.656142,51.982972]},"properties":{"line":"30","mode":"bus","color":"#0059a9","colorDark":"#00294f","band":0,"off":[0,1.1]}},{"type":"Feature","geometry":{"type":"Point","coordinates":[20.665636,51.946621]},"properties":{"name":"Petrykozy Trakt Królewski","band":0,"modes":"bus","arr":["31"],"off":[0,-0.8]}},{"type":"Feature","geometry":{"type":"Point","coordinates":[20.665636,51.946621]},"properties":{"line":"31","mode":"bus","color":"#0059a9","colorDark":"#00294f","band":0,"off":[0,1.1]}},{"type":"Feature","geometry":{"type":"Point","coordinates":[20.625936,51.925045]},"properties":{"name":"Lutkówka Szkoła","band":0,"modes":"bus","arr":["31"],"off":[0,-0.8]}},{"type":"Feature","geometry":{"type":"Point","coordinates":[20.625936,51.925045]},"properties":{"line":"31","mode":"bus","color":"#0059a9","colorDark":"#00294f","band":0,"off":[0,1.1]}},{"type":"Feature","geometry":{"type":"Point","coordinates":[20.734783,52.010826]},"properties":{"name":"Ojrzanów Szkoła","band":0,"modes":"bus","arr":["32","52"],"off":[0,-0.8]}},{"type":"Feature","geometry":{"type":"Point","coordinates":[20.734783,52.010826]},"properties":{"line":"32","mode":"bus","color":"#0059a9","colorDark":"#00294f","band":0,"off":[-1.7,1.1]}},{"type":"Feature","geometry":{"type":"Point","coordinates":[20.734783,52.010826]},"properties":{"line":"52","mode":"bus","color":"#0059a9","colorDark":"#00294f","band":0,"off":[1.7,1.1]}},{"type":"Feature","geometry":{"type":"Point","coordinates":[20.726311,52.054969]},"properties":{"name":"Siestrzeń Rozalińska","band":0,"modes":"bus","arr":["32","51"],"off":[0,-0.8]}},{"type":"Feature","geometry":{"type":"Point","coordinates":[20.726311,52.054969]},"properties":{"line":"32","mode":"bus","color":"#0059a9","colorDark":"#00294f","band":0,"off":[-1.7,1.1]}},{"type":"Feature","geometry":{"type":"Point","coordinates":[20.726311,52.054969]},"properties":{"line":"51","mode":"bus","color":"#0059a9","colorDark":"#00294f","band":0,"off":[1.7,1.1]}},{"type":"Feature","geometry":{"type":"Point","coordinates":[20.769196,52.005118]},"properties":{"name":"Ojrzanów Przyleśna","band":0,"modes":"bus","arr":["33"],"off":[0,-0.8]}},{"type":"Feature","geometry":{"type":"Point","coordinates":[20.769196,52.005118]},"properties":{"line":"33","mode":"bus","color":"#0059a9","colorDark":"#00294f","band":0,"off":[0,1.1]}},{"type":"Feature","geometry":{"type":"Point","coordinates":[20.695878,52.071818]},"properties":{"name":"Książenice Szkoła","band":0,"modes":"bus","arr":["35"],"off":[0,-0.8]}},{"type":"Feature","geometry":{"type":"Point","coordinates":[20.695878,52.071818]},"properties":{"line":"35","mode":"bus","color":"#0059a9","colorDark":"#00294f","band":0,"off":[0,1.1]}},{"type":"Feature","geometry":{"type":"Point","coordinates":[20.453811,52.24217]},"properties":{"name":"Podkampinos Rondo","band":0,"modes":"bus","arr":["41"],"off":[0,-0.8]}},{"type":"Feature","geometry":{"type":"Point","coordinates":[20.453811,52.24217]},"properties":{"line":"41","mode":"bus","color":"#0059a9","colorDark":"#00294f","band":0,"off":[0,1.1]}},{"type":"Feature","geometry":{"type":"Point","coordinates":[20.586358,52.257577]},"properties":{"name":"Leszno","band":0,"modes":"bus","arr":["41","44"],"off":[0,-0.8]}},{"type":"Feature","geometry":{"type":"Point","coordinates":[20.586358,52.257577]},"properties":{"line":"41","mode":"bus","color":"#0059a9","colorDark":"#00294f","band":0,"off":[-1.7,1.1]}},{"type":"Feature","geometry":{"type":"Point","coordinates":[20.586358,52.257577]},"properties":{"line":"44","mode":"bus","color":"#0059a9","colorDark":"#00294f","band":0,"off":[1.7,1.1]}},{"type":"Feature","geometry":{"type":"Point","coordinates":[20.240158,52.216596]},"properties":{"name":"Sochaczew Sienkiewicza (przy PKP)","band":0,"modes":"bus","arr":["42"],"off":[0,-0.8]}},{"type":"Feature","geometry":{"type":"Point","coordinates":[20.240158,52.216596]},"properties":{"line":"42","mode":"bus","color":"#0059a9","colorDark":"#00294f","band":0,"off":[0,1.1]}},{"type":"Feature","geometry":{"type":"Point","coordinates":[20.614333,52.311716]},"properties":{"name":"Roztoka","band":0,"modes":"bus","arr":["43"],"off":[0,-0.8]}},{"type":"Feature","geometry":{"type":"Point","coordinates":[20.614333,52.311716]},"properties":{"line":"43","mode":"bus","color":"#0059a9","colorDark":"#00294f","band":0,"off":[0,1.1]}},{"type":"Feature","geometry":{"type":"Point","coordinates":[20.798889,52.167781]},"properties":{"name":"PKP Pruszków","band":0,"modes":"bus","arr":["48","60","65","66","78","Z67"],"off":[0,-0.8]}},{"type":"Feature","geometry":{"type":"Point","coordinates":[20.798889,52.167781]},"properties":{"line":"48","mode":"bus","color":"#0059a9","colorDark":"#00294f","band":0,"off":[-6.8,1.1]}},{"type":"Feature","geometry":{"type":"Point","coordinates":[20.798889,52.167781]},"properties":{"line":"60","mode":"bus","color":"#0059a9","colorDark":"#00294f","band":0,"off":[-3.4,1.1]}},{"type":"Feature","geometry":{"type":"Point","coordinates":[20.798889,52.167781]},"properties":{"line":"65","mode":"bus","color":"#0059a9","colorDark":"#00294f","band":0,"off":[0,1.1]}},{"type":"Feature","geometry":{"type":"Point","coordinates":[20.798889,52.167781]},"properties":{"line":"66","mode":"bus","color":"#0059a9","colorDark":"#00294f","band":0,"off":[3.4,1.1]}},{"type":"Feature","geometry":{"type":"Point","coordinates":[20.798889,52.167781]},"properties":{"line":"78","mode":"bus","color":"#0059a9","colorDark":"#00294f","band":0,"off":[6.8,1.1]}},{"type":"Feature","geometry":{"type":"Point","coordinates":[20.798889,52.167781]},"properties":{"line":"Z67","mode":"bus","color":"#0059a9","colorDark":"#00294f","band":0,"off":[0,3.1]}},{"type":"Feature","geometry":{"type":"Point","coordinates":[20.593369,52.174875]},"properties":{"name":"Stare Faszczyce","band":0,"modes":"bus","arr":["49"],"off":[0,-0.8]}},{"type":"Feature","geometry":{"type":"Point","coordinates":[20.593369,52.174875]},"properties":{"line":"49","mode":"bus","color":"#0059a9","colorDark":"#00294f","band":0,"off":[0,1.1]}},{"type":"Feature","geometry":{"type":"Point","coordinates":[20.701542,52.200246]},"properties":{"name":"Płochocin PKP / Kolejowa","band":0,"modes":"bus","arr":["49","94"],"off":[0,-0.8]}},{"type":"Feature","geometry":{"type":"Point","coordinates":[20.701542,52.200246]},"properties":{"line":"49","mode":"bus","color":"#0059a9","colorDark":"#00294f","band":0,"off":[-1.7,1.1]}},{"type":"Feature","geometry":{"type":"Point","coordinates":[20.701542,52.200246]},"properties":{"line":"94","mode":"bus","color":"#0059a9","colorDark":"#00294f","band":0,"off":[1.7,1.1]}},{"type":"Feature","geometry":{"type":"Point","coordinates":[20.670442,52.219447]},"properties":{"name":"Łaźniew Wiosenna","band":0,"modes":"bus","arr":["49"],"off":[0,-0.8]}},{"type":"Feature","geometry":{"type":"Point","coordinates":[20.670442,52.219447]},"properties":{"line":"49","mode":"bus","color":"#0059a9","colorDark":"#00294f","band":0,"off":[0,1.1]}},{"type":"Feature","geometry":{"type":"Point","coordinates":[20.847103,52.07448]},"properties":{"name":"Walendów","band":0,"modes":"bus","arr":["60"],"off":[0,-0.8]}},{"type":"Feature","geometry":{"type":"Point","coordinates":[20.847103,52.07448]},"properties":{"line":"60","mode":"bus","color":"#0059a9","colorDark":"#00294f","band":0,"off":[0,1.1]}},{"type":"Feature","geometry":{"type":"Point","coordinates":[20.905449,52.180671]},"properties":{"name":"Opacz WKD","band":0,"modes":"bus","arr":["61"],"off":[0,-0.8]}},{"type":"Feature","geometry":{"type":"Point","coordinates":[20.905449,52.180671]},"properties":{"line":"61","mode":"bus","color":"#0059a9","colorDark":"#00294f","band":0,"off":[0,1.1]}},{"type":"Feature","geometry":{"type":"Point","coordinates":[20.859862,52.170133]},"properties":{"name":"Reguły WKD","band":0,"modes":"bus","arr":["61"],"off":[0,-0.8]}},{"type":"Feature","geometry":{"type":"Point","coordinates":[20.859862,52.170133]},"properties":{"line":"61","mode":"bus","color":"#0059a9","colorDark":"#00294f","band":0,"off":[0,1.1]}},{"type":"Feature","geometry":{"type":"Point","coordinates":[20.894398,52.13261]},"properties":{"name":"Janki Pl. Szwedzki","band":0,"modes":"bus","arr":["61"],"off":[0,-0.8]}},{"type":"Feature","geometry":{"type":"Point","coordinates":[20.894398,52.13261]},"properties":{"line":"61","mode":"bus","color":"#0059a9","colorDark":"#00294f","band":0,"off":[0,1.1]}},{"type":"Feature","geometry":{"type":"Point","coordinates":[20.943727,52.176185]},"properties":{"name":"Warszawa P+R Al. Krakowska","band":0,"modes":"bus","arr":["62","63","83"],"off":[0,-0.8]}},{"type":"Feature","geometry":{"type":"Point","coordinates":[20.943727,52.176185]},"properties":{"line":"62","mode":"bus","color":"#0059a9","colorDark":"#00294f","band":0,"off":[-3.4,1.1]}},{"type":"Feature","geometry":{"type":"Point","coordinates":[20.943727,52.176185]},"properties":{"line":"63","mode":"bus","color":"#0059a9","colorDark":"#00294f","band":0,"off":[0,1.1]}},{"type":"Feature","geometry":{"type":"Point","coordinates":[20.943727,52.176185]},"properties":{"line":"83","mode":"bus","color":"#0059a9","colorDark":"#00294f","band":0,"off":[3.4,1.1]}},{"type":"Feature","geometry":{"type":"Point","coordinates":[20.828964,52.192891]},"properties":{"name":"Piastów Ogińskiego","band":0,"modes":"bus","arr":["62"],"off":[0,-0.8]}},{"type":"Feature","geometry":{"type":"Point","coordinates":[20.828964,52.192891]},"properties":{"line":"62","mode":"bus","color":"#0059a9","colorDark":"#00294f","band":0,"off":[0,1.1]}},{"type":"Feature","geometry":{"type":"Point","coordinates":[20.782054,52.159939]},"properties":{"name":"Pruszków Akacjowa","band":0,"modes":"bus","arr":["77"],"off":[0,-0.8]}},{"type":"Feature","geometry":{"type":"Point","coordinates":[20.782054,52.159939]},"properties":{"line":"77","mode":"bus","color":"#0059a9","colorDark":"#00294f","band":0,"off":[0,1.1]}},{"type":"Feature","geometry":{"type":"Point","coordinates":[20.747273,52.176849]},"properties":{"name":"Moszna Park Logistyczny","band":0,"modes":"bus","arr":["68"],"off":[0,-0.8]}},{"type":"Feature","geometry":{"type":"Point","coordinates":[20.747273,52.176849]},"properties":{"line":"68","mode":"bus","color":"#0059a9","colorDark":"#00294f","band":0,"off":[0,1.1]}},{"type":"Feature","geometry":{"type":"Point","coordinates":[20.729941,52.177336]},"properties":{"name":"Moszna Park Logistyczny - Hale Zachodnie","band":0,"modes":"bus","arr":["78"],"off":[0,-0.8]}},{"type":"Feature","geometry":{"type":"Point","coordinates":[20.729941,52.177336]},"properties":{"line":"78","mode":"bus","color":"#0059a9","colorDark":"#00294f","band":0,"off":[0,1.1]}},{"type":"Feature","geometry":{"type":"Point","coordinates":[20.44727,52.052364]},"properties":{"name":"Żyrardów PKP","band":0,"modes":"bus","arr":["80"],"off":[0,-0.8]}},{"type":"Feature","geometry":{"type":"Point","coordinates":[20.44727,52.052364]},"properties":{"line":"80","mode":"bus","color":"#0059a9","colorDark":"#00294f","band":0,"off":[0,1.1]}},{"type":"Feature","geometry":{"type":"Point","coordinates":[20.460438,51.988626]},"properties":{"name":"Suntago Park Wodny","band":0,"modes":"bus","arr":["82"],"off":[0,-0.8]}},{"type":"Feature","geometry":{"type":"Point","coordinates":[20.460438,51.988626]},"properties":{"line":"82","mode":"bus","color":"#0059a9","colorDark":"#00294f","band":0,"off":[0,1.1]}},{"type":"Feature","geometry":{"type":"Point","coordinates":[20.51373,51.974077]},"properties":{"name":"Mszczonów Rynek","band":0,"modes":"bus","arr":["82","83"],"off":[0,-0.8]}},{"type":"Feature","geometry":{"type":"Point","coordinates":[20.51373,51.974077]},"properties":{"line":"82","mode":"bus","color":"#0059a9","colorDark":"#00294f","band":0,"off":[-1.7,1.1]}},{"type":"Feature","geometry":{"type":"Point","coordinates":[20.51373,51.974077]},"properties":{"line":"83","mode":"bus","color":"#0059a9","colorDark":"#00294f","band":0,"off":[1.7,1.1]}},{"type":"Feature","geometry":{"type":"Point","coordinates":[20.447303,52.286999]},"properties":{"name":"Granica - Kampinoski Park Narodowy","band":0,"modes":"bus","arr":["92"],"off":[0,-0.8]}},{"type":"Feature","geometry":{"type":"Point","coordinates":[20.447303,52.286999]},"properties":{"line":"92","mode":"bus","color":"#0059a9","colorDark":"#00294f","band":0,"off":[0,1.1]}},{"type":"Feature","geometry":{"type":"Point","coordinates":[20.610983,52.307315]},"properties":{"name":"Roztoka - Kampinoski Park Narodowy","band":0,"modes":"bus","arr":["93"],"off":[0,-0.8]}},{"type":"Feature","geometry":{"type":"Point","coordinates":[20.610983,52.307315]},"properties":{"line":"93","mode":"bus","color":"#0059a9","colorDark":"#00294f","band":0,"off":[0,1.1]}},{"type":"Feature","geometry":{"type":"Point","coordinates":[20.676393,52.262438]},"properties":{"name":"Zaborów Szkoła","band":0,"modes":"bus","arr":["96"],"off":[0,-0.8]}},{"type":"Feature","geometry":{"type":"Point","coordinates":[20.676393,52.262438]},"properties":{"line":"96","mode":"bus","color":"#0059a9","colorDark":"#00294f","band":0,"off":[0,1.1]}},{"type":"Feature","geometry":{"type":"Point","coordinates":[20.898044,52.258041]},"properties":{"name":"Warszawa Stare Bemowo","band":0,"modes":"bus","arr":["95","96"],"off":[0,-0.8]}},{"type":"Feature","geometry":{"type":"Point","coordinates":[20.898044,52.258041]},"properties":{"line":"95","mode":"bus","color":"#0059a9","colorDark":"#00294f","band":0,"off":[-1.7,1.1]}},{"type":"Feature","geometry":{"type":"Point","coordinates":[20.898044,52.258041]},"properties":{"line":"96","mode":"bus","color":"#0059a9","colorDark":"#00294f","band":0,"off":[1.7,1.1]}},{"type":"Feature","geometry":{"type":"Point","coordinates":[20.82567,52.290745]},"properties":{"name":"Izabelin Sienkiewicza","band":0,"modes":"bus","arr":["97"],"off":[0,-0.8]}},{"type":"Feature","geometry":{"type":"Point","coordinates":[20.82567,52.290745]},"properties":{"line":"97","mode":"bus","color":"#0059a9","colorDark":"#00294f","band":0,"off":[0,1.1]}},{"type":"Feature","geometry":{"type":"Point","coordinates":[20.767419,52.307838]},"properties":{"name":"Truskaw Skibińskiego","band":0,"modes":"bus","arr":["95"],"off":[0,-0.8]}},{"type":"Feature","geometry":{"type":"Point","coordinates":[20.767419,52.307838]},"properties":{"line":"95","mode":"bus","color":"#0059a9","colorDark":"#00294f","band":0,"off":[0,1.1]}},{"type":"Feature","geometry":{"type":"Point","coordinates":[20.844063,52.247596]},"properties":{"name":"Babice Nowe Centrum Handlowe","band":0,"modes":"bus","arr":["98"],"off":[0,-0.8]}},{"type":"Feature","geometry":{"type":"Point","coordinates":[20.844063,52.247596]},"properties":{"line":"98","mode":"bus","color":"#0059a9","colorDark":"#00294f","band":0,"off":[0,1.1]}},{"type":"Feature","geometry":{"type":"Point","coordinates":[20.838823,52.168011]},"properties":{"name":"Malichy Sadowa","band":0,"modes":"bus","arr":["97"],"off":[0,-0.8]}},{"type":"Feature","geometry":{"type":"Point","coordinates":[20.838823,52.168011]},"properties":{"line":"97","mode":"bus","color":"#0059a9","colorDark":"#00294f","band":0,"off":[0,1.1]}},{"type":"Feature","geometry":{"type":"Point","coordinates":[20.847176,52.341559]},"properties":{"name":"Dziekanów Leśny","band":0,"modes":"bus","arr":["97"],"off":[0,-0.8]}},{"type":"Feature","geometry":{"type":"Point","coordinates":[20.847176,52.341559]},"properties":{"line":"97","mode":"bus","color":"#0059a9","colorDark":"#00294f","band":0,"off":[0,1.1]}},{"type":"Feature","geometry":{"type":"Point","coordinates":[20.812391,52.312657]},"properties":{"name":"Sieraków","band":0,"modes":"bus","arr":["98"],"off":[0,-0.8]}},{"type":"Feature","geometry":{"type":"Point","coordinates":[20.812391,52.312657]},"properties":{"line":"98","mode":"bus","color":"#0059a9","colorDark":"#00294f","band":0,"off":[0,1.1]}},{"type":"Feature","geometry":{"type":"Point","coordinates":[20.628432,52.100654]},"properties":{"name":"Grodzisk Mazowiecki Radońska","band":0,"modes":"metro","arr":["WKD"],"off":[0,-0.8]}},{"type":"Feature","geometry":{"type":"Point","coordinates":[20.628432,52.100654]},"properties":{"line":"WKD","mode":"tram","color":"#A518A3","colorDark":"#5b0d5a","band":0,"metro":1,"off":[0,1.1]}},{"type":"Feature","geometry":{"type":"Point","coordinates":[21.000339,52.227687]},"properties":{"name":"Warszawa Śródmieście WKD","band":0,"modes":"metro","arr":["WKD"],"off":[0,-0.8]}},{"type":"Feature","geometry":{"type":"Point","coordinates":[21.000339,52.227687]},"properties":{"line":"WKD","mode":"tram","color":"#A518A3","colorDark":"#5b0d5a","band":0,"metro":1,"off":[0,1.1]}},{"type":"Feature","geometry":{"type":"Point","coordinates":[20.621904,52.110223]},"properties":{"name":"Grodzisk Maz. Traugutta Dw. PKP","band":1,"modes":"bus","arr":["0","18","21","22","23","24","25","28","30","31","32","33","34","45","63","82","92","93"],"off":[0,-0.8],"sc":0.89}},{"type":"Feature","geometry":{"type":"Point","coordinates":[20.621904,52.110223]},"properties":{"name":"Grodzisk Maz. Dw. PKP","band":1,"modes":"bus","arr":["0","18","21","22","23","24","25","28","30","31","32","33","34","45","63","82","92","93"],"off":[0,-3],"sc":0.89}},{"type":"Feature","geometry":{"type":"Point","coordinates":[20.621904,52.110223]},"properties":{"line":"0","mode":"bus","color":"#0059a9","colorDark":"#00294f","band":1,"sc":0.89,"off":[-6.8,1.1]}},{"type":"Feature","geometry":{"type":"Point","coordinates":[20.621904,52.110223]},"properties":{"line":"18","mode":"bus","color":"#0059a9","colorDark":"#00294f","band":1,"sc":0.89,"off":[-3.4,1.1]}},{"type":"Feature","geometry":{"type":"Point","coordinates":[20.621904,52.110223]},"properties":{"line":"21","mode":"bus","color":"#0059a9","colorDark":"#00294f","band":1,"sc":0.89,"off":[0,1.1]}},{"type":"Feature","geometry":{"type":"Point","coordinates":[20.621904,52.110223]},"properties":{"line":"22","mode":"bus","color":"#0059a9","colorDark":"#00294f","band":1,"sc":0.89,"off":[3.4,1.1]}},{"type":"Feature","geometry":{"type":"Point","coordinates":[20.621904,52.110223]},"properties":{"line":"23","mode":"bus","color":"#0059a9","colorDark":"#00294f","band":1,"sc":0.89,"off":[6.8,1.1]}},{"type":"Feature","geometry":{"type":"Point","coordinates":[20.621904,52.110223]},"properties":{"line":"24","mode":"bus","color":"#0059a9","colorDark":"#00294f","band":1,"sc":0.89,"off":[-6.8,3.1]}},{"type":"Feature","geometry":{"type":"Point","coordinates":[20.621904,52.110223]},"properties":{"line":"25","mode":"bus","color":"#0059a9","colorDark":"#00294f","band":1,"sc":0.89,"off":[-3.4,3.1]}},{"type":"Feature","geometry":{"type":"Point","coordinates":[20.621904,52.110223]},"properties":{"line":"28","mode":"bus","color":"#0059a9","colorDark":"#00294f","band":1,"sc":0.89,"off":[0,3.1]}},{"type":"Feature","geometry":{"type":"Point","coordinates":[20.621904,52.110223]},"properties":{"line":"30","mode":"bus","color":"#0059a9","colorDark":"#00294f","band":1,"sc":0.89,"off":[3.4,3.1]}},{"type":"Feature","geometry":{"type":"Point","coordinates":[20.621904,52.110223]},"properties":{"line":"31","mode":"bus","color":"#0059a9","colorDark":"#00294f","band":1,"sc":0.89,"off":[6.8,3.1]}},{"type":"Feature","geometry":{"type":"Point","coordinates":[20.621904,52.110223]},"properties":{"line":"32","mode":"bus","color":"#0059a9","colorDark":"#00294f","band":1,"sc":0.89,"off":[-6.8,5.1]}},{"type":"Feature","geometry":{"type":"Point","coordinates":[20.621904,52.110223]},"properties":{"line":"33","mode":"bus","color":"#0059a9","colorDark":"#00294f","band":1,"sc":0.89,"off":[-3.4,5.1]}},{"type":"Feature","geometry":{"type":"Point","coordinates":[20.621904,52.110223]},"properties":{"line":"34","mode":"bus","color":"#0059a9","colorDark":"#00294f","band":1,"sc":0.89,"off":[0,5.1]}},{"type":"Feature","geometry":{"type":"Point","coordinates":[20.621904,52.110223]},"properties":{"line":"45","mode":"bus","color":"#0059a9","colorDark":"#00294f","band":1,"sc":0.89,"off":[3.4,5.1]}},{"type":"Feature","geometry":{"type":"Point","coordinates":[20.621904,52.110223]},"properties":{"line":"63","mode":"bus","color":"#0059a9","colorDark":"#00294f","band":1,"sc":0.89,"off":[6.8,5.1]}},{"type":"Feature","geometry":{"type":"Point","coordinates":[20.621904,52.110223]},"properties":{"line":"82","mode":"bus","color":"#0059a9","colorDark":"#00294f","band":1,"sc":0.89,"off":[-3.4,7.1]}},{"type":"Feature","geometry":{"type":"Point","coordinates":[20.621904,52.110223]},"properties":{"line":"92","mode":"bus","color":"#0059a9","colorDark":"#00294f","band":1,"sc":0.89,"off":[0,7.1]}},{"type":"Feature","geometry":{"type":"Point","coordinates":[20.621904,52.110223]},"properties":{"line":"93","mode":"bus","color":"#0059a9","colorDark":"#00294f","band":1,"sc":0.89,"off":[3.4,7.1]}},{"type":"Feature","geometry":{"type":"Point","coordinates":[20.614133,52.101621]},"properties":{"name":"Grodzisk Maz. Żyrardowska","band":1,"modes":"bus","arr":["17"],"off":[0,-0.8]}},{"type":"Feature","geometry":{"type":"Point","coordinates":[20.614133,52.101621]},"properties":{"line":"17","mode":"bus","color":"#0059a9","colorDark":"#00294f","band":1,"off":[0,1.1]}},{"type":"Feature","geometry":{"type":"Point","coordinates":[20.612373,52.097983]},"properties":{"name":"Grodzisk Maz. Chełmońskiego PKS","band":1,"modes":"bus","arr":["17"],"off":[0,-0.8]}},{"type":"Feature","geometry":{"type":"Point","coordinates":[20.612373,52.097983]},"properties":{"line":"17","mode":"bus","color":"#0059a9","colorDark":"#00294f","band":1,"off":[0,1.1]}},{"type":"Feature","geometry":{"type":"Point","coordinates":[20.616807,52.09573]},"properties":{"name":"Grodzisk Maz. Szpital","band":1,"modes":"bus","arr":["13","16","17","20","26","29","46"],"off":[0,-0.8]}},{"type":"Feature","geometry":{"type":"Point","coordinates":[20.616807,52.09573]},"properties":{"line":"13","mode":"bus","color":"#0059a9","colorDark":"#00294f","band":1,"off":[-6.8,1.1]}},{"type":"Feature","geometry":{"type":"Point","coordinates":[20.616807,52.09573]},"properties":{"line":"16","mode":"bus","color":"#0059a9","colorDark":"#00294f","band":1,"off":[-3.4,1.1]}},{"type":"Feature","geometry":{"type":"Point","coordinates":[20.616807,52.09573]},"properties":{"line":"17","mode":"bus","color":"#0059a9","colorDark":"#00294f","band":1,"off":[0,1.1]}},{"type":"Feature","geometry":{"type":"Point","coordinates":[20.616807,52.09573]},"properties":{"line":"20","mode":"bus","color":"#0059a9","colorDark":"#00294f","band":1,"off":[3.4,1.1]}},{"type":"Feature","geometry":{"type":"Point","coordinates":[20.616807,52.09573]},"properties":{"line":"26","mode":"bus","color":"#0059a9","colorDark":"#00294f","band":1,"off":[6.8,1.1]}},{"type":"Feature","geometry":{"type":"Point","coordinates":[20.616807,52.09573]},"properties":{"line":"29","mode":"bus","color":"#0059a9","colorDark":"#00294f","band":1,"off":[-1.7,3.1]}},{"type":"Feature","geometry":{"type":"Point","coordinates":[20.616807,52.09573]},"properties":{"line":"46","mode":"bus","color":"#0059a9","colorDark":"#00294f","band":1,"off":[1.7,3.1]}},{"type":"Feature","geometry":{"type":"Point","coordinates":[20.485575,52.189127]},"properties":{"name":"Bieniewo-Wieś","band":1,"modes":"bus","arr":["10"],"off":[0,-0.8]}},{"type":"Feature","geometry":{"type":"Point","coordinates":[20.485575,52.189127]},"properties":{"line":"10","mode":"bus","color":"#0059a9","colorDark":"#00294f","band":1,"off":[0,1.1]}},{"type":"Feature","geometry":{"type":"Point","coordinates":[20.611495,52.196962]},"properties":{"name":"Błonie Szkoła Nr 2","band":1,"modes":"bus","arr":["19"],"off":[0,-0.8]}},{"type":"Feature","geometry":{"type":"Point","coordinates":[20.611495,52.196962]},"properties":{"line":"19","mode":"bus","color":"#0059a9","colorDark":"#00294f","band":1,"off":[0,1.1]}},{"type":"Feature","geometry":{"type":"Point","coordinates":[20.56213,52.182451]},"properties":{"name":"Bieniewice Szkoła","band":1,"modes":"bus","arr":["19"],"off":[0,-0.8]}},{"type":"Feature","geometry":{"type":"Point","coordinates":[20.56213,52.182451]},"properties":{"line":"19","mode":"bus","color":"#0059a9","colorDark":"#00294f","band":1,"off":[0,1.1]}},{"type":"Feature","geometry":{"type":"Point","coordinates":[20.496365,52.205825]},"properties":{"name":"Bieniewo-Parcela","band":1,"modes":"bus","arr":["10"],"off":[0,-0.8]}},{"type":"Feature","geometry":{"type":"Point","coordinates":[20.496365,52.205825]},"properties":{"line":"10","mode":"bus","color":"#0059a9","colorDark":"#00294f","band":1,"off":[0,1.1]}},{"type":"Feature","geometry":{"type":"Point","coordinates":[20.514784,52.219697]},"properties":{"name":"Nowa Górna II","band":1,"modes":"bus","arr":["11"],"off":[0,-0.8]}},{"type":"Feature","geometry":{"type":"Point","coordinates":[20.514784,52.219697]},"properties":{"line":"11","mode":"bus","color":"#0059a9","colorDark":"#00294f","band":1,"off":[0,1.1]}},{"type":"Feature","geometry":{"type":"Point","coordinates":[20.526302,52.206464]},"properties":{"name":"Bramki DPS","band":1,"modes":"bus","arr":["11"],"off":[0,-0.8]}},{"type":"Feature","geometry":{"type":"Point","coordinates":[20.526302,52.206464]},"properties":{"line":"11","mode":"bus","color":"#0059a9","colorDark":"#00294f","band":1,"off":[0,1.1]}},{"type":"Feature","geometry":{"type":"Point","coordinates":[20.610313,52.187298]},"properties":{"name":"Błonie PKP","band":1,"modes":"bus","arr":["12","40","42","43"],"off":[0,-0.8]}},{"type":"Feature","geometry":{"type":"Point","coordinates":[20.610313,52.187298]},"properties":{"line":"12","mode":"bus","color":"#0059a9","colorDark":"#00294f","band":1,"off":[-5.1,1.1]}},{"type":"Feature","geometry":{"type":"Point","coordinates":[20.610313,52.187298]},"properties":{"line":"40","mode":"bus","color":"#0059a9","colorDark":"#00294f","band":1,"off":[-1.7,1.1]}},{"type":"Feature","geometry":{"type":"Point","coordinates":[20.610313,52.187298]},"properties":{"line":"42","mode":"bus","color":"#0059a9","colorDark":"#00294f","band":1,"off":[1.7,1.1]}},{"type":"Feature","geometry":{"type":"Point","coordinates":[20.610313,52.187298]},"properties":{"line":"43","mode":"bus","color":"#0059a9","colorDark":"#00294f","band":1,"off":[5.1,1.1]}},{"type":"Feature","geometry":{"type":"Point","coordinates":[20.584545,52.21093]},"properties":{"name":"Pass","band":1,"modes":"bus","arr":["14"],"off":[0,-0.8]}},{"type":"Feature","geometry":{"type":"Point","coordinates":[20.584545,52.21093]},"properties":{"line":"14","mode":"bus","color":"#0059a9","colorDark":"#00294f","band":1,"off":[0,1.1]}},{"type":"Feature","geometry":{"type":"Point","coordinates":[20.61266,52.192048]},"properties":{"name":"Błonie Centrum Sportu","band":1,"modes":"bus","arr":["13"],"off":[0,-0.8]}},{"type":"Feature","geometry":{"type":"Point","coordinates":[20.61266,52.192048]},"properties":{"line":"13","mode":"bus","color":"#0059a9","colorDark":"#00294f","band":1,"off":[0,1.1]}},{"type":"Feature","geometry":{"type":"Point","coordinates":[20.929819,52.224383]},"properties":{"name":"Warszawa Fort Wola","band":1,"modes":"bus","arr":["14"],"off":[0,-0.8]}},{"type":"Feature","geometry":{"type":"Point","coordinates":[20.929819,52.224383]},"properties":{"name":"Warszawa Cm. Wolski","band":1,"modes":"bus","arr":["14"],"off":[0,-1.9]}},{"type":"Feature","geometry":{"type":"Point","coordinates":[20.929819,52.224383]},"properties":{"line":"14","mode":"bus","color":"#0059a9","colorDark":"#00294f","band":1,"off":[0,1.1]}},{"type":"Feature","geometry":{"type":"Point","coordinates":[20.816296,52.21096]},"properties":{"name":"Ożarów Maz. Starostwo","band":1,"modes":"bus","arr":["97"],"off":[0,-0.8]}},{"type":"Feature","geometry":{"type":"Point","coordinates":[20.816296,52.21096]},"properties":{"line":"97","mode":"bus","color":"#0059a9","colorDark":"#00294f","band":1,"off":[0,1.1]}},{"type":"Feature","geometry":{"type":"Point","coordinates":[20.646048,52.215714]},"properties":{"name":"Radzików Ihar","band":1,"modes":"bus","arr":["49"],"off":[0,-0.8]}},{"type":"Feature","geometry":{"type":"Point","coordinates":[20.646048,52.215714]},"properties":{"line":"49","mode":"bus","color":"#0059a9","colorDark":"#00294f","band":1,"off":[0,1.1]}},{"type":"Feature","geometry":{"type":"Point","coordinates":[20.717806,52.140993]},"properties":{"name":"Brwinów OSP","band":1,"modes":"bus","arr":["15","23","35","45"],"off":[0,-0.8]}},{"type":"Feature","geometry":{"type":"Point","coordinates":[20.717806,52.140993]},"properties":{"line":"15","mode":"bus","color":"#0059a9","colorDark":"#00294f","band":1,"off":[-5.1,1.1]}},{"type":"Feature","geometry":{"type":"Point","coordinates":[20.717806,52.140993]},"properties":{"line":"23","mode":"bus","color":"#0059a9","colorDark":"#00294f","band":1,"off":[-1.7,1.1]}},{"type":"Feature","geometry":{"type":"Point","coordinates":[20.717806,52.140993]},"properties":{"line":"35","mode":"bus","color":"#0059a9","colorDark":"#00294f","band":1,"off":[1.7,1.1]}},{"type":"Feature","geometry":{"type":"Point","coordinates":[20.717806,52.140993]},"properties":{"line":"45","mode":"bus","color":"#0059a9","colorDark":"#00294f","band":1,"off":[5.1,1.1]}},{"type":"Feature","geometry":{"type":"Point","coordinates":[20.712293,52.133414]},"properties":{"name":"Brwinów Zespół Szkół Ogólnokształcących","band":1,"modes":"bus","arr":["65","66","Z67"],"off":[0,-0.8]}},{"type":"Feature","geometry":{"type":"Point","coordinates":[20.712293,52.133414]},"properties":{"line":"65","mode":"bus","color":"#0059a9","colorDark":"#00294f","band":1,"off":[-3.4,1.1]}},{"type":"Feature","geometry":{"type":"Point","coordinates":[20.712293,52.133414]},"properties":{"line":"66","mode":"bus","color":"#0059a9","colorDark":"#00294f","band":1,"off":[0,1.1]}},{"type":"Feature","geometry":{"type":"Point","coordinates":[20.712293,52.133414]},"properties":{"line":"Z67","mode":"bus","color":"#0059a9","colorDark":"#00294f","band":1,"off":[3.4,1.1]}},{"type":"Feature","geometry":{"type":"Point","coordinates":[20.724342,52.097151]},"properties":{"name":"Żółwin Szkoła i Orlik","band":1,"modes":"bus","arr":["55"],"off":[0,-0.8]}},{"type":"Feature","geometry":{"type":"Point","coordinates":[20.724342,52.097151]},"properties":{"line":"55","mode":"bus","color":"#0059a9","colorDark":"#00294f","band":1,"off":[0,1.1]}},{"type":"Feature","geometry":{"type":"Point","coordinates":[20.599786,52.109973]},"properties":{"name":"Wólka Grodziska Zachodnia","band":1,"modes":"bus","arr":["15"],"off":[0,-0.8]}},{"type":"Feature","geometry":{"type":"Point","coordinates":[20.599786,52.109973]},"properties":{"line":"15","mode":"bus","color":"#0059a9","colorDark":"#00294f","band":1,"off":[0,1.1]}},{"type":"Feature","geometry":{"type":"Point","coordinates":[20.665566,52.121657]},"properties":{"name":"Milanówek Dębowa","band":1,"modes":"bus","arr":["17"],"off":[0,-0.8]}},{"type":"Feature","geometry":{"type":"Point","coordinates":[20.665566,52.121657]},"properties":{"line":"17","mode":"bus","color":"#0059a9","colorDark":"#00294f","band":1,"off":[0,1.1]}},{"type":"Feature","geometry":{"type":"Point","coordinates":[20.63323,52.106098]},"properties":{"name":"Grodzisk Maz. Okulickiego Szkoła Muzyczna","band":1,"modes":"bus","arr":["15"],"off":[0,-0.8]}},{"type":"Feature","geometry":{"type":"Point","coordinates":[20.63323,52.106098]},"properties":{"line":"15","mode":"bus","color":"#0059a9","colorDark":"#00294f","band":1,"off":[0,1.1]}},{"type":"Feature","geometry":{"type":"Point","coordinates":[20.650757,52.136337]},"properties":{"name":"Milanówek Cmentarz","band":1,"modes":"bus","arr":["16","46"],"off":[0,-0.8]}},{"type":"Feature","geometry":{"type":"Point","coordinates":[20.650757,52.136337]},"properties":{"line":"16","mode":"bus","color":"#0059a9","colorDark":"#00294f","band":1,"off":[-1.7,1.1]}},{"type":"Feature","geometry":{"type":"Point","coordinates":[20.650757,52.136337]},"properties":{"line":"46","mode":"bus","color":"#0059a9","colorDark":"#00294f","band":1,"off":[1.7,1.1]}},{"type":"Feature","geometry":{"type":"Point","coordinates":[20.671644,52.128791]},"properties":{"name":"Milanówek Zaciszna","band":1,"modes":"bus","arr":["31"],"off":[0,-0.8]}},{"type":"Feature","geometry":{"type":"Point","coordinates":[20.671644,52.128791]},"properties":{"line":"31","mode":"bus","color":"#0059a9","colorDark":"#00294f","band":1,"off":[0,1.1]}},{"type":"Feature","geometry":{"type":"Point","coordinates":[20.760946,52.127017]},"properties":{"name":"Otrębusy WKD","band":1,"modes":"bus","arr":["17"],"off":[0,-0.8]}},{"type":"Feature","geometry":{"type":"Point","coordinates":[20.760946,52.127017]},"properties":{"line":"17","mode":"bus","color":"#0059a9","colorDark":"#00294f","band":1,"off":[0,1.1]}},{"type":"Feature","geometry":{"type":"Point","coordinates":[20.800076,52.091292]},"properties":{"name":"P+R Nadarzyn","band":1,"modes":"bus","arr":["17","29","60"],"off":[0,-0.8]}},{"type":"Feature","geometry":{"type":"Point","coordinates":[20.800076,52.091292]},"properties":{"line":"17","mode":"bus","color":"#0059a9","colorDark":"#00294f","band":1,"off":[-3.4,1.1]}},{"type":"Feature","geometry":{"type":"Point","coordinates":[20.800076,52.091292]},"properties":{"line":"29","mode":"bus","color":"#0059a9","colorDark":"#00294f","band":1,"off":[0,1.1]}},{"type":"Feature","geometry":{"type":"Point","coordinates":[20.800076,52.091292]},"properties":{"line":"60","mode":"bus","color":"#0059a9","colorDark":"#00294f","band":1,"off":[3.4,1.1]}},{"type":"Feature","geometry":{"type":"Point","coordinates":[20.663487,52.118805]},"properties":{"name":"Milanówek Basen","band":1,"modes":"bus","arr":["27"],"off":[0,-0.8]}},{"type":"Feature","geometry":{"type":"Point","coordinates":[20.663487,52.118805]},"properties":{"line":"27","mode":"bus","color":"#0059a9","colorDark":"#00294f","band":1,"off":[0,1.1]}},{"type":"Feature","geometry":{"type":"Point","coordinates":[20.389092,52.202331]},"properties":{"name":"Nowy Teresin","band":1,"modes":"bus","arr":["20","44"],"off":[0,-0.8]}},{"type":"Feature","geometry":{"type":"Point","coordinates":[20.389092,52.202331]},"properties":{"line":"20","mode":"bus","color":"#0059a9","colorDark":"#00294f","band":1,"off":[-1.7,1.1]}},{"type":"Feature","geometry":{"type":"Point","coordinates":[20.389092,52.202331]},"properties":{"line":"44","mode":"bus","color":"#0059a9","colorDark":"#00294f","band":1,"off":[1.7,1.1]}},{"type":"Feature","geometry":{"type":"Point","coordinates":[20.434994,52.171537]},"properties":{"name":"Kaski","band":1,"modes":"bus","arr":["20","26"],"off":[0,-0.8]}},{"type":"Feature","geometry":{"type":"Point","coordinates":[20.434994,52.171537]},"properties":{"line":"20","mode":"bus","color":"#0059a9","colorDark":"#00294f","band":1,"off":[-1.7,1.1]}},{"type":"Feature","geometry":{"type":"Point","coordinates":[20.434994,52.171537]},"properties":{"line":"26","mode":"bus","color":"#0059a9","colorDark":"#00294f","band":1,"off":[1.7,1.1]}},{"type":"Feature","geometry":{"type":"Point","coordinates":[20.464468,52.139173]},"properties":{"name":"Pułapina Nowa Rondo","band":1,"modes":"bus","arr":["80"],"off":[0,-0.8]}},{"type":"Feature","geometry":{"type":"Point","coordinates":[20.464468,52.139173]},"properties":{"line":"80","mode":"bus","color":"#0059a9","colorDark":"#00294f","band":1,"off":[0,1.1]}},{"type":"Feature","geometry":{"type":"Point","coordinates":[20.471944,52.122571]},"properties":{"name":"Baranów Szkoła","band":1,"modes":"bus","arr":["24"],"off":[0,-0.8]}},{"type":"Feature","geometry":{"type":"Point","coordinates":[20.471944,52.122571]},"properties":{"line":"24","mode":"bus","color":"#0059a9","colorDark":"#00294f","band":1,"off":[0,1.1]}},{"type":"Feature","geometry":{"type":"Point","coordinates":[20.582224,52.072202]},"properties":{"name":"Władków Pętla","band":1,"modes":"bus","arr":["21"],"off":[0,-0.8]}},{"type":"Feature","geometry":{"type":"Point","coordinates":[20.582224,52.072202]},"properties":{"line":"21","mode":"bus","color":"#0059a9","colorDark":"#00294f","band":1,"off":[0,1.1]}},{"type":"Feature","geometry":{"type":"Point","coordinates":[20.588976,52.054077]},"properties":{"name":"Makówka Lukrecji","band":1,"modes":"bus","arr":["22","58"],"off":[0,-0.8]}},{"type":"Feature","geometry":{"type":"Point","coordinates":[20.588976,52.054077]},"properties":{"line":"22","mode":"bus","color":"#0059a9","colorDark":"#00294f","band":1,"off":[-1.7,1.1]}},{"type":"Feature","geometry":{"type":"Point","coordinates":[20.588976,52.054077]},"properties":{"line":"58","mode":"bus","color":"#0059a9","colorDark":"#00294f","band":1,"off":[1.7,1.1]}},{"type":"Feature","geometry":{"type":"Point","coordinates":[20.629436,52.076608]},"properties":{"name":"Adamowizna Szkoła","band":1,"modes":"bus","arr":["58"],"off":[0,-0.8]}},{"type":"Feature","geometry":{"type":"Point","coordinates":[20.629436,52.076608]},"properties":{"line":"58","mode":"bus","color":"#0059a9","colorDark":"#00294f","band":1,"off":[0,1.1]}},{"type":"Feature","geometry":{"type":"Point","coordinates":[20.664871,52.070231]},"properties":{"name":"Radonie Pętla","band":1,"modes":"bus","arr":["30"],"off":[0,-0.8]}},{"type":"Feature","geometry":{"type":"Point","coordinates":[20.664871,52.070231]},"properties":{"line":"30","mode":"bus","color":"#0059a9","colorDark":"#00294f","band":1,"off":[0,1.1]}},{"type":"Feature","geometry":{"type":"Point","coordinates":[20.645468,52.086505]},"properties":{"name":"Szczęsne Cmentarz","band":1,"modes":"bus","arr":["50","C1"],"off":[0,-0.8]}},{"type":"Feature","geometry":{"type":"Point","coordinates":[20.645468,52.086505]},"properties":{"line":"50","mode":"bus","color":"#0059a9","colorDark":"#00294f","band":1,"off":[-1.7,1.1]}},{"type":"Feature","geometry":{"type":"Point","coordinates":[20.645468,52.086505]},"properties":{"line":"C1","mode":"bus","color":"#0059a9","colorDark":"#00294f","band":1,"off":[1.7,1.1]}},{"type":"Feature","geometry":{"type":"Point","coordinates":[20.532914,52.137902]},"properties":{"name":"Izdebno Kościelne Szkoła","band":1,"modes":"bus","arr":["25"],"off":[0,-0.8]}},{"type":"Feature","geometry":{"type":"Point","coordinates":[20.532914,52.137902]},"properties":{"line":"25","mode":"bus","color":"#0059a9","colorDark":"#00294f","band":1,"off":[0,1.1]}},{"type":"Feature","geometry":{"type":"Point","coordinates":[20.509634,52.136392]},"properties":{"name":"Izdebno Kościelne Pętla","band":1,"modes":"bus","arr":["24"],"off":[0,-0.8]}},{"type":"Feature","geometry":{"type":"Point","coordinates":[20.509634,52.136392]},"properties":{"line":"24","mode":"bus","color":"#0059a9","colorDark":"#00294f","band":1,"off":[0,1.1]}},{"type":"Feature","geometry":{"type":"Point","coordinates":[20.560042,52.154076]},"properties":{"name":"Kłudno Nowe Pętla","band":1,"modes":"bus","arr":["26"],"off":[0,-0.8]}},{"type":"Feature","geometry":{"type":"Point","coordinates":[20.560042,52.154076]},"properties":{"line":"26","mode":"bus","color":"#0059a9","colorDark":"#00294f","band":1,"off":[0,1.1]}},{"type":"Feature","geometry":{"type":"Point","coordinates":[20.630857,52.115597]},"properties":{"name":"Grodzisk Maz. Rokiciańska","band":1,"modes":"bus","arr":["27"],"off":[0,-0.8]}},{"type":"Feature","geometry":{"type":"Point","coordinates":[20.630857,52.115597]},"properties":{"line":"27","mode":"bus","color":"#0059a9","colorDark":"#00294f","band":1,"off":[0,1.1]}},{"type":"Feature","geometry":{"type":"Point","coordinates":[20.689933,52.031252]},"properties":{"name":"Żabia Wola Urząd Gminy","band":1,"modes":"bus","arr":["30","32","52"],"off":[0,-0.8]}},{"type":"Feature","geometry":{"type":"Point","coordinates":[20.689933,52.031252]},"properties":{"line":"30","mode":"bus","color":"#0059a9","colorDark":"#00294f","band":1,"off":[-3.4,1.1]}},{"type":"Feature","geometry":{"type":"Point","coordinates":[20.689933,52.031252]},"properties":{"line":"32","mode":"bus","color":"#0059a9","colorDark":"#00294f","band":1,"off":[0,1.1]}},{"type":"Feature","geometry":{"type":"Point","coordinates":[20.689933,52.031252]},"properties":{"line":"52","mode":"bus","color":"#0059a9","colorDark":"#00294f","band":1,"off":[3.4,1.1]}},{"type":"Feature","geometry":{"type":"Point","coordinates":[20.669047,52.029374]},"properties":{"name":"Józefina Szkoła","band":1,"modes":"bus","arr":["51","63"],"off":[0,-0.8]}},{"type":"Feature","geometry":{"type":"Point","coordinates":[20.669047,52.029374]},"properties":{"line":"51","mode":"bus","color":"#0059a9","colorDark":"#00294f","band":1,"off":[-1.7,1.1]}},{"type":"Feature","geometry":{"type":"Point","coordinates":[20.669047,52.029374]},"properties":{"line":"63","mode":"bus","color":"#0059a9","colorDark":"#00294f","band":1,"off":[1.7,1.1]}},{"type":"Feature","geometry":{"type":"Point","coordinates":[20.656142,51.982972]},"properties":{"name":"Skuły Szkoła","band":1,"modes":"bus","arr":["30"],"off":[0,-0.8]}},{"type":"Feature","geometry":{"type":"Point","coordinates":[20.656142,51.982972]},"properties":{"line":"30","mode":"bus","color":"#0059a9","colorDark":"#00294f","band":1,"off":[0,1.1]}},{"type":"Feature","geometry":{"type":"Point","coordinates":[20.665636,51.946621]},"properties":{"name":"Petrykozy Trakt Królewski","band":1,"modes":"bus","arr":["31"],"off":[0,-0.8]}},{"type":"Feature","geometry":{"type":"Point","coordinates":[20.665636,51.946621]},"properties":{"line":"31","mode":"bus","color":"#0059a9","colorDark":"#00294f","band":1,"off":[0,1.1]}},{"type":"Feature","geometry":{"type":"Point","coordinates":[20.625936,51.925045]},"properties":{"name":"Lutkówka Szkoła","band":1,"modes":"bus","arr":["31"],"off":[0,-0.8]}},{"type":"Feature","geometry":{"type":"Point","coordinates":[20.625936,51.925045]},"properties":{"line":"31","mode":"bus","color":"#0059a9","colorDark":"#00294f","band":1,"off":[0,1.1]}},{"type":"Feature","geometry":{"type":"Point","coordinates":[20.734783,52.010826]},"properties":{"name":"Ojrzanów Szkoła","band":1,"modes":"bus","arr":["32","52"],"off":[0,-0.8]}},{"type":"Feature","geometry":{"type":"Point","coordinates":[20.734783,52.010826]},"properties":{"line":"32","mode":"bus","color":"#0059a9","colorDark":"#00294f","band":1,"off":[-1.7,1.1]}},{"type":"Feature","geometry":{"type":"Point","coordinates":[20.734783,52.010826]},"properties":{"line":"52","mode":"bus","color":"#0059a9","colorDark":"#00294f","band":1,"off":[1.7,1.1]}},{"type":"Feature","geometry":{"type":"Point","coordinates":[20.726311,52.054969]},"properties":{"name":"Siestrzeń Rozalińska","band":1,"modes":"bus","arr":["32","51"],"off":[0,-0.8]}},{"type":"Feature","geometry":{"type":"Point","coordinates":[20.726311,52.054969]},"properties":{"line":"32","mode":"bus","color":"#0059a9","colorDark":"#00294f","band":1,"off":[-1.7,1.1]}},{"type":"Feature","geometry":{"type":"Point","coordinates":[20.726311,52.054969]},"properties":{"line":"51","mode":"bus","color":"#0059a9","colorDark":"#00294f","band":1,"off":[1.7,1.1]}},{"type":"Feature","geometry":{"type":"Point","coordinates":[20.769196,52.005118]},"properties":{"name":"Ojrzanów Przyleśna","band":1,"modes":"bus","arr":["33"],"off":[0,-0.8]}},{"type":"Feature","geometry":{"type":"Point","coordinates":[20.769196,52.005118]},"properties":{"line":"33","mode":"bus","color":"#0059a9","colorDark":"#00294f","band":1,"off":[0,1.1]}},{"type":"Feature","geometry":{"type":"Point","coordinates":[20.695878,52.071818]},"properties":{"name":"Książenice Szkoła","band":1,"modes":"bus","arr":["35"],"off":[0,-0.8]}},{"type":"Feature","geometry":{"type":"Point","coordinates":[20.695878,52.071818]},"properties":{"line":"35","mode":"bus","color":"#0059a9","colorDark":"#00294f","band":1,"off":[0,1.1]}},{"type":"Feature","geometry":{"type":"Point","coordinates":[20.453811,52.24217]},"properties":{"name":"Podkampinos Rondo","band":1,"modes":"bus","arr":["41"],"off":[0,-0.8]}},{"type":"Feature","geometry":{"type":"Point","coordinates":[20.453811,52.24217]},"properties":{"line":"41","mode":"bus","color":"#0059a9","colorDark":"#00294f","band":1,"off":[0,1.1]}},{"type":"Feature","geometry":{"type":"Point","coordinates":[20.586358,52.257577]},"properties":{"name":"Leszno","band":1,"modes":"bus","arr":["41","44"],"off":[0,-0.8]}},{"type":"Feature","geometry":{"type":"Point","coordinates":[20.586358,52.257577]},"properties":{"line":"41","mode":"bus","color":"#0059a9","colorDark":"#00294f","band":1,"off":[-1.7,1.1]}},{"type":"Feature","geometry":{"type":"Point","coordinates":[20.586358,52.257577]},"properties":{"line":"44","mode":"bus","color":"#0059a9","colorDark":"#00294f","band":1,"off":[1.7,1.1]}},{"type":"Feature","geometry":{"type":"Point","coordinates":[20.240158,52.216596]},"properties":{"name":"Sochaczew Sienkiewicza (przy PKP)","band":1,"modes":"bus","arr":["42"],"off":[0,-0.8]}},{"type":"Feature","geometry":{"type":"Point","coordinates":[20.240158,52.216596]},"properties":{"line":"42","mode":"bus","color":"#0059a9","colorDark":"#00294f","band":1,"off":[0,1.1]}},{"type":"Feature","geometry":{"type":"Point","coordinates":[20.614333,52.311716]},"properties":{"name":"Roztoka","band":1,"modes":"bus","arr":["43"],"off":[0,-0.8]}},{"type":"Feature","geometry":{"type":"Point","coordinates":[20.614333,52.311716]},"properties":{"line":"43","mode":"bus","color":"#0059a9","colorDark":"#00294f","band":1,"off":[0,1.1]}},{"type":"Feature","geometry":{"type":"Point","coordinates":[20.798889,52.167781]},"properties":{"name":"PKP Pruszków","band":1,"modes":"bus","arr":["48","60","65","66","78","Z67"],"off":[0,-0.8]}},{"type":"Feature","geometry":{"type":"Point","coordinates":[20.798889,52.167781]},"properties":{"line":"48","mode":"bus","color":"#0059a9","colorDark":"#00294f","band":1,"off":[-6.8,1.1]}},{"type":"Feature","geometry":{"type":"Point","coordinates":[20.798889,52.167781]},"properties":{"line":"60","mode":"bus","color":"#0059a9","colorDark":"#00294f","band":1,"off":[-3.4,1.1]}},{"type":"Feature","geometry":{"type":"Point","coordinates":[20.798889,52.167781]},"properties":{"line":"65","mode":"bus","color":"#0059a9","colorDark":"#00294f","band":1,"off":[0,1.1]}},{"type":"Feature","geometry":{"type":"Point","coordinates":[20.798889,52.167781]},"properties":{"line":"66","mode":"bus","color":"#0059a9","colorDark":"#00294f","band":1,"off":[3.4,1.1]}},{"type":"Feature","geometry":{"type":"Point","coordinates":[20.798889,52.167781]},"properties":{"line":"78","mode":"bus","color":"#0059a9","colorDark":"#00294f","band":1,"off":[6.8,1.1]}},{"type":"Feature","geometry":{"type":"Point","coordinates":[20.798889,52.167781]},"properties":{"line":"Z67","mode":"bus","color":"#0059a9","colorDark":"#00294f","band":1,"off":[0,3.1]}},{"type":"Feature","geometry":{"type":"Point","coordinates":[20.71758,52.142408]},"properties":{"name":"Brwinów Rynek","band":1,"modes":"bus","arr":["48","64","67","69"],"off":[0,-0.8]}},{"type":"Feature","geometry":{"type":"Point","coordinates":[20.71758,52.142408]},"properties":{"line":"48","mode":"bus","color":"#0059a9","colorDark":"#00294f","band":1,"off":[-5.1,1.1]}},{"type":"Feature","geometry":{"type":"Point","coordinates":[20.71758,52.142408]},"properties":{"line":"64","mode":"bus","color":"#0059a9","colorDark":"#00294f","band":1,"off":[-1.7,1.1]}},{"type":"Feature","geometry":{"type":"Point","coordinates":[20.71758,52.142408]},"properties":{"line":"67","mode":"bus","color":"#0059a9","colorDark":"#00294f","band":1,"off":[1.7,1.1]}},{"type":"Feature","geometry":{"type":"Point","coordinates":[20.71758,52.142408]},"properties":{"line":"69","mode":"bus","color":"#0059a9","colorDark":"#00294f","band":1,"off":[5.1,1.1]}},{"type":"Feature","geometry":{"type":"Point","coordinates":[20.593369,52.174875]},"properties":{"name":"Stare Faszczyce","band":1,"modes":"bus","arr":["49"],"off":[0,-0.8]}},{"type":"Feature","geometry":{"type":"Point","coordinates":[20.593369,52.174875]},"properties":{"line":"49","mode":"bus","color":"#0059a9","colorDark":"#00294f","band":1,"off":[0,1.1]}},{"type":"Feature","geometry":{"type":"Point","coordinates":[20.701542,52.200246]},"properties":{"name":"Płochocin PKP / Kolejowa","band":1,"modes":"bus","arr":["49","94"],"off":[0,-0.8]}},{"type":"Feature","geometry":{"type":"Point","coordinates":[20.701542,52.200246]},"properties":{"line":"49","mode":"bus","color":"#0059a9","colorDark":"#00294f","band":1,"off":[-1.7,1.1]}},{"type":"Feature","geometry":{"type":"Point","coordinates":[20.701542,52.200246]},"properties":{"line":"94","mode":"bus","color":"#0059a9","colorDark":"#00294f","band":1,"off":[1.7,1.1]}},{"type":"Feature","geometry":{"type":"Point","coordinates":[20.670442,52.219447]},"properties":{"name":"Łaźniew Wiosenna","band":1,"modes":"bus","arr":["49"],"off":[0,-0.8]}},{"type":"Feature","geometry":{"type":"Point","coordinates":[20.670442,52.219447]},"properties":{"line":"49","mode":"bus","color":"#0059a9","colorDark":"#00294f","band":1,"off":[0,1.1]}},{"type":"Feature","geometry":{"type":"Point","coordinates":[20.847103,52.07448]},"properties":{"name":"Walendów","band":1,"modes":"bus","arr":["60"],"off":[0,-0.8]}},{"type":"Feature","geometry":{"type":"Point","coordinates":[20.847103,52.07448]},"properties":{"line":"60","mode":"bus","color":"#0059a9","colorDark":"#00294f","band":1,"off":[0,1.1]}},{"type":"Feature","geometry":{"type":"Point","coordinates":[20.905449,52.180671]},"properties":{"name":"Opacz WKD","band":1,"modes":"bus","arr":["61"],"off":[0,-0.8]}},{"type":"Feature","geometry":{"type":"Point","coordinates":[20.905449,52.180671]},"properties":{"line":"61","mode":"bus","color":"#0059a9","colorDark":"#00294f","band":1,"off":[0,1.1]}},{"type":"Feature","geometry":{"type":"Point","coordinates":[20.859862,52.170133]},"properties":{"name":"Reguły WKD","band":1,"modes":"bus","arr":["61"],"off":[0,-0.8]}},{"type":"Feature","geometry":{"type":"Point","coordinates":[20.859862,52.170133]},"properties":{"line":"61","mode":"bus","color":"#0059a9","colorDark":"#00294f","band":1,"off":[0,1.1]}},{"type":"Feature","geometry":{"type":"Point","coordinates":[20.894398,52.13261]},"properties":{"name":"Janki Pl. Szwedzki","band":1,"modes":"bus","arr":["61"],"off":[0,-0.8]}},{"type":"Feature","geometry":{"type":"Point","coordinates":[20.894398,52.13261]},"properties":{"line":"61","mode":"bus","color":"#0059a9","colorDark":"#00294f","band":1,"off":[0,1.1]}},{"type":"Feature","geometry":{"type":"Point","coordinates":[20.943727,52.176185]},"properties":{"name":"Warszawa P+R Al. Krakowska","band":1,"modes":"bus","arr":["62","63","83"],"off":[0,-0.8]}},{"type":"Feature","geometry":{"type":"Point","coordinates":[20.943727,52.176185]},"properties":{"line":"62","mode":"bus","color":"#0059a9","colorDark":"#00294f","band":1,"off":[-3.4,1.1]}},{"type":"Feature","geometry":{"type":"Point","coordinates":[20.943727,52.176185]},"properties":{"line":"63","mode":"bus","color":"#0059a9","colorDark":"#00294f","band":1,"off":[0,1.1]}},{"type":"Feature","geometry":{"type":"Point","coordinates":[20.943727,52.176185]},"properties":{"line":"83","mode":"bus","color":"#0059a9","colorDark":"#00294f","band":1,"off":[3.4,1.1]}},{"type":"Feature","geometry":{"type":"Point","coordinates":[20.828964,52.192891]},"properties":{"name":"Piastów Ogińskiego","band":1,"modes":"bus","arr":["62"],"off":[0,-0.8]}},{"type":"Feature","geometry":{"type":"Point","coordinates":[20.828964,52.192891]},"properties":{"line":"62","mode":"bus","color":"#0059a9","colorDark":"#00294f","band":1,"off":[0,1.1]}},{"type":"Feature","geometry":{"type":"Point","coordinates":[20.782054,52.159939]},"properties":{"name":"Pruszków Akacjowa","band":1,"modes":"bus","arr":["77"],"off":[0,-0.8]}},{"type":"Feature","geometry":{"type":"Point","coordinates":[20.782054,52.159939]},"properties":{"line":"77","mode":"bus","color":"#0059a9","colorDark":"#00294f","band":1,"off":[0,1.1]}},{"type":"Feature","geometry":{"type":"Point","coordinates":[20.619444,52.192393]},"properties":{"name":"Błonie Piłsudskiego Przedszkole","band":1,"modes":"bus","arr":["67","77"],"off":[0,-0.8]}},{"type":"Feature","geometry":{"type":"Point","coordinates":[20.619444,52.192393]},"properties":{"line":"67","mode":"bus","color":"#0059a9","colorDark":"#00294f","band":1,"off":[-1.7,1.1]}},{"type":"Feature","geometry":{"type":"Point","coordinates":[20.619444,52.192393]},"properties":{"line":"77","mode":"bus","color":"#0059a9","colorDark":"#00294f","band":1,"off":[1.7,1.1]}},{"type":"Feature","geometry":{"type":"Point","coordinates":[20.747273,52.176849]},"properties":{"name":"Moszna Park Logistyczny","band":1,"modes":"bus","arr":["68"],"off":[0,-0.8]}},{"type":"Feature","geometry":{"type":"Point","coordinates":[20.747273,52.176849]},"properties":{"line":"68","mode":"bus","color":"#0059a9","colorDark":"#00294f","band":1,"off":[0,1.1]}},{"type":"Feature","geometry":{"type":"Point","coordinates":[20.729941,52.177336]},"properties":{"name":"Moszna Park Logistyczny - Hale Zachodnie","band":1,"modes":"bus","arr":["78"],"off":[0,-0.8]}},{"type":"Feature","geometry":{"type":"Point","coordinates":[20.729941,52.177336]},"properties":{"line":"78","mode":"bus","color":"#0059a9","colorDark":"#00294f","band":1,"off":[0,1.1]}},{"type":"Feature","geometry":{"type":"Point","coordinates":[20.44727,52.052364]},"properties":{"name":"Żyrardów PKP","band":1,"modes":"bus","arr":["80"],"off":[0,-0.8]}},{"type":"Feature","geometry":{"type":"Point","coordinates":[20.44727,52.052364]},"properties":{"line":"80","mode":"bus","color":"#0059a9","colorDark":"#00294f","band":1,"off":[0,1.1]}},{"type":"Feature","geometry":{"type":"Point","coordinates":[20.460438,51.988626]},"properties":{"name":"Suntago Park Wodny","band":1,"modes":"bus","arr":["82"],"off":[0,-0.8]}},{"type":"Feature","geometry":{"type":"Point","coordinates":[20.460438,51.988626]},"properties":{"line":"82","mode":"bus","color":"#0059a9","colorDark":"#00294f","band":1,"off":[0,1.1]}},{"type":"Feature","geometry":{"type":"Point","coordinates":[20.51373,51.974077]},"properties":{"name":"Mszczonów Rynek","band":1,"modes":"bus","arr":["82","83"],"off":[0,-0.8]}},{"type":"Feature","geometry":{"type":"Point","coordinates":[20.51373,51.974077]},"properties":{"line":"82","mode":"bus","color":"#0059a9","colorDark":"#00294f","band":1,"off":[-1.7,1.1]}},{"type":"Feature","geometry":{"type":"Point","coordinates":[20.51373,51.974077]},"properties":{"line":"83","mode":"bus","color":"#0059a9","colorDark":"#00294f","band":1,"off":[1.7,1.1]}},{"type":"Feature","geometry":{"type":"Point","coordinates":[20.447303,52.286999]},"properties":{"name":"Granica - Kampinoski Park Narodowy","band":1,"modes":"bus","arr":["92"],"off":[0,-0.8]}},{"type":"Feature","geometry":{"type":"Point","coordinates":[20.447303,52.286999]},"properties":{"line":"92","mode":"bus","color":"#0059a9","colorDark":"#00294f","band":1,"off":[0,1.1]}},{"type":"Feature","geometry":{"type":"Point","coordinates":[20.610983,52.307315]},"properties":{"name":"Roztoka - Kampinoski Park Narodowy","band":1,"modes":"bus","arr":["93"],"off":[0,-0.8]}},{"type":"Feature","geometry":{"type":"Point","coordinates":[20.610983,52.307315]},"properties":{"line":"93","mode":"bus","color":"#0059a9","colorDark":"#00294f","band":1,"off":[0,1.1]}},{"type":"Feature","geometry":{"type":"Point","coordinates":[20.676393,52.262438]},"properties":{"name":"Zaborów Szkoła","band":1,"modes":"bus","arr":["96"],"off":[0,-0.8]}},{"type":"Feature","geometry":{"type":"Point","coordinates":[20.676393,52.262438]},"properties":{"line":"96","mode":"bus","color":"#0059a9","colorDark":"#00294f","band":1,"off":[0,1.1]}},{"type":"Feature","geometry":{"type":"Point","coordinates":[20.898044,52.258041]},"properties":{"name":"Warszawa Stare Bemowo","band":1,"modes":"bus","arr":["95","96"],"off":[0,-0.8]}},{"type":"Feature","geometry":{"type":"Point","coordinates":[20.898044,52.258041]},"properties":{"line":"95","mode":"bus","color":"#0059a9","colorDark":"#00294f","band":1,"off":[-1.7,1.1]}},{"type":"Feature","geometry":{"type":"Point","coordinates":[20.898044,52.258041]},"properties":{"line":"96","mode":"bus","color":"#0059a9","colorDark":"#00294f","band":1,"off":[1.7,1.1]}},{"type":"Feature","geometry":{"type":"Point","coordinates":[20.82567,52.290745]},"properties":{"name":"Izabelin Sienkiewicza","band":1,"modes":"bus","arr":["97"],"off":[0,-0.8]}},{"type":"Feature","geometry":{"type":"Point","coordinates":[20.82567,52.290745]},"properties":{"line":"97","mode":"bus","color":"#0059a9","colorDark":"#00294f","band":1,"off":[0,1.1]}},{"type":"Feature","geometry":{"type":"Point","coordinates":[20.767419,52.307838]},"properties":{"name":"Truskaw Skibińskiego","band":1,"modes":"bus","arr":["95"],"off":[0,-0.8]}},{"type":"Feature","geometry":{"type":"Point","coordinates":[20.767419,52.307838]},"properties":{"line":"95","mode":"bus","color":"#0059a9","colorDark":"#00294f","band":1,"off":[0,1.1]}},{"type":"Feature","geometry":{"type":"Point","coordinates":[20.844063,52.247596]},"properties":{"name":"Babice Nowe Centrum Handlowe","band":1,"modes":"bus","arr":["98"],"off":[0,-0.8]}},{"type":"Feature","geometry":{"type":"Point","coordinates":[20.844063,52.247596]},"properties":{"line":"98","mode":"bus","color":"#0059a9","colorDark":"#00294f","band":1,"off":[0,1.1]}},{"type":"Feature","geometry":{"type":"Point","coordinates":[20.838823,52.168011]},"properties":{"name":"Malichy Sadowa","band":1,"modes":"bus","arr":["97"],"off":[0,-0.8]}},{"type":"Feature","geometry":{"type":"Point","coordinates":[20.838823,52.168011]},"properties":{"line":"97","mode":"bus","color":"#0059a9","colorDark":"#00294f","band":1,"off":[0,1.1]}},{"type":"Feature","geometry":{"type":"Point","coordinates":[20.847176,52.341559]},"properties":{"name":"Dziekanów Leśny","band":1,"modes":"bus","arr":["97"],"off":[0,-0.8]}},{"type":"Feature","geometry":{"type":"Point","coordinates":[20.847176,52.341559]},"properties":{"line":"97","mode":"bus","color":"#0059a9","colorDark":"#00294f","band":1,"off":[0,1.1]}},{"type":"Feature","geometry":{"type":"Point","coordinates":[20.812391,52.312657]},"properties":{"name":"Sieraków","band":1,"modes":"bus","arr":["98"],"off":[0,-0.8]}},{"type":"Feature","geometry":{"type":"Point","coordinates":[20.812391,52.312657]},"properties":{"line":"98","mode":"bus","color":"#0059a9","colorDark":"#00294f","band":1,"off":[0,1.1]}},{"type":"Feature","geometry":{"type":"Point","coordinates":[20.628432,52.100654]},"properties":{"name":"Grodzisk Mazowiecki Radońska","band":1,"modes":"metro","arr":["WKD"],"off":[0,-0.8]}},{"type":"Feature","geometry":{"type":"Point","coordinates":[20.628432,52.100654]},"properties":{"line":"WKD","mode":"tram","color":"#A518A3","colorDark":"#5b0d5a","band":1,"metro":1,"off":[0,1.1]}},{"type":"Feature","geometry":{"type":"Point","coordinates":[21.000339,52.227687]},"properties":{"name":"Warszawa Śródmieście WKD","band":1,"modes":"metro","arr":["WKD"],"off":[0,-0.8]}},{"type":"Feature","geometry":{"type":"Point","coordinates":[21.000339,52.227687]},"properties":{"line":"WKD","mode":"tram","color":"#A518A3","colorDark":"#5b0d5a","band":1,"metro":1,"off":[0,1.1]}},{"type":"Feature","geometry":{"type":"Point","coordinates":[20.621456,52.110782]},"properties":{"name":"Grodzisk Maz. Traugutta Dw. PKP","band":2,"modes":"bus","arr":["0","92","93"],"off":[0,-0.8]}},{"type":"Feature","geometry":{"type":"Point","coordinates":[20.621456,52.110782]},"properties":{"line":"0","mode":"bus","color":"#0059a9","colorDark":"#00294f","band":2,"off":[-3.4,1.1]}},{"type":"Feature","geometry":{"type":"Point","coordinates":[20.621456,52.110782]},"properties":{"line":"92","mode":"bus","color":"#0059a9","colorDark":"#00294f","band":2,"off":[0,1.1]}},{"type":"Feature","geometry":{"type":"Point","coordinates":[20.621456,52.110782]},"properties":{"line":"93","mode":"bus","color":"#0059a9","colorDark":"#00294f","band":2,"off":[3.4,1.1]}},{"type":"Feature","geometry":{"type":"Point","coordinates":[20.622352,52.109664]},"properties":{"name":"Grodzisk Maz. Dw. PKP","band":2,"modes":"bus","arr":["0","18","21","22","23","24","25","28","30","31","32","33","34","45","63","82"],"off":[0,-0.8],"sc":0.92}},{"type":"Feature","geometry":{"type":"Point","coordinates":[20.622352,52.109664]},"properties":{"line":"0","mode":"bus","color":"#0059a9","colorDark":"#00294f","band":2,"sc":0.92,"off":[-6.8,1.1]}},{"type":"Feature","geometry":{"type":"Point","coordinates":[20.622352,52.109664]},"properties":{"line":"18","mode":"bus","color":"#0059a9","colorDark":"#00294f","band":2,"sc":0.92,"off":[-3.4,1.1]}},{"type":"Feature","geometry":{"type":"Point","coordinates":[20.622352,52.109664]},"properties":{"line":"21","mode":"bus","color":"#0059a9","colorDark":"#00294f","band":2,"sc":0.92,"off":[0,1.1]}},{"type":"Feature","geometry":{"type":"Point","coordinates":[20.622352,52.109664]},"properties":{"line":"22","mode":"bus","color":"#0059a9","colorDark":"#00294f","band":2,"sc":0.92,"off":[3.4,1.1]}},{"type":"Feature","geometry":{"type":"Point","coordinates":[20.622352,52.109664]},"properties":{"line":"23","mode":"bus","color":"#0059a9","colorDark":"#00294f","band":2,"sc":0.92,"off":[6.8,1.1]}},{"type":"Feature","geometry":{"type":"Point","coordinates":[20.622352,52.109664]},"properties":{"line":"24","mode":"bus","color":"#0059a9","colorDark":"#00294f","band":2,"sc":0.92,"off":[-6.8,3.1]}},{"type":"Feature","geometry":{"type":"Point","coordinates":[20.622352,52.109664]},"properties":{"line":"25","mode":"bus","color":"#0059a9","colorDark":"#00294f","band":2,"sc":0.92,"off":[-3.4,3.1]}},{"type":"Feature","geometry":{"type":"Point","coordinates":[20.622352,52.109664]},"properties":{"line":"28","mode":"bus","color":"#0059a9","colorDark":"#00294f","band":2,"sc":0.92,"off":[0,3.1]}},{"type":"Feature","geometry":{"type":"Point","coordinates":[20.622352,52.109664]},"properties":{"line":"30","mode":"bus","color":"#0059a9","colorDark":"#00294f","band":2,"sc":0.92,"off":[3.4,3.1]}},{"type":"Feature","geometry":{"type":"Point","coordinates":[20.622352,52.109664]},"properties":{"line":"31","mode":"bus","color":"#0059a9","colorDark":"#00294f","band":2,"sc":0.92,"off":[6.8,3.1]}},{"type":"Feature","geometry":{"type":"Point","coordinates":[20.622352,52.109664]},"properties":{"line":"32","mode":"bus","color":"#0059a9","colorDark":"#00294f","band":2,"sc":0.92,"off":[-6.8,5.1]}},{"type":"Feature","geometry":{"type":"Point","coordinates":[20.622352,52.109664]},"properties":{"line":"33","mode":"bus","color":"#0059a9","colorDark":"#00294f","band":2,"sc":0.92,"off":[-3.4,5.1]}},{"type":"Feature","geometry":{"type":"Point","coordinates":[20.622352,52.109664]},"properties":{"line":"34","mode":"bus","color":"#0059a9","colorDark":"#00294f","band":2,"sc":0.92,"off":[0,5.1]}},{"type":"Feature","geometry":{"type":"Point","coordinates":[20.622352,52.109664]},"properties":{"line":"45","mode":"bus","color":"#0059a9","colorDark":"#00294f","band":2,"sc":0.92,"off":[3.4,5.1]}},{"type":"Feature","geometry":{"type":"Point","coordinates":[20.622352,52.109664]},"properties":{"line":"63","mode":"bus","color":"#0059a9","colorDark":"#00294f","band":2,"sc":0.92,"off":[6.8,5.1]}},{"type":"Feature","geometry":{"type":"Point","coordinates":[20.622352,52.109664]},"properties":{"line":"82","mode":"bus","color":"#0059a9","colorDark":"#00294f","band":2,"sc":0.92,"off":[0,7.1]}},{"type":"Feature","geometry":{"type":"Point","coordinates":[20.614133,52.101621]},"properties":{"name":"Grodzisk Maz. Żyrardowska","band":2,"modes":"bus","arr":["17"],"off":[0,-0.8]}},{"type":"Feature","geometry":{"type":"Point","coordinates":[20.614133,52.101621]},"properties":{"line":"17","mode":"bus","color":"#0059a9","colorDark":"#00294f","band":2,"off":[0,1.1]}},{"type":"Feature","geometry":{"type":"Point","coordinates":[20.612373,52.097983]},"properties":{"name":"Grodzisk Maz. Chełmońskiego PKS","band":2,"modes":"bus","arr":["17"],"off":[0,-0.8]}},{"type":"Feature","geometry":{"type":"Point","coordinates":[20.612373,52.097983]},"properties":{"line":"17","mode":"bus","color":"#0059a9","colorDark":"#00294f","band":2,"off":[0,1.1]}},{"type":"Feature","geometry":{"type":"Point","coordinates":[20.616807,52.09573]},"properties":{"name":"Grodzisk Maz. Szpital","band":2,"modes":"bus","arr":["13","16","17","20","26","29","46"],"off":[0,-0.8]}},{"type":"Feature","geometry":{"type":"Point","coordinates":[20.616807,52.09573]},"properties":{"line":"13","mode":"bus","color":"#0059a9","colorDark":"#00294f","band":2,"off":[-6.8,1.1]}},{"type":"Feature","geometry":{"type":"Point","coordinates":[20.616807,52.09573]},"properties":{"line":"16","mode":"bus","color":"#0059a9","colorDark":"#00294f","band":2,"off":[-3.4,1.1]}},{"type":"Feature","geometry":{"type":"Point","coordinates":[20.616807,52.09573]},"properties":{"line":"17","mode":"bus","color":"#0059a9","colorDark":"#00294f","band":2,"off":[0,1.1]}},{"type":"Feature","geometry":{"type":"Point","coordinates":[20.616807,52.09573]},"properties":{"line":"20","mode":"bus","color":"#0059a9","colorDark":"#00294f","band":2,"off":[3.4,1.1]}},{"type":"Feature","geometry":{"type":"Point","coordinates":[20.616807,52.09573]},"properties":{"line":"26","mode":"bus","color":"#0059a9","colorDark":"#00294f","band":2,"off":[6.8,1.1]}},{"type":"Feature","geometry":{"type":"Point","coordinates":[20.616807,52.09573]},"properties":{"line":"29","mode":"bus","color":"#0059a9","colorDark":"#00294f","band":2,"off":[-1.7,3.1]}},{"type":"Feature","geometry":{"type":"Point","coordinates":[20.616807,52.09573]},"properties":{"line":"46","mode":"bus","color":"#0059a9","colorDark":"#00294f","band":2,"off":[1.7,3.1]}},{"type":"Feature","geometry":{"type":"Point","coordinates":[20.485575,52.189127]},"properties":{"name":"Bieniewo-Wieś","band":2,"modes":"bus","arr":["10"],"off":[0,-0.8]}},{"type":"Feature","geometry":{"type":"Point","coordinates":[20.485575,52.189127]},"properties":{"line":"10","mode":"bus","color":"#0059a9","colorDark":"#00294f","band":2,"off":[0,1.1]}},{"type":"Feature","geometry":{"type":"Point","coordinates":[20.611495,52.196962]},"properties":{"name":"Błonie Szkoła Nr 2","band":2,"modes":"bus","arr":["19"],"off":[0,-0.8]}},{"type":"Feature","geometry":{"type":"Point","coordinates":[20.611495,52.196962]},"properties":{"line":"19","mode":"bus","color":"#0059a9","colorDark":"#00294f","band":2,"off":[0,1.1]}},{"type":"Feature","geometry":{"type":"Point","coordinates":[20.56213,52.182451]},"properties":{"name":"Bieniewice Szkoła","band":2,"modes":"bus","arr":["19"],"off":[0,-0.8]}},{"type":"Feature","geometry":{"type":"Point","coordinates":[20.56213,52.182451]},"properties":{"line":"19","mode":"bus","color":"#0059a9","colorDark":"#00294f","band":2,"off":[0,1.1]}},{"type":"Feature","geometry":{"type":"Point","coordinates":[20.496365,52.205825]},"properties":{"name":"Bieniewo-Parcela","band":2,"modes":"bus","arr":["10"],"off":[0,-0.8]}},{"type":"Feature","geometry":{"type":"Point","coordinates":[20.496365,52.205825]},"properties":{"line":"10","mode":"bus","color":"#0059a9","colorDark":"#00294f","band":2,"off":[0,1.1]}},{"type":"Feature","geometry":{"type":"Point","coordinates":[20.514784,52.219697]},"properties":{"name":"Nowa Górna II","band":2,"modes":"bus","arr":["11"],"off":[0,-0.8]}},{"type":"Feature","geometry":{"type":"Point","coordinates":[20.514784,52.219697]},"properties":{"line":"11","mode":"bus","color":"#0059a9","colorDark":"#00294f","band":2,"off":[0,1.1]}},{"type":"Feature","geometry":{"type":"Point","coordinates":[20.526302,52.206464]},"properties":{"name":"Bramki DPS","band":2,"modes":"bus","arr":["11"],"off":[0,-0.8]}},{"type":"Feature","geometry":{"type":"Point","coordinates":[20.526302,52.206464]},"properties":{"line":"11","mode":"bus","color":"#0059a9","colorDark":"#00294f","band":2,"off":[0,1.1]}},{"type":"Feature","geometry":{"type":"Point","coordinates":[20.610313,52.187298]},"properties":{"name":"Błonie PKP","band":2,"modes":"bus","arr":["12","40","42","43"],"off":[0,-0.8]}},{"type":"Feature","geometry":{"type":"Point","coordinates":[20.610313,52.187298]},"properties":{"line":"12","mode":"bus","color":"#0059a9","colorDark":"#00294f","band":2,"off":[-5.1,1.1]}},{"type":"Feature","geometry":{"type":"Point","coordinates":[20.610313,52.187298]},"properties":{"line":"40","mode":"bus","color":"#0059a9","colorDark":"#00294f","band":2,"off":[-1.7,1.1]}},{"type":"Feature","geometry":{"type":"Point","coordinates":[20.610313,52.187298]},"properties":{"line":"42","mode":"bus","color":"#0059a9","colorDark":"#00294f","band":2,"off":[1.7,1.1]}},{"type":"Feature","geometry":{"type":"Point","coordinates":[20.610313,52.187298]},"properties":{"line":"43","mode":"bus","color":"#0059a9","colorDark":"#00294f","band":2,"off":[5.1,1.1]}},{"type":"Feature","geometry":{"type":"Point","coordinates":[20.584545,52.21093]},"properties":{"name":"Pass","band":2,"modes":"bus","arr":["14"],"off":[0,-0.8]}},{"type":"Feature","geometry":{"type":"Point","coordinates":[20.584545,52.21093]},"properties":{"line":"14","mode":"bus","color":"#0059a9","colorDark":"#00294f","band":2,"off":[0,1.1]}},{"type":"Feature","geometry":{"type":"Point","coordinates":[20.61266,52.192048]},"properties":{"name":"Błonie Centrum Sportu","band":2,"modes":"bus","arr":["13"],"off":[0,-0.8]}},{"type":"Feature","geometry":{"type":"Point","coordinates":[20.61266,52.192048]},"properties":{"line":"13","mode":"bus","color":"#0059a9","colorDark":"#00294f","band":2,"off":[0,1.1]}},{"type":"Feature","geometry":{"type":"Point","coordinates":[20.929993,52.224821]},"properties":{"name":"Warszawa Cm. Wolski","band":2,"modes":"bus","arr":["14"],"off":[0,-0.8]}},{"type":"Feature","geometry":{"type":"Point","coordinates":[20.929993,52.224821]},"properties":{"line":"14","mode":"bus","color":"#0059a9","colorDark":"#00294f","band":2,"off":[0,1.1]}},{"type":"Feature","geometry":{"type":"Point","coordinates":[20.816296,52.21096]},"properties":{"name":"Ożarów Maz. Starostwo","band":2,"modes":"bus","arr":["97"],"off":[0,-0.8]}},{"type":"Feature","geometry":{"type":"Point","coordinates":[20.816296,52.21096]},"properties":{"line":"97","mode":"bus","color":"#0059a9","colorDark":"#00294f","band":2,"off":[0,1.1]}},{"type":"Feature","geometry":{"type":"Point","coordinates":[20.646048,52.215714]},"properties":{"name":"Radzików Ihar","band":2,"modes":"bus","arr":["49"],"off":[0,-0.8]}},{"type":"Feature","geometry":{"type":"Point","coordinates":[20.646048,52.215714]},"properties":{"line":"49","mode":"bus","color":"#0059a9","colorDark":"#00294f","band":2,"off":[0,1.1]}},{"type":"Feature","geometry":{"type":"Point","coordinates":[20.929644,52.223944]},"properties":{"name":"Warszawa Fort Wola","band":2,"modes":"bus","arr":["14"],"off":[0,-0.8]}},{"type":"Feature","geometry":{"type":"Point","coordinates":[20.929644,52.223944]},"properties":{"line":"14","mode":"bus","color":"#0059a9","colorDark":"#00294f","band":2,"off":[0,1.1]}},{"type":"Feature","geometry":{"type":"Point","coordinates":[20.717806,52.140993]},"properties":{"name":"Brwinów OSP","band":2,"modes":"bus","arr":["15","23","35","45"],"off":[0,-0.8]}},{"type":"Feature","geometry":{"type":"Point","coordinates":[20.717806,52.140993]},"properties":{"line":"15","mode":"bus","color":"#0059a9","colorDark":"#00294f","band":2,"off":[-5.1,1.1]}},{"type":"Feature","geometry":{"type":"Point","coordinates":[20.717806,52.140993]},"properties":{"line":"23","mode":"bus","color":"#0059a9","colorDark":"#00294f","band":2,"off":[-1.7,1.1]}},{"type":"Feature","geometry":{"type":"Point","coordinates":[20.717806,52.140993]},"properties":{"line":"35","mode":"bus","color":"#0059a9","colorDark":"#00294f","band":2,"off":[1.7,1.1]}},{"type":"Feature","geometry":{"type":"Point","coordinates":[20.717806,52.140993]},"properties":{"line":"45","mode":"bus","color":"#0059a9","colorDark":"#00294f","band":2,"off":[5.1,1.1]}},{"type":"Feature","geometry":{"type":"Point","coordinates":[20.712293,52.133414]},"properties":{"name":"Brwinów Zespół Szkół Ogólnokształcących","band":2,"modes":"bus","arr":["65","66","Z67"],"off":[0,-0.8]}},{"type":"Feature","geometry":{"type":"Point","coordinates":[20.712293,52.133414]},"properties":{"line":"65","mode":"bus","color":"#0059a9","colorDark":"#00294f","band":2,"off":[-3.4,1.1]}},{"type":"Feature","geometry":{"type":"Point","coordinates":[20.712293,52.133414]},"properties":{"line":"66","mode":"bus","color":"#0059a9","colorDark":"#00294f","band":2,"off":[0,1.1]}},{"type":"Feature","geometry":{"type":"Point","coordinates":[20.712293,52.133414]},"properties":{"line":"Z67","mode":"bus","color":"#0059a9","colorDark":"#00294f","band":2,"off":[3.4,1.1]}},{"type":"Feature","geometry":{"type":"Point","coordinates":[20.724342,52.097151]},"properties":{"name":"Żółwin Szkoła i Orlik","band":2,"modes":"bus","arr":["55"],"off":[0,-0.8]}},{"type":"Feature","geometry":{"type":"Point","coordinates":[20.724342,52.097151]},"properties":{"line":"55","mode":"bus","color":"#0059a9","colorDark":"#00294f","band":2,"off":[0,1.1]}},{"type":"Feature","geometry":{"type":"Point","coordinates":[20.599786,52.109973]},"properties":{"name":"Wólka Grodziska Zachodnia","band":2,"modes":"bus","arr":["15"],"off":[0,-0.8]}},{"type":"Feature","geometry":{"type":"Point","coordinates":[20.599786,52.109973]},"properties":{"line":"15","mode":"bus","color":"#0059a9","colorDark":"#00294f","band":2,"off":[0,1.1]}},{"type":"Feature","geometry":{"type":"Point","coordinates":[20.665566,52.121657]},"properties":{"name":"Milanówek Dębowa","band":2,"modes":"bus","arr":["17"],"off":[0,-0.8]}},{"type":"Feature","geometry":{"type":"Point","coordinates":[20.665566,52.121657]},"properties":{"line":"17","mode":"bus","color":"#0059a9","colorDark":"#00294f","band":2,"off":[0,1.1]}},{"type":"Feature","geometry":{"type":"Point","coordinates":[20.63323,52.106098]},"properties":{"name":"Grodzisk Maz. Okulickiego Szkoła Muzyczna","band":2,"modes":"bus","arr":["15"],"off":[0,-0.8]}},{"type":"Feature","geometry":{"type":"Point","coordinates":[20.63323,52.106098]},"properties":{"line":"15","mode":"bus","color":"#0059a9","colorDark":"#00294f","band":2,"off":[0,1.1]}},{"type":"Feature","geometry":{"type":"Point","coordinates":[20.650757,52.136337]},"properties":{"name":"Milanówek Cmentarz","band":2,"modes":"bus","arr":["16","46"],"off":[0,-0.8]}},{"type":"Feature","geometry":{"type":"Point","coordinates":[20.650757,52.136337]},"properties":{"line":"16","mode":"bus","color":"#0059a9","colorDark":"#00294f","band":2,"off":[-1.7,1.1]}},{"type":"Feature","geometry":{"type":"Point","coordinates":[20.650757,52.136337]},"properties":{"line":"46","mode":"bus","color":"#0059a9","colorDark":"#00294f","band":2,"off":[1.7,1.1]}},{"type":"Feature","geometry":{"type":"Point","coordinates":[20.671644,52.128791]},"properties":{"name":"Milanówek Zaciszna","band":2,"modes":"bus","arr":["31"],"off":[0,-0.8]}},{"type":"Feature","geometry":{"type":"Point","coordinates":[20.671644,52.128791]},"properties":{"line":"31","mode":"bus","color":"#0059a9","colorDark":"#00294f","band":2,"off":[0,1.1]}},{"type":"Feature","geometry":{"type":"Point","coordinates":[20.760946,52.127017]},"properties":{"name":"Otrębusy WKD","band":2,"modes":"bus","arr":["17"],"off":[0,-0.8]}},{"type":"Feature","geometry":{"type":"Point","coordinates":[20.760946,52.127017]},"properties":{"line":"17","mode":"bus","color":"#0059a9","colorDark":"#00294f","band":2,"off":[0,1.1]}},{"type":"Feature","geometry":{"type":"Point","coordinates":[20.800076,52.091292]},"properties":{"name":"P+R Nadarzyn","band":2,"modes":"bus","arr":["17","29","60"],"off":[0,-0.8]}},{"type":"Feature","geometry":{"type":"Point","coordinates":[20.800076,52.091292]},"properties":{"line":"17","mode":"bus","color":"#0059a9","colorDark":"#00294f","band":2,"off":[-3.4,1.1]}},{"type":"Feature","geometry":{"type":"Point","coordinates":[20.800076,52.091292]},"properties":{"line":"29","mode":"bus","color":"#0059a9","colorDark":"#00294f","band":2,"off":[0,1.1]}},{"type":"Feature","geometry":{"type":"Point","coordinates":[20.800076,52.091292]},"properties":{"line":"60","mode":"bus","color":"#0059a9","colorDark":"#00294f","band":2,"off":[3.4,1.1]}},{"type":"Feature","geometry":{"type":"Point","coordinates":[20.663487,52.118805]},"properties":{"name":"Milanówek Basen","band":2,"modes":"bus","arr":["27"],"off":[0,-0.8]}},{"type":"Feature","geometry":{"type":"Point","coordinates":[20.663487,52.118805]},"properties":{"line":"27","mode":"bus","color":"#0059a9","colorDark":"#00294f","band":2,"off":[0,1.1]}},{"type":"Feature","geometry":{"type":"Point","coordinates":[20.389092,52.202331]},"properties":{"name":"Nowy Teresin","band":2,"modes":"bus","arr":["20","44"],"off":[0,-0.8]}},{"type":"Feature","geometry":{"type":"Point","coordinates":[20.389092,52.202331]},"properties":{"line":"20","mode":"bus","color":"#0059a9","colorDark":"#00294f","band":2,"off":[-1.7,1.1]}},{"type":"Feature","geometry":{"type":"Point","coordinates":[20.389092,52.202331]},"properties":{"line":"44","mode":"bus","color":"#0059a9","colorDark":"#00294f","band":2,"off":[1.7,1.1]}},{"type":"Feature","geometry":{"type":"Point","coordinates":[20.434994,52.171537]},"properties":{"name":"Kaski","band":2,"modes":"bus","arr":["20","26"],"off":[0,-0.8]}},{"type":"Feature","geometry":{"type":"Point","coordinates":[20.434994,52.171537]},"properties":{"line":"20","mode":"bus","color":"#0059a9","colorDark":"#00294f","band":2,"off":[-1.7,1.1]}},{"type":"Feature","geometry":{"type":"Point","coordinates":[20.434994,52.171537]},"properties":{"line":"26","mode":"bus","color":"#0059a9","colorDark":"#00294f","band":2,"off":[1.7,1.1]}},{"type":"Feature","geometry":{"type":"Point","coordinates":[20.464468,52.139173]},"properties":{"name":"Pułapina Nowa Rondo","band":2,"modes":"bus","arr":["80"],"off":[0,-0.8]}},{"type":"Feature","geometry":{"type":"Point","coordinates":[20.464468,52.139173]},"properties":{"line":"80","mode":"bus","color":"#0059a9","colorDark":"#00294f","band":2,"off":[0,1.1]}},{"type":"Feature","geometry":{"type":"Point","coordinates":[20.471944,52.122571]},"properties":{"name":"Baranów Szkoła","band":2,"modes":"bus","arr":["24"],"off":[0,-0.8]}},{"type":"Feature","geometry":{"type":"Point","coordinates":[20.471944,52.122571]},"properties":{"line":"24","mode":"bus","color":"#0059a9","colorDark":"#00294f","band":2,"off":[0,1.1]}},{"type":"Feature","geometry":{"type":"Point","coordinates":[20.582224,52.072202]},"properties":{"name":"Władków Pętla","band":2,"modes":"bus","arr":["21"],"off":[0,-0.8]}},{"type":"Feature","geometry":{"type":"Point","coordinates":[20.582224,52.072202]},"properties":{"line":"21","mode":"bus","color":"#0059a9","colorDark":"#00294f","band":2,"off":[0,1.1]}},{"type":"Feature","geometry":{"type":"Point","coordinates":[20.588976,52.054077]},"properties":{"name":"Makówka Lukrecji","band":2,"modes":"bus","arr":["22","58"],"off":[0,-0.8]}},{"type":"Feature","geometry":{"type":"Point","coordinates":[20.588976,52.054077]},"properties":{"line":"22","mode":"bus","color":"#0059a9","colorDark":"#00294f","band":2,"off":[-1.7,1.1]}},{"type":"Feature","geometry":{"type":"Point","coordinates":[20.588976,52.054077]},"properties":{"line":"58","mode":"bus","color":"#0059a9","colorDark":"#00294f","band":2,"off":[1.7,1.1]}},{"type":"Feature","geometry":{"type":"Point","coordinates":[20.629436,52.076608]},"properties":{"name":"Adamowizna Szkoła","band":2,"modes":"bus","arr":["58"],"off":[0,-0.8]}},{"type":"Feature","geometry":{"type":"Point","coordinates":[20.629436,52.076608]},"properties":{"line":"58","mode":"bus","color":"#0059a9","colorDark":"#00294f","band":2,"off":[0,1.1]}},{"type":"Feature","geometry":{"type":"Point","coordinates":[20.664871,52.070231]},"properties":{"name":"Radonie Pętla","band":2,"modes":"bus","arr":["30"],"off":[0,-0.8]}},{"type":"Feature","geometry":{"type":"Point","coordinates":[20.664871,52.070231]},"properties":{"line":"30","mode":"bus","color":"#0059a9","colorDark":"#00294f","band":2,"off":[0,1.1]}},{"type":"Feature","geometry":{"type":"Point","coordinates":[20.645468,52.086505]},"properties":{"name":"Szczęsne Cmentarz","band":2,"modes":"bus","arr":["50","C1"],"off":[0,-0.8]}},{"type":"Feature","geometry":{"type":"Point","coordinates":[20.645468,52.086505]},"properties":{"line":"50","mode":"bus","color":"#0059a9","colorDark":"#00294f","band":2,"off":[-1.7,1.1]}},{"type":"Feature","geometry":{"type":"Point","coordinates":[20.645468,52.086505]},"properties":{"line":"C1","mode":"bus","color":"#0059a9","colorDark":"#00294f","band":2,"off":[1.7,1.1]}},{"type":"Feature","geometry":{"type":"Point","coordinates":[20.532914,52.137902]},"properties":{"name":"Izdebno Kościelne Szkoła","band":2,"modes":"bus","arr":["25"],"off":[0,-0.8]}},{"type":"Feature","geometry":{"type":"Point","coordinates":[20.532914,52.137902]},"properties":{"line":"25","mode":"bus","color":"#0059a9","colorDark":"#00294f","band":2,"off":[0,1.1]}},{"type":"Feature","geometry":{"type":"Point","coordinates":[20.509634,52.136392]},"properties":{"name":"Izdebno Kościelne Pętla","band":2,"modes":"bus","arr":["24"],"off":[0,-0.8]}},{"type":"Feature","geometry":{"type":"Point","coordinates":[20.509634,52.136392]},"properties":{"line":"24","mode":"bus","color":"#0059a9","colorDark":"#00294f","band":2,"off":[0,1.1]}},{"type":"Feature","geometry":{"type":"Point","coordinates":[20.560042,52.154076]},"properties":{"name":"Kłudno Nowe Pętla","band":2,"modes":"bus","arr":["26"],"off":[0,-0.8]}},{"type":"Feature","geometry":{"type":"Point","coordinates":[20.560042,52.154076]},"properties":{"line":"26","mode":"bus","color":"#0059a9","colorDark":"#00294f","band":2,"off":[0,1.1]}},{"type":"Feature","geometry":{"type":"Point","coordinates":[20.630857,52.115597]},"properties":{"name":"Grodzisk Maz. Rokiciańska","band":2,"modes":"bus","arr":["27"],"off":[0,-0.8]}},{"type":"Feature","geometry":{"type":"Point","coordinates":[20.630857,52.115597]},"properties":{"line":"27","mode":"bus","color":"#0059a9","colorDark":"#00294f","band":2,"off":[0,1.1]}},{"type":"Feature","geometry":{"type":"Point","coordinates":[20.689933,52.031252]},"properties":{"name":"Żabia Wola Urząd Gminy","band":2,"modes":"bus","arr":["30","32","52"],"off":[0,-0.8]}},{"type":"Feature","geometry":{"type":"Point","coordinates":[20.689933,52.031252]},"properties":{"line":"30","mode":"bus","color":"#0059a9","colorDark":"#00294f","band":2,"off":[-3.4,1.1]}},{"type":"Feature","geometry":{"type":"Point","coordinates":[20.689933,52.031252]},"properties":{"line":"32","mode":"bus","color":"#0059a9","colorDark":"#00294f","band":2,"off":[0,1.1]}},{"type":"Feature","geometry":{"type":"Point","coordinates":[20.689933,52.031252]},"properties":{"line":"52","mode":"bus","color":"#0059a9","colorDark":"#00294f","band":2,"off":[3.4,1.1]}},{"type":"Feature","geometry":{"type":"Point","coordinates":[20.669047,52.029374]},"properties":{"name":"Józefina Szkoła","band":2,"modes":"bus","arr":["51","63"],"off":[0,-0.8]}},{"type":"Feature","geometry":{"type":"Point","coordinates":[20.669047,52.029374]},"properties":{"line":"51","mode":"bus","color":"#0059a9","colorDark":"#00294f","band":2,"off":[-1.7,1.1]}},{"type":"Feature","geometry":{"type":"Point","coordinates":[20.669047,52.029374]},"properties":{"line":"63","mode":"bus","color":"#0059a9","colorDark":"#00294f","band":2,"off":[1.7,1.1]}},{"type":"Feature","geometry":{"type":"Point","coordinates":[20.656142,51.982972]},"properties":{"name":"Skuły Szkoła","band":2,"modes":"bus","arr":["30"],"off":[0,-0.8]}},{"type":"Feature","geometry":{"type":"Point","coordinates":[20.656142,51.982972]},"properties":{"line":"30","mode":"bus","color":"#0059a9","colorDark":"#00294f","band":2,"off":[0,1.1]}},{"type":"Feature","geometry":{"type":"Point","coordinates":[20.665636,51.946621]},"properties":{"name":"Petrykozy Trakt Królewski","band":2,"modes":"bus","arr":["31"],"off":[0,-0.8]}},{"type":"Feature","geometry":{"type":"Point","coordinates":[20.665636,51.946621]},"properties":{"line":"31","mode":"bus","color":"#0059a9","colorDark":"#00294f","band":2,"off":[0,1.1]}},{"type":"Feature","geometry":{"type":"Point","coordinates":[20.625936,51.925045]},"properties":{"name":"Lutkówka Szkoła","band":2,"modes":"bus","arr":["31"],"off":[0,-0.8]}},{"type":"Feature","geometry":{"type":"Point","coordinates":[20.625936,51.925045]},"properties":{"line":"31","mode":"bus","color":"#0059a9","colorDark":"#00294f","band":2,"off":[0,1.1]}},{"type":"Feature","geometry":{"type":"Point","coordinates":[20.734783,52.010826]},"properties":{"name":"Ojrzanów Szkoła","band":2,"modes":"bus","arr":["32","52"],"off":[0,-0.8]}},{"type":"Feature","geometry":{"type":"Point","coordinates":[20.734783,52.010826]},"properties":{"line":"32","mode":"bus","color":"#0059a9","colorDark":"#00294f","band":2,"off":[-1.7,1.1]}},{"type":"Feature","geometry":{"type":"Point","coordinates":[20.734783,52.010826]},"properties":{"line":"52","mode":"bus","color":"#0059a9","colorDark":"#00294f","band":2,"off":[1.7,1.1]}},{"type":"Feature","geometry":{"type":"Point","coordinates":[20.726311,52.054969]},"properties":{"name":"Siestrzeń Rozalińska","band":2,"modes":"bus","arr":["32","51"],"off":[0,-0.8]}},{"type":"Feature","geometry":{"type":"Point","coordinates":[20.726311,52.054969]},"properties":{"line":"32","mode":"bus","color":"#0059a9","colorDark":"#00294f","band":2,"off":[-1.7,1.1]}},{"type":"Feature","geometry":{"type":"Point","coordinates":[20.726311,52.054969]},"properties":{"line":"51","mode":"bus","color":"#0059a9","colorDark":"#00294f","band":2,"off":[1.7,1.1]}},{"type":"Feature","geometry":{"type":"Point","coordinates":[20.769196,52.005118]},"properties":{"name":"Ojrzanów Przyleśna","band":2,"modes":"bus","arr":["33"],"off":[0,-0.8]}},{"type":"Feature","geometry":{"type":"Point","coordinates":[20.769196,52.005118]},"properties":{"line":"33","mode":"bus","color":"#0059a9","colorDark":"#00294f","band":2,"off":[0,1.1]}},{"type":"Feature","geometry":{"type":"Point","coordinates":[20.695878,52.071818]},"properties":{"name":"Książenice Szkoła","band":2,"modes":"bus","arr":["35"],"off":[0,-0.8]}},{"type":"Feature","geometry":{"type":"Point","coordinates":[20.695878,52.071818]},"properties":{"line":"35","mode":"bus","color":"#0059a9","colorDark":"#00294f","band":2,"off":[0,1.1]}},{"type":"Feature","geometry":{"type":"Point","coordinates":[20.453811,52.24217]},"properties":{"name":"Podkampinos Rondo","band":2,"modes":"bus","arr":["41"],"off":[0,-0.8]}},{"type":"Feature","geometry":{"type":"Point","coordinates":[20.453811,52.24217]},"properties":{"line":"41","mode":"bus","color":"#0059a9","colorDark":"#00294f","band":2,"off":[0,1.1]}},{"type":"Feature","geometry":{"type":"Point","coordinates":[20.586358,52.257577]},"properties":{"name":"Leszno","band":2,"modes":"bus","arr":["41","44"],"off":[0,-0.8]}},{"type":"Feature","geometry":{"type":"Point","coordinates":[20.586358,52.257577]},"properties":{"line":"41","mode":"bus","color":"#0059a9","colorDark":"#00294f","band":2,"off":[-1.7,1.1]}},{"type":"Feature","geometry":{"type":"Point","coordinates":[20.586358,52.257577]},"properties":{"line":"44","mode":"bus","color":"#0059a9","colorDark":"#00294f","band":2,"off":[1.7,1.1]}},{"type":"Feature","geometry":{"type":"Point","coordinates":[20.240158,52.216596]},"properties":{"name":"Sochaczew Sienkiewicza (przy PKP)","band":2,"modes":"bus","arr":["42"],"off":[0,-0.8]}},{"type":"Feature","geometry":{"type":"Point","coordinates":[20.240158,52.216596]},"properties":{"line":"42","mode":"bus","color":"#0059a9","colorDark":"#00294f","band":2,"off":[0,1.1]}},{"type":"Feature","geometry":{"type":"Point","coordinates":[20.614333,52.311716]},"properties":{"name":"Roztoka","band":2,"modes":"bus","arr":["43"],"off":[0,-0.8]}},{"type":"Feature","geometry":{"type":"Point","coordinates":[20.614333,52.311716]},"properties":{"line":"43","mode":"bus","color":"#0059a9","colorDark":"#00294f","band":2,"off":[0,1.1]}},{"type":"Feature","geometry":{"type":"Point","coordinates":[20.798889,52.167781]},"properties":{"name":"PKP Pruszków","band":2,"modes":"bus","arr":["48","60","65","66","78","Z67"],"off":[0,-0.8]}},{"type":"Feature","geometry":{"type":"Point","coordinates":[20.798889,52.167781]},"properties":{"line":"48","mode":"bus","color":"#0059a9","colorDark":"#00294f","band":2,"off":[-6.8,1.1]}},{"type":"Feature","geometry":{"type":"Point","coordinates":[20.798889,52.167781]},"properties":{"line":"60","mode":"bus","color":"#0059a9","colorDark":"#00294f","band":2,"off":[-3.4,1.1]}},{"type":"Feature","geometry":{"type":"Point","coordinates":[20.798889,52.167781]},"properties":{"line":"65","mode":"bus","color":"#0059a9","colorDark":"#00294f","band":2,"off":[0,1.1]}},{"type":"Feature","geometry":{"type":"Point","coordinates":[20.798889,52.167781]},"properties":{"line":"66","mode":"bus","color":"#0059a9","colorDark":"#00294f","band":2,"off":[3.4,1.1]}},{"type":"Feature","geometry":{"type":"Point","coordinates":[20.798889,52.167781]},"properties":{"line":"78","mode":"bus","color":"#0059a9","colorDark":"#00294f","band":2,"off":[6.8,1.1]}},{"type":"Feature","geometry":{"type":"Point","coordinates":[20.798889,52.167781]},"properties":{"line":"Z67","mode":"bus","color":"#0059a9","colorDark":"#00294f","band":2,"off":[0,3.1]}},{"type":"Feature","geometry":{"type":"Point","coordinates":[20.71758,52.142408]},"properties":{"name":"Brwinów Rynek","band":2,"modes":"bus","arr":["48","64","67","69"],"off":[0,-0.8]}},{"type":"Feature","geometry":{"type":"Point","coordinates":[20.71758,52.142408]},"properties":{"line":"48","mode":"bus","color":"#0059a9","colorDark":"#00294f","band":2,"off":[-5.1,1.1]}},{"type":"Feature","geometry":{"type":"Point","coordinates":[20.71758,52.142408]},"properties":{"line":"64","mode":"bus","color":"#0059a9","colorDark":"#00294f","band":2,"off":[-1.7,1.1]}},{"type":"Feature","geometry":{"type":"Point","coordinates":[20.71758,52.142408]},"properties":{"line":"67","mode":"bus","color":"#0059a9","colorDark":"#00294f","band":2,"off":[1.7,1.1]}},{"type":"Feature","geometry":{"type":"Point","coordinates":[20.71758,52.142408]},"properties":{"line":"69","mode":"bus","color":"#0059a9","colorDark":"#00294f","band":2,"off":[5.1,1.1]}},{"type":"Feature","geometry":{"type":"Point","coordinates":[20.593369,52.174875]},"properties":{"name":"Stare Faszczyce","band":2,"modes":"bus","arr":["49"],"off":[0,-0.8]}},{"type":"Feature","geometry":{"type":"Point","coordinates":[20.593369,52.174875]},"properties":{"line":"49","mode":"bus","color":"#0059a9","colorDark":"#00294f","band":2,"off":[0,1.1]}},{"type":"Feature","geometry":{"type":"Point","coordinates":[20.701542,52.200246]},"properties":{"name":"Płochocin PKP / Kolejowa","band":2,"modes":"bus","arr":["49","94"],"off":[0,-0.8]}},{"type":"Feature","geometry":{"type":"Point","coordinates":[20.701542,52.200246]},"properties":{"line":"49","mode":"bus","color":"#0059a9","colorDark":"#00294f","band":2,"off":[-1.7,1.1]}},{"type":"Feature","geometry":{"type":"Point","coordinates":[20.701542,52.200246]},"properties":{"line":"94","mode":"bus","color":"#0059a9","colorDark":"#00294f","band":2,"off":[1.7,1.1]}},{"type":"Feature","geometry":{"type":"Point","coordinates":[20.670442,52.219447]},"properties":{"name":"Łaźniew Wiosenna","band":2,"modes":"bus","arr":["49"],"off":[0,-0.8]}},{"type":"Feature","geometry":{"type":"Point","coordinates":[20.670442,52.219447]},"properties":{"line":"49","mode":"bus","color":"#0059a9","colorDark":"#00294f","band":2,"off":[0,1.1]}},{"type":"Feature","geometry":{"type":"Point","coordinates":[20.847103,52.07448]},"properties":{"name":"Walendów","band":2,"modes":"bus","arr":["60"],"off":[0,-0.8]}},{"type":"Feature","geometry":{"type":"Point","coordinates":[20.847103,52.07448]},"properties":{"line":"60","mode":"bus","color":"#0059a9","colorDark":"#00294f","band":2,"off":[0,1.1]}},{"type":"Feature","geometry":{"type":"Point","coordinates":[20.905449,52.180671]},"properties":{"name":"Opacz WKD","band":2,"modes":"bus","arr":["61"],"off":[0,-0.8]}},{"type":"Feature","geometry":{"type":"Point","coordinates":[20.905449,52.180671]},"properties":{"line":"61","mode":"bus","color":"#0059a9","colorDark":"#00294f","band":2,"off":[0,1.1]}},{"type":"Feature","geometry":{"type":"Point","coordinates":[20.859862,52.170133]},"properties":{"name":"Reguły WKD","band":2,"modes":"bus","arr":["61"],"off":[0,-0.8]}},{"type":"Feature","geometry":{"type":"Point","coordinates":[20.859862,52.170133]},"properties":{"line":"61","mode":"bus","color":"#0059a9","colorDark":"#00294f","band":2,"off":[0,1.1]}},{"type":"Feature","geometry":{"type":"Point","coordinates":[20.894398,52.13261]},"properties":{"name":"Janki Pl. Szwedzki","band":2,"modes":"bus","arr":["61"],"off":[0,-0.8]}},{"type":"Feature","geometry":{"type":"Point","coordinates":[20.894398,52.13261]},"properties":{"line":"61","mode":"bus","color":"#0059a9","colorDark":"#00294f","band":2,"off":[0,1.1]}},{"type":"Feature","geometry":{"type":"Point","coordinates":[20.943727,52.176185]},"properties":{"name":"Warszawa P+R Al. Krakowska","band":2,"modes":"bus","arr":["62","63","83"],"off":[0,-0.8]}},{"type":"Feature","geometry":{"type":"Point","coordinates":[20.943727,52.176185]},"properties":{"line":"62","mode":"bus","color":"#0059a9","colorDark":"#00294f","band":2,"off":[-3.4,1.1]}},{"type":"Feature","geometry":{"type":"Point","coordinates":[20.943727,52.176185]},"properties":{"line":"63","mode":"bus","color":"#0059a9","colorDark":"#00294f","band":2,"off":[0,1.1]}},{"type":"Feature","geometry":{"type":"Point","coordinates":[20.943727,52.176185]},"properties":{"line":"83","mode":"bus","color":"#0059a9","colorDark":"#00294f","band":2,"off":[3.4,1.1]}},{"type":"Feature","geometry":{"type":"Point","coordinates":[20.828964,52.192891]},"properties":{"name":"Piastów Ogińskiego","band":2,"modes":"bus","arr":["62"],"off":[0,-0.8]}},{"type":"Feature","geometry":{"type":"Point","coordinates":[20.828964,52.192891]},"properties":{"line":"62","mode":"bus","color":"#0059a9","colorDark":"#00294f","band":2,"off":[0,1.1]}},{"type":"Feature","geometry":{"type":"Point","coordinates":[20.782054,52.159939]},"properties":{"name":"Pruszków Akacjowa","band":2,"modes":"bus","arr":["77"],"off":[0,-0.8]}},{"type":"Feature","geometry":{"type":"Point","coordinates":[20.782054,52.159939]},"properties":{"line":"77","mode":"bus","color":"#0059a9","colorDark":"#00294f","band":2,"off":[0,1.1]}},{"type":"Feature","geometry":{"type":"Point","coordinates":[20.619444,52.192393]},"properties":{"name":"Błonie Piłsudskiego Przedszkole","band":2,"modes":"bus","arr":["67","77"],"off":[0,-0.8]}},{"type":"Feature","geometry":{"type":"Point","coordinates":[20.619444,52.192393]},"properties":{"line":"67","mode":"bus","color":"#0059a9","colorDark":"#00294f","band":2,"off":[-1.7,1.1]}},{"type":"Feature","geometry":{"type":"Point","coordinates":[20.619444,52.192393]},"properties":{"line":"77","mode":"bus","color":"#0059a9","colorDark":"#00294f","band":2,"off":[1.7,1.1]}},{"type":"Feature","geometry":{"type":"Point","coordinates":[20.747273,52.176849]},"properties":{"name":"Moszna Park Logistyczny","band":2,"modes":"bus","arr":["68"],"off":[0,-0.8]}},{"type":"Feature","geometry":{"type":"Point","coordinates":[20.747273,52.176849]},"properties":{"line":"68","mode":"bus","color":"#0059a9","colorDark":"#00294f","band":2,"off":[0,1.1]}},{"type":"Feature","geometry":{"type":"Point","coordinates":[20.729941,52.177336]},"properties":{"name":"Moszna Park Logistyczny - Hale Zachodnie","band":2,"modes":"bus","arr":["78"],"off":[0,-0.8]}},{"type":"Feature","geometry":{"type":"Point","coordinates":[20.729941,52.177336]},"properties":{"line":"78","mode":"bus","color":"#0059a9","colorDark":"#00294f","band":2,"off":[0,1.1]}},{"type":"Feature","geometry":{"type":"Point","coordinates":[20.44727,52.052364]},"properties":{"name":"Żyrardów PKP","band":2,"modes":"bus","arr":["80"],"off":[0,-0.8]}},{"type":"Feature","geometry":{"type":"Point","coordinates":[20.44727,52.052364]},"properties":{"line":"80","mode":"bus","color":"#0059a9","colorDark":"#00294f","band":2,"off":[0,1.1]}},{"type":"Feature","geometry":{"type":"Point","coordinates":[20.460438,51.988626]},"properties":{"name":"Suntago Park Wodny","band":2,"modes":"bus","arr":["82"],"off":[0,-0.8]}},{"type":"Feature","geometry":{"type":"Point","coordinates":[20.460438,51.988626]},"properties":{"line":"82","mode":"bus","color":"#0059a9","colorDark":"#00294f","band":2,"off":[0,1.1]}},{"type":"Feature","geometry":{"type":"Point","coordinates":[20.51373,51.974077]},"properties":{"name":"Mszczonów Rynek","band":2,"modes":"bus","arr":["82","83"],"off":[0,-0.8]}},{"type":"Feature","geometry":{"type":"Point","coordinates":[20.51373,51.974077]},"properties":{"line":"82","mode":"bus","color":"#0059a9","colorDark":"#00294f","band":2,"off":[-1.7,1.1]}},{"type":"Feature","geometry":{"type":"Point","coordinates":[20.51373,51.974077]},"properties":{"line":"83","mode":"bus","color":"#0059a9","colorDark":"#00294f","band":2,"off":[1.7,1.1]}},{"type":"Feature","geometry":{"type":"Point","coordinates":[20.447303,52.286999]},"properties":{"name":"Granica - Kampinoski Park Narodowy","band":2,"modes":"bus","arr":["92"],"off":[0,-0.8]}},{"type":"Feature","geometry":{"type":"Point","coordinates":[20.447303,52.286999]},"properties":{"line":"92","mode":"bus","color":"#0059a9","colorDark":"#00294f","band":2,"off":[0,1.1]}},{"type":"Feature","geometry":{"type":"Point","coordinates":[20.610983,52.307315]},"properties":{"name":"Roztoka - Kampinoski Park Narodowy","band":2,"modes":"bus","arr":["93"],"off":[0,-0.8]}},{"type":"Feature","geometry":{"type":"Point","coordinates":[20.610983,52.307315]},"properties":{"line":"93","mode":"bus","color":"#0059a9","colorDark":"#00294f","band":2,"off":[0,1.1]}},{"type":"Feature","geometry":{"type":"Point","coordinates":[20.676393,52.262438]},"properties":{"name":"Zaborów Szkoła","band":2,"modes":"bus","arr":["96"],"off":[0,-0.8]}},{"type":"Feature","geometry":{"type":"Point","coordinates":[20.676393,52.262438]},"properties":{"line":"96","mode":"bus","color":"#0059a9","colorDark":"#00294f","band":2,"off":[0,1.1]}},{"type":"Feature","geometry":{"type":"Point","coordinates":[20.898044,52.258041]},"properties":{"name":"Warszawa Stare Bemowo","band":2,"modes":"bus","arr":["95","96"],"off":[0,-0.8]}},{"type":"Feature","geometry":{"type":"Point","coordinates":[20.898044,52.258041]},"properties":{"line":"95","mode":"bus","color":"#0059a9","colorDark":"#00294f","band":2,"off":[-1.7,1.1]}},{"type":"Feature","geometry":{"type":"Point","coordinates":[20.898044,52.258041]},"properties":{"line":"96","mode":"bus","color":"#0059a9","colorDark":"#00294f","band":2,"off":[1.7,1.1]}},{"type":"Feature","geometry":{"type":"Point","coordinates":[20.82567,52.290745]},"properties":{"name":"Izabelin Sienkiewicza","band":2,"modes":"bus","arr":["97"],"off":[0,-0.8]}},{"type":"Feature","geometry":{"type":"Point","coordinates":[20.82567,52.290745]},"properties":{"line":"97","mode":"bus","color":"#0059a9","colorDark":"#00294f","band":2,"off":[0,1.1]}},{"type":"Feature","geometry":{"type":"Point","coordinates":[20.767419,52.307838]},"properties":{"name":"Truskaw Skibińskiego","band":2,"modes":"bus","arr":["95"],"off":[0,-0.8]}},{"type":"Feature","geometry":{"type":"Point","coordinates":[20.767419,52.307838]},"properties":{"line":"95","mode":"bus","color":"#0059a9","colorDark":"#00294f","band":2,"off":[0,1.1]}},{"type":"Feature","geometry":{"type":"Point","coordinates":[20.844063,52.247596]},"properties":{"name":"Babice Nowe Centrum Handlowe","band":2,"modes":"bus","arr":["98"],"off":[0,-0.8]}},{"type":"Feature","geometry":{"type":"Point","coordinates":[20.844063,52.247596]},"properties":{"line":"98","mode":"bus","color":"#0059a9","colorDark":"#00294f","band":2,"off":[0,1.1]}},{"type":"Feature","geometry":{"type":"Point","coordinates":[20.838823,52.168011]},"properties":{"name":"Malichy Sadowa","band":2,"modes":"bus","arr":["97"],"off":[0,-0.8]}},{"type":"Feature","geometry":{"type":"Point","coordinates":[20.838823,52.168011]},"properties":{"line":"97","mode":"bus","color":"#0059a9","colorDark":"#00294f","band":2,"off":[0,1.1]}},{"type":"Feature","geometry":{"type":"Point","coordinates":[20.847176,52.341559]},"properties":{"name":"Dziekanów Leśny","band":2,"modes":"bus","arr":["97"],"off":[0,-0.8]}},{"type":"Feature","geometry":{"type":"Point","coordinates":[20.847176,52.341559]},"properties":{"line":"97","mode":"bus","color":"#0059a9","colorDark":"#00294f","band":2,"off":[0,1.1]}},{"type":"Feature","geometry":{"type":"Point","coordinates":[20.812391,52.312657]},"properties":{"name":"Sieraków","band":2,"modes":"bus","arr":["98"],"off":[0,-0.8]}},{"type":"Feature","geometry":{"type":"Point","coordinates":[20.812391,52.312657]},"properties":{"line":"98","mode":"bus","color":"#0059a9","colorDark":"#00294f","band":2,"off":[0,1.1]}},{"type":"Feature","geometry":{"type":"Point","coordinates":[20.628432,52.100654]},"properties":{"name":"Grodzisk Mazowiecki Radońska","band":2,"modes":"metro","arr":["WKD"],"off":[0,-0.8]}},{"type":"Feature","geometry":{"type":"Point","coordinates":[20.628432,52.100654]},"properties":{"line":"WKD","mode":"tram","color":"#A518A3","colorDark":"#5b0d5a","band":2,"metro":1,"off":[0,1.1]}},{"type":"Feature","geometry":{"type":"Point","coordinates":[21.000339,52.227687]},"properties":{"name":"Warszawa Śródmieście WKD","band":2,"modes":"metro","arr":["WKD"],"off":[0,-0.8]}},{"type":"Feature","geometry":{"type":"Point","coordinates":[21.000339,52.227687]},"properties":{"line":"WKD","mode":"tram","color":"#A518A3","colorDark":"#5b0d5a","band":2,"metro":1,"off":[0,1.1]}},{"type":"Feature","geometry":{"type":"Point","coordinates":[20.621456,52.110782]},"properties":{"name":"Grodzisk Maz. Traugutta Dw. PKP","band":3,"modes":"bus","arr":["0","92","93"],"off":[0,-0.8]}},{"type":"Feature","geometry":{"type":"Point","coordinates":[20.621456,52.110782]},"properties":{"line":"0","mode":"bus","color":"#0059a9","colorDark":"#00294f","band":3,"off":[-3.4,1.1]}},{"type":"Feature","geometry":{"type":"Point","coordinates":[20.621456,52.110782]},"properties":{"line":"92","mode":"bus","color":"#0059a9","colorDark":"#00294f","band":3,"off":[0,1.1]}},{"type":"Feature","geometry":{"type":"Point","coordinates":[20.621456,52.110782]},"properties":{"line":"93","mode":"bus","color":"#0059a9","colorDark":"#00294f","band":3,"off":[3.4,1.1]}},{"type":"Feature","geometry":{"type":"Point","coordinates":[20.622352,52.109664]},"properties":{"name":"Grodzisk Maz. Dw. PKP","band":3,"modes":"bus","arr":["0","18","21","22","23","24","25","28","30","31","32","33","34","45","63","82"],"off":[0,-0.8]}},{"type":"Feature","geometry":{"type":"Point","coordinates":[20.622352,52.109664]},"properties":{"line":"0","mode":"bus","color":"#0059a9","colorDark":"#00294f","band":3,"off":[-6.8,1.1]}},{"type":"Feature","geometry":{"type":"Point","coordinates":[20.622352,52.109664]},"properties":{"line":"18","mode":"bus","color":"#0059a9","colorDark":"#00294f","band":3,"off":[-3.4,1.1]}},{"type":"Feature","geometry":{"type":"Point","coordinates":[20.622352,52.109664]},"properties":{"line":"21","mode":"bus","color":"#0059a9","colorDark":"#00294f","band":3,"off":[0,1.1]}},{"type":"Feature","geometry":{"type":"Point","coordinates":[20.622352,52.109664]},"properties":{"line":"22","mode":"bus","color":"#0059a9","colorDark":"#00294f","band":3,"off":[3.4,1.1]}},{"type":"Feature","geometry":{"type":"Point","coordinates":[20.622352,52.109664]},"properties":{"line":"23","mode":"bus","color":"#0059a9","colorDark":"#00294f","band":3,"off":[6.8,1.1]}},{"type":"Feature","geometry":{"type":"Point","coordinates":[20.622352,52.109664]},"properties":{"line":"24","mode":"bus","color":"#0059a9","colorDark":"#00294f","band":3,"off":[-6.8,3.1]}},{"type":"Feature","geometry":{"type":"Point","coordinates":[20.622352,52.109664]},"properties":{"line":"25","mode":"bus","color":"#0059a9","colorDark":"#00294f","band":3,"off":[-3.4,3.1]}},{"type":"Feature","geometry":{"type":"Point","coordinates":[20.622352,52.109664]},"properties":{"line":"28","mode":"bus","color":"#0059a9","colorDark":"#00294f","band":3,"off":[0,3.1]}},{"type":"Feature","geometry":{"type":"Point","coordinates":[20.622352,52.109664]},"properties":{"line":"30","mode":"bus","color":"#0059a9","colorDark":"#00294f","band":3,"off":[3.4,3.1]}},{"type":"Feature","geometry":{"type":"Point","coordinates":[20.622352,52.109664]},"properties":{"line":"31","mode":"bus","color":"#0059a9","colorDark":"#00294f","band":3,"off":[6.8,3.1]}},{"type":"Feature","geometry":{"type":"Point","coordinates":[20.622352,52.109664]},"properties":{"line":"32","mode":"bus","color":"#0059a9","colorDark":"#00294f","band":3,"off":[-6.8,5.1]}},{"type":"Feature","geometry":{"type":"Point","coordinates":[20.622352,52.109664]},"properties":{"line":"33","mode":"bus","color":"#0059a9","colorDark":"#00294f","band":3,"off":[-3.4,5.1]}},{"type":"Feature","geometry":{"type":"Point","coordinates":[20.622352,52.109664]},"properties":{"line":"34","mode":"bus","color":"#0059a9","colorDark":"#00294f","band":3,"off":[0,5.1]}},{"type":"Feature","geometry":{"type":"Point","coordinates":[20.622352,52.109664]},"properties":{"line":"45","mode":"bus","color":"#0059a9","colorDark":"#00294f","band":3,"off":[3.4,5.1]}},{"type":"Feature","geometry":{"type":"Point","coordinates":[20.622352,52.109664]},"properties":{"line":"63","mode":"bus","color":"#0059a9","colorDark":"#00294f","band":3,"off":[6.8,5.1]}},{"type":"Feature","geometry":{"type":"Point","coordinates":[20.622352,52.109664]},"properties":{"line":"82","mode":"bus","color":"#0059a9","colorDark":"#00294f","band":3,"off":[0,7.1]}},{"type":"Feature","geometry":{"type":"Point","coordinates":[20.614133,52.101621]},"properties":{"name":"Grodzisk Maz. Żyrardowska","band":3,"modes":"bus","arr":["17"],"off":[0,-0.8]}},{"type":"Feature","geometry":{"type":"Point","coordinates":[20.614133,52.101621]},"properties":{"line":"17","mode":"bus","color":"#0059a9","colorDark":"#00294f","band":3,"off":[0,1.1]}},{"type":"Feature","geometry":{"type":"Point","coordinates":[20.612373,52.097983]},"properties":{"name":"Grodzisk Maz. Chełmońskiego PKS","band":3,"modes":"bus","arr":["17"],"off":[0,-0.8]}},{"type":"Feature","geometry":{"type":"Point","coordinates":[20.612373,52.097983]},"properties":{"line":"17","mode":"bus","color":"#0059a9","colorDark":"#00294f","band":3,"off":[0,1.1]}},{"type":"Feature","geometry":{"type":"Point","coordinates":[20.616807,52.09573]},"properties":{"name":"Grodzisk Maz. Szpital","band":3,"modes":"bus","arr":["13","16","17","20","26","29","46"],"off":[0,-0.8]}},{"type":"Feature","geometry":{"type":"Point","coordinates":[20.616807,52.09573]},"properties":{"line":"13","mode":"bus","color":"#0059a9","colorDark":"#00294f","band":3,"off":[-6.8,1.1]}},{"type":"Feature","geometry":{"type":"Point","coordinates":[20.616807,52.09573]},"properties":{"line":"16","mode":"bus","color":"#0059a9","colorDark":"#00294f","band":3,"off":[-3.4,1.1]}},{"type":"Feature","geometry":{"type":"Point","coordinates":[20.616807,52.09573]},"properties":{"line":"17","mode":"bus","color":"#0059a9","colorDark":"#00294f","band":3,"off":[0,1.1]}},{"type":"Feature","geometry":{"type":"Point","coordinates":[20.616807,52.09573]},"properties":{"line":"20","mode":"bus","color":"#0059a9","colorDark":"#00294f","band":3,"off":[3.4,1.1]}},{"type":"Feature","geometry":{"type":"Point","coordinates":[20.616807,52.09573]},"properties":{"line":"26","mode":"bus","color":"#0059a9","colorDark":"#00294f","band":3,"off":[6.8,1.1]}},{"type":"Feature","geometry":{"type":"Point","coordinates":[20.616807,52.09573]},"properties":{"line":"29","mode":"bus","color":"#0059a9","colorDark":"#00294f","band":3,"off":[-1.7,3.1]}},{"type":"Feature","geometry":{"type":"Point","coordinates":[20.616807,52.09573]},"properties":{"line":"46","mode":"bus","color":"#0059a9","colorDark":"#00294f","band":3,"off":[1.7,3.1]}},{"type":"Feature","geometry":{"type":"Point","coordinates":[20.485575,52.189127]},"properties":{"name":"Bieniewo-Wieś","band":3,"modes":"bus","arr":["10"],"off":[0,-0.8]}},{"type":"Feature","geometry":{"type":"Point","coordinates":[20.485575,52.189127]},"properties":{"line":"10","mode":"bus","color":"#0059a9","colorDark":"#00294f","band":3,"off":[0,1.1]}},{"type":"Feature","geometry":{"type":"Point","coordinates":[20.611495,52.196962]},"properties":{"name":"Błonie Szkoła Nr 2","band":3,"modes":"bus","arr":["19"],"off":[0,-0.8]}},{"type":"Feature","geometry":{"type":"Point","coordinates":[20.611495,52.196962]},"properties":{"line":"19","mode":"bus","color":"#0059a9","colorDark":"#00294f","band":3,"off":[0,1.1]}},{"type":"Feature","geometry":{"type":"Point","coordinates":[20.56213,52.182451]},"properties":{"name":"Bieniewice Szkoła","band":3,"modes":"bus","arr":["19"],"off":[0,-0.8]}},{"type":"Feature","geometry":{"type":"Point","coordinates":[20.56213,52.182451]},"properties":{"line":"19","mode":"bus","color":"#0059a9","colorDark":"#00294f","band":3,"off":[0,1.1]}},{"type":"Feature","geometry":{"type":"Point","coordinates":[20.496365,52.205825]},"properties":{"name":"Bieniewo-Parcela","band":3,"modes":"bus","arr":["10"],"off":[0,-0.8]}},{"type":"Feature","geometry":{"type":"Point","coordinates":[20.496365,52.205825]},"properties":{"line":"10","mode":"bus","color":"#0059a9","colorDark":"#00294f","band":3,"off":[0,1.1]}},{"type":"Feature","geometry":{"type":"Point","coordinates":[20.514784,52.219697]},"properties":{"name":"Nowa Górna II","band":3,"modes":"bus","arr":["11"],"off":[0,-0.8]}},{"type":"Feature","geometry":{"type":"Point","coordinates":[20.514784,52.219697]},"properties":{"line":"11","mode":"bus","color":"#0059a9","colorDark":"#00294f","band":3,"off":[0,1.1]}},{"type":"Feature","geometry":{"type":"Point","coordinates":[20.526302,52.206464]},"properties":{"name":"Bramki DPS","band":3,"modes":"bus","arr":["11"],"off":[0,-0.8]}},{"type":"Feature","geometry":{"type":"Point","coordinates":[20.526302,52.206464]},"properties":{"line":"11","mode":"bus","color":"#0059a9","colorDark":"#00294f","band":3,"off":[0,1.1]}},{"type":"Feature","geometry":{"type":"Point","coordinates":[20.610313,52.187298]},"properties":{"name":"Błonie PKP","band":3,"modes":"bus","arr":["12","40","42","43"],"off":[0,-0.8]}},{"type":"Feature","geometry":{"type":"Point","coordinates":[20.610313,52.187298]},"properties":{"line":"12","mode":"bus","color":"#0059a9","colorDark":"#00294f","band":3,"off":[-5.1,1.1]}},{"type":"Feature","geometry":{"type":"Point","coordinates":[20.610313,52.187298]},"properties":{"line":"40","mode":"bus","color":"#0059a9","colorDark":"#00294f","band":3,"off":[-1.7,1.1]}},{"type":"Feature","geometry":{"type":"Point","coordinates":[20.610313,52.187298]},"properties":{"line":"42","mode":"bus","color":"#0059a9","colorDark":"#00294f","band":3,"off":[1.7,1.1]}},{"type":"Feature","geometry":{"type":"Point","coordinates":[20.610313,52.187298]},"properties":{"line":"43","mode":"bus","color":"#0059a9","colorDark":"#00294f","band":3,"off":[5.1,1.1]}},{"type":"Feature","geometry":{"type":"Point","coordinates":[20.584545,52.21093]},"properties":{"name":"Pass","band":3,"modes":"bus","arr":["14"],"off":[0,-0.8]}},{"type":"Feature","geometry":{"type":"Point","coordinates":[20.584545,52.21093]},"properties":{"line":"14","mode":"bus","color":"#0059a9","colorDark":"#00294f","band":3,"off":[0,1.1]}},{"type":"Feature","geometry":{"type":"Point","coordinates":[20.61266,52.192048]},"properties":{"name":"Błonie Centrum Sportu","band":3,"modes":"bus","arr":["13"],"off":[0,-0.8]}},{"type":"Feature","geometry":{"type":"Point","coordinates":[20.61266,52.192048]},"properties":{"line":"13","mode":"bus","color":"#0059a9","colorDark":"#00294f","band":3,"off":[0,1.1]}},{"type":"Feature","geometry":{"type":"Point","coordinates":[20.929993,52.224821]},"properties":{"name":"Warszawa Cm. Wolski","band":3,"modes":"bus","arr":["14"],"off":[0,-0.8]}},{"type":"Feature","geometry":{"type":"Point","coordinates":[20.929993,52.224821]},"properties":{"line":"14","mode":"bus","color":"#0059a9","colorDark":"#00294f","band":3,"off":[0,1.1]}},{"type":"Feature","geometry":{"type":"Point","coordinates":[20.816296,52.21096]},"properties":{"name":"Ożarów Maz. Starostwo","band":3,"modes":"bus","arr":["97"],"off":[0,-0.8]}},{"type":"Feature","geometry":{"type":"Point","coordinates":[20.816296,52.21096]},"properties":{"line":"97","mode":"bus","color":"#0059a9","colorDark":"#00294f","band":3,"off":[0,1.1]}},{"type":"Feature","geometry":{"type":"Point","coordinates":[20.646048,52.215714]},"properties":{"name":"Radzików Ihar","band":3,"modes":"bus","arr":["49"],"off":[0,-0.8]}},{"type":"Feature","geometry":{"type":"Point","coordinates":[20.646048,52.215714]},"properties":{"line":"49","mode":"bus","color":"#0059a9","colorDark":"#00294f","band":3,"off":[0,1.1]}},{"type":"Feature","geometry":{"type":"Point","coordinates":[20.929644,52.223944]},"properties":{"name":"Warszawa Fort Wola","band":3,"modes":"bus","arr":["14"],"off":[0,-0.8]}},{"type":"Feature","geometry":{"type":"Point","coordinates":[20.929644,52.223944]},"properties":{"line":"14","mode":"bus","color":"#0059a9","colorDark":"#00294f","band":3,"off":[0,1.1]}},{"type":"Feature","geometry":{"type":"Point","coordinates":[20.717806,52.140993]},"properties":{"name":"Brwinów OSP","band":3,"modes":"bus","arr":["15","23","35","45"],"off":[0,-0.8]}},{"type":"Feature","geometry":{"type":"Point","coordinates":[20.717806,52.140993]},"properties":{"line":"15","mode":"bus","color":"#0059a9","colorDark":"#00294f","band":3,"off":[-5.1,1.1]}},{"type":"Feature","geometry":{"type":"Point","coordinates":[20.717806,52.140993]},"properties":{"line":"23","mode":"bus","color":"#0059a9","colorDark":"#00294f","band":3,"off":[-1.7,1.1]}},{"type":"Feature","geometry":{"type":"Point","coordinates":[20.717806,52.140993]},"properties":{"line":"35","mode":"bus","color":"#0059a9","colorDark":"#00294f","band":3,"off":[1.7,1.1]}},{"type":"Feature","geometry":{"type":"Point","coordinates":[20.717806,52.140993]},"properties":{"line":"45","mode":"bus","color":"#0059a9","colorDark":"#00294f","band":3,"off":[5.1,1.1]}},{"type":"Feature","geometry":{"type":"Point","coordinates":[20.712293,52.133414]},"properties":{"name":"Brwinów Zespół Szkół Ogólnokształcących","band":3,"modes":"bus","arr":["65","66","Z67"],"off":[0,-0.8]}},{"type":"Feature","geometry":{"type":"Point","coordinates":[20.712293,52.133414]},"properties":{"line":"65","mode":"bus","color":"#0059a9","colorDark":"#00294f","band":3,"off":[-3.4,1.1]}},{"type":"Feature","geometry":{"type":"Point","coordinates":[20.712293,52.133414]},"properties":{"line":"66","mode":"bus","color":"#0059a9","colorDark":"#00294f","band":3,"off":[0,1.1]}},{"type":"Feature","geometry":{"type":"Point","coordinates":[20.712293,52.133414]},"properties":{"line":"Z67","mode":"bus","color":"#0059a9","colorDark":"#00294f","band":3,"off":[3.4,1.1]}},{"type":"Feature","geometry":{"type":"Point","coordinates":[20.724342,52.097151]},"properties":{"name":"Żółwin Szkoła i Orlik","band":3,"modes":"bus","arr":["55"],"off":[0,-0.8]}},{"type":"Feature","geometry":{"type":"Point","coordinates":[20.724342,52.097151]},"properties":{"line":"55","mode":"bus","color":"#0059a9","colorDark":"#00294f","band":3,"off":[0,1.1]}},{"type":"Feature","geometry":{"type":"Point","coordinates":[20.599786,52.109973]},"properties":{"name":"Wólka Grodziska Zachodnia","band":3,"modes":"bus","arr":["15"],"off":[0,-0.8]}},{"type":"Feature","geometry":{"type":"Point","coordinates":[20.599786,52.109973]},"properties":{"line":"15","mode":"bus","color":"#0059a9","colorDark":"#00294f","band":3,"off":[0,1.1]}},{"type":"Feature","geometry":{"type":"Point","coordinates":[20.665566,52.121657]},"properties":{"name":"Milanówek Dębowa","band":3,"modes":"bus","arr":["17"],"off":[0,-0.8]}},{"type":"Feature","geometry":{"type":"Point","coordinates":[20.665566,52.121657]},"properties":{"line":"17","mode":"bus","color":"#0059a9","colorDark":"#00294f","band":3,"off":[0,1.1]}},{"type":"Feature","geometry":{"type":"Point","coordinates":[20.63323,52.106098]},"properties":{"name":"Grodzisk Maz. Okulickiego Szkoła Muzyczna","band":3,"modes":"bus","arr":["15"],"off":[0,-0.8]}},{"type":"Feature","geometry":{"type":"Point","coordinates":[20.63323,52.106098]},"properties":{"line":"15","mode":"bus","color":"#0059a9","colorDark":"#00294f","band":3,"off":[0,1.1]}},{"type":"Feature","geometry":{"type":"Point","coordinates":[20.650757,52.136337]},"properties":{"name":"Milanówek Cmentarz","band":3,"modes":"bus","arr":["16","46"],"off":[0,-0.8]}},{"type":"Feature","geometry":{"type":"Point","coordinates":[20.650757,52.136337]},"properties":{"line":"16","mode":"bus","color":"#0059a9","colorDark":"#00294f","band":3,"off":[-1.7,1.1]}},{"type":"Feature","geometry":{"type":"Point","coordinates":[20.650757,52.136337]},"properties":{"line":"46","mode":"bus","color":"#0059a9","colorDark":"#00294f","band":3,"off":[1.7,1.1]}},{"type":"Feature","geometry":{"type":"Point","coordinates":[20.671644,52.128791]},"properties":{"name":"Milanówek Zaciszna","band":3,"modes":"bus","arr":["31"],"off":[0,-0.8]}},{"type":"Feature","geometry":{"type":"Point","coordinates":[20.671644,52.128791]},"properties":{"line":"31","mode":"bus","color":"#0059a9","colorDark":"#00294f","band":3,"off":[0,1.1]}},{"type":"Feature","geometry":{"type":"Point","coordinates":[20.760946,52.127017]},"properties":{"name":"Otrębusy WKD","band":3,"modes":"bus","arr":["17"],"off":[0,-0.8]}},{"type":"Feature","geometry":{"type":"Point","coordinates":[20.760946,52.127017]},"properties":{"line":"17","mode":"bus","color":"#0059a9","colorDark":"#00294f","band":3,"off":[0,1.1]}},{"type":"Feature","geometry":{"type":"Point","coordinates":[20.800076,52.091292]},"properties":{"name":"P+R Nadarzyn","band":3,"modes":"bus","arr":["17","29","60"],"off":[0,-0.8]}},{"type":"Feature","geometry":{"type":"Point","coordinates":[20.800076,52.091292]},"properties":{"line":"17","mode":"bus","color":"#0059a9","colorDark":"#00294f","band":3,"off":[-3.4,1.1]}},{"type":"Feature","geometry":{"type":"Point","coordinates":[20.800076,52.091292]},"properties":{"line":"29","mode":"bus","color":"#0059a9","colorDark":"#00294f","band":3,"off":[0,1.1]}},{"type":"Feature","geometry":{"type":"Point","coordinates":[20.800076,52.091292]},"properties":{"line":"60","mode":"bus","color":"#0059a9","colorDark":"#00294f","band":3,"off":[3.4,1.1]}},{"type":"Feature","geometry":{"type":"Point","coordinates":[20.663487,52.118805]},"properties":{"name":"Milanówek Basen","band":3,"modes":"bus","arr":["27"],"off":[0,-0.8]}},{"type":"Feature","geometry":{"type":"Point","coordinates":[20.663487,52.118805]},"properties":{"line":"27","mode":"bus","color":"#0059a9","colorDark":"#00294f","band":3,"off":[0,1.1]}},{"type":"Feature","geometry":{"type":"Point","coordinates":[20.389092,52.202331]},"properties":{"name":"Nowy Teresin","band":3,"modes":"bus","arr":["20","44"],"off":[0,-0.8]}},{"type":"Feature","geometry":{"type":"Point","coordinates":[20.389092,52.202331]},"properties":{"line":"20","mode":"bus","color":"#0059a9","colorDark":"#00294f","band":3,"off":[-1.7,1.1]}},{"type":"Feature","geometry":{"type":"Point","coordinates":[20.389092,52.202331]},"properties":{"line":"44","mode":"bus","color":"#0059a9","colorDark":"#00294f","band":3,"off":[1.7,1.1]}},{"type":"Feature","geometry":{"type":"Point","coordinates":[20.434994,52.171537]},"properties":{"name":"Kaski","band":3,"modes":"bus","arr":["20","26"],"off":[0,-0.8]}},{"type":"Feature","geometry":{"type":"Point","coordinates":[20.434994,52.171537]},"properties":{"line":"20","mode":"bus","color":"#0059a9","colorDark":"#00294f","band":3,"off":[-1.7,1.1]}},{"type":"Feature","geometry":{"type":"Point","coordinates":[20.434994,52.171537]},"properties":{"line":"26","mode":"bus","color":"#0059a9","colorDark":"#00294f","band":3,"off":[1.7,1.1]}},{"type":"Feature","geometry":{"type":"Point","coordinates":[20.464468,52.139173]},"properties":{"name":"Pułapina Nowa Rondo","band":3,"modes":"bus","arr":["80"],"off":[0,-0.8]}},{"type":"Feature","geometry":{"type":"Point","coordinates":[20.464468,52.139173]},"properties":{"line":"80","mode":"bus","color":"#0059a9","colorDark":"#00294f","band":3,"off":[0,1.1]}},{"type":"Feature","geometry":{"type":"Point","coordinates":[20.471944,52.122571]},"properties":{"name":"Baranów Szkoła","band":3,"modes":"bus","arr":["24"],"off":[0,-0.8]}},{"type":"Feature","geometry":{"type":"Point","coordinates":[20.471944,52.122571]},"properties":{"line":"24","mode":"bus","color":"#0059a9","colorDark":"#00294f","band":3,"off":[0,1.1]}},{"type":"Feature","geometry":{"type":"Point","coordinates":[20.582224,52.072202]},"properties":{"name":"Władków Pętla","band":3,"modes":"bus","arr":["21"],"off":[0,-0.8]}},{"type":"Feature","geometry":{"type":"Point","coordinates":[20.582224,52.072202]},"properties":{"line":"21","mode":"bus","color":"#0059a9","colorDark":"#00294f","band":3,"off":[0,1.1]}},{"type":"Feature","geometry":{"type":"Point","coordinates":[20.588976,52.054077]},"properties":{"name":"Makówka Lukrecji","band":3,"modes":"bus","arr":["22","58"],"off":[0,-0.8]}},{"type":"Feature","geometry":{"type":"Point","coordinates":[20.588976,52.054077]},"properties":{"line":"22","mode":"bus","color":"#0059a9","colorDark":"#00294f","band":3,"off":[-1.7,1.1]}},{"type":"Feature","geometry":{"type":"Point","coordinates":[20.588976,52.054077]},"properties":{"line":"58","mode":"bus","color":"#0059a9","colorDark":"#00294f","band":3,"off":[1.7,1.1]}},{"type":"Feature","geometry":{"type":"Point","coordinates":[20.629436,52.076608]},"properties":{"name":"Adamowizna Szkoła","band":3,"modes":"bus","arr":["58"],"off":[0,-0.8]}},{"type":"Feature","geometry":{"type":"Point","coordinates":[20.629436,52.076608]},"properties":{"line":"58","mode":"bus","color":"#0059a9","colorDark":"#00294f","band":3,"off":[0,1.1]}},{"type":"Feature","geometry":{"type":"Point","coordinates":[20.664871,52.070231]},"properties":{"name":"Radonie Pętla","band":3,"modes":"bus","arr":["30"],"off":[0,-0.8]}},{"type":"Feature","geometry":{"type":"Point","coordinates":[20.664871,52.070231]},"properties":{"line":"30","mode":"bus","color":"#0059a9","colorDark":"#00294f","band":3,"off":[0,1.1]}},{"type":"Feature","geometry":{"type":"Point","coordinates":[20.645468,52.086505]},"properties":{"name":"Szczęsne Cmentarz","band":3,"modes":"bus","arr":["50","C1"],"off":[0,-0.8]}},{"type":"Feature","geometry":{"type":"Point","coordinates":[20.645468,52.086505]},"properties":{"line":"50","mode":"bus","color":"#0059a9","colorDark":"#00294f","band":3,"off":[-1.7,1.1]}},{"type":"Feature","geometry":{"type":"Point","coordinates":[20.645468,52.086505]},"properties":{"line":"C1","mode":"bus","color":"#0059a9","colorDark":"#00294f","band":3,"off":[1.7,1.1]}},{"type":"Feature","geometry":{"type":"Point","coordinates":[20.532914,52.137902]},"properties":{"name":"Izdebno Kościelne Szkoła","band":3,"modes":"bus","arr":["25"],"off":[0,-0.8]}},{"type":"Feature","geometry":{"type":"Point","coordinates":[20.532914,52.137902]},"properties":{"line":"25","mode":"bus","color":"#0059a9","colorDark":"#00294f","band":3,"off":[0,1.1]}},{"type":"Feature","geometry":{"type":"Point","coordinates":[20.509634,52.136392]},"properties":{"name":"Izdebno Kościelne Pętla","band":3,"modes":"bus","arr":["24"],"off":[0,-0.8]}},{"type":"Feature","geometry":{"type":"Point","coordinates":[20.509634,52.136392]},"properties":{"line":"24","mode":"bus","color":"#0059a9","colorDark":"#00294f","band":3,"off":[0,1.1]}},{"type":"Feature","geometry":{"type":"Point","coordinates":[20.560042,52.154076]},"properties":{"name":"Kłudno Nowe Pętla","band":3,"modes":"bus","arr":["26"],"off":[0,-0.8]}},{"type":"Feature","geometry":{"type":"Point","coordinates":[20.560042,52.154076]},"properties":{"line":"26","mode":"bus","color":"#0059a9","colorDark":"#00294f","band":3,"off":[0,1.1]}},{"type":"Feature","geometry":{"type":"Point","coordinates":[20.630857,52.115597]},"properties":{"name":"Grodzisk Maz. Rokiciańska","band":3,"modes":"bus","arr":["27"],"off":[0,-0.8]}},{"type":"Feature","geometry":{"type":"Point","coordinates":[20.630857,52.115597]},"properties":{"line":"27","mode":"bus","color":"#0059a9","colorDark":"#00294f","band":3,"off":[0,1.1]}},{"type":"Feature","geometry":{"type":"Point","coordinates":[20.689933,52.031252]},"properties":{"name":"Żabia Wola Urząd Gminy","band":3,"modes":"bus","arr":["30","32","52"],"off":[0,-0.8]}},{"type":"Feature","geometry":{"type":"Point","coordinates":[20.689933,52.031252]},"properties":{"line":"30","mode":"bus","color":"#0059a9","colorDark":"#00294f","band":3,"off":[-3.4,1.1]}},{"type":"Feature","geometry":{"type":"Point","coordinates":[20.689933,52.031252]},"properties":{"line":"32","mode":"bus","color":"#0059a9","colorDark":"#00294f","band":3,"off":[0,1.1]}},{"type":"Feature","geometry":{"type":"Point","coordinates":[20.689933,52.031252]},"properties":{"line":"52","mode":"bus","color":"#0059a9","colorDark":"#00294f","band":3,"off":[3.4,1.1]}},{"type":"Feature","geometry":{"type":"Point","coordinates":[20.669047,52.029374]},"properties":{"name":"Józefina Szkoła","band":3,"modes":"bus","arr":["51","63"],"off":[0,-0.8]}},{"type":"Feature","geometry":{"type":"Point","coordinates":[20.669047,52.029374]},"properties":{"line":"51","mode":"bus","color":"#0059a9","colorDark":"#00294f","band":3,"off":[-1.7,1.1]}},{"type":"Feature","geometry":{"type":"Point","coordinates":[20.669047,52.029374]},"properties":{"line":"63","mode":"bus","color":"#0059a9","colorDark":"#00294f","band":3,"off":[1.7,1.1]}},{"type":"Feature","geometry":{"type":"Point","coordinates":[20.656142,51.982972]},"properties":{"name":"Skuły Szkoła","band":3,"modes":"bus","arr":["30"],"off":[0,-0.8]}},{"type":"Feature","geometry":{"type":"Point","coordinates":[20.656142,51.982972]},"properties":{"line":"30","mode":"bus","color":"#0059a9","colorDark":"#00294f","band":3,"off":[0,1.1]}},{"type":"Feature","geometry":{"type":"Point","coordinates":[20.665636,51.946621]},"properties":{"name":"Petrykozy Trakt Królewski","band":3,"modes":"bus","arr":["31"],"off":[0,-0.8]}},{"type":"Feature","geometry":{"type":"Point","coordinates":[20.665636,51.946621]},"properties":{"line":"31","mode":"bus","color":"#0059a9","colorDark":"#00294f","band":3,"off":[0,1.1]}},{"type":"Feature","geometry":{"type":"Point","coordinates":[20.625936,51.925045]},"properties":{"name":"Lutkówka Szkoła","band":3,"modes":"bus","arr":["31"],"off":[0,-0.8]}},{"type":"Feature","geometry":{"type":"Point","coordinates":[20.625936,51.925045]},"properties":{"line":"31","mode":"bus","color":"#0059a9","colorDark":"#00294f","band":3,"off":[0,1.1]}},{"type":"Feature","geometry":{"type":"Point","coordinates":[20.734783,52.010826]},"properties":{"name":"Ojrzanów Szkoła","band":3,"modes":"bus","arr":["32","52"],"off":[0,-0.8]}},{"type":"Feature","geometry":{"type":"Point","coordinates":[20.734783,52.010826]},"properties":{"line":"32","mode":"bus","color":"#0059a9","colorDark":"#00294f","band":3,"off":[-1.7,1.1]}},{"type":"Feature","geometry":{"type":"Point","coordinates":[20.734783,52.010826]},"properties":{"line":"52","mode":"bus","color":"#0059a9","colorDark":"#00294f","band":3,"off":[1.7,1.1]}},{"type":"Feature","geometry":{"type":"Point","coordinates":[20.726311,52.054969]},"properties":{"name":"Siestrzeń Rozalińska","band":3,"modes":"bus","arr":["32","51"],"off":[0,-0.8]}},{"type":"Feature","geometry":{"type":"Point","coordinates":[20.726311,52.054969]},"properties":{"line":"32","mode":"bus","color":"#0059a9","colorDark":"#00294f","band":3,"off":[-1.7,1.1]}},{"type":"Feature","geometry":{"type":"Point","coordinates":[20.726311,52.054969]},"properties":{"line":"51","mode":"bus","color":"#0059a9","colorDark":"#00294f","band":3,"off":[1.7,1.1]}},{"type":"Feature","geometry":{"type":"Point","coordinates":[20.769196,52.005118]},"properties":{"name":"Ojrzanów Przyleśna","band":3,"modes":"bus","arr":["33"],"off":[0,-0.8]}},{"type":"Feature","geometry":{"type":"Point","coordinates":[20.769196,52.005118]},"properties":{"line":"33","mode":"bus","color":"#0059a9","colorDark":"#00294f","band":3,"off":[0,1.1]}},{"type":"Feature","geometry":{"type":"Point","coordinates":[20.695878,52.071818]},"properties":{"name":"Książenice Szkoła","band":3,"modes":"bus","arr":["35"],"off":[0,-0.8]}},{"type":"Feature","geometry":{"type":"Point","coordinates":[20.695878,52.071818]},"properties":{"line":"35","mode":"bus","color":"#0059a9","colorDark":"#00294f","band":3,"off":[0,1.1]}},{"type":"Feature","geometry":{"type":"Point","coordinates":[20.453811,52.24217]},"properties":{"name":"Podkampinos Rondo","band":3,"modes":"bus","arr":["41"],"off":[0,-0.8]}},{"type":"Feature","geometry":{"type":"Point","coordinates":[20.453811,52.24217]},"properties":{"line":"41","mode":"bus","color":"#0059a9","colorDark":"#00294f","band":3,"off":[0,1.1]}},{"type":"Feature","geometry":{"type":"Point","coordinates":[20.586358,52.257577]},"properties":{"name":"Leszno","band":3,"modes":"bus","arr":["41","44"],"off":[0,-0.8]}},{"type":"Feature","geometry":{"type":"Point","coordinates":[20.586358,52.257577]},"properties":{"line":"41","mode":"bus","color":"#0059a9","colorDark":"#00294f","band":3,"off":[-1.7,1.1]}},{"type":"Feature","geometry":{"type":"Point","coordinates":[20.586358,52.257577]},"properties":{"line":"44","mode":"bus","color":"#0059a9","colorDark":"#00294f","band":3,"off":[1.7,1.1]}},{"type":"Feature","geometry":{"type":"Point","coordinates":[20.240158,52.216596]},"properties":{"name":"Sochaczew Sienkiewicza (przy PKP)","band":3,"modes":"bus","arr":["42"],"off":[0,-0.8]}},{"type":"Feature","geometry":{"type":"Point","coordinates":[20.240158,52.216596]},"properties":{"line":"42","mode":"bus","color":"#0059a9","colorDark":"#00294f","band":3,"off":[0,1.1]}},{"type":"Feature","geometry":{"type":"Point","coordinates":[20.614333,52.311716]},"properties":{"name":"Roztoka","band":3,"modes":"bus","arr":["43"],"off":[0,-0.8]}},{"type":"Feature","geometry":{"type":"Point","coordinates":[20.614333,52.311716]},"properties":{"line":"43","mode":"bus","color":"#0059a9","colorDark":"#00294f","band":3,"off":[0,1.1]}},{"type":"Feature","geometry":{"type":"Point","coordinates":[20.798889,52.167781]},"properties":{"name":"PKP Pruszków","band":3,"modes":"bus","arr":["48","60","65","66","78","Z67"],"off":[0,-0.8]}},{"type":"Feature","geometry":{"type":"Point","coordinates":[20.798889,52.167781]},"properties":{"line":"48","mode":"bus","color":"#0059a9","colorDark":"#00294f","band":3,"off":[-6.8,1.1]}},{"type":"Feature","geometry":{"type":"Point","coordinates":[20.798889,52.167781]},"properties":{"line":"60","mode":"bus","color":"#0059a9","colorDark":"#00294f","band":3,"off":[-3.4,1.1]}},{"type":"Feature","geometry":{"type":"Point","coordinates":[20.798889,52.167781]},"properties":{"line":"65","mode":"bus","color":"#0059a9","colorDark":"#00294f","band":3,"off":[0,1.1]}},{"type":"Feature","geometry":{"type":"Point","coordinates":[20.798889,52.167781]},"properties":{"line":"66","mode":"bus","color":"#0059a9","colorDark":"#00294f","band":3,"off":[3.4,1.1]}},{"type":"Feature","geometry":{"type":"Point","coordinates":[20.798889,52.167781]},"properties":{"line":"78","mode":"bus","color":"#0059a9","colorDark":"#00294f","band":3,"off":[6.8,1.1]}},{"type":"Feature","geometry":{"type":"Point","coordinates":[20.798889,52.167781]},"properties":{"line":"Z67","mode":"bus","color":"#0059a9","colorDark":"#00294f","band":3,"off":[0,3.1]}},{"type":"Feature","geometry":{"type":"Point","coordinates":[20.71758,52.142408]},"properties":{"name":"Brwinów Rynek","band":3,"modes":"bus","arr":["48","64","67","69"],"off":[0,-0.8]}},{"type":"Feature","geometry":{"type":"Point","coordinates":[20.71758,52.142408]},"properties":{"line":"48","mode":"bus","color":"#0059a9","colorDark":"#00294f","band":3,"off":[-5.1,1.1]}},{"type":"Feature","geometry":{"type":"Point","coordinates":[20.71758,52.142408]},"properties":{"line":"64","mode":"bus","color":"#0059a9","colorDark":"#00294f","band":3,"off":[-1.7,1.1]}},{"type":"Feature","geometry":{"type":"Point","coordinates":[20.71758,52.142408]},"properties":{"line":"67","mode":"bus","color":"#0059a9","colorDark":"#00294f","band":3,"off":[1.7,1.1]}},{"type":"Feature","geometry":{"type":"Point","coordinates":[20.71758,52.142408]},"properties":{"line":"69","mode":"bus","color":"#0059a9","colorDark":"#00294f","band":3,"off":[5.1,1.1]}},{"type":"Feature","geometry":{"type":"Point","coordinates":[20.593369,52.174875]},"properties":{"name":"Stare Faszczyce","band":3,"modes":"bus","arr":["49"],"off":[0,-0.8]}},{"type":"Feature","geometry":{"type":"Point","coordinates":[20.593369,52.174875]},"properties":{"line":"49","mode":"bus","color":"#0059a9","colorDark":"#00294f","band":3,"off":[0,1.1]}},{"type":"Feature","geometry":{"type":"Point","coordinates":[20.701542,52.200246]},"properties":{"name":"Płochocin PKP / Kolejowa","band":3,"modes":"bus","arr":["49","94"],"off":[0,-0.8]}},{"type":"Feature","geometry":{"type":"Point","coordinates":[20.701542,52.200246]},"properties":{"line":"49","mode":"bus","color":"#0059a9","colorDark":"#00294f","band":3,"off":[-1.7,1.1]}},{"type":"Feature","geometry":{"type":"Point","coordinates":[20.701542,52.200246]},"properties":{"line":"94","mode":"bus","color":"#0059a9","colorDark":"#00294f","band":3,"off":[1.7,1.1]}},{"type":"Feature","geometry":{"type":"Point","coordinates":[20.670442,52.219447]},"properties":{"name":"Łaźniew Wiosenna","band":3,"modes":"bus","arr":["49"],"off":[0,-0.8]}},{"type":"Feature","geometry":{"type":"Point","coordinates":[20.670442,52.219447]},"properties":{"line":"49","mode":"bus","color":"#0059a9","colorDark":"#00294f","band":3,"off":[0,1.1]}},{"type":"Feature","geometry":{"type":"Point","coordinates":[20.847103,52.07448]},"properties":{"name":"Walendów","band":3,"modes":"bus","arr":["60"],"off":[0,-0.8]}},{"type":"Feature","geometry":{"type":"Point","coordinates":[20.847103,52.07448]},"properties":{"line":"60","mode":"bus","color":"#0059a9","colorDark":"#00294f","band":3,"off":[0,1.1]}},{"type":"Feature","geometry":{"type":"Point","coordinates":[20.905449,52.180671]},"properties":{"name":"Opacz WKD","band":3,"modes":"bus","arr":["61"],"off":[0,-0.8]}},{"type":"Feature","geometry":{"type":"Point","coordinates":[20.905449,52.180671]},"properties":{"line":"61","mode":"bus","color":"#0059a9","colorDark":"#00294f","band":3,"off":[0,1.1]}},{"type":"Feature","geometry":{"type":"Point","coordinates":[20.859862,52.170133]},"properties":{"name":"Reguły WKD","band":3,"modes":"bus","arr":["61"],"off":[0,-0.8]}},{"type":"Feature","geometry":{"type":"Point","coordinates":[20.859862,52.170133]},"properties":{"line":"61","mode":"bus","color":"#0059a9","colorDark":"#00294f","band":3,"off":[0,1.1]}},{"type":"Feature","geometry":{"type":"Point","coordinates":[20.894398,52.13261]},"properties":{"name":"Janki Pl. Szwedzki","band":3,"modes":"bus","arr":["61"],"off":[0,-0.8]}},{"type":"Feature","geometry":{"type":"Point","coordinates":[20.894398,52.13261]},"properties":{"line":"61","mode":"bus","color":"#0059a9","colorDark":"#00294f","band":3,"off":[0,1.1]}},{"type":"Feature","geometry":{"type":"Point","coordinates":[20.943727,52.176185]},"properties":{"name":"Warszawa P+R Al. Krakowska","band":3,"modes":"bus","arr":["62","63","83"],"off":[0,-0.8]}},{"type":"Feature","geometry":{"type":"Point","coordinates":[20.943727,52.176185]},"properties":{"line":"62","mode":"bus","color":"#0059a9","colorDark":"#00294f","band":3,"off":[-3.4,1.1]}},{"type":"Feature","geometry":{"type":"Point","coordinates":[20.943727,52.176185]},"properties":{"line":"63","mode":"bus","color":"#0059a9","colorDark":"#00294f","band":3,"off":[0,1.1]}},{"type":"Feature","geometry":{"type":"Point","coordinates":[20.943727,52.176185]},"properties":{"line":"83","mode":"bus","color":"#0059a9","colorDark":"#00294f","band":3,"off":[3.4,1.1]}},{"type":"Feature","geometry":{"type":"Point","coordinates":[20.828964,52.192891]},"properties":{"name":"Piastów Ogińskiego","band":3,"modes":"bus","arr":["62"],"off":[0,-0.8]}},{"type":"Feature","geometry":{"type":"Point","coordinates":[20.828964,52.192891]},"properties":{"line":"62","mode":"bus","color":"#0059a9","colorDark":"#00294f","band":3,"off":[0,1.1]}},{"type":"Feature","geometry":{"type":"Point","coordinates":[20.782054,52.159939]},"properties":{"name":"Pruszków Akacjowa","band":3,"modes":"bus","arr":["77"],"off":[0,-0.8]}},{"type":"Feature","geometry":{"type":"Point","coordinates":[20.782054,52.159939]},"properties":{"line":"77","mode":"bus","color":"#0059a9","colorDark":"#00294f","band":3,"off":[0,1.1]}},{"type":"Feature","geometry":{"type":"Point","coordinates":[20.619444,52.192393]},"properties":{"name":"Błonie Piłsudskiego Przedszkole","band":3,"modes":"bus","arr":["67","77"],"off":[0,-0.8]}},{"type":"Feature","geometry":{"type":"Point","coordinates":[20.619444,52.192393]},"properties":{"line":"67","mode":"bus","color":"#0059a9","colorDark":"#00294f","band":3,"off":[-1.7,1.1]}},{"type":"Feature","geometry":{"type":"Point","coordinates":[20.619444,52.192393]},"properties":{"line":"77","mode":"bus","color":"#0059a9","colorDark":"#00294f","band":3,"off":[1.7,1.1]}},{"type":"Feature","geometry":{"type":"Point","coordinates":[20.747273,52.176849]},"properties":{"name":"Moszna Park Logistyczny","band":3,"modes":"bus","arr":["68"],"off":[0,-0.8]}},{"type":"Feature","geometry":{"type":"Point","coordinates":[20.747273,52.176849]},"properties":{"line":"68","mode":"bus","color":"#0059a9","colorDark":"#00294f","band":3,"off":[0,1.1]}},{"type":"Feature","geometry":{"type":"Point","coordinates":[20.729941,52.177336]},"properties":{"name":"Moszna Park Logistyczny - Hale Zachodnie","band":3,"modes":"bus","arr":["78"],"off":[0,-0.8]}},{"type":"Feature","geometry":{"type":"Point","coordinates":[20.729941,52.177336]},"properties":{"line":"78","mode":"bus","color":"#0059a9","colorDark":"#00294f","band":3,"off":[0,1.1]}},{"type":"Feature","geometry":{"type":"Point","coordinates":[20.44727,52.052364]},"properties":{"name":"Żyrardów PKP","band":3,"modes":"bus","arr":["80"],"off":[0,-0.8]}},{"type":"Feature","geometry":{"type":"Point","coordinates":[20.44727,52.052364]},"properties":{"line":"80","mode":"bus","color":"#0059a9","colorDark":"#00294f","band":3,"off":[0,1.1]}},{"type":"Feature","geometry":{"type":"Point","coordinates":[20.460438,51.988626]},"properties":{"name":"Suntago Park Wodny","band":3,"modes":"bus","arr":["82"],"off":[0,-0.8]}},{"type":"Feature","geometry":{"type":"Point","coordinates":[20.460438,51.988626]},"properties":{"line":"82","mode":"bus","color":"#0059a9","colorDark":"#00294f","band":3,"off":[0,1.1]}},{"type":"Feature","geometry":{"type":"Point","coordinates":[20.51373,51.974077]},"properties":{"name":"Mszczonów Rynek","band":3,"modes":"bus","arr":["82","83"],"off":[0,-0.8]}},{"type":"Feature","geometry":{"type":"Point","coordinates":[20.51373,51.974077]},"properties":{"line":"82","mode":"bus","color":"#0059a9","colorDark":"#00294f","band":3,"off":[-1.7,1.1]}},{"type":"Feature","geometry":{"type":"Point","coordinates":[20.51373,51.974077]},"properties":{"line":"83","mode":"bus","color":"#0059a9","colorDark":"#00294f","band":3,"off":[1.7,1.1]}},{"type":"Feature","geometry":{"type":"Point","coordinates":[20.447303,52.286999]},"properties":{"name":"Granica - Kampinoski Park Narodowy","band":3,"modes":"bus","arr":["92"],"off":[0,-0.8]}},{"type":"Feature","geometry":{"type":"Point","coordinates":[20.447303,52.286999]},"properties":{"line":"92","mode":"bus","color":"#0059a9","colorDark":"#00294f","band":3,"off":[0,1.1]}},{"type":"Feature","geometry":{"type":"Point","coordinates":[20.610983,52.307315]},"properties":{"name":"Roztoka - Kampinoski Park Narodowy","band":3,"modes":"bus","arr":["93"],"off":[0,-0.8]}},{"type":"Feature","geometry":{"type":"Point","coordinates":[20.610983,52.307315]},"properties":{"line":"93","mode":"bus","color":"#0059a9","colorDark":"#00294f","band":3,"off":[0,1.1]}},{"type":"Feature","geometry":{"type":"Point","coordinates":[20.676393,52.262438]},"properties":{"name":"Zaborów Szkoła","band":3,"modes":"bus","arr":["96"],"off":[0,-0.8]}},{"type":"Feature","geometry":{"type":"Point","coordinates":[20.676393,52.262438]},"properties":{"line":"96","mode":"bus","color":"#0059a9","colorDark":"#00294f","band":3,"off":[0,1.1]}},{"type":"Feature","geometry":{"type":"Point","coordinates":[20.898044,52.258041]},"properties":{"name":"Warszawa Stare Bemowo","band":3,"modes":"bus","arr":["95","96"],"off":[0,-0.8]}},{"type":"Feature","geometry":{"type":"Point","coordinates":[20.898044,52.258041]},"properties":{"line":"95","mode":"bus","color":"#0059a9","colorDark":"#00294f","band":3,"off":[-1.7,1.1]}},{"type":"Feature","geometry":{"type":"Point","coordinates":[20.898044,52.258041]},"properties":{"line":"96","mode":"bus","color":"#0059a9","colorDark":"#00294f","band":3,"off":[1.7,1.1]}},{"type":"Feature","geometry":{"type":"Point","coordinates":[20.82567,52.290745]},"properties":{"name":"Izabelin Sienkiewicza","band":3,"modes":"bus","arr":["97"],"off":[0,-0.8]}},{"type":"Feature","geometry":{"type":"Point","coordinates":[20.82567,52.290745]},"properties":{"line":"97","mode":"bus","color":"#0059a9","colorDark":"#00294f","band":3,"off":[0,1.1]}},{"type":"Feature","geometry":{"type":"Point","coordinates":[20.767419,52.307838]},"properties":{"name":"Truskaw Skibińskiego","band":3,"modes":"bus","arr":["95"],"off":[0,-0.8]}},{"type":"Feature","geometry":{"type":"Point","coordinates":[20.767419,52.307838]},"properties":{"line":"95","mode":"bus","color":"#0059a9","colorDark":"#00294f","band":3,"off":[0,1.1]}},{"type":"Feature","geometry":{"type":"Point","coordinates":[20.844063,52.247596]},"properties":{"name":"Babice Nowe Centrum Handlowe","band":3,"modes":"bus","arr":["98"],"off":[0,-0.8]}},{"type":"Feature","geometry":{"type":"Point","coordinates":[20.844063,52.247596]},"properties":{"line":"98","mode":"bus","color":"#0059a9","colorDark":"#00294f","band":3,"off":[0,1.1]}},{"type":"Feature","geometry":{"type":"Point","coordinates":[20.838823,52.168011]},"properties":{"name":"Malichy Sadowa","band":3,"modes":"bus","arr":["97"],"off":[0,-0.8]}},{"type":"Feature","geometry":{"type":"Point","coordinates":[20.838823,52.168011]},"properties":{"line":"97","mode":"bus","color":"#0059a9","colorDark":"#00294f","band":3,"off":[0,1.1]}},{"type":"Feature","geometry":{"type":"Point","coordinates":[20.847176,52.341559]},"properties":{"name":"Dziekanów Leśny","band":3,"modes":"bus","arr":["97"],"off":[0,-0.8]}},{"type":"Feature","geometry":{"type":"Point","coordinates":[20.847176,52.341559]},"properties":{"line":"97","mode":"bus","color":"#0059a9","colorDark":"#00294f","band":3,"off":[0,1.1]}},{"type":"Feature","geometry":{"type":"Point","coordinates":[20.812391,52.312657]},"properties":{"name":"Sieraków","band":3,"modes":"bus","arr":["98"],"off":[0,-0.8]}},{"type":"Feature","geometry":{"type":"Point","coordinates":[20.812391,52.312657]},"properties":{"line":"98","mode":"bus","color":"#0059a9","colorDark":"#00294f","band":3,"off":[0,1.1]}},{"type":"Feature","geometry":{"type":"Point","coordinates":[20.628432,52.100654]},"properties":{"name":"Grodzisk Mazowiecki Radońska","band":3,"modes":"metro","arr":["WKD"],"off":[0,-0.8]}},{"type":"Feature","geometry":{"type":"Point","coordinates":[20.628432,52.100654]},"properties":{"line":"WKD","mode":"tram","color":"#A518A3","colorDark":"#5b0d5a","band":3,"metro":1,"off":[0,1.1]}},{"type":"Feature","geometry":{"type":"Point","coordinates":[21.000339,52.227687]},"properties":{"name":"Warszawa Śródmieście WKD","band":3,"modes":"metro","arr":["WKD"],"off":[0,-0.8]}},{"type":"Feature","geometry":{"type":"Point","coordinates":[21.000339,52.227687]},"properties":{"line":"WKD","mode":"tram","color":"#A518A3","colorDark":"#5b0d5a","band":3,"metro":1,"off":[0,1.1]}},{"type":"Feature","geometry":{"type":"Point","coordinates":[20.621456,52.110782]},"properties":{"name":"Grodzisk Maz. Traugutta Dw. PKP","band":4,"modes":"bus","arr":["0","92","93"],"off":[0,-0.8]}},{"type":"Feature","geometry":{"type":"Point","coordinates":[20.621456,52.110782]},"properties":{"line":"0","mode":"bus","color":"#0059a9","colorDark":"#00294f","band":4,"off":[-3.4,1.1]}},{"type":"Feature","geometry":{"type":"Point","coordinates":[20.621456,52.110782]},"properties":{"line":"92","mode":"bus","color":"#0059a9","colorDark":"#00294f","band":4,"off":[0,1.1]}},{"type":"Feature","geometry":{"type":"Point","coordinates":[20.621456,52.110782]},"properties":{"line":"93","mode":"bus","color":"#0059a9","colorDark":"#00294f","band":4,"off":[3.4,1.1]}},{"type":"Feature","geometry":{"type":"Point","coordinates":[20.622352,52.109664]},"properties":{"name":"Grodzisk Maz. Dw. PKP","band":4,"modes":"bus","arr":["0","18","21","22","23","24","25","28","30","31","32","33","34","45","63","82"],"off":[0,-0.8]}},{"type":"Feature","geometry":{"type":"Point","coordinates":[20.622352,52.109664]},"properties":{"line":"0","mode":"bus","color":"#0059a9","colorDark":"#00294f","band":4,"off":[-6.8,1.1]}},{"type":"Feature","geometry":{"type":"Point","coordinates":[20.622352,52.109664]},"properties":{"line":"18","mode":"bus","color":"#0059a9","colorDark":"#00294f","band":4,"off":[-3.4,1.1]}},{"type":"Feature","geometry":{"type":"Point","coordinates":[20.622352,52.109664]},"properties":{"line":"21","mode":"bus","color":"#0059a9","colorDark":"#00294f","band":4,"off":[0,1.1]}},{"type":"Feature","geometry":{"type":"Point","coordinates":[20.622352,52.109664]},"properties":{"line":"22","mode":"bus","color":"#0059a9","colorDark":"#00294f","band":4,"off":[3.4,1.1]}},{"type":"Feature","geometry":{"type":"Point","coordinates":[20.622352,52.109664]},"properties":{"line":"23","mode":"bus","color":"#0059a9","colorDark":"#00294f","band":4,"off":[6.8,1.1]}},{"type":"Feature","geometry":{"type":"Point","coordinates":[20.622352,52.109664]},"properties":{"line":"24","mode":"bus","color":"#0059a9","colorDark":"#00294f","band":4,"off":[-6.8,3.1]}},{"type":"Feature","geometry":{"type":"Point","coordinates":[20.622352,52.109664]},"properties":{"line":"25","mode":"bus","color":"#0059a9","colorDark":"#00294f","band":4,"off":[-3.4,3.1]}},{"type":"Feature","geometry":{"type":"Point","coordinates":[20.622352,52.109664]},"properties":{"line":"28","mode":"bus","color":"#0059a9","colorDark":"#00294f","band":4,"off":[0,3.1]}},{"type":"Feature","geometry":{"type":"Point","coordinates":[20.622352,52.109664]},"properties":{"line":"30","mode":"bus","color":"#0059a9","colorDark":"#00294f","band":4,"off":[3.4,3.1]}},{"type":"Feature","geometry":{"type":"Point","coordinates":[20.622352,52.109664]},"properties":{"line":"31","mode":"bus","color":"#0059a9","colorDark":"#00294f","band":4,"off":[6.8,3.1]}},{"type":"Feature","geometry":{"type":"Point","coordinates":[20.622352,52.109664]},"properties":{"line":"32","mode":"bus","color":"#0059a9","colorDark":"#00294f","band":4,"off":[-6.8,5.1]}},{"type":"Feature","geometry":{"type":"Point","coordinates":[20.622352,52.109664]},"properties":{"line":"33","mode":"bus","color":"#0059a9","colorDark":"#00294f","band":4,"off":[-3.4,5.1]}},{"type":"Feature","geometry":{"type":"Point","coordinates":[20.622352,52.109664]},"properties":{"line":"34","mode":"bus","color":"#0059a9","colorDark":"#00294f","band":4,"off":[0,5.1]}},{"type":"Feature","geometry":{"type":"Point","coordinates":[20.622352,52.109664]},"properties":{"line":"45","mode":"bus","color":"#0059a9","colorDark":"#00294f","band":4,"off":[3.4,5.1]}},{"type":"Feature","geometry":{"type":"Point","coordinates":[20.622352,52.109664]},"properties":{"line":"63","mode":"bus","color":"#0059a9","colorDark":"#00294f","band":4,"off":[6.8,5.1]}},{"type":"Feature","geometry":{"type":"Point","coordinates":[20.622352,52.109664]},"properties":{"line":"82","mode":"bus","color":"#0059a9","colorDark":"#00294f","band":4,"off":[0,7.1]}},{"type":"Feature","geometry":{"type":"Point","coordinates":[20.614133,52.101621]},"properties":{"name":"Grodzisk Maz. Żyrardowska","band":4,"modes":"bus","arr":["17"],"off":[0,-0.8]}},{"type":"Feature","geometry":{"type":"Point","coordinates":[20.614133,52.101621]},"properties":{"line":"17","mode":"bus","color":"#0059a9","colorDark":"#00294f","band":4,"off":[0,1.1]}},{"type":"Feature","geometry":{"type":"Point","coordinates":[20.612373,52.097983]},"properties":{"name":"Grodzisk Maz. Chełmońskiego PKS","band":4,"modes":"bus","arr":["17"],"off":[0,-0.8]}},{"type":"Feature","geometry":{"type":"Point","coordinates":[20.612373,52.097983]},"properties":{"line":"17","mode":"bus","color":"#0059a9","colorDark":"#00294f","band":4,"off":[0,1.1]}},{"type":"Feature","geometry":{"type":"Point","coordinates":[20.616807,52.09573]},"properties":{"name":"Grodzisk Maz. Szpital","band":4,"modes":"bus","arr":["13","16","17","20","26","29","46"],"off":[0,-0.8]}},{"type":"Feature","geometry":{"type":"Point","coordinates":[20.616807,52.09573]},"properties":{"line":"13","mode":"bus","color":"#0059a9","colorDark":"#00294f","band":4,"off":[-6.8,1.1]}},{"type":"Feature","geometry":{"type":"Point","coordinates":[20.616807,52.09573]},"properties":{"line":"16","mode":"bus","color":"#0059a9","colorDark":"#00294f","band":4,"off":[-3.4,1.1]}},{"type":"Feature","geometry":{"type":"Point","coordinates":[20.616807,52.09573]},"properties":{"line":"17","mode":"bus","color":"#0059a9","colorDark":"#00294f","band":4,"off":[0,1.1]}},{"type":"Feature","geometry":{"type":"Point","coordinates":[20.616807,52.09573]},"properties":{"line":"20","mode":"bus","color":"#0059a9","colorDark":"#00294f","band":4,"off":[3.4,1.1]}},{"type":"Feature","geometry":{"type":"Point","coordinates":[20.616807,52.09573]},"properties":{"line":"26","mode":"bus","color":"#0059a9","colorDark":"#00294f","band":4,"off":[6.8,1.1]}},{"type":"Feature","geometry":{"type":"Point","coordinates":[20.616807,52.09573]},"properties":{"line":"29","mode":"bus","color":"#0059a9","colorDark":"#00294f","band":4,"off":[-1.7,3.1]}},{"type":"Feature","geometry":{"type":"Point","coordinates":[20.616807,52.09573]},"properties":{"line":"46","mode":"bus","color":"#0059a9","colorDark":"#00294f","band":4,"off":[1.7,3.1]}},{"type":"Feature","geometry":{"type":"Point","coordinates":[20.485575,52.189127]},"properties":{"name":"Bieniewo-Wieś","band":4,"modes":"bus","arr":["10"],"off":[0,-0.8]}},{"type":"Feature","geometry":{"type":"Point","coordinates":[20.485575,52.189127]},"properties":{"line":"10","mode":"bus","color":"#0059a9","colorDark":"#00294f","band":4,"off":[0,1.1]}},{"type":"Feature","geometry":{"type":"Point","coordinates":[20.611495,52.196962]},"properties":{"name":"Błonie Szkoła Nr 2","band":4,"modes":"bus","arr":["19"],"off":[0,-0.8]}},{"type":"Feature","geometry":{"type":"Point","coordinates":[20.611495,52.196962]},"properties":{"line":"19","mode":"bus","color":"#0059a9","colorDark":"#00294f","band":4,"off":[0,1.1]}},{"type":"Feature","geometry":{"type":"Point","coordinates":[20.56213,52.182451]},"properties":{"name":"Bieniewice Szkoła","band":4,"modes":"bus","arr":["19"],"off":[0,-0.8]}},{"type":"Feature","geometry":{"type":"Point","coordinates":[20.56213,52.182451]},"properties":{"line":"19","mode":"bus","color":"#0059a9","colorDark":"#00294f","band":4,"off":[0,1.1]}},{"type":"Feature","geometry":{"type":"Point","coordinates":[20.496365,52.205825]},"properties":{"name":"Bieniewo-Parcela","band":4,"modes":"bus","arr":["10"],"off":[0,-0.8]}},{"type":"Feature","geometry":{"type":"Point","coordinates":[20.496365,52.205825]},"properties":{"line":"10","mode":"bus","color":"#0059a9","colorDark":"#00294f","band":4,"off":[0,1.1]}},{"type":"Feature","geometry":{"type":"Point","coordinates":[20.514784,52.219697]},"properties":{"name":"Nowa Górna II","band":4,"modes":"bus","arr":["11"],"off":[0,-0.8]}},{"type":"Feature","geometry":{"type":"Point","coordinates":[20.514784,52.219697]},"properties":{"line":"11","mode":"bus","color":"#0059a9","colorDark":"#00294f","band":4,"off":[0,1.1]}},{"type":"Feature","geometry":{"type":"Point","coordinates":[20.526302,52.206464]},"properties":{"name":"Bramki DPS","band":4,"modes":"bus","arr":["11"],"off":[0,-0.8]}},{"type":"Feature","geometry":{"type":"Point","coordinates":[20.526302,52.206464]},"properties":{"line":"11","mode":"bus","color":"#0059a9","colorDark":"#00294f","band":4,"off":[0,1.1]}},{"type":"Feature","geometry":{"type":"Point","coordinates":[20.610313,52.187298]},"properties":{"name":"Błonie PKP","band":4,"modes":"bus","arr":["12","40","42","43"],"off":[0,-0.8]}},{"type":"Feature","geometry":{"type":"Point","coordinates":[20.610313,52.187298]},"properties":{"line":"12","mode":"bus","color":"#0059a9","colorDark":"#00294f","band":4,"off":[-5.1,1.1]}},{"type":"Feature","geometry":{"type":"Point","coordinates":[20.610313,52.187298]},"properties":{"line":"40","mode":"bus","color":"#0059a9","colorDark":"#00294f","band":4,"off":[-1.7,1.1]}},{"type":"Feature","geometry":{"type":"Point","coordinates":[20.610313,52.187298]},"properties":{"line":"42","mode":"bus","color":"#0059a9","colorDark":"#00294f","band":4,"off":[1.7,1.1]}},{"type":"Feature","geometry":{"type":"Point","coordinates":[20.610313,52.187298]},"properties":{"line":"43","mode":"bus","color":"#0059a9","colorDark":"#00294f","band":4,"off":[5.1,1.1]}},{"type":"Feature","geometry":{"type":"Point","coordinates":[20.584545,52.21093]},"properties":{"name":"Pass","band":4,"modes":"bus","arr":["14"],"off":[0,-0.8]}},{"type":"Feature","geometry":{"type":"Point","coordinates":[20.584545,52.21093]},"properties":{"line":"14","mode":"bus","color":"#0059a9","colorDark":"#00294f","band":4,"off":[0,1.1]}},{"type":"Feature","geometry":{"type":"Point","coordinates":[20.61266,52.192048]},"properties":{"name":"Błonie Centrum Sportu","band":4,"modes":"bus","arr":["13"],"off":[0,-0.8]}},{"type":"Feature","geometry":{"type":"Point","coordinates":[20.61266,52.192048]},"properties":{"line":"13","mode":"bus","color":"#0059a9","colorDark":"#00294f","band":4,"off":[0,1.1]}},{"type":"Feature","geometry":{"type":"Point","coordinates":[20.929993,52.224821]},"properties":{"name":"Warszawa Cm. Wolski","band":4,"modes":"bus","arr":["14"],"off":[0,-0.8]}},{"type":"Feature","geometry":{"type":"Point","coordinates":[20.929993,52.224821]},"properties":{"line":"14","mode":"bus","color":"#0059a9","colorDark":"#00294f","band":4,"off":[0,1.1]}},{"type":"Feature","geometry":{"type":"Point","coordinates":[20.816296,52.21096]},"properties":{"name":"Ożarów Maz. Starostwo","band":4,"modes":"bus","arr":["97"],"off":[0,-0.8]}},{"type":"Feature","geometry":{"type":"Point","coordinates":[20.816296,52.21096]},"properties":{"line":"97","mode":"bus","color":"#0059a9","colorDark":"#00294f","band":4,"off":[0,1.1]}},{"type":"Feature","geometry":{"type":"Point","coordinates":[20.646048,52.215714]},"properties":{"name":"Radzików Ihar","band":4,"modes":"bus","arr":["49"],"off":[0,-0.8]}},{"type":"Feature","geometry":{"type":"Point","coordinates":[20.646048,52.215714]},"properties":{"line":"49","mode":"bus","color":"#0059a9","colorDark":"#00294f","band":4,"off":[0,1.1]}},{"type":"Feature","geometry":{"type":"Point","coordinates":[20.929644,52.223944]},"properties":{"name":"Warszawa Fort Wola","band":4,"modes":"bus","arr":["14"],"off":[0,-0.8]}},{"type":"Feature","geometry":{"type":"Point","coordinates":[20.929644,52.223944]},"properties":{"line":"14","mode":"bus","color":"#0059a9","colorDark":"#00294f","band":4,"off":[0,1.1]}},{"type":"Feature","geometry":{"type":"Point","coordinates":[20.717806,52.140993]},"properties":{"name":"Brwinów OSP","band":4,"modes":"bus","arr":["15","23","35","45"],"off":[0,-0.8]}},{"type":"Feature","geometry":{"type":"Point","coordinates":[20.717806,52.140993]},"properties":{"line":"15","mode":"bus","color":"#0059a9","colorDark":"#00294f","band":4,"off":[-5.1,1.1]}},{"type":"Feature","geometry":{"type":"Point","coordinates":[20.717806,52.140993]},"properties":{"line":"23","mode":"bus","color":"#0059a9","colorDark":"#00294f","band":4,"off":[-1.7,1.1]}},{"type":"Feature","geometry":{"type":"Point","coordinates":[20.717806,52.140993]},"properties":{"line":"35","mode":"bus","color":"#0059a9","colorDark":"#00294f","band":4,"off":[1.7,1.1]}},{"type":"Feature","geometry":{"type":"Point","coordinates":[20.717806,52.140993]},"properties":{"line":"45","mode":"bus","color":"#0059a9","colorDark":"#00294f","band":4,"off":[5.1,1.1]}},{"type":"Feature","geometry":{"type":"Point","coordinates":[20.712293,52.133414]},"properties":{"name":"Brwinów Zespół Szkół Ogólnokształcących","band":4,"modes":"bus","arr":["65","66","Z67"],"off":[0,-0.8]}},{"type":"Feature","geometry":{"type":"Point","coordinates":[20.712293,52.133414]},"properties":{"line":"65","mode":"bus","color":"#0059a9","colorDark":"#00294f","band":4,"off":[-3.4,1.1]}},{"type":"Feature","geometry":{"type":"Point","coordinates":[20.712293,52.133414]},"properties":{"line":"66","mode":"bus","color":"#0059a9","colorDark":"#00294f","band":4,"off":[0,1.1]}},{"type":"Feature","geometry":{"type":"Point","coordinates":[20.712293,52.133414]},"properties":{"line":"Z67","mode":"bus","color":"#0059a9","colorDark":"#00294f","band":4,"off":[3.4,1.1]}},{"type":"Feature","geometry":{"type":"Point","coordinates":[20.724342,52.097151]},"properties":{"name":"Żółwin Szkoła i Orlik","band":4,"modes":"bus","arr":["55"],"off":[0,-0.8]}},{"type":"Feature","geometry":{"type":"Point","coordinates":[20.724342,52.097151]},"properties":{"line":"55","mode":"bus","color":"#0059a9","colorDark":"#00294f","band":4,"off":[0,1.1]}},{"type":"Feature","geometry":{"type":"Point","coordinates":[20.599786,52.109973]},"properties":{"name":"Wólka Grodziska Zachodnia","band":4,"modes":"bus","arr":["15"],"off":[0,-0.8]}},{"type":"Feature","geometry":{"type":"Point","coordinates":[20.599786,52.109973]},"properties":{"line":"15","mode":"bus","color":"#0059a9","colorDark":"#00294f","band":4,"off":[0,1.1]}},{"type":"Feature","geometry":{"type":"Point","coordinates":[20.665566,52.121657]},"properties":{"name":"Milanówek Dębowa","band":4,"modes":"bus","arr":["17"],"off":[0,-0.8]}},{"type":"Feature","geometry":{"type":"Point","coordinates":[20.665566,52.121657]},"properties":{"line":"17","mode":"bus","color":"#0059a9","colorDark":"#00294f","band":4,"off":[0,1.1]}},{"type":"Feature","geometry":{"type":"Point","coordinates":[20.63323,52.106098]},"properties":{"name":"Grodzisk Maz. Okulickiego Szkoła Muzyczna","band":4,"modes":"bus","arr":["15"],"off":[0,-0.8]}},{"type":"Feature","geometry":{"type":"Point","coordinates":[20.63323,52.106098]},"properties":{"line":"15","mode":"bus","color":"#0059a9","colorDark":"#00294f","band":4,"off":[0,1.1]}},{"type":"Feature","geometry":{"type":"Point","coordinates":[20.650757,52.136337]},"properties":{"name":"Milanówek Cmentarz","band":4,"modes":"bus","arr":["16","46"],"off":[0,-0.8]}},{"type":"Feature","geometry":{"type":"Point","coordinates":[20.650757,52.136337]},"properties":{"line":"16","mode":"bus","color":"#0059a9","colorDark":"#00294f","band":4,"off":[-1.7,1.1]}},{"type":"Feature","geometry":{"type":"Point","coordinates":[20.650757,52.136337]},"properties":{"line":"46","mode":"bus","color":"#0059a9","colorDark":"#00294f","band":4,"off":[1.7,1.1]}},{"type":"Feature","geometry":{"type":"Point","coordinates":[20.671644,52.128791]},"properties":{"name":"Milanówek Zaciszna","band":4,"modes":"bus","arr":["31"],"off":[0,-0.8]}},{"type":"Feature","geometry":{"type":"Point","coordinates":[20.671644,52.128791]},"properties":{"line":"31","mode":"bus","color":"#0059a9","colorDark":"#00294f","band":4,"off":[0,1.1]}},{"type":"Feature","geometry":{"type":"Point","coordinates":[20.760946,52.127017]},"properties":{"name":"Otrębusy WKD","band":4,"modes":"bus","arr":["17"],"off":[0,-0.8]}},{"type":"Feature","geometry":{"type":"Point","coordinates":[20.760946,52.127017]},"properties":{"line":"17","mode":"bus","color":"#0059a9","colorDark":"#00294f","band":4,"off":[0,1.1]}},{"type":"Feature","geometry":{"type":"Point","coordinates":[20.800076,52.091292]},"properties":{"name":"P+R Nadarzyn","band":4,"modes":"bus","arr":["17","29","60"],"off":[0,-0.8]}},{"type":"Feature","geometry":{"type":"Point","coordinates":[20.800076,52.091292]},"properties":{"line":"17","mode":"bus","color":"#0059a9","colorDark":"#00294f","band":4,"off":[-3.4,1.1]}},{"type":"Feature","geometry":{"type":"Point","coordinates":[20.800076,52.091292]},"properties":{"line":"29","mode":"bus","color":"#0059a9","colorDark":"#00294f","band":4,"off":[0,1.1]}},{"type":"Feature","geometry":{"type":"Point","coordinates":[20.800076,52.091292]},"properties":{"line":"60","mode":"bus","color":"#0059a9","colorDark":"#00294f","band":4,"off":[3.4,1.1]}},{"type":"Feature","geometry":{"type":"Point","coordinates":[20.663487,52.118805]},"properties":{"name":"Milanówek Basen","band":4,"modes":"bus","arr":["27"],"off":[0,-0.8]}},{"type":"Feature","geometry":{"type":"Point","coordinates":[20.663487,52.118805]},"properties":{"line":"27","mode":"bus","color":"#0059a9","colorDark":"#00294f","band":4,"off":[0,1.1]}},{"type":"Feature","geometry":{"type":"Point","coordinates":[20.389092,52.202331]},"properties":{"name":"Nowy Teresin","band":4,"modes":"bus","arr":["20","44"],"off":[0,-0.8]}},{"type":"Feature","geometry":{"type":"Point","coordinates":[20.389092,52.202331]},"properties":{"line":"20","mode":"bus","color":"#0059a9","colorDark":"#00294f","band":4,"off":[-1.7,1.1]}},{"type":"Feature","geometry":{"type":"Point","coordinates":[20.389092,52.202331]},"properties":{"line":"44","mode":"bus","color":"#0059a9","colorDark":"#00294f","band":4,"off":[1.7,1.1]}},{"type":"Feature","geometry":{"type":"Point","coordinates":[20.434994,52.171537]},"properties":{"name":"Kaski","band":4,"modes":"bus","arr":["20","26"],"off":[0,-0.8]}},{"type":"Feature","geometry":{"type":"Point","coordinates":[20.434994,52.171537]},"properties":{"line":"20","mode":"bus","color":"#0059a9","colorDark":"#00294f","band":4,"off":[-1.7,1.1]}},{"type":"Feature","geometry":{"type":"Point","coordinates":[20.434994,52.171537]},"properties":{"line":"26","mode":"bus","color":"#0059a9","colorDark":"#00294f","band":4,"off":[1.7,1.1]}},{"type":"Feature","geometry":{"type":"Point","coordinates":[20.464468,52.139173]},"properties":{"name":"Pułapina Nowa Rondo","band":4,"modes":"bus","arr":["80"],"off":[0,-0.8]}},{"type":"Feature","geometry":{"type":"Point","coordinates":[20.464468,52.139173]},"properties":{"line":"80","mode":"bus","color":"#0059a9","colorDark":"#00294f","band":4,"off":[0,1.1]}},{"type":"Feature","geometry":{"type":"Point","coordinates":[20.471944,52.122571]},"properties":{"name":"Baranów Szkoła","band":4,"modes":"bus","arr":["24"],"off":[0,-0.8]}},{"type":"Feature","geometry":{"type":"Point","coordinates":[20.471944,52.122571]},"properties":{"line":"24","mode":"bus","color":"#0059a9","colorDark":"#00294f","band":4,"off":[0,1.1]}},{"type":"Feature","geometry":{"type":"Point","coordinates":[20.582224,52.072202]},"properties":{"name":"Władków Pętla","band":4,"modes":"bus","arr":["21"],"off":[0,-0.8]}},{"type":"Feature","geometry":{"type":"Point","coordinates":[20.582224,52.072202]},"properties":{"line":"21","mode":"bus","color":"#0059a9","colorDark":"#00294f","band":4,"off":[0,1.1]}},{"type":"Feature","geometry":{"type":"Point","coordinates":[20.588976,52.054077]},"properties":{"name":"Makówka Lukrecji","band":4,"modes":"bus","arr":["22","58"],"off":[0,-0.8]}},{"type":"Feature","geometry":{"type":"Point","coordinates":[20.588976,52.054077]},"properties":{"line":"22","mode":"bus","color":"#0059a9","colorDark":"#00294f","band":4,"off":[-1.7,1.1]}},{"type":"Feature","geometry":{"type":"Point","coordinates":[20.588976,52.054077]},"properties":{"line":"58","mode":"bus","color":"#0059a9","colorDark":"#00294f","band":4,"off":[1.7,1.1]}},{"type":"Feature","geometry":{"type":"Point","coordinates":[20.629436,52.076608]},"properties":{"name":"Adamowizna Szkoła","band":4,"modes":"bus","arr":["58"],"off":[0,-0.8]}},{"type":"Feature","geometry":{"type":"Point","coordinates":[20.629436,52.076608]},"properties":{"line":"58","mode":"bus","color":"#0059a9","colorDark":"#00294f","band":4,"off":[0,1.1]}},{"type":"Feature","geometry":{"type":"Point","coordinates":[20.664871,52.070231]},"properties":{"name":"Radonie Pętla","band":4,"modes":"bus","arr":["30"],"off":[0,-0.8]}},{"type":"Feature","geometry":{"type":"Point","coordinates":[20.664871,52.070231]},"properties":{"line":"30","mode":"bus","color":"#0059a9","colorDark":"#00294f","band":4,"off":[0,1.1]}},{"type":"Feature","geometry":{"type":"Point","coordinates":[20.645468,52.086505]},"properties":{"name":"Szczęsne Cmentarz","band":4,"modes":"bus","arr":["50","C1"],"off":[0,-0.8]}},{"type":"Feature","geometry":{"type":"Point","coordinates":[20.645468,52.086505]},"properties":{"line":"50","mode":"bus","color":"#0059a9","colorDark":"#00294f","band":4,"off":[-1.7,1.1]}},{"type":"Feature","geometry":{"type":"Point","coordinates":[20.645468,52.086505]},"properties":{"line":"C1","mode":"bus","color":"#0059a9","colorDark":"#00294f","band":4,"off":[1.7,1.1]}},{"type":"Feature","geometry":{"type":"Point","coordinates":[20.532914,52.137902]},"properties":{"name":"Izdebno Kościelne Szkoła","band":4,"modes":"bus","arr":["25"],"off":[0,-0.8]}},{"type":"Feature","geometry":{"type":"Point","coordinates":[20.532914,52.137902]},"properties":{"line":"25","mode":"bus","color":"#0059a9","colorDark":"#00294f","band":4,"off":[0,1.1]}},{"type":"Feature","geometry":{"type":"Point","coordinates":[20.509634,52.136392]},"properties":{"name":"Izdebno Kościelne Pętla","band":4,"modes":"bus","arr":["24"],"off":[0,-0.8]}},{"type":"Feature","geometry":{"type":"Point","coordinates":[20.509634,52.136392]},"properties":{"line":"24","mode":"bus","color":"#0059a9","colorDark":"#00294f","band":4,"off":[0,1.1]}},{"type":"Feature","geometry":{"type":"Point","coordinates":[20.560042,52.154076]},"properties":{"name":"Kłudno Nowe Pętla","band":4,"modes":"bus","arr":["26"],"off":[0,-0.8]}},{"type":"Feature","geometry":{"type":"Point","coordinates":[20.560042,52.154076]},"properties":{"line":"26","mode":"bus","color":"#0059a9","colorDark":"#00294f","band":4,"off":[0,1.1]}},{"type":"Feature","geometry":{"type":"Point","coordinates":[20.630857,52.115597]},"properties":{"name":"Grodzisk Maz. Rokiciańska","band":4,"modes":"bus","arr":["27"],"off":[0,-0.8]}},{"type":"Feature","geometry":{"type":"Point","coordinates":[20.630857,52.115597]},"properties":{"line":"27","mode":"bus","color":"#0059a9","colorDark":"#00294f","band":4,"off":[0,1.1]}},{"type":"Feature","geometry":{"type":"Point","coordinates":[20.689933,52.031252]},"properties":{"name":"Żabia Wola Urząd Gminy","band":4,"modes":"bus","arr":["30","32","52"],"off":[0,-0.8]}},{"type":"Feature","geometry":{"type":"Point","coordinates":[20.689933,52.031252]},"properties":{"line":"30","mode":"bus","color":"#0059a9","colorDark":"#00294f","band":4,"off":[-3.4,1.1]}},{"type":"Feature","geometry":{"type":"Point","coordinates":[20.689933,52.031252]},"properties":{"line":"32","mode":"bus","color":"#0059a9","colorDark":"#00294f","band":4,"off":[0,1.1]}},{"type":"Feature","geometry":{"type":"Point","coordinates":[20.689933,52.031252]},"properties":{"line":"52","mode":"bus","color":"#0059a9","colorDark":"#00294f","band":4,"off":[3.4,1.1]}},{"type":"Feature","geometry":{"type":"Point","coordinates":[20.669047,52.029374]},"properties":{"name":"Józefina Szkoła","band":4,"modes":"bus","arr":["51","63"],"off":[0,-0.8]}},{"type":"Feature","geometry":{"type":"Point","coordinates":[20.669047,52.029374]},"properties":{"line":"51","mode":"bus","color":"#0059a9","colorDark":"#00294f","band":4,"off":[-1.7,1.1]}},{"type":"Feature","geometry":{"type":"Point","coordinates":[20.669047,52.029374]},"properties":{"line":"63","mode":"bus","color":"#0059a9","colorDark":"#00294f","band":4,"off":[1.7,1.1]}},{"type":"Feature","geometry":{"type":"Point","coordinates":[20.656142,51.982972]},"properties":{"name":"Skuły Szkoła","band":4,"modes":"bus","arr":["30"],"off":[0,-0.8]}},{"type":"Feature","geometry":{"type":"Point","coordinates":[20.656142,51.982972]},"properties":{"line":"30","mode":"bus","color":"#0059a9","colorDark":"#00294f","band":4,"off":[0,1.1]}},{"type":"Feature","geometry":{"type":"Point","coordinates":[20.665636,51.946621]},"properties":{"name":"Petrykozy Trakt Królewski","band":4,"modes":"bus","arr":["31"],"off":[0,-0.8]}},{"type":"Feature","geometry":{"type":"Point","coordinates":[20.665636,51.946621]},"properties":{"line":"31","mode":"bus","color":"#0059a9","colorDark":"#00294f","band":4,"off":[0,1.1]}},{"type":"Feature","geometry":{"type":"Point","coordinates":[20.625936,51.925045]},"properties":{"name":"Lutkówka Szkoła","band":4,"modes":"bus","arr":["31"],"off":[0,-0.8]}},{"type":"Feature","geometry":{"type":"Point","coordinates":[20.625936,51.925045]},"properties":{"line":"31","mode":"bus","color":"#0059a9","colorDark":"#00294f","band":4,"off":[0,1.1]}},{"type":"Feature","geometry":{"type":"Point","coordinates":[20.734783,52.010826]},"properties":{"name":"Ojrzanów Szkoła","band":4,"modes":"bus","arr":["32","52"],"off":[0,-0.8]}},{"type":"Feature","geometry":{"type":"Point","coordinates":[20.734783,52.010826]},"properties":{"line":"32","mode":"bus","color":"#0059a9","colorDark":"#00294f","band":4,"off":[-1.7,1.1]}},{"type":"Feature","geometry":{"type":"Point","coordinates":[20.734783,52.010826]},"properties":{"line":"52","mode":"bus","color":"#0059a9","colorDark":"#00294f","band":4,"off":[1.7,1.1]}},{"type":"Feature","geometry":{"type":"Point","coordinates":[20.726311,52.054969]},"properties":{"name":"Siestrzeń Rozalińska","band":4,"modes":"bus","arr":["32","51"],"off":[0,-0.8]}},{"type":"Feature","geometry":{"type":"Point","coordinates":[20.726311,52.054969]},"properties":{"line":"32","mode":"bus","color":"#0059a9","colorDark":"#00294f","band":4,"off":[-1.7,1.1]}},{"type":"Feature","geometry":{"type":"Point","coordinates":[20.726311,52.054969]},"properties":{"line":"51","mode":"bus","color":"#0059a9","colorDark":"#00294f","band":4,"off":[1.7,1.1]}},{"type":"Feature","geometry":{"type":"Point","coordinates":[20.769196,52.005118]},"properties":{"name":"Ojrzanów Przyleśna","band":4,"modes":"bus","arr":["33"],"off":[0,-0.8]}},{"type":"Feature","geometry":{"type":"Point","coordinates":[20.769196,52.005118]},"properties":{"line":"33","mode":"bus","color":"#0059a9","colorDark":"#00294f","band":4,"off":[0,1.1]}},{"type":"Feature","geometry":{"type":"Point","coordinates":[20.695878,52.071818]},"properties":{"name":"Książenice Szkoła","band":4,"modes":"bus","arr":["35"],"off":[0,-0.8]}},{"type":"Feature","geometry":{"type":"Point","coordinates":[20.695878,52.071818]},"properties":{"line":"35","mode":"bus","color":"#0059a9","colorDark":"#00294f","band":4,"off":[0,1.1]}},{"type":"Feature","geometry":{"type":"Point","coordinates":[20.453811,52.24217]},"properties":{"name":"Podkampinos Rondo","band":4,"modes":"bus","arr":["41"],"off":[0,-0.8]}},{"type":"Feature","geometry":{"type":"Point","coordinates":[20.453811,52.24217]},"properties":{"line":"41","mode":"bus","color":"#0059a9","colorDark":"#00294f","band":4,"off":[0,1.1]}},{"type":"Feature","geometry":{"type":"Point","coordinates":[20.586358,52.257577]},"properties":{"name":"Leszno","band":4,"modes":"bus","arr":["41","44"],"off":[0,-0.8]}},{"type":"Feature","geometry":{"type":"Point","coordinates":[20.586358,52.257577]},"properties":{"line":"41","mode":"bus","color":"#0059a9","colorDark":"#00294f","band":4,"off":[-1.7,1.1]}},{"type":"Feature","geometry":{"type":"Point","coordinates":[20.586358,52.257577]},"properties":{"line":"44","mode":"bus","color":"#0059a9","colorDark":"#00294f","band":4,"off":[1.7,1.1]}},{"type":"Feature","geometry":{"type":"Point","coordinates":[20.240158,52.216596]},"properties":{"name":"Sochaczew Sienkiewicza (przy PKP)","band":4,"modes":"bus","arr":["42"],"off":[0,-0.8]}},{"type":"Feature","geometry":{"type":"Point","coordinates":[20.240158,52.216596]},"properties":{"line":"42","mode":"bus","color":"#0059a9","colorDark":"#00294f","band":4,"off":[0,1.1]}},{"type":"Feature","geometry":{"type":"Point","coordinates":[20.614333,52.311716]},"properties":{"name":"Roztoka","band":4,"modes":"bus","arr":["43"],"off":[0,-0.8]}},{"type":"Feature","geometry":{"type":"Point","coordinates":[20.614333,52.311716]},"properties":{"line":"43","mode":"bus","color":"#0059a9","colorDark":"#00294f","band":4,"off":[0,1.1]}},{"type":"Feature","geometry":{"type":"Point","coordinates":[20.798889,52.167781]},"properties":{"name":"PKP Pruszków","band":4,"modes":"bus","arr":["48","60","65","66","78","Z67"],"off":[0,-0.8]}},{"type":"Feature","geometry":{"type":"Point","coordinates":[20.798889,52.167781]},"properties":{"line":"48","mode":"bus","color":"#0059a9","colorDark":"#00294f","band":4,"off":[-6.8,1.1]}},{"type":"Feature","geometry":{"type":"Point","coordinates":[20.798889,52.167781]},"properties":{"line":"60","mode":"bus","color":"#0059a9","colorDark":"#00294f","band":4,"off":[-3.4,1.1]}},{"type":"Feature","geometry":{"type":"Point","coordinates":[20.798889,52.167781]},"properties":{"line":"65","mode":"bus","color":"#0059a9","colorDark":"#00294f","band":4,"off":[0,1.1]}},{"type":"Feature","geometry":{"type":"Point","coordinates":[20.798889,52.167781]},"properties":{"line":"66","mode":"bus","color":"#0059a9","colorDark":"#00294f","band":4,"off":[3.4,1.1]}},{"type":"Feature","geometry":{"type":"Point","coordinates":[20.798889,52.167781]},"properties":{"line":"78","mode":"bus","color":"#0059a9","colorDark":"#00294f","band":4,"off":[6.8,1.1]}},{"type":"Feature","geometry":{"type":"Point","coordinates":[20.798889,52.167781]},"properties":{"line":"Z67","mode":"bus","color":"#0059a9","colorDark":"#00294f","band":4,"off":[0,3.1]}},{"type":"Feature","geometry":{"type":"Point","coordinates":[20.71758,52.142408]},"properties":{"name":"Brwinów Rynek","band":4,"modes":"bus","arr":["48","64","67","69"],"off":[0,-0.8]}},{"type":"Feature","geometry":{"type":"Point","coordinates":[20.71758,52.142408]},"properties":{"line":"48","mode":"bus","color":"#0059a9","colorDark":"#00294f","band":4,"off":[-5.1,1.1]}},{"type":"Feature","geometry":{"type":"Point","coordinates":[20.71758,52.142408]},"properties":{"line":"64","mode":"bus","color":"#0059a9","colorDark":"#00294f","band":4,"off":[-1.7,1.1]}},{"type":"Feature","geometry":{"type":"Point","coordinates":[20.71758,52.142408]},"properties":{"line":"67","mode":"bus","color":"#0059a9","colorDark":"#00294f","band":4,"off":[1.7,1.1]}},{"type":"Feature","geometry":{"type":"Point","coordinates":[20.71758,52.142408]},"properties":{"line":"69","mode":"bus","color":"#0059a9","colorDark":"#00294f","band":4,"off":[5.1,1.1]}},{"type":"Feature","geometry":{"type":"Point","coordinates":[20.593369,52.174875]},"properties":{"name":"Stare Faszczyce","band":4,"modes":"bus","arr":["49"],"off":[0,-0.8]}},{"type":"Feature","geometry":{"type":"Point","coordinates":[20.593369,52.174875]},"properties":{"line":"49","mode":"bus","color":"#0059a9","colorDark":"#00294f","band":4,"off":[0,1.1]}},{"type":"Feature","geometry":{"type":"Point","coordinates":[20.701542,52.200246]},"properties":{"name":"Płochocin PKP / Kolejowa","band":4,"modes":"bus","arr":["49","94"],"off":[0,-0.8]}},{"type":"Feature","geometry":{"type":"Point","coordinates":[20.701542,52.200246]},"properties":{"line":"49","mode":"bus","color":"#0059a9","colorDark":"#00294f","band":4,"off":[-1.7,1.1]}},{"type":"Feature","geometry":{"type":"Point","coordinates":[20.701542,52.200246]},"properties":{"line":"94","mode":"bus","color":"#0059a9","colorDark":"#00294f","band":4,"off":[1.7,1.1]}},{"type":"Feature","geometry":{"type":"Point","coordinates":[20.670442,52.219447]},"properties":{"name":"Łaźniew Wiosenna","band":4,"modes":"bus","arr":["49"],"off":[0,-0.8]}},{"type":"Feature","geometry":{"type":"Point","coordinates":[20.670442,52.219447]},"properties":{"line":"49","mode":"bus","color":"#0059a9","colorDark":"#00294f","band":4,"off":[0,1.1]}},{"type":"Feature","geometry":{"type":"Point","coordinates":[20.847103,52.07448]},"properties":{"name":"Walendów","band":4,"modes":"bus","arr":["60"],"off":[0,-0.8]}},{"type":"Feature","geometry":{"type":"Point","coordinates":[20.847103,52.07448]},"properties":{"line":"60","mode":"bus","color":"#0059a9","colorDark":"#00294f","band":4,"off":[0,1.1]}},{"type":"Feature","geometry":{"type":"Point","coordinates":[20.905449,52.180671]},"properties":{"name":"Opacz WKD","band":4,"modes":"bus","arr":["61"],"off":[0,-0.8]}},{"type":"Feature","geometry":{"type":"Point","coordinates":[20.905449,52.180671]},"properties":{"line":"61","mode":"bus","color":"#0059a9","colorDark":"#00294f","band":4,"off":[0,1.1]}},{"type":"Feature","geometry":{"type":"Point","coordinates":[20.859862,52.170133]},"properties":{"name":"Reguły WKD","band":4,"modes":"bus","arr":["61"],"off":[0,-0.8]}},{"type":"Feature","geometry":{"type":"Point","coordinates":[20.859862,52.170133]},"properties":{"line":"61","mode":"bus","color":"#0059a9","colorDark":"#00294f","band":4,"off":[0,1.1]}},{"type":"Feature","geometry":{"type":"Point","coordinates":[20.894398,52.13261]},"properties":{"name":"Janki Pl. Szwedzki","band":4,"modes":"bus","arr":["61"],"off":[0,-0.8]}},{"type":"Feature","geometry":{"type":"Point","coordinates":[20.894398,52.13261]},"properties":{"line":"61","mode":"bus","color":"#0059a9","colorDark":"#00294f","band":4,"off":[0,1.1]}},{"type":"Feature","geometry":{"type":"Point","coordinates":[20.943727,52.176185]},"properties":{"name":"Warszawa P+R Al. Krakowska","band":4,"modes":"bus","arr":["62","63","83"],"off":[0,-0.8]}},{"type":"Feature","geometry":{"type":"Point","coordinates":[20.943727,52.176185]},"properties":{"line":"62","mode":"bus","color":"#0059a9","colorDark":"#00294f","band":4,"off":[-3.4,1.1]}},{"type":"Feature","geometry":{"type":"Point","coordinates":[20.943727,52.176185]},"properties":{"line":"63","mode":"bus","color":"#0059a9","colorDark":"#00294f","band":4,"off":[0,1.1]}},{"type":"Feature","geometry":{"type":"Point","coordinates":[20.943727,52.176185]},"properties":{"line":"83","mode":"bus","color":"#0059a9","colorDark":"#00294f","band":4,"off":[3.4,1.1]}},{"type":"Feature","geometry":{"type":"Point","coordinates":[20.828964,52.192891]},"properties":{"name":"Piastów Ogińskiego","band":4,"modes":"bus","arr":["62"],"off":[0,-0.8]}},{"type":"Feature","geometry":{"type":"Point","coordinates":[20.828964,52.192891]},"properties":{"line":"62","mode":"bus","color":"#0059a9","colorDark":"#00294f","band":4,"off":[0,1.1]}},{"type":"Feature","geometry":{"type":"Point","coordinates":[20.782054,52.159939]},"properties":{"name":"Pruszków Akacjowa","band":4,"modes":"bus","arr":["77"],"off":[0,-0.8]}},{"type":"Feature","geometry":{"type":"Point","coordinates":[20.782054,52.159939]},"properties":{"line":"77","mode":"bus","color":"#0059a9","colorDark":"#00294f","band":4,"off":[0,1.1]}},{"type":"Feature","geometry":{"type":"Point","coordinates":[20.619444,52.192393]},"properties":{"name":"Błonie Piłsudskiego Przedszkole","band":4,"modes":"bus","arr":["67","77"],"off":[0,-0.8]}},{"type":"Feature","geometry":{"type":"Point","coordinates":[20.619444,52.192393]},"properties":{"line":"67","mode":"bus","color":"#0059a9","colorDark":"#00294f","band":4,"off":[-1.7,1.1]}},{"type":"Feature","geometry":{"type":"Point","coordinates":[20.619444,52.192393]},"properties":{"line":"77","mode":"bus","color":"#0059a9","colorDark":"#00294f","band":4,"off":[1.7,1.1]}},{"type":"Feature","geometry":{"type":"Point","coordinates":[20.747273,52.176849]},"properties":{"name":"Moszna Park Logistyczny","band":4,"modes":"bus","arr":["68"],"off":[0,-0.8]}},{"type":"Feature","geometry":{"type":"Point","coordinates":[20.747273,52.176849]},"properties":{"line":"68","mode":"bus","color":"#0059a9","colorDark":"#00294f","band":4,"off":[0,1.1]}},{"type":"Feature","geometry":{"type":"Point","coordinates":[20.729941,52.177336]},"properties":{"name":"Moszna Park Logistyczny - Hale Zachodnie","band":4,"modes":"bus","arr":["78"],"off":[0,-0.8]}},{"type":"Feature","geometry":{"type":"Point","coordinates":[20.729941,52.177336]},"properties":{"line":"78","mode":"bus","color":"#0059a9","colorDark":"#00294f","band":4,"off":[0,1.1]}},{"type":"Feature","geometry":{"type":"Point","coordinates":[20.44727,52.052364]},"properties":{"name":"Żyrardów PKP","band":4,"modes":"bus","arr":["80"],"off":[0,-0.8]}},{"type":"Feature","geometry":{"type":"Point","coordinates":[20.44727,52.052364]},"properties":{"line":"80","mode":"bus","color":"#0059a9","colorDark":"#00294f","band":4,"off":[0,1.1]}},{"type":"Feature","geometry":{"type":"Point","coordinates":[20.460438,51.988626]},"properties":{"name":"Suntago Park Wodny","band":4,"modes":"bus","arr":["82"],"off":[0,-0.8]}},{"type":"Feature","geometry":{"type":"Point","coordinates":[20.460438,51.988626]},"properties":{"line":"82","mode":"bus","color":"#0059a9","colorDark":"#00294f","band":4,"off":[0,1.1]}},{"type":"Feature","geometry":{"type":"Point","coordinates":[20.51373,51.974077]},"properties":{"name":"Mszczonów Rynek","band":4,"modes":"bus","arr":["82","83"],"off":[0,-0.8]}},{"type":"Feature","geometry":{"type":"Point","coordinates":[20.51373,51.974077]},"properties":{"line":"82","mode":"bus","color":"#0059a9","colorDark":"#00294f","band":4,"off":[-1.7,1.1]}},{"type":"Feature","geometry":{"type":"Point","coordinates":[20.51373,51.974077]},"properties":{"line":"83","mode":"bus","color":"#0059a9","colorDark":"#00294f","band":4,"off":[1.7,1.1]}},{"type":"Feature","geometry":{"type":"Point","coordinates":[20.447303,52.286999]},"properties":{"name":"Granica - Kampinoski Park Narodowy","band":4,"modes":"bus","arr":["92"],"off":[0,-0.8]}},{"type":"Feature","geometry":{"type":"Point","coordinates":[20.447303,52.286999]},"properties":{"line":"92","mode":"bus","color":"#0059a9","colorDark":"#00294f","band":4,"off":[0,1.1]}},{"type":"Feature","geometry":{"type":"Point","coordinates":[20.610983,52.307315]},"properties":{"name":"Roztoka - Kampinoski Park Narodowy","band":4,"modes":"bus","arr":["93"],"off":[0,-0.8]}},{"type":"Feature","geometry":{"type":"Point","coordinates":[20.610983,52.307315]},"properties":{"line":"93","mode":"bus","color":"#0059a9","colorDark":"#00294f","band":4,"off":[0,1.1]}},{"type":"Feature","geometry":{"type":"Point","coordinates":[20.676393,52.262438]},"properties":{"name":"Zaborów Szkoła","band":4,"modes":"bus","arr":["96"],"off":[0,-0.8]}},{"type":"Feature","geometry":{"type":"Point","coordinates":[20.676393,52.262438]},"properties":{"line":"96","mode":"bus","color":"#0059a9","colorDark":"#00294f","band":4,"off":[0,1.1]}},{"type":"Feature","geometry":{"type":"Point","coordinates":[20.898044,52.258041]},"properties":{"name":"Warszawa Stare Bemowo","band":4,"modes":"bus","arr":["95","96"],"off":[0,-0.8]}},{"type":"Feature","geometry":{"type":"Point","coordinates":[20.898044,52.258041]},"properties":{"line":"95","mode":"bus","color":"#0059a9","colorDark":"#00294f","band":4,"off":[-1.7,1.1]}},{"type":"Feature","geometry":{"type":"Point","coordinates":[20.898044,52.258041]},"properties":{"line":"96","mode":"bus","color":"#0059a9","colorDark":"#00294f","band":4,"off":[1.7,1.1]}},{"type":"Feature","geometry":{"type":"Point","coordinates":[20.82567,52.290745]},"properties":{"name":"Izabelin Sienkiewicza","band":4,"modes":"bus","arr":["97"],"off":[0,-0.8]}},{"type":"Feature","geometry":{"type":"Point","coordinates":[20.82567,52.290745]},"properties":{"line":"97","mode":"bus","color":"#0059a9","colorDark":"#00294f","band":4,"off":[0,1.1]}},{"type":"Feature","geometry":{"type":"Point","coordinates":[20.767419,52.307838]},"properties":{"name":"Truskaw Skibińskiego","band":4,"modes":"bus","arr":["95"],"off":[0,-0.8]}},{"type":"Feature","geometry":{"type":"Point","coordinates":[20.767419,52.307838]},"properties":{"line":"95","mode":"bus","color":"#0059a9","colorDark":"#00294f","band":4,"off":[0,1.1]}},{"type":"Feature","geometry":{"type":"Point","coordinates":[20.844063,52.247596]},"properties":{"name":"Babice Nowe Centrum Handlowe","band":4,"modes":"bus","arr":["98"],"off":[0,-0.8]}},{"type":"Feature","geometry":{"type":"Point","coordinates":[20.844063,52.247596]},"properties":{"line":"98","mode":"bus","color":"#0059a9","colorDark":"#00294f","band":4,"off":[0,1.1]}},{"type":"Feature","geometry":{"type":"Point","coordinates":[20.838823,52.168011]},"properties":{"name":"Malichy Sadowa","band":4,"modes":"bus","arr":["97"],"off":[0,-0.8]}},{"type":"Feature","geometry":{"type":"Point","coordinates":[20.838823,52.168011]},"properties":{"line":"97","mode":"bus","color":"#0059a9","colorDark":"#00294f","band":4,"off":[0,1.1]}},{"type":"Feature","geometry":{"type":"Point","coordinates":[20.847176,52.341559]},"properties":{"name":"Dziekanów Leśny","band":4,"modes":"bus","arr":["97"],"off":[0,-0.8]}},{"type":"Feature","geometry":{"type":"Point","coordinates":[20.847176,52.341559]},"properties":{"line":"97","mode":"bus","color":"#0059a9","colorDark":"#00294f","band":4,"off":[0,1.1]}},{"type":"Feature","geometry":{"type":"Point","coordinates":[20.812391,52.312657]},"properties":{"name":"Sieraków","band":4,"modes":"bus","arr":["98"],"off":[0,-0.8]}},{"type":"Feature","geometry":{"type":"Point","coordinates":[20.812391,52.312657]},"properties":{"line":"98","mode":"bus","color":"#0059a9","colorDark":"#00294f","band":4,"off":[0,1.1]}},{"type":"Feature","geometry":{"type":"Point","coordinates":[20.628432,52.100654]},"properties":{"name":"Grodzisk Mazowiecki Radońska","band":4,"modes":"metro","arr":["WKD"],"off":[0,-0.8]}},{"type":"Feature","geometry":{"type":"Point","coordinates":[20.628432,52.100654]},"properties":{"line":"WKD","mode":"tram","color":"#A518A3","colorDark":"#5b0d5a","band":4,"metro":1,"off":[0,1.1]}},{"type":"Feature","geometry":{"type":"Point","coordinates":[21.000339,52.227687]},"properties":{"name":"Warszawa Śródmieście WKD","band":4,"modes":"metro","arr":["WKD"],"off":[0,-0.8]}},{"type":"Feature","geometry":{"type":"Point","coordinates":[21.000339,52.227687]},"properties":{"line":"WKD","mode":"tram","color":"#A518A3","colorDark":"#5b0d5a","band":4,"metro":1,"off":[0,1.1]}}]}