{"type":"FeatureCollection","features":[{"type":"Feature","geometry":{"type":"LineString","coordinates":[[20.621405,52.110773],[20.620923,52.114314],[20.623311,52.115005],[20.629255,52.109527],[20.622327,52.109692],[20.622558,52.107638],[20.625201,52.106607],[20.621637,52.104134],[20.614082,52.101679],[20.612231,52.09799],[20.617812,52.09581],[20.622426,52.096996],[20.626862,52.099975],[20.633265,52.097131],[20.637637,52.097761],[20.644904,52.100597],[20.649626,52.102214],[20.653186,52.103416],[20.653017,52.105446],[20.651028,52.107662],[20.649385,52.109523],[20.646817,52.11213],[20.643811,52.11418],[20.637948,52.112695],[20.639047,52.108348],[20.634491,52.107192],[20.631183,52.109107],[20.629255,52.109527],[20.622327,52.109692]]},"properties":{"line":"0","dir":"Grodzisk Maz. Dw. PKP","mode":"bus"}},{"type":"Feature","geometry":{"type":"LineString","coordinates":[[20.622327,52.109692],[20.622558,52.107638],[20.628101,52.109003],[20.630895,52.109161],[20.635703,52.107314],[20.639382,52.10838],[20.637654,52.112492],[20.642631,52.113849],[20.646678,52.11203],[20.649148,52.109538],[20.650898,52.107692],[20.652847,52.105478],[20.653956,52.10376],[20.649858,52.102386],[20.645174,52.100797],[20.633362,52.097199],[20.625552,52.099525],[20.623161,52.09706],[20.616616,52.095662],[20.612526,52.098378],[20.615107,52.101911],[20.624042,52.103794],[20.627766,52.103991],[20.626508,52.106819],[20.622327,52.109692],[20.622558,52.107638],[20.628101,52.109003],[20.622107,52.115392],[20.620725,52.114947],[20.621405,52.110773]]},"properties":{"line":"0","dir":"Grodzisk Maz. Traugutta Dw. PKP","mode":"bus"}},{"type":"Feature","geometry":{"type":"LineString","coordinates":[[20.485538,52.189089],[20.490665,52.196447],[20.497452,52.205662],[20.529845,52.201845],[20.529007,52.198317],[20.528521,52.192293],[20.525399,52.187613],[20.528427,52.184925],[20.537823,52.183505],[20.546176,52.182345],[20.553191,52.18136],[20.563695,52.182099],[20.572797,52.180979],[20.572017,52.184203],[20.58143,52.187054],[20.586346,52.187494],[20.594448,52.188415],[20.6012,52.189719],[20.608682,52.190856],[20.612642,52.188861],[20.62129,52.189978],[20.620686,52.194015],[20.614672,52.19681],[20.611402,52.196974],[20.61286,52.194293],[20.617286,52.193404],[20.618498,52.1894],[20.612393,52.188942],[20.608126,52.191104],[20.600265,52.189605],[20.593654,52.188389],[20.585837,52.187546],[20.580642,52.187118],[20.571606,52.184649],[20.572648,52.180871],[20.570816,52.180192],[20.562112,52.182497],[20.553676,52.181367],[20.544902,52.182613],[20.537287,52.183649],[20.52884,52.184888],[20.525217,52.187426],[20.527514,52.190605],[20.530043,52.196341],[20.529207,52.198704],[20.527592,52.203017],[20.513877,52.204627],[20.49633,52.205895]]},"properties":{"line":"10","dir":"Bieniewo-Parcela","mode":"bus"}},{"type":"Feature","geometry":{"type":"LineString","coordinates":[[20.485538,52.189089],[20.490665,52.196447],[20.497452,52.205662],[20.529845,52.201845],[20.529007,52.198317],[20.528521,52.192293],[20.525399,52.187613],[20.528427,52.184925],[20.537823,52.183505],[20.546176,52.182345],[20.553191,52.18136],[20.563695,52.182099],[20.572797,52.180979],[20.572017,52.184203],[20.58143,52.187054],[20.586346,52.187494],[20.594448,52.188415],[20.6012,52.189719],[20.608682,52.190856],[20.612642,52.188861],[20.62129,52.189978],[20.620686,52.194015],[20.614672,52.19681],[20.611402,52.196974],[20.61286,52.194293],[20.617286,52.193404],[20.618498,52.1894],[20.612393,52.188942],[20.608126,52.191104],[20.600265,52.189605],[20.593654,52.188389],[20.585837,52.187546],[20.580642,52.187118],[20.571606,52.184649],[20.572648,52.180871],[20.570816,52.180192],[20.562112,52.182497],[20.553676,52.181367],[20.544902,52.182613],[20.537287,52.183649],[20.52884,52.184888],[20.525217,52.187426],[20.527514,52.190605],[20.530043,52.196341],[20.529207,52.198704],[20.527592,52.203017],[20.513877,52.204627],[20.49633,52.205895],[20.491379,52.195354],[20.487208,52.189136]]},"properties":{"line":"10","dir":"Bieniewo-Wieś","mode":"bus"}},{"type":"Feature","geometry":{"type":"LineString","coordinates":[[20.51477,52.219737],[20.513086,52.214306],[20.520097,52.212929],[20.526371,52.20648],[20.5199,52.213316],[20.523536,52.22082],[20.530259,52.221181],[20.540028,52.220362],[20.547992,52.219218],[20.553871,52.217175],[20.577795,52.208499],[20.572573,52.201116],[20.56683,52.189191],[20.563695,52.182099],[20.572797,52.180979],[20.572017,52.184203],[20.58143,52.187054],[20.586346,52.187494],[20.594448,52.188415],[20.6012,52.189719],[20.608682,52.190856],[20.612642,52.188861],[20.62129,52.189978],[20.620686,52.194015],[20.614672,52.19681],[20.611402,52.196974],[20.61286,52.194293],[20.617286,52.193404],[20.618498,52.1894],[20.612393,52.188942],[20.608126,52.191104],[20.600265,52.189605],[20.593654,52.188389],[20.585837,52.187546],[20.580642,52.187118],[20.571606,52.184649],[20.572648,52.180871],[20.570816,52.180192],[20.563173,52.182963],[20.567495,52.190079],[20.572614,52.201021],[20.577738,52.208316],[20.553602,52.217381],[20.547412,52.219478],[20.540549,52.220406],[20.530491,52.221242],[20.523533,52.220888],[20.51477,52.219737],[20.513086,52.214306],[20.520097,52.212929],[20.526371,52.20648]]},"properties":{"line":"11","dir":"Bramki DPS","mode":"bus"}},{"type":"Feature","geometry":{"type":"LineString","coordinates":[[20.610315,52.18724],[20.612642,52.188861],[20.62129,52.189978],[20.620686,52.194015],[20.614672,52.19681],[20.611402,52.196974],[20.604939,52.202858],[20.59919,52.206806],[20.584589,52.21099],[20.58654,52.216879],[20.58283,52.219037],[20.574479,52.224136],[20.56154,52.225156],[20.535378,52.226141],[20.528294,52.226435],[20.519771,52.226194],[20.511609,52.222842],[20.500456,52.220671],[20.500781,52.226441],[20.501043,52.229317],[20.493992,52.231283],[20.490547,52.222119],[20.499371,52.220073],[20.511437,52.222661],[20.519764,52.226111],[20.527552,52.226407],[20.535372,52.226086],[20.561118,52.225142],[20.574581,52.224139],[20.582776,52.218969],[20.586532,52.216809],[20.585382,52.210615],[20.598578,52.206888],[20.604826,52.202813],[20.611326,52.196845],[20.61456,52.19672],[20.620686,52.194015],[20.618498,52.1894],[20.612393,52.188942],[20.609945,52.187314]]},"properties":{"line":"12","dir":"Błonie PKP","mode":"bus"}},{"type":"Feature","geometry":{"type":"LineString","coordinates":[[20.616616,52.095662],[20.617812,52.09581],[20.622426,52.096996],[20.626862,52.099975],[20.627312,52.101018],[20.626279,52.102694],[20.627766,52.103991],[20.626508,52.106819],[20.622327,52.109692],[20.622558,52.107638],[20.628101,52.109003],[20.622107,52.115392],[20.620725,52.114947],[20.621405,52.110773],[20.620776,52.111831],[20.616643,52.111123],[20.616217,52.115765],[20.615915,52.117705],[20.619336,52.119576],[20.618836,52.126864],[20.61807,52.131533],[20.617692,52.13386],[20.607859,52.135183],[20.598438,52.134799],[20.608401,52.149989],[20.615138,52.151303],[20.612268,52.159347],[20.61154,52.171252],[20.611749,52.184021],[20.610315,52.18724],[20.612642,52.188861],[20.62129,52.189978],[20.620686,52.194015],[20.616998,52.19347],[20.612639,52.192008]]},"properties":{"line":"13","dir":"Błonie Centrum Sportu","mode":"bus"}},{"type":"Feature","geometry":{"type":"LineString","coordinates":[[20.612639,52.192008],[20.617286,52.193404],[20.620901,52.193938],[20.618498,52.1894],[20.612393,52.188942],[20.610315,52.18724],[20.611599,52.183214],[20.611527,52.169915],[20.612238,52.158186],[20.615032,52.151257],[20.608876,52.150039],[20.597178,52.134687],[20.607791,52.13507],[20.617457,52.134486],[20.618107,52.130663],[20.618853,52.126052],[20.619476,52.119614],[20.615764,52.118225],[20.616114,52.114742],[20.616706,52.11087],[20.620815,52.111736],[20.621405,52.110773],[20.620923,52.114314],[20.623311,52.115005],[20.629255,52.109527],[20.622327,52.109692],[20.622558,52.107638],[20.625201,52.106607],[20.626133,52.102756],[20.627263,52.100759],[20.623161,52.09706],[20.616616,52.095662]]},"properties":{"line":"13","dir":"Grodzisk Maz. Szpital","mode":"bus"}},{"type":"Feature","geometry":{"type":"LineString","coordinates":[[20.930086,52.224782],[20.928413,52.223105],[20.919507,52.221014],[20.908769,52.218461],[20.901513,52.217064],[20.895558,52.216605],[20.888987,52.216586],[20.88166,52.216581],[20.872703,52.216605],[20.858333,52.215919],[20.84904,52.215349],[20.837061,52.214241],[20.81626,52.211048],[20.799658,52.210339],[20.790094,52.210619],[20.776112,52.211045],[20.768764,52.211218],[20.764907,52.211304],[20.755758,52.211512],[20.746759,52.211737],[20.739711,52.211898],[20.714174,52.212481],[20.700303,52.211648],[20.695699,52.207073],[20.672788,52.210063],[20.663102,52.208929],[20.646071,52.215667],[20.649576,52.206257],[20.634598,52.202627],[20.620686,52.194015],[20.616998,52.19347],[20.612199,52.195567],[20.604939,52.202858],[20.59919,52.206806],[20.584589,52.21099]]},"properties":{"line":"14","dir":"Pass","mode":"bus"}},{"type":"Feature","geometry":{"type":"LineString","coordinates":[[20.585382,52.210615],[20.598578,52.206888],[20.604826,52.202813],[20.61286,52.194293],[20.617286,52.193404],[20.620901,52.193938],[20.636665,52.203029],[20.6506,52.206335],[20.646071,52.215667],[20.664089,52.208859],[20.674518,52.210078],[20.684137,52.206181],[20.696908,52.207014],[20.699871,52.210821],[20.715709,52.212289],[20.741805,52.211722],[20.750023,52.211506],[20.759304,52.211323],[20.766857,52.211144],[20.771276,52.211035],[20.778659,52.21083],[20.792656,52.210428],[20.801913,52.210155],[20.818461,52.211242],[20.840802,52.214527],[20.851426,52.215272],[20.860415,52.215812],[20.874697,52.216359],[20.881717,52.216364],[20.891895,52.21629],[20.897374,52.216268],[20.901042,52.21678],[20.910616,52.218577],[20.918149,52.22036],[20.929706,52.223968]]},"properties":{"line":"14","dir":"Warszawa Fort Wola","mode":"bus"}},{"type":"Feature","geometry":{"type":"LineString","coordinates":[[20.71799,52.141072],[20.714884,52.139409],[20.70929,52.135833],[20.712251,52.133395],[20.715967,52.130383],[20.720652,52.126521],[20.725163,52.12283],[20.72613,52.117509],[20.726378,52.111016],[20.729127,52.107332],[20.734449,52.106089],[20.733631,52.102307],[20.733647,52.098201],[20.734113,52.093754],[20.726092,52.093882],[20.724435,52.097154],[20.724343,52.107339],[20.721083,52.108281],[20.717158,52.110225],[20.711803,52.11357],[20.696549,52.110871],[20.69057,52.111209],[20.68668,52.111513],[20.677727,52.114316],[20.670991,52.115115],[20.672749,52.117622],[20.67016,52.119853],[20.667453,52.122374],[20.665144,52.123982],[20.662551,52.12307],[20.662622,52.120832],[20.659416,52.118205],[20.655309,52.117323],[20.649588,52.116257],[20.643811,52.11418],[20.637948,52.112695],[20.639047,52.108348],[20.634491,52.107192],[20.631183,52.109107],[20.622107,52.115392],[20.620725,52.114947],[20.621405,52.110773],[20.620776,52.111831],[20.616643,52.111123],[20.611376,52.111229],[20.606185,52.111528],[20.600194,52.114509],[20.599756,52.109937],[20.604778,52.108624],[20.606314,52.111423],[20.611624,52.111819],[20.616706,52.11087],[20.620815,52.111736],[20.621405,52.110773],[20.620923,52.114314],[20.623311,52.115005],[20.630895,52.109161],[20.635703,52.107314],[20.639382,52.10838],[20.637654,52.112492],[20.642631,52.113849],[20.64948,52.116121],[20.656238,52.117376],[20.660456,52.119194],[20.662622,52.120832],[20.665579,52.121653],[20.668276,52.121408],[20.670993,52.118987],[20.672819,52.117436],[20.670991,52.115115],[20.677921,52.11406],[20.686558,52.111427],[20.690749,52.111131],[20.696781,52.110816],[20.71189,52.113437],[20.717377,52.10989],[20.719946,52.10811],[20.724153,52.107189],[20.724312,52.096589],[20.7266,52.093789],[20.734225,52.093898],[20.733797,52.097803],[20.733726,52.102274],[20.734665,52.106421],[20.727084,52.107487],[20.726402,52.110546],[20.726367,52.1175],[20.724909,52.123158],[20.721086,52.126313],[20.71494,52.131338],[20.712333,52.133469],[20.709738,52.136328],[20.715724,52.139772],[20.719145,52.140311]]},"properties":{"line":"15","dir":"Brwinów OSP","mode":"bus"}},{"type":"Feature","geometry":{"type":"LineString","coordinates":[[20.599756,52.109937],[20.604778,52.108624],[20.606314,52.111423],[20.611624,52.111819],[20.616706,52.11087],[20.620815,52.111736],[20.621405,52.110773],[20.620923,52.114314],[20.623311,52.115005],[20.630895,52.109161],[20.633179,52.106087]]},"properties":{"line":"15","dir":"Grodzisk Maz. Okulickiego Szkoła Muzyczna","mode":"bus"}},{"type":"Feature","geometry":{"type":"LineString","coordinates":[[20.650694,52.136331],[20.651411,52.133681],[20.652503,52.131243],[20.652086,52.126925],[20.656688,52.125231],[20.658916,52.12531],[20.663047,52.126001],[20.667567,52.12616],[20.67164,52.12877],[20.665922,52.126073],[20.665144,52.123982],[20.662551,52.12307],[20.662622,52.120832],[20.659416,52.118205],[20.655309,52.117323],[20.649588,52.116257],[20.643811,52.11418],[20.637948,52.112695],[20.639047,52.108348],[20.634491,52.107192],[20.631183,52.109107],[20.629255,52.109527],[20.622327,52.109692],[20.622558,52.107638],[20.625201,52.106607],[20.626133,52.102756],[20.627263,52.100759],[20.623161,52.09706],[20.616616,52.095662]]},"properties":{"line":"16","dir":"Grodzisk Maz. Szpital","mode":"bus"}},{"type":"Feature","geometry":{"type":"LineString","coordinates":[[20.616616,52.095662],[20.617812,52.09581],[20.622426,52.096996],[20.626862,52.099975],[20.627312,52.101018],[20.626279,52.102694],[20.627766,52.103991],[20.626508,52.106819],[20.622327,52.109692],[20.622558,52.107638],[20.628101,52.109003],[20.630895,52.109161],[20.635703,52.107314],[20.639382,52.10838],[20.637654,52.112492],[20.642631,52.113849],[20.64948,52.116121],[20.656238,52.117376],[20.660456,52.119194],[20.662622,52.120832],[20.665579,52.121653],[20.667567,52.12616],[20.67164,52.12877],[20.665922,52.126073],[20.66012,52.127671],[20.658815,52.125205],[20.655538,52.125455],[20.652072,52.126546],[20.652751,52.130907],[20.651435,52.133797],[20.650632,52.137082]]},"properties":{"line":"16","dir":"Milanówek Cmentarz","mode":"bus"}},{"type":"Feature","geometry":{"type":"LineString","coordinates":[[20.760995,52.127017],[20.753615,52.131238],[20.741788,52.136193],[20.732895,52.139246],[20.72684,52.140001],[20.719933,52.140369],[20.714884,52.139409],[20.708485,52.135701],[20.70206,52.130532],[20.690403,52.126498],[20.682688,52.122995],[20.667724,52.117163],[20.647836,52.110169],[20.639556,52.107322],[20.621637,52.104134],[20.614082,52.101679],[20.612231,52.09799]]},"properties":{"line":"17","dir":"Grodzisk Maz. Chełmońskiego PKS","mode":"bus"}},{"type":"Feature","geometry":{"type":"LineString","coordinates":[[20.800074,52.091292],[20.8026,52.090972],[20.805114,52.093868],[20.795603,52.099127],[20.777812,52.114313],[20.760995,52.127017],[20.753615,52.131238],[20.741788,52.136193],[20.732895,52.139246],[20.72684,52.140001],[20.719933,52.140369],[20.714884,52.139409],[20.708485,52.135701],[20.70206,52.130532],[20.690403,52.126498],[20.682688,52.122995],[20.674059,52.123657],[20.667412,52.124556],[20.665144,52.123982],[20.662551,52.12307],[20.662622,52.120832],[20.665579,52.121653],[20.668276,52.121408],[20.670993,52.118987],[20.667724,52.117163],[20.654577,52.109893],[20.656024,52.107206],[20.657111,52.10524],[20.653017,52.105446],[20.651028,52.107662],[20.649385,52.109523],[20.646817,52.11213],[20.643811,52.11418],[20.637948,52.112695],[20.639047,52.108348],[20.634491,52.107192],[20.631183,52.109107],[20.629255,52.109527],[20.622327,52.109692],[20.622558,52.107638],[20.625201,52.106607],[20.626133,52.102756],[20.627263,52.100759],[20.623161,52.09706],[20.616616,52.095662]]},"properties":{"line":"17","dir":"Grodzisk Maz. Szpital","mode":"bus"}},{"type":"Feature","geometry":{"type":"LineString","coordinates":[[20.665579,52.121653],[20.668276,52.121408],[20.670993,52.118987],[20.667724,52.117163],[20.654577,52.109893],[20.656024,52.107206],[20.657111,52.10524],[20.653017,52.105446],[20.651028,52.107662],[20.649385,52.109523],[20.646817,52.11213],[20.643811,52.11418],[20.637948,52.112695],[20.639047,52.108348],[20.634491,52.107192],[20.631183,52.109107],[20.629255,52.109527],[20.622327,52.109692],[20.622558,52.107638],[20.625201,52.106607],[20.621637,52.104134],[20.614082,52.101679]]},"properties":{"line":"17","dir":"Grodzisk Maz. Żyrardowska","mode":"bus"}},{"type":"Feature","geometry":{"type":"LineString","coordinates":[[20.616616,52.095662],[20.617812,52.09581],[20.622426,52.096996],[20.626862,52.099975],[20.627312,52.101018],[20.626279,52.102694],[20.627766,52.103991],[20.626508,52.106819],[20.622327,52.109692],[20.622558,52.107638],[20.628101,52.109003],[20.630895,52.109161],[20.635703,52.107314],[20.639382,52.10838],[20.637654,52.112492],[20.642631,52.113849],[20.646678,52.11203],[20.649148,52.109538],[20.650898,52.107692],[20.652847,52.105478],[20.657234,52.105265],[20.655679,52.108069],[20.65469,52.109936],[20.665301,52.116971],[20.663537,52.118771],[20.665579,52.121653],[20.668276,52.121408],[20.670993,52.118987],[20.682623,52.122771],[20.691668,52.126863],[20.702168,52.130362],[20.709738,52.136328],[20.715724,52.139772],[20.719145,52.140311],[20.728196,52.139769],[20.733463,52.138936],[20.740685,52.136348],[20.756895,52.130289],[20.760995,52.125139]]},"properties":{"line":"17","dir":"Otrębusy WKD","mode":"bus"}},{"type":"Feature","geometry":{"type":"LineString","coordinates":[[20.616616,52.095662],[20.617812,52.09581],[20.622426,52.096996],[20.626862,52.099975],[20.627312,52.101018],[20.626279,52.102694],[20.627766,52.103991],[20.626508,52.106819],[20.622327,52.109692],[20.622558,52.107638],[20.628101,52.109003],[20.630895,52.109161],[20.635703,52.107314],[20.639382,52.10838],[20.637654,52.112492],[20.642631,52.113849],[20.646678,52.11203],[20.649148,52.109538],[20.650898,52.107692],[20.652847,52.105478],[20.657234,52.105265],[20.655679,52.108069],[20.65469,52.109936],[20.665301,52.116971],[20.663537,52.118771],[20.665579,52.121653],[20.668276,52.121408],[20.670993,52.118987],[20.682623,52.122771],[20.691668,52.126863],[20.702168,52.130362],[20.709738,52.136328],[20.715724,52.139772],[20.719145,52.140311],[20.728196,52.139769],[20.733463,52.138936],[20.740685,52.136348],[20.756895,52.130289],[20.760995,52.125139],[20.777638,52.114186],[20.788052,52.10506],[20.805395,52.093289],[20.801109,52.090041],[20.800074,52.091292]]},"properties":{"line":"17","dir":"P+R Nadarzyn","mode":"bus"}},{"type":"Feature","geometry":{"type":"LineString","coordinates":[[20.622327,52.109692],[20.622558,52.107638],[20.628101,52.109003],[20.622107,52.115392],[20.627149,52.120537],[20.633955,52.128225],[20.640406,52.125958],[20.64808,52.125822],[20.652072,52.126546],[20.652751,52.130907],[20.651435,52.133797],[20.650632,52.137082],[20.650019,52.138493],[20.642323,52.143908],[20.636282,52.145446],[20.650621,52.143238],[20.658648,52.1417],[20.66244,52.144262],[20.659218,52.137115],[20.660848,52.134807],[20.666651,52.132806],[20.672597,52.133104],[20.673968,52.130431],[20.665922,52.126073],[20.666686,52.124169],[20.674409,52.123481],[20.681004,52.12249],[20.67016,52.119853],[20.667453,52.122374],[20.667567,52.12616],[20.67164,52.12877],[20.674137,52.130565],[20.672136,52.133283],[20.666961,52.132811],[20.661449,52.134604],[20.659379,52.138016],[20.66244,52.144262],[20.658073,52.141847],[20.650767,52.143273],[20.636431,52.145722],[20.6437,52.143494],[20.649955,52.138298],[20.650694,52.136331],[20.651411,52.133681],[20.652503,52.131243],[20.652086,52.126925],[20.646767,52.125921],[20.64068,52.126039],[20.63509,52.128485],[20.626901,52.1202],[20.623311,52.115005],[20.629255,52.109527],[20.622327,52.109692]]},"properties":{"line":"18","dir":"Grodzisk Maz. Dw. PKP","mode":"bus"}},{"type":"Feature","geometry":{"type":"LineString","coordinates":[[20.611402,52.196974],[20.563456,52.200859],[20.539581,52.202002],[20.529845,52.201845],[20.529007,52.198317],[20.535711,52.197443],[20.565458,52.200582],[20.611326,52.196845]]},"properties":{"line":"19","dir":"Bieniewice","mode":"bus"}},{"type":"Feature","geometry":{"type":"LineString","coordinates":[[20.611326,52.196845],[20.61456,52.19672],[20.620686,52.194015],[20.618498,52.1894],[20.612393,52.188942],[20.610315,52.18724],[20.611599,52.183214],[20.616968,52.181633],[20.620012,52.178799],[20.626146,52.175104],[20.62911,52.172284],[20.6333,52.167774],[20.625538,52.166661],[20.618563,52.169222],[20.613708,52.169944],[20.608276,52.170974],[20.598671,52.172154],[20.593665,52.173346],[20.589043,52.173844],[20.586753,52.168629],[20.585555,52.164872],[20.581707,52.164257],[20.573956,52.164513],[20.568002,52.165108],[20.559438,52.16589],[20.567175,52.165122],[20.573129,52.164521],[20.576517,52.170465],[20.578678,52.175234],[20.572797,52.180979],[20.572017,52.184203],[20.56373,52.182768]]},"properties":{"line":"19","dir":"Bieniewice Szkoła","mode":"bus"}},{"type":"Feature","geometry":{"type":"LineString","coordinates":[[20.562112,52.182497],[20.56373,52.182768],[20.571606,52.184649],[20.572648,52.180871],[20.573626,52.179373],[20.577756,52.174611],[20.576267,52.169878],[20.573956,52.164513],[20.568002,52.165108],[20.559438,52.16589],[20.567175,52.165122],[20.573129,52.164521],[20.581327,52.164224],[20.585757,52.165253],[20.587021,52.169288],[20.589052,52.173776],[20.594098,52.173112],[20.599591,52.172095],[20.607635,52.170881],[20.613421,52.170011],[20.620985,52.168478],[20.624708,52.166807],[20.633327,52.168059],[20.630385,52.17113],[20.626062,52.175236],[20.621609,52.177874],[20.617125,52.181584],[20.611749,52.184021],[20.610315,52.18724],[20.612642,52.188861],[20.62129,52.189978],[20.620686,52.194015],[20.614672,52.19681],[20.611402,52.196974]]},"properties":{"line":"19","dir":"Błonie Szkoła Nr 2","mode":"bus"}},{"type":"Feature","geometry":{"type":"LineString","coordinates":[[20.389089,52.202265],[20.404647,52.200381],[20.417219,52.201549],[20.413836,52.196024],[20.405868,52.179799],[20.423448,52.170987],[20.435,52.171483],[20.44434,52.170452],[20.45467,52.154428],[20.459319,52.147136],[20.463297,52.139329],[20.450149,52.132772],[20.46439,52.139154],[20.471276,52.128388],[20.471856,52.122579],[20.473643,52.119779],[20.490992,52.111742],[20.505673,52.105263],[20.519517,52.099073],[20.531667,52.092564],[20.541032,52.086228],[20.553121,52.085987],[20.566291,52.089434],[20.581904,52.092655],[20.598164,52.096087],[20.607393,52.099278],[20.615107,52.101911],[20.624042,52.103794],[20.626133,52.102756],[20.627263,52.100759],[20.623161,52.09706],[20.616616,52.095662]]},"properties":{"line":"20","dir":"Grodzisk Maz. Szpital","mode":"bus"}},{"type":"Feature","geometry":{"type":"LineString","coordinates":[[20.616616,52.095662],[20.617812,52.09581],[20.622426,52.096996],[20.626862,52.099975],[20.627312,52.101018],[20.626279,52.102694],[20.621637,52.104134],[20.614082,52.101679],[20.605646,52.098806],[20.594757,52.095042],[20.58013,52.092401],[20.564541,52.089256],[20.553757,52.086319],[20.541274,52.086188],[20.532019,52.092203],[20.520994,52.098515],[20.505783,52.105319],[20.491035,52.111897],[20.473367,52.120268],[20.472009,52.127527],[20.463297,52.139329],[20.450149,52.132772],[20.463856,52.140319],[20.459409,52.147212],[20.454734,52.154507],[20.444484,52.17045],[20.435,52.171483]]},"properties":{"line":"20","dir":"Kaski","mode":"bus"}},{"type":"Feature","geometry":{"type":"LineString","coordinates":[[20.616616,52.095662],[20.617812,52.09581],[20.622426,52.096996],[20.626862,52.099975],[20.627312,52.101018],[20.626279,52.102694],[20.621637,52.104134],[20.614082,52.101679],[20.605646,52.098806],[20.594757,52.095042],[20.58013,52.092401],[20.564541,52.089256],[20.553757,52.086319],[20.541274,52.086188],[20.532019,52.092203],[20.520994,52.098515],[20.505783,52.105319],[20.491035,52.111897],[20.473367,52.120268],[20.472009,52.127527],[20.463297,52.139329],[20.450149,52.132772],[20.463856,52.140319],[20.459409,52.147212],[20.454734,52.154507],[20.444484,52.17045],[20.432221,52.171464],[20.422439,52.171031],[20.405498,52.180149],[20.414087,52.196053],[20.417313,52.201646],[20.404328,52.200615],[20.387994,52.202434]]},"properties":{"line":"20","dir":"Nowy Teresin","mode":"bus"}},{"type":"Feature","geometry":{"type":"LineString","coordinates":[[20.582154,52.072209],[20.583171,52.077877],[20.583347,52.08005],[20.583834,52.084648],[20.588371,52.090322],[20.58217,52.093469],[20.594043,52.093562],[20.596423,52.089149],[20.59926,52.083796],[20.596739,52.088874],[20.593882,52.09405],[20.598164,52.096087],[20.607393,52.099278],[20.615107,52.101911],[20.624042,52.103794],[20.625361,52.102737],[20.619486,52.098775],[20.622426,52.096996],[20.626862,52.099975],[20.627312,52.101018],[20.626279,52.102694],[20.627766,52.103991],[20.626508,52.106819],[20.622327,52.109692]]},"properties":{"line":"21","dir":"Grodzisk Maz. Dw. PKP","mode":"bus"}},{"type":"Feature","geometry":{"type":"LineString","coordinates":[[20.622327,52.109692],[20.622558,52.107638],[20.625201,52.106607],[20.625361,52.102737],[20.619486,52.098775],[20.622426,52.096996],[20.626862,52.099975],[20.627312,52.101018],[20.626279,52.102694],[20.621637,52.104134],[20.614082,52.101679],[20.605646,52.098806],[20.594757,52.095042],[20.594043,52.093562],[20.596423,52.089149],[20.59926,52.083796],[20.596739,52.088874],[20.593882,52.09405],[20.58217,52.093469],[20.588248,52.090332],[20.58372,52.084674],[20.583208,52.080051],[20.583026,52.077514],[20.582154,52.072209]]},"properties":{"line":"21","dir":"Władków Pętla","mode":"bus"}},{"type":"Feature","geometry":{"type":"LineString","coordinates":[[20.588985,52.053983],[20.597602,52.054374],[20.603728,52.054586],[20.606117,52.055151],[20.614177,52.061622],[20.614139,52.065673],[20.613591,52.069866],[20.612657,52.076918],[20.612159,52.080861],[20.611636,52.084923],[20.611175,52.089883],[20.612526,52.098378],[20.615107,52.101911],[20.624042,52.103794],[20.627766,52.103991],[20.626508,52.106819],[20.622327,52.109692]]},"properties":{"line":"22","dir":"Grodzisk Maz. Dw. PKP","mode":"bus"}},{"type":"Feature","geometry":{"type":"LineString","coordinates":[[20.622327,52.109692],[20.622558,52.107638],[20.625201,52.106607],[20.621637,52.104134],[20.614082,52.101679],[20.612231,52.09799],[20.611054,52.088096],[20.611624,52.083725],[20.612116,52.079841],[20.612785,52.075048],[20.613605,52.068477],[20.612639,52.060533],[20.602981,52.05463],[20.597529,52.054449],[20.589069,52.054111]]},"properties":{"line":"22","dir":"Makówka Lukrecji","mode":"bus"}},{"type":"Feature","geometry":{"type":"LineString","coordinates":[[20.622327,52.109692],[20.622558,52.107638],[20.625201,52.106607],[20.625361,52.102737],[20.618147,52.101891],[20.617586,52.097256],[20.622426,52.096996],[20.62358,52.096791],[20.624959,52.091114],[20.626107,52.087563],[20.627702,52.082309],[20.62794,52.079083],[20.629371,52.076584],[20.632492,52.071738],[20.635282,52.06906],[20.637683,52.067111],[20.642249,52.065322],[20.648907,52.062413],[20.653851,52.060248],[20.659182,52.064483],[20.664895,52.070245],[20.661863,52.072996],[20.657086,52.075694],[20.653617,52.080027],[20.649497,52.083837],[20.645419,52.086476],[20.64988,52.083423],[20.653612,52.07977],[20.656972,52.07566],[20.662197,52.07267],[20.664895,52.070245],[20.676053,52.070848],[20.683826,52.071578],[20.687325,52.07159],[20.693463,52.071468],[20.698911,52.072223],[20.70041,52.072657],[20.722112,52.073088],[20.719513,52.07075],[20.710659,52.084226],[20.721212,52.081175],[20.751783,52.08092],[20.767394,52.082068],[20.759807,52.081818],[20.759339,52.087245],[20.754931,52.091793],[20.75277,52.096186],[20.746296,52.096639],[20.733797,52.097803],[20.733726,52.102274],[20.734665,52.106421],[20.727084,52.107487],[20.726402,52.110546],[20.726367,52.1175],[20.724909,52.123158],[20.721086,52.126313],[20.71494,52.131338],[20.712333,52.133469],[20.709738,52.136328],[20.715724,52.139772],[20.719145,52.140311]]},"properties":{"line":"23","dir":"Brwinów OSP","mode":"bus"}},{"type":"Feature","geometry":{"type":"LineString","coordinates":[[20.71799,52.141072],[20.714884,52.139409],[20.70929,52.135833],[20.712251,52.133395],[20.715967,52.130383],[20.720652,52.126521],[20.725163,52.12283],[20.72613,52.117509],[20.726378,52.111016],[20.729127,52.107332],[20.734449,52.106089],[20.733631,52.102307],[20.733647,52.098201],[20.746014,52.096608],[20.75206,52.096161],[20.754873,52.090487],[20.75973,52.08686],[20.767394,52.082068],[20.750854,52.08096],[20.72127,52.081272],[20.710515,52.084332],[20.722112,52.073088],[20.719513,52.07075],[20.698806,52.072318],[20.692872,52.071507],[20.687302,52.07169],[20.683806,52.071663],[20.676933,52.071046],[20.664895,52.070245],[20.661863,52.072996],[20.657086,52.075694],[20.653617,52.080027],[20.649497,52.083837],[20.645419,52.086476],[20.64988,52.083423],[20.653612,52.07977],[20.656972,52.07566],[20.662197,52.07267],[20.664895,52.070245],[20.658851,52.064196],[20.65298,52.060725],[20.648127,52.062862],[20.640608,52.065766],[20.637481,52.067461],[20.63415,52.070012],[20.632442,52.072347],[20.629776,52.07637],[20.62812,52.078608],[20.627555,52.083491],[20.625886,52.088666],[20.624942,52.091568],[20.623843,52.096131],[20.623161,52.09706],[20.617694,52.097308],[20.618109,52.10175],[20.625506,52.102754],[20.627766,52.103991],[20.626508,52.106819],[20.622327,52.109692]]},"properties":{"line":"23","dir":"Grodzisk Maz. Dw. PKP","mode":"bus"}},{"type":"Feature","geometry":{"type":"LineString","coordinates":[[20.622327,52.109692],[20.622558,52.107638],[20.628101,52.109003],[20.622107,52.115392],[20.620725,52.114947],[20.621405,52.110773],[20.620776,52.111831],[20.616643,52.111123],[20.616217,52.115765],[20.615915,52.117705],[20.619336,52.119576],[20.616002,52.124687],[20.606081,52.128019],[20.60205,52.129364],[20.595657,52.130752],[20.586935,52.131988],[20.58069,52.133625],[20.574187,52.135358],[20.558371,52.13938],[20.538695,52.140843],[20.532886,52.137972],[20.527207,52.1376],[20.520761,52.136829],[20.513681,52.136579],[20.509629,52.136444],[20.501927,52.136151],[20.500294,52.130843],[20.487491,52.130513],[20.480324,52.130112],[20.472303,52.128501],[20.471856,52.122579]]},"properties":{"line":"24","dir":"Baranów Szkoła","mode":"bus"}},{"type":"Feature","geometry":{"type":"LineString","coordinates":[[20.471856,52.122579],[20.472009,52.127527],[20.48034,52.130038],[20.487569,52.130446],[20.50055,52.130844],[20.50193,52.136066],[20.509637,52.13637],[20.51379,52.136509],[20.520721,52.136749],[20.52738,52.137502],[20.532658,52.137819],[20.538843,52.140794],[20.558754,52.139166],[20.575509,52.134913],[20.58056,52.13358],[20.588672,52.131443],[20.595483,52.130671],[20.601737,52.129393],[20.605931,52.127996],[20.616335,52.124492],[20.619476,52.119614],[20.615764,52.118225],[20.616114,52.114742],[20.616706,52.11087],[20.620815,52.111736],[20.621405,52.110773],[20.620923,52.114314],[20.623311,52.115005],[20.629255,52.109527],[20.622327,52.109692]]},"properties":{"line":"24","dir":"Grodzisk Maz. Dw. PKP","mode":"bus"}},{"type":"Feature","geometry":{"type":"LineString","coordinates":[[20.622327,52.109692],[20.622558,52.107638],[20.628101,52.109003],[20.622107,52.115392],[20.620725,52.114947],[20.621405,52.110773],[20.620776,52.111831],[20.616643,52.111123],[20.616217,52.115765],[20.615915,52.117705],[20.619336,52.119576],[20.616002,52.124687],[20.606081,52.128019],[20.60205,52.129364],[20.595657,52.130752],[20.586935,52.131988],[20.58069,52.133625],[20.574187,52.135358],[20.558371,52.13938],[20.538695,52.140843],[20.532886,52.137972],[20.527207,52.1376],[20.520761,52.136829],[20.513681,52.136579],[20.509629,52.136444]]},"properties":{"line":"24","dir":"Izdebno Kościelne Pętla","mode":"bus"}},{"type":"Feature","geometry":{"type":"LineString","coordinates":[[20.622327,52.109692],[20.622558,52.107638],[20.628101,52.109003],[20.622107,52.115392],[20.619476,52.119614],[20.615764,52.118225],[20.620725,52.114947],[20.621405,52.110773],[20.620776,52.111831],[20.616643,52.111123],[20.611376,52.111229],[20.61049,52.107803],[20.612516,52.109204],[20.606185,52.111528],[20.600194,52.114509],[20.598153,52.110572],[20.588769,52.113864],[20.58015,52.117843],[20.569813,52.119672],[20.565114,52.112422],[20.572589,52.111424],[20.573631,52.105291],[20.575977,52.100007],[20.573705,52.105439],[20.571901,52.11156],[20.565253,52.112475],[20.563682,52.125095],[20.558276,52.129572],[20.545645,52.133976],[20.532886,52.137972],[20.527207,52.1376],[20.520157,52.15265],[20.515919,52.163537],[20.510266,52.164812],[20.506463,52.170074],[20.503571,52.180041],[20.503916,52.184078],[20.511668,52.185333],[20.513825,52.189249],[20.520512,52.187408],[20.525399,52.187613],[20.521059,52.178753],[20.515744,52.16356],[20.519997,52.152653],[20.52738,52.137502],[20.532658,52.137819],[20.544956,52.134133],[20.557801,52.129629],[20.564054,52.12447],[20.565114,52.112422],[20.572589,52.111424],[20.573631,52.105291],[20.575977,52.100007],[20.573705,52.105439],[20.571901,52.11156],[20.565253,52.112475],[20.570841,52.119578],[20.581478,52.117294],[20.589004,52.113624],[20.599756,52.109937],[20.604778,52.108624],[20.606314,52.111423],[20.61049,52.107803],[20.612516,52.109204],[20.611624,52.111819],[20.616706,52.11087],[20.620815,52.111736],[20.621405,52.110773],[20.620923,52.114314],[20.616217,52.115765],[20.615915,52.117705],[20.619336,52.119576],[20.623311,52.115005],[20.629255,52.109527],[20.622327,52.109692]]},"properties":{"line":"25","dir":"Grodzisk Maz. Dw. PKP","mode":"bus"}},{"type":"Feature","geometry":{"type":"LineString","coordinates":[[20.622327,52.109692],[20.622558,52.107638],[20.628101,52.109003],[20.622107,52.115392],[20.619476,52.119614],[20.615764,52.118225],[20.620725,52.114947],[20.621405,52.110773],[20.620776,52.111831],[20.616643,52.111123],[20.611376,52.111229],[20.61049,52.107803],[20.612516,52.109204],[20.606185,52.111528],[20.600194,52.114509],[20.598153,52.110572],[20.588769,52.113864],[20.58015,52.117843],[20.569813,52.119672],[20.565114,52.112422],[20.572589,52.111424],[20.573631,52.105291],[20.575977,52.100007],[20.573705,52.105439],[20.571901,52.11156],[20.565253,52.112475],[20.563682,52.125095],[20.558276,52.129572],[20.545645,52.133976],[20.532886,52.137972]]},"properties":{"line":"25","dir":"Izdebno Kościelne Szkoła","mode":"bus"}},{"type":"Feature","geometry":{"type":"LineString","coordinates":[[20.435,52.171483],[20.457493,52.170578],[20.473793,52.170082],[20.506312,52.170028],[20.511813,52.164274],[20.515744,52.16356],[20.525191,52.162603],[20.536103,52.162177],[20.544213,52.162082],[20.553105,52.161995],[20.560374,52.154038],[20.573329,52.152801],[20.589152,52.153919],[20.599847,52.150587],[20.608401,52.149989],[20.625916,52.150585],[20.63649,52.153182],[20.645239,52.151333],[20.636431,52.145722],[20.628875,52.13976],[20.629352,52.140054],[20.632265,52.141351],[20.634525,52.134276],[20.636141,52.129203],[20.63509,52.128485],[20.626901,52.1202],[20.619476,52.119614],[20.615764,52.118225],[20.616114,52.114742],[20.616706,52.11087],[20.620815,52.111736],[20.621405,52.110773],[20.620923,52.114314],[20.623311,52.115005],[20.629255,52.109527],[20.622327,52.109692],[20.622558,52.107638],[20.625201,52.106607],[20.626133,52.102756],[20.627263,52.100759],[20.623161,52.09706],[20.616616,52.095662]]},"properties":{"line":"26","dir":"Grodzisk Maz. Szpital","mode":"bus"}},{"type":"Feature","geometry":{"type":"LineString","coordinates":[[20.616616,52.095662],[20.617812,52.09581],[20.622426,52.096996],[20.626862,52.099975],[20.627312,52.101018],[20.626279,52.102694],[20.627766,52.103991],[20.626508,52.106819],[20.622327,52.109692],[20.622558,52.107638],[20.628101,52.109003],[20.622107,52.115392],[20.620725,52.114947],[20.621405,52.110773],[20.620776,52.111831],[20.616643,52.111123],[20.616217,52.115765],[20.615915,52.117705],[20.619336,52.119576],[20.627149,52.120537],[20.633955,52.128225],[20.636155,52.129544],[20.634568,52.134594],[20.632401,52.141612],[20.628875,52.13976],[20.629352,52.140054],[20.636282,52.145446],[20.646285,52.151306],[20.637159,52.153229],[20.625916,52.150585],[20.608876,52.150039],[20.601131,52.15045],[20.588972,52.154066],[20.573138,52.152899],[20.560046,52.154112],[20.553166,52.162056],[20.544124,52.162151],[20.536012,52.162256],[20.523951,52.162566],[20.515919,52.163537],[20.510266,52.164812],[20.506463,52.170074],[20.473506,52.170152],[20.456947,52.170666],[20.435,52.171483]]},"properties":{"line":"26","dir":"Kaski","mode":"bus"}},{"type":"Feature","geometry":{"type":"LineString","coordinates":[[20.616616,52.095662],[20.617812,52.09581],[20.622426,52.096996],[20.626862,52.099975],[20.627312,52.101018],[20.626279,52.102694],[20.627766,52.103991],[20.626508,52.106819],[20.622327,52.109692],[20.622558,52.107638],[20.628101,52.109003],[20.622107,52.115392],[20.620725,52.114947],[20.621405,52.110773],[20.620776,52.111831],[20.616643,52.111123],[20.616217,52.115765],[20.615915,52.117705],[20.619336,52.119576],[20.627149,52.120537],[20.633955,52.128225],[20.636155,52.129544],[20.634568,52.134594],[20.632401,52.141612],[20.628875,52.13976],[20.629352,52.140054],[20.636282,52.145446],[20.646285,52.151306],[20.637159,52.153229],[20.625916,52.150585],[20.608876,52.150039],[20.601131,52.15045],[20.588972,52.154066],[20.573138,52.152899],[20.560046,52.154112]]},"properties":{"line":"26","dir":"Kłudno Nowe Pętla","mode":"bus"}},{"type":"Feature","geometry":{"type":"LineString","coordinates":[[20.663537,52.118771],[20.665579,52.121653],[20.668276,52.121408],[20.670993,52.118987],[20.667724,52.117163],[20.647836,52.110169],[20.639047,52.108348],[20.634491,52.107192],[20.631183,52.109107],[20.622107,52.115392],[20.620725,52.114947],[20.621405,52.110773],[20.620776,52.111831],[20.616643,52.111123],[20.616217,52.115765],[20.615915,52.117705],[20.619336,52.119576],[20.618836,52.126864],[20.61807,52.131533],[20.617692,52.13386],[20.607859,52.135183],[20.598438,52.134799],[20.616777,52.139464],[20.616076,52.143821],[20.616543,52.140062],[20.617457,52.134486],[20.618107,52.130663],[20.618853,52.126052],[20.619476,52.119614],[20.615764,52.118225],[20.616114,52.114742],[20.616706,52.11087],[20.620815,52.111736],[20.621405,52.110773],[20.620923,52.114314],[20.623311,52.115005],[20.630862,52.115644]]},"properties":{"line":"27","dir":"Grodzisk Maz. Rokiciańska","mode":"bus"}},{"type":"Feature","geometry":{"type":"LineString","coordinates":[[20.630862,52.115644],[20.622107,52.115392],[20.620725,52.114947],[20.621405,52.110773],[20.620776,52.111831],[20.616643,52.111123],[20.616217,52.115765],[20.615915,52.117705],[20.619336,52.119576],[20.618836,52.126864],[20.61807,52.131533],[20.617692,52.13386],[20.607859,52.135183],[20.598438,52.134799],[20.616777,52.139464],[20.616076,52.143821],[20.616543,52.140062],[20.617457,52.134486],[20.618107,52.130663],[20.618853,52.126052],[20.619476,52.119614],[20.615764,52.118225],[20.616114,52.114742],[20.616706,52.11087],[20.620815,52.111736],[20.621405,52.110773],[20.620923,52.114314],[20.623311,52.115005],[20.630895,52.109161],[20.635703,52.107314],[20.639382,52.10838],[20.641539,52.107855],[20.649373,52.110398],[20.665301,52.116971],[20.663537,52.118771]]},"properties":{"line":"27","dir":"Milanówek Basen","mode":"bus"}},{"type":"Feature","geometry":{"type":"LineString","coordinates":[[20.622327,52.109692],[20.622558,52.107638],[20.625201,52.106607],[20.625361,52.102737],[20.619486,52.098775],[20.617694,52.097308],[20.612231,52.09799],[20.611054,52.088096],[20.611624,52.083725],[20.612116,52.079841],[20.612785,52.075048],[20.613605,52.068477],[20.612639,52.060533],[20.602981,52.05463],[20.597529,52.054449],[20.589069,52.054111],[20.577767,52.059199],[20.582558,52.061196],[20.58974,52.060169],[20.596329,52.062071],[20.595764,52.064692],[20.594282,52.065129],[20.595912,52.067222],[20.604037,52.068719],[20.613591,52.069866],[20.612657,52.076918],[20.612159,52.080861],[20.611636,52.084923],[20.611175,52.089883],[20.617812,52.09581],[20.617694,52.097308],[20.619486,52.098775],[20.622426,52.096996],[20.626862,52.099975],[20.627312,52.101018],[20.626279,52.102694],[20.627766,52.103991],[20.626508,52.106819],[20.622327,52.109692]]},"properties":{"line":"28","dir":"Grodzisk Maz. Dw. PKP","mode":"bus"}},{"type":"Feature","geometry":{"type":"LineString","coordinates":[[20.800074,52.091292],[20.792525,52.0835],[20.77814,52.082013],[20.767394,52.082068],[20.750854,52.08096],[20.72127,52.081272],[20.710515,52.084332],[20.698806,52.072318],[20.692872,52.071507],[20.693463,52.071468],[20.698911,52.072223],[20.70041,52.072657],[20.700653,52.074683],[20.696211,52.078274],[20.688856,52.083908],[20.678438,52.08823],[20.671308,52.090431],[20.662889,52.093982],[20.658979,52.094975],[20.651756,52.097645],[20.644845,52.099765],[20.644904,52.100597],[20.649626,52.102214],[20.653186,52.103416],[20.653017,52.105446],[20.651028,52.107662],[20.649385,52.109523],[20.646817,52.11213],[20.643811,52.11418],[20.637948,52.112695],[20.639047,52.108348],[20.634491,52.107192],[20.631183,52.109107],[20.629255,52.109527],[20.622327,52.109692],[20.622558,52.107638],[20.625201,52.106607],[20.625361,52.102737],[20.619486,52.098775],[20.616616,52.095662]]},"properties":{"line":"29","dir":"Grodzisk Maz. Szpital","mode":"bus"}},{"type":"Feature","geometry":{"type":"LineString","coordinates":[[20.616616,52.095662],[20.617812,52.09581],[20.617694,52.097308],[20.619486,52.098775],[20.622426,52.096996],[20.626862,52.099975],[20.627312,52.101018],[20.626279,52.102694],[20.627766,52.103991],[20.626508,52.106819],[20.622327,52.109692],[20.622558,52.107638],[20.628101,52.109003],[20.630895,52.109161],[20.635703,52.107314],[20.639382,52.10838],[20.637654,52.112492],[20.642631,52.113849],[20.646678,52.11203],[20.649148,52.109538],[20.650898,52.107692],[20.652847,52.105478],[20.653956,52.10376],[20.649858,52.102386],[20.645174,52.100797],[20.644764,52.099641],[20.652934,52.09717],[20.659228,52.094774],[20.665483,52.093285],[20.670629,52.09059],[20.67995,52.087868],[20.689707,52.083031],[20.694491,52.07948],[20.697075,52.077119],[20.700934,52.074319],[20.698806,52.072318],[20.692872,52.071507],[20.693463,52.071468],[20.698911,52.072223],[20.70041,52.072657],[20.710659,52.084226],[20.721212,52.081175],[20.751783,52.08092],[20.767394,52.082068],[20.777243,52.081936],[20.792541,52.083299],[20.800074,52.091292]]},"properties":{"line":"29","dir":"P+R Nadarzyn","mode":"bus"}},{"type":"Feature","geometry":{"type":"LineString","coordinates":[[20.622327,52.109692],[20.622558,52.107638],[20.625201,52.106607],[20.626133,52.102756],[20.627263,52.100759],[20.633265,52.097131],[20.634423,52.096101],[20.638457,52.093011],[20.641984,52.089256],[20.645419,52.086476],[20.64988,52.083423],[20.653612,52.07977],[20.656972,52.07566],[20.662197,52.07267],[20.664895,52.070245],[20.658851,52.064196],[20.658323,52.058167],[20.661889,52.056256],[20.664918,52.05639],[20.671216,52.055608],[20.676324,52.05274],[20.679801,52.050693],[20.680223,52.043644],[20.684712,52.039847],[20.689885,52.031309],[20.669875,52.02748],[20.668939,52.029381],[20.667814,52.027471],[20.658781,52.021109],[20.660018,52.018713],[20.661501,52.01507],[20.657998,52.012285],[20.648572,52.013404],[20.637975,52.013987],[20.620785,52.026329],[20.620977,52.026002],[20.622973,52.015982],[20.612277,52.009073],[20.620309,52.005815],[20.630865,52.002073],[20.626746,51.995996],[20.622522,51.996278],[20.616266,51.993637],[20.622395,51.996073],[20.627549,51.99605],[20.630997,52.00209],[20.632853,52.005289],[20.636271,52.011209],[20.638118,52.013879],[20.64809,52.013345],[20.658316,52.012215],[20.661613,52.015138],[20.660267,52.018496],[20.658814,52.021275],[20.669208,52.027792],[20.668939,52.029381],[20.671376,52.027599],[20.685907,52.030381],[20.691328,52.031863],[20.684253,52.040507],[20.679546,52.045153],[20.679812,52.050791],[20.676779,52.052584],[20.671245,52.0557],[20.664446,52.056125],[20.661763,52.056397],[20.65781,52.058593],[20.659182,52.064483],[20.664895,52.070245],[20.661863,52.072996],[20.657086,52.075694],[20.653617,52.080027],[20.649497,52.083837],[20.64444,52.087218],[20.642084,52.089306],[20.638416,52.09314],[20.6345,52.096188],[20.633362,52.097199],[20.627312,52.101018],[20.626279,52.102694],[20.627766,52.103991],[20.626508,52.106819],[20.622327,52.109692]]},"properties":{"line":"30","dir":"Grodzisk Maz. Dw. PKP","mode":"bus"}},{"type":"Feature","geometry":{"type":"LineString","coordinates":[[20.622327,52.109692],[20.622558,52.107638],[20.625201,52.106607],[20.626133,52.102756],[20.627263,52.100759],[20.633265,52.097131],[20.634423,52.096101],[20.638457,52.093011],[20.641984,52.089256],[20.645419,52.086476],[20.64988,52.083423],[20.653612,52.07977],[20.656972,52.07566],[20.662197,52.07267],[20.664895,52.070245]]},"properties":{"line":"30","dir":"Radonie Pętla","mode":"bus"}},{"type":"Feature","geometry":{"type":"LineString","coordinates":[[20.622327,52.109692],[20.622558,52.107638],[20.625201,52.106607],[20.626133,52.102756],[20.627263,52.100759],[20.633265,52.097131],[20.634423,52.096101],[20.638457,52.093011],[20.641984,52.089256],[20.645419,52.086476],[20.64988,52.083423],[20.653612,52.07977],[20.656972,52.07566],[20.662197,52.07267],[20.664895,52.070245],[20.658851,52.064196],[20.658323,52.058167],[20.661889,52.056256],[20.664918,52.05639],[20.671216,52.055608],[20.676324,52.05274],[20.679801,52.050693],[20.680223,52.043644],[20.684712,52.039847],[20.689885,52.031309],[20.669875,52.02748],[20.668939,52.029381],[20.667814,52.027471],[20.658781,52.021109],[20.660018,52.018713],[20.661501,52.01507],[20.657998,52.012285],[20.648572,52.013404],[20.637975,52.013987],[20.632753,52.005406],[20.648049,51.999256],[20.647892,51.993759],[20.656193,51.982973]]},"properties":{"line":"30","dir":"Skuły Szkoła","mode":"bus"}},{"type":"Feature","geometry":{"type":"LineString","coordinates":[[20.622327,52.109692],[20.622558,52.107638],[20.625201,52.106607],[20.626133,52.102756],[20.627263,52.100759],[20.633265,52.097131],[20.634423,52.096101],[20.638457,52.093011],[20.641984,52.089256],[20.645419,52.086476],[20.64988,52.083423],[20.653612,52.07977],[20.656972,52.07566],[20.662197,52.07267],[20.664895,52.070245],[20.658851,52.064196],[20.658323,52.058167],[20.661889,52.056256],[20.664918,52.05639],[20.671216,52.055608],[20.676324,52.05274],[20.679801,52.050693],[20.680223,52.043644],[20.684712,52.039847],[20.689885,52.031309]]},"properties":{"line":"30","dir":"Żabia Wola Urząd Gminy","mode":"bus"}},{"type":"Feature","geometry":{"type":"LineString","coordinates":[[20.665644,51.946644],[20.652214,51.94821],[20.635662,51.950453],[20.636907,51.953864],[20.642176,51.961007],[20.64946,51.967078],[20.637892,51.967682],[20.634833,51.971071],[20.624871,51.970179],[20.621759,51.967799],[20.638175,51.967501],[20.650186,51.96695],[20.653409,51.966789],[20.674862,51.966047],[20.660275,51.966583],[20.653136,51.967505],[20.656029,51.971508],[20.658212,51.975722],[20.657752,51.98227],[20.661227,51.988758],[20.664793,51.993211],[20.671639,51.999432],[20.682237,52.005928],[20.689521,52.007687],[20.692768,52.010475],[20.690786,52.012984],[20.688988,52.01617],[20.688286,52.021044],[20.689812,52.026041],[20.691328,52.031863],[20.669875,52.02748],[20.669211,52.02984],[20.663454,52.036951],[20.654769,52.043814],[20.644866,52.049381],[20.641471,52.055771],[20.639129,52.064001],[20.637481,52.067461],[20.63415,52.070012],[20.632442,52.072347],[20.629776,52.07637],[20.62812,52.078608],[20.627555,52.083491],[20.625886,52.088666],[20.624942,52.091568],[20.623843,52.096131],[20.623161,52.09706],[20.617694,52.097308],[20.618109,52.10175],[20.625506,52.102754],[20.627766,52.103991],[20.626508,52.106819],[20.622327,52.109692]]},"properties":{"line":"31","dir":"Grodzisk Maz. Dw. PKP","mode":"bus"}},{"type":"Feature","geometry":{"type":"LineString","coordinates":[[20.622327,52.109692],[20.622558,52.107638],[20.625201,52.106607],[20.625361,52.102737],[20.618147,52.101891],[20.617586,52.097256],[20.622426,52.096996],[20.62358,52.096791],[20.624959,52.091114],[20.626107,52.087563],[20.627702,52.082309],[20.62794,52.079083],[20.629371,52.076584],[20.632492,52.071738],[20.635282,52.06906],[20.637683,52.067111],[20.639097,52.063203],[20.641627,52.054754],[20.645731,52.048526],[20.653374,52.044458],[20.662583,52.03746],[20.668939,52.029381],[20.671376,52.027599],[20.685907,52.030381],[20.691007,52.030694],[20.689644,52.026029],[20.688071,52.020566],[20.688433,52.017006],[20.690888,52.012558],[20.693253,52.009706],[20.688662,52.00747],[20.681834,52.005966],[20.671526,51.99951],[20.664414,51.992887],[20.661101,51.988757],[20.657449,51.983557],[20.658093,51.975461],[20.655551,51.971068],[20.649892,51.966424],[20.642004,51.960949],[20.636416,51.953214],[20.636049,51.950291],[20.65246,51.948095],[20.665644,51.946644],[20.652214,51.94821],[20.635662,51.950453],[20.63258,51.933872],[20.626008,51.925002]]},"properties":{"line":"31","dir":"Lutkówka Szkoła","mode":"bus"}},{"type":"Feature","geometry":{"type":"LineString","coordinates":[[20.665644,51.946644],[20.652214,51.94821],[20.635662,51.950453],[20.636907,51.953864],[20.642176,51.961007],[20.64946,51.967078],[20.637892,51.967682],[20.634833,51.971071],[20.624871,51.970179],[20.621759,51.967799],[20.638175,51.967501],[20.650186,51.96695],[20.653409,51.966789],[20.674862,51.966047],[20.660275,51.966583],[20.653136,51.967505],[20.656029,51.971508],[20.658212,51.975722],[20.657752,51.98227],[20.661227,51.988758],[20.664793,51.993211],[20.671639,51.999432],[20.682237,52.005928],[20.689521,52.007687],[20.692768,52.010475],[20.690786,52.012984],[20.688988,52.01617],[20.688286,52.021044],[20.689812,52.026041],[20.691328,52.031863],[20.669875,52.02748],[20.669211,52.02984],[20.663454,52.036951],[20.654769,52.043814],[20.644866,52.049381],[20.641471,52.055771],[20.639129,52.064001],[20.637481,52.067461],[20.63415,52.070012],[20.632442,52.072347],[20.629776,52.07637],[20.62812,52.078608],[20.627555,52.083491],[20.625886,52.088666],[20.624942,52.091568],[20.623843,52.096131],[20.623161,52.09706],[20.617694,52.097308],[20.618109,52.10175],[20.625506,52.102754],[20.627766,52.103991],[20.626508,52.106819],[20.625226,52.110327],[20.628101,52.109003],[20.637654,52.112492],[20.642631,52.113849],[20.64948,52.116121],[20.656238,52.117376],[20.660456,52.119194],[20.662622,52.120832],[20.665579,52.121653],[20.667567,52.12616],[20.67164,52.12877]]},"properties":{"line":"31","dir":"Milanówek Zaciszna","mode":"bus"}},{"type":"Feature","geometry":{"type":"LineString","coordinates":[[20.67164,52.12877],[20.665922,52.126073],[20.659416,52.118205],[20.655309,52.117323],[20.649588,52.116257],[20.643811,52.11418],[20.637948,52.112695],[20.629255,52.109527],[20.622327,52.109692],[20.622558,52.107638],[20.625201,52.106607],[20.625361,52.102737],[20.618147,52.101891],[20.617586,52.097256],[20.622426,52.096996],[20.62358,52.096791],[20.624959,52.091114],[20.626107,52.087563],[20.627702,52.082309],[20.62794,52.079083],[20.629371,52.076584],[20.632492,52.071738],[20.635282,52.06906],[20.637683,52.067111],[20.639097,52.063203],[20.641627,52.054754],[20.645731,52.048526],[20.653374,52.044458],[20.662583,52.03746],[20.668939,52.029381],[20.671376,52.027599],[20.685907,52.030381],[20.691007,52.030694],[20.689644,52.026029],[20.688071,52.020566],[20.688433,52.017006],[20.690888,52.012558],[20.693253,52.009706],[20.688662,52.00747],[20.681834,52.005966],[20.671526,51.99951],[20.664414,51.992887],[20.661101,51.988757],[20.657449,51.983557],[20.658093,51.975461],[20.655551,51.971068],[20.653409,51.966789],[20.674862,51.966047],[20.660275,51.966583],[20.64946,51.967078],[20.637892,51.967682],[20.634833,51.971071],[20.624871,51.970179],[20.621759,51.967799],[20.638175,51.967501],[20.650186,51.96695],[20.649892,51.966424],[20.642004,51.960949],[20.636416,51.953214],[20.636049,51.950291],[20.65246,51.948095],[20.665644,51.946644]]},"properties":{"line":"31","dir":"Petrykozy Trakt Królewski","mode":"bus"}},{"type":"Feature","geometry":{"type":"LineString","coordinates":[[20.691007,52.030694],[20.689644,52.026029],[20.688071,52.020566],[20.688433,52.017006],[20.690888,52.012558],[20.693253,52.009706],[20.703059,52.010963],[20.710124,52.012192],[20.718923,52.012479],[20.728335,52.014528],[20.734758,52.010797],[20.73563,52.00527],[20.733396,51.999076],[20.734284,51.996249],[20.74288,51.99133],[20.747379,51.989245],[20.748389,51.993485],[20.745013,51.994978],[20.750115,52.001264],[20.745679,52.003964],[20.739386,52.007419],[20.735332,52.010716],[20.729975,52.016646],[20.729882,52.023458],[20.728982,52.033418],[20.72665,52.039161],[20.723642,52.042535],[20.726405,52.054897],[20.725236,52.054521],[20.721451,52.054974],[20.710319,52.062408],[20.706321,52.066316],[20.698806,52.072318],[20.692872,52.071507],[20.693463,52.071468],[20.698911,52.072223],[20.70041,52.072657],[20.700653,52.074683],[20.696211,52.078274],[20.688856,52.083908],[20.678438,52.08823],[20.671308,52.090431],[20.662889,52.093982],[20.658979,52.094975],[20.651756,52.097645],[20.644845,52.099765],[20.64267,52.100498],[20.636425,52.103615],[20.627766,52.103991],[20.626508,52.106819],[20.622327,52.109692]]},"properties":{"line":"32","dir":"Grodzisk Maz. Dw. PKP","mode":"bus"}},{"type":"Feature","geometry":{"type":"LineString","coordinates":[[20.734758,52.010797],[20.73563,52.00527],[20.733396,51.999076],[20.734284,51.996249],[20.74288,51.99133],[20.747379,51.989245],[20.748389,51.993485],[20.745013,51.994978],[20.750115,52.001264],[20.745679,52.003964],[20.739386,52.007419],[20.735332,52.010716],[20.729975,52.016646],[20.729882,52.023458],[20.728982,52.033418],[20.72665,52.039161],[20.723642,52.042535],[20.726405,52.054897]]},"properties":{"line":"32","dir":"Siestrzeń Rozalińska","mode":"bus"}},{"type":"Feature","geometry":{"type":"LineString","coordinates":[[20.622327,52.109692],[20.622558,52.107638],[20.625201,52.106607],[20.628645,52.103182],[20.638024,52.102489],[20.644764,52.099641],[20.652934,52.09717],[20.659228,52.094774],[20.665483,52.093285],[20.670629,52.09059],[20.67995,52.087868],[20.689707,52.083031],[20.694491,52.07948],[20.697075,52.077119],[20.700934,52.074319],[20.698806,52.072318],[20.692872,52.071507],[20.693463,52.071468],[20.698911,52.072223],[20.699938,52.071881],[20.70663,52.065764],[20.71074,52.061739],[20.721451,52.054974],[20.726405,52.054897],[20.725236,52.054521],[20.724388,52.041466],[20.72733,52.038314],[20.728544,52.032737],[20.7299,52.022611],[20.730615,52.019514],[20.729816,52.01665],[20.734758,52.010797],[20.73563,52.00527],[20.733396,51.999076],[20.734284,51.996249],[20.74288,51.99133],[20.747379,51.989245],[20.748389,51.993485],[20.745013,51.994978],[20.750115,52.001264],[20.745679,52.003964],[20.739386,52.007419],[20.735332,52.010716],[20.72748,52.014396],[20.715726,52.012232],[20.709946,52.012231],[20.701435,52.010864],[20.692768,52.010475],[20.690786,52.012984],[20.688988,52.01617],[20.688286,52.021044],[20.689812,52.026041],[20.691328,52.031863]]},"properties":{"line":"32","dir":"Żabia Wola Urząd Gminy","mode":"bus"}},{"type":"Feature","geometry":{"type":"LineString","coordinates":[[20.769214,52.00517],[20.761708,52.006088],[20.756418,52.007399],[20.744065,52.010347],[20.735332,52.010716],[20.729975,52.016646],[20.732246,52.020083],[20.736206,52.02007],[20.747055,52.019968],[20.755097,52.020014],[20.751641,52.027137],[20.749659,52.029331],[20.74355,52.035923],[20.741566,52.039037],[20.734622,52.04181],[20.723536,52.043175],[20.726405,52.054897],[20.725236,52.054521],[20.721451,52.054974],[20.710319,52.062408],[20.706321,52.066316],[20.698806,52.072318],[20.692872,52.071507],[20.693463,52.071468],[20.698911,52.072223],[20.70041,52.072657],[20.700653,52.074683],[20.696211,52.078274],[20.688856,52.083908],[20.678438,52.08823],[20.671308,52.090431],[20.662889,52.093982],[20.658979,52.094975],[20.651756,52.097645],[20.644845,52.099765],[20.64267,52.100498],[20.636425,52.103615],[20.627766,52.103991],[20.626508,52.106819],[20.622327,52.109692]]},"properties":{"line":"33","dir":"Grodzisk Maz. Dw. PKP","mode":"bus"}},{"type":"Feature","geometry":{"type":"LineString","coordinates":[[20.622327,52.109692],[20.622558,52.107638],[20.625201,52.106607],[20.628645,52.103182],[20.638024,52.102489],[20.644764,52.099641],[20.652934,52.09717],[20.659228,52.094774],[20.665483,52.093285],[20.670629,52.09059],[20.67995,52.087868],[20.689707,52.083031],[20.694491,52.07948],[20.697075,52.077119],[20.700934,52.074319],[20.698806,52.072318],[20.692872,52.071507],[20.693463,52.071468],[20.698911,52.072223],[20.699938,52.071881],[20.70663,52.065764],[20.71074,52.061739],[20.721451,52.054974],[20.726405,52.054897],[20.725236,52.054521],[20.724158,52.043269],[20.735375,52.041451],[20.7418,52.038694],[20.743855,52.035476],[20.749915,52.02888],[20.751719,52.026912],[20.753522,52.019969],[20.746189,52.020044],[20.735362,52.020144],[20.730615,52.019514],[20.729816,52.01665],[20.734758,52.010797],[20.745337,52.010245],[20.752158,52.009256],[20.756745,52.007163],[20.76194,52.006139],[20.769037,52.005099]]},"properties":{"line":"33","dir":"Ojrzanów Przyleśna","mode":"bus"}},{"type":"Feature","geometry":{"type":"LineString","coordinates":[[20.622327,52.109692],[20.622558,52.107638],[20.625201,52.106607],[20.628645,52.103182],[20.638024,52.102489],[20.647888,52.093462],[20.649261,52.090284],[20.651822,52.087374],[20.64988,52.083423],[20.653612,52.07977],[20.656972,52.07566],[20.662197,52.07267],[20.676053,52.070848],[20.683826,52.071578],[20.687325,52.07159],[20.693463,52.071468],[20.698911,52.072223],[20.70041,52.072657],[20.700653,52.074683],[20.696211,52.078274],[20.688856,52.083908],[20.678438,52.08823],[20.671308,52.090431],[20.662889,52.093982],[20.654595,52.090602],[20.649057,52.090818],[20.647888,52.093785],[20.64267,52.100498],[20.636425,52.103615],[20.627766,52.103991],[20.626508,52.106819],[20.622327,52.109692]]},"properties":{"line":"34","dir":"Grodzisk Maz. Dw. PKP","mode":"bus"}},{"type":"Feature","geometry":{"type":"LineString","coordinates":[[20.695855,52.071878],[20.692872,52.071507],[20.693463,52.071468],[20.698911,52.072223],[20.699938,52.071881],[20.706113,52.085599],[20.707481,52.093714],[20.705183,52.100043],[20.704819,52.10445],[20.70476,52.109936],[20.711005,52.114101],[20.706742,52.118483],[20.702683,52.120847],[20.699159,52.123972],[20.702168,52.130362],[20.709738,52.136328],[20.715724,52.139772],[20.719145,52.140311]]},"properties":{"line":"35","dir":"Brwinów OSP","mode":"bus"}},{"type":"Feature","geometry":{"type":"LineString","coordinates":[[20.71799,52.141072],[20.714884,52.139409],[20.708485,52.135701],[20.70206,52.130532],[20.699017,52.123938],[20.700126,52.121151],[20.706639,52.118425],[20.710852,52.11414],[20.704666,52.110348],[20.704708,52.105087],[20.705108,52.100445],[20.707287,52.093967],[20.705429,52.085683],[20.698806,52.072318],[20.695855,52.071878]]},"properties":{"line":"35","dir":"Książenice Szkoła","mode":"bus"}},{"type":"Feature","geometry":{"type":"LineString","coordinates":[[20.610315,52.18724],[20.612642,52.188861],[20.62129,52.189978],[20.620686,52.194015],[20.614672,52.19681],[20.611402,52.196974],[20.616606,52.199522],[20.614826,52.203016],[20.611277,52.20785],[20.608518,52.21112],[20.597331,52.215925],[20.592484,52.223958],[20.601379,52.22408],[20.603125,52.224075],[20.608426,52.227808],[20.615561,52.228784],[20.625204,52.243173],[20.643164,52.242932],[20.64939,52.225849],[20.642483,52.228026],[20.615568,52.228757],[20.607375,52.227072],[20.602652,52.22362],[20.608252,52.211237],[20.611007,52.207977],[20.61404,52.203988],[20.616708,52.198888],[20.620686,52.194015],[20.618498,52.1894],[20.612393,52.188942],[20.609945,52.187314]]},"properties":{"line":"40","dir":"Błonie PKP","mode":"bus"}},{"type":"Feature","geometry":{"type":"LineString","coordinates":[[20.453798,52.242097],[20.477423,52.24253],[20.497221,52.241996],[20.508198,52.240176],[20.518261,52.249325],[20.531986,52.246986],[20.545945,52.244489],[20.562831,52.250609],[20.572967,52.253582],[20.584179,52.252754],[20.588717,52.252797],[20.58637,52.257517]]},"properties":{"line":"41","dir":"Leszno","mode":"bus"}},{"type":"Feature","geometry":{"type":"LineString","coordinates":[[20.58637,52.257517],[20.579974,52.258545],[20.58076,52.261589],[20.572936,52.264423],[20.560776,52.264731],[20.554698,52.264734],[20.56327,52.259245],[20.572599,52.259666],[20.580761,52.262112],[20.579667,52.257851],[20.58637,52.257517],[20.586986,52.252537],[20.584196,52.252843],[20.572131,52.253678],[20.562453,52.250556],[20.545127,52.244806],[20.530098,52.24739],[20.517326,52.249574],[20.507233,52.240422],[20.497668,52.242044],[20.476768,52.242566],[20.453798,52.242097]]},"properties":{"line":"41","dir":"Podkampinos Rondo","mode":"bus"}},{"type":"Feature","geometry":{"type":"LineString","coordinates":[[20.240215,52.216546],[20.237699,52.229449],[20.248985,52.236988],[20.277971,52.25399],[20.297016,52.259178],[20.307877,52.258843],[20.327553,52.257395],[20.350399,52.259903],[20.363917,52.263036],[20.381567,52.266061],[20.395145,52.268997],[20.419188,52.269635],[20.431056,52.269687],[20.442806,52.269387],[20.462563,52.267719],[20.464084,52.268016],[20.486927,52.263374],[20.502574,52.260966],[20.519103,52.259461],[20.527954,52.258807],[20.541271,52.258179],[20.55976,52.256602],[20.572196,52.256841],[20.58637,52.257517],[20.588443,52.251732],[20.602652,52.22362],[20.608252,52.211237],[20.611007,52.207977],[20.61404,52.203988],[20.616708,52.198888],[20.620686,52.194015],[20.618498,52.1894],[20.612393,52.188942],[20.609945,52.187314]]},"properties":{"line":"42","dir":"Błonie PKP","mode":"bus"}},{"type":"Feature","geometry":{"type":"LineString","coordinates":[[20.610315,52.18724],[20.612642,52.188861],[20.62129,52.189978],[20.620686,52.194015],[20.616606,52.199522],[20.614826,52.203016],[20.611277,52.20785],[20.608518,52.21112],[20.602306,52.224672],[20.588717,52.252797],[20.58637,52.257517],[20.572158,52.256958],[20.558163,52.256844],[20.540109,52.258367],[20.525621,52.259078],[20.516994,52.259796],[20.500111,52.2613],[20.485135,52.263601],[20.462563,52.267719],[20.440749,52.26953],[20.43039,52.269788],[20.418407,52.269725],[20.396328,52.269353],[20.38091,52.266046],[20.363501,52.262986],[20.352022,52.260133],[20.326115,52.257399],[20.307343,52.258992],[20.297143,52.259321],[20.277971,52.25399],[20.248793,52.237309],[20.237699,52.229449],[20.240215,52.216546]]},"properties":{"line":"42","dir":"Sochaczew Sienkiewicza (przy PKP)","mode":"bus"}},{"type":"Feature","geometry":{"type":"LineString","coordinates":[[20.614251,52.311774],[20.603306,52.292743],[20.613644,52.290926],[20.611253,52.286369],[20.601002,52.286542],[20.596685,52.274385],[20.58637,52.257517],[20.572158,52.256958],[20.558163,52.256844],[20.540109,52.258367],[20.531986,52.246986],[20.545945,52.244489],[20.560125,52.231335],[20.570795,52.226988],[20.575166,52.224046],[20.582776,52.218969],[20.586532,52.216809],[20.585382,52.210615],[20.598578,52.206888],[20.604826,52.202813],[20.611326,52.196845],[20.61456,52.19672],[20.620686,52.194015],[20.618498,52.1894],[20.612393,52.188942],[20.609945,52.187314]]},"properties":{"line":"43","dir":"Błonie PKP","mode":"bus"}},{"type":"Feature","geometry":{"type":"LineString","coordinates":[[20.610315,52.18724],[20.612642,52.188861],[20.62129,52.189978],[20.620686,52.194015],[20.614672,52.19681],[20.611402,52.196974],[20.604939,52.202858],[20.59919,52.206806],[20.584589,52.21099],[20.58654,52.216879],[20.58283,52.219037],[20.574446,52.224648],[20.570435,52.227359],[20.559778,52.231731],[20.545127,52.244806],[20.532436,52.246968],[20.541271,52.258179],[20.55976,52.256602],[20.572196,52.256841],[20.58637,52.257517],[20.597347,52.275272],[20.602838,52.287298],[20.612393,52.286168],[20.613629,52.291027],[20.60256,52.293307],[20.614251,52.311774]]},"properties":{"line":"43","dir":"Roztoka","mode":"bus"}},{"type":"Feature","geometry":{"type":"LineString","coordinates":[[20.389089,52.202265],[20.404647,52.200381],[20.417219,52.201549],[20.423463,52.205266],[20.432781,52.212775],[20.446261,52.221679],[20.453246,52.242849],[20.454466,52.246231],[20.456746,52.252324],[20.458196,52.256521],[20.460534,52.263347],[20.462563,52.267719],[20.464084,52.268016],[20.486927,52.263374],[20.502574,52.260966],[20.519103,52.259461],[20.527954,52.258807],[20.541271,52.258179],[20.55976,52.256602],[20.572196,52.256841],[20.58637,52.257517]]},"properties":{"line":"44","dir":"Leszno","mode":"bus"}},{"type":"Feature","geometry":{"type":"LineString","coordinates":[[20.58637,52.257517],[20.572158,52.256958],[20.558163,52.256844],[20.540109,52.258367],[20.525621,52.259078],[20.516994,52.259796],[20.500111,52.2613],[20.485135,52.263601],[20.462563,52.267719],[20.457858,52.255764],[20.456263,52.251586],[20.45409,52.24559],[20.452558,52.241618],[20.446092,52.221682],[20.432739,52.213256],[20.423267,52.205278],[20.417313,52.201646],[20.404328,52.200615],[20.387994,52.202434]]},"properties":{"line":"44","dir":"Nowy Teresin","mode":"bus"}},{"type":"Feature","geometry":{"type":"LineString","coordinates":[[20.622327,52.109692],[20.622558,52.107638],[20.628101,52.109003],[20.630895,52.109161],[20.635703,52.107314],[20.639382,52.10838],[20.637654,52.112492],[20.642631,52.113849],[20.64948,52.116121],[20.656238,52.117376],[20.660456,52.119194],[20.662622,52.120832],[20.665579,52.121653],[20.668276,52.121408],[20.670993,52.118987],[20.672819,52.117436],[20.670991,52.115115],[20.677921,52.11406],[20.686558,52.111427],[20.690749,52.111131],[20.696781,52.110816],[20.71189,52.113437],[20.717377,52.10989],[20.719946,52.10811],[20.724153,52.107189],[20.724312,52.096589],[20.7266,52.093789],[20.734225,52.093898],[20.733797,52.097803],[20.733726,52.102274],[20.734665,52.106421],[20.727084,52.107487],[20.726402,52.110546],[20.726367,52.1175],[20.724909,52.123158],[20.721086,52.126313],[20.71494,52.131338],[20.712333,52.133469],[20.709738,52.136328],[20.715724,52.139772],[20.719145,52.140311]]},"properties":{"line":"45","dir":"Brwinów OSP","mode":"bus"}},{"type":"Feature","geometry":{"type":"LineString","coordinates":[[20.71799,52.141072],[20.714884,52.139409],[20.70929,52.135833],[20.712251,52.133395],[20.715967,52.130383],[20.720652,52.126521],[20.725163,52.12283],[20.72613,52.117509],[20.726378,52.111016],[20.729127,52.107332],[20.734449,52.106089],[20.733631,52.102307],[20.733647,52.098201],[20.734113,52.093754],[20.726092,52.093882],[20.724435,52.097154],[20.724343,52.107339],[20.721083,52.108281],[20.717158,52.110225],[20.711803,52.11357],[20.696549,52.110871],[20.69057,52.111209],[20.68668,52.111513],[20.677727,52.114316],[20.670991,52.115115],[20.672749,52.117622],[20.67016,52.119853],[20.667453,52.122374],[20.665144,52.123982],[20.662551,52.12307],[20.662622,52.120832],[20.659416,52.118205],[20.655309,52.117323],[20.649588,52.116257],[20.643811,52.11418],[20.637948,52.112695],[20.639047,52.108348],[20.634491,52.107192],[20.631183,52.109107],[20.629255,52.109527],[20.622327,52.109692]]},"properties":{"line":"45","dir":"Grodzisk Maz. Dw. PKP","mode":"bus"}},{"type":"Feature","geometry":{"type":"LineString","coordinates":[[20.650694,52.136331],[20.651411,52.133681],[20.652503,52.131243],[20.652086,52.126925],[20.656688,52.125231],[20.658916,52.12531],[20.663047,52.126001],[20.667567,52.12616],[20.67164,52.12877],[20.665922,52.126073],[20.668276,52.121408],[20.670993,52.118987],[20.667724,52.117163],[20.654577,52.109893],[20.656024,52.107206],[20.657111,52.10524],[20.653017,52.105446],[20.651028,52.107662],[20.649385,52.109523],[20.646817,52.11213],[20.643811,52.11418],[20.637948,52.112695],[20.639047,52.108348],[20.634491,52.107192],[20.631183,52.109107],[20.629255,52.109527],[20.622327,52.109692],[20.622558,52.107638],[20.625201,52.106607],[20.626133,52.102756],[20.627263,52.100759],[20.623161,52.09706],[20.616616,52.095662]]},"properties":{"line":"46","dir":"Grodzisk Maz. Szpital","mode":"bus"}},{"type":"Feature","geometry":{"type":"LineString","coordinates":[[20.616616,52.095662],[20.617812,52.09581],[20.622426,52.096996],[20.626862,52.099975],[20.627312,52.101018],[20.626279,52.102694],[20.627766,52.103991],[20.626508,52.106819],[20.622327,52.109692],[20.622558,52.107638],[20.628101,52.109003],[20.630895,52.109161],[20.635703,52.107314],[20.639382,52.10838],[20.637654,52.112492],[20.642631,52.113849],[20.646678,52.11203],[20.649148,52.109538],[20.650898,52.107692],[20.652847,52.105478],[20.657234,52.105265],[20.655679,52.108069],[20.65469,52.109936],[20.665301,52.116971],[20.663537,52.118771],[20.665579,52.121653],[20.667567,52.12616],[20.67164,52.12877],[20.665922,52.126073],[20.66012,52.127671],[20.658815,52.125205],[20.655538,52.125455],[20.652072,52.126546],[20.652751,52.130907],[20.651435,52.133797],[20.650632,52.137082]]},"properties":{"line":"46","dir":"Milanówek Cmentarz","mode":"bus"}},{"type":"Feature","geometry":{"type":"LineString","coordinates":[[20.798954,52.167707],[20.806682,52.165288],[20.80795,52.165427],[20.805415,52.173394],[20.803416,52.175239],[20.797945,52.177713],[20.795024,52.178461],[20.787306,52.179897],[20.783923,52.180968],[20.779112,52.183098],[20.766946,52.186553],[20.762742,52.187789],[20.742618,52.191615],[20.753551,52.190295],[20.753067,52.188939],[20.750258,52.181098],[20.755963,52.179811],[20.737358,52.168942],[20.723222,52.171045],[20.708057,52.165137],[20.701689,52.162479],[20.707124,52.156028],[20.71087,52.150389],[20.713562,52.144939],[20.708586,52.144932],[20.717633,52.142343]]},"properties":{"line":"48","dir":"Brwinów Rynek","mode":"bus"}},{"type":"Feature","geometry":{"type":"LineString","coordinates":[[20.717633,52.142343],[20.708586,52.144932],[20.71361,52.14533],[20.710404,52.151559],[20.707329,52.156043],[20.702039,52.162483],[20.709099,52.165441],[20.723285,52.170978],[20.738229,52.168681],[20.755713,52.179973],[20.750258,52.181098],[20.754057,52.189974],[20.742618,52.191615],[20.753551,52.190295],[20.763233,52.187521],[20.767224,52.186358],[20.779112,52.182929],[20.782365,52.182356],[20.787806,52.179778],[20.792125,52.179074],[20.798889,52.177337],[20.802969,52.175411],[20.803671,52.173143],[20.807757,52.16556],[20.798209,52.167642]]},"properties":{"line":"48","dir":"PKP Pruszków","mode":"bus"}},{"type":"Feature","geometry":{"type":"LineString","coordinates":[[20.593417,52.174869],[20.601306,52.177382],[20.602316,52.181922],[20.608619,52.184124],[20.610315,52.18724],[20.612642,52.188861],[20.62129,52.189978],[20.614672,52.19681],[20.611402,52.196974],[20.61286,52.194293],[20.617286,52.193404],[20.620901,52.193938],[20.636665,52.203029],[20.6506,52.206335],[20.646071,52.215667],[20.652676,52.21709],[20.651078,52.221697],[20.649557,52.225917],[20.654811,52.230009],[20.664231,52.231029],[20.666529,52.223928],[20.669853,52.219574],[20.671366,52.217072],[20.672805,52.212302],[20.672788,52.210063],[20.667666,52.206981],[20.674458,52.20637],[20.684137,52.206181],[20.696908,52.207014],[20.696405,52.202697],[20.701099,52.202038],[20.701525,52.2003]]},"properties":{"line":"49","dir":"Płochocin PKP / Kolejowa","mode":"bus"}},{"type":"Feature","geometry":{"type":"LineString","coordinates":[[20.670522,52.219451],[20.671366,52.217072],[20.672805,52.212302],[20.672788,52.210063],[20.663102,52.208929],[20.646071,52.215667],[20.649576,52.206257],[20.634598,52.202627],[20.614672,52.19681],[20.611402,52.196974],[20.61286,52.194293],[20.617286,52.193404],[20.620901,52.193938],[20.636665,52.203029],[20.6506,52.206335],[20.646071,52.215667]]},"properties":{"line":"49","dir":"Radzików Ihar","mode":"bus"}},{"type":"Feature","geometry":{"type":"LineString","coordinates":[[20.701525,52.2003],[20.69635,52.203143],[20.695699,52.207073],[20.682963,52.206442],[20.67418,52.206403],[20.667118,52.207183],[20.672752,52.212842],[20.671445,52.217286],[20.670522,52.219451],[20.666689,52.223723],[20.664404,52.230921],[20.655549,52.230175],[20.64939,52.225849],[20.651281,52.221064],[20.652756,52.216335],[20.646071,52.215667],[20.649576,52.206257],[20.634598,52.202627],[20.614672,52.19681],[20.611402,52.196974],[20.61286,52.194293],[20.617286,52.193404],[20.620901,52.193938],[20.618498,52.1894],[20.612393,52.188942],[20.610315,52.18724],[20.608368,52.184155],[20.603256,52.182839],[20.601203,52.177522],[20.594468,52.17572]]},"properties":{"line":"49","dir":"Stare Faszczyce","mode":"bus"}},{"type":"Feature","geometry":{"type":"LineString","coordinates":[[20.670522,52.219451],[20.671366,52.217072],[20.672805,52.212302],[20.672788,52.210063],[20.663102,52.208929],[20.646071,52.215667],[20.649576,52.206257],[20.634598,52.202627],[20.614672,52.19681],[20.611402,52.196974],[20.61286,52.194293],[20.617286,52.193404],[20.620901,52.193938],[20.636665,52.203029],[20.6506,52.206335],[20.646071,52.215667],[20.664089,52.208859],[20.672752,52.212842],[20.671445,52.217286],[20.670522,52.219451]]},"properties":{"line":"49","dir":"Łaźniew Wiosenna","mode":"bus"}},{"type":"Feature","geometry":{"type":"LineString","coordinates":[[20.645419,52.086476],[20.64988,52.083423],[20.653612,52.07977],[20.656972,52.07566],[20.662197,52.07267],[20.664895,52.070245],[20.676053,52.070848],[20.683826,52.071578],[20.687325,52.07159],[20.693463,52.071468],[20.698911,52.072223],[20.70041,52.072657],[20.700653,52.074683],[20.696211,52.078274],[20.688856,52.083908],[20.678438,52.08823],[20.671308,52.090431],[20.662889,52.093982],[20.654595,52.090602],[20.651822,52.087374],[20.649497,52.083837],[20.645419,52.086476]]},"properties":{"line":"50","dir":"Szczęsne Cmentarz","mode":"bus"}},{"type":"Feature","geometry":{"type":"LineString","coordinates":[[20.725236,52.054521],[20.721451,52.054974],[20.705269,52.053307],[20.700665,52.052761],[20.699315,52.048348],[20.700564,52.042241],[20.688463,52.036426],[20.701653,52.036133],[20.710211,52.036036],[20.702421,52.035952],[20.691007,52.030694],[20.689644,52.026029],[20.685763,52.022226],[20.676096,52.025234],[20.669875,52.02748],[20.668939,52.029381]]},"properties":{"line":"51","dir":"Józefina Szkoła","mode":"bus"}},{"type":"Feature","geometry":{"type":"LineString","coordinates":[[20.668939,52.029381],[20.676555,52.025001],[20.686318,52.021952],[20.687867,52.024316],[20.691328,52.031863],[20.701653,52.036133],[20.710211,52.036036],[20.702421,52.035952],[20.689294,52.035613],[20.701377,52.042798],[20.699305,52.048418],[20.700756,52.052751],[20.705427,52.053116],[20.721451,52.054974],[20.726405,52.054897]]},"properties":{"line":"51","dir":"Siestrzeń Rozalińska","mode":"bus"}},{"type":"Feature","geometry":{"type":"LineString","coordinates":[[20.691007,52.030694],[20.711556,52.028831],[20.707857,52.024879],[20.726595,52.019783],[20.729882,52.023458],[20.728982,52.033418],[20.72665,52.039161],[20.723642,52.042535],[20.724158,52.043269],[20.735375,52.041451],[20.7418,52.038694],[20.743855,52.035476],[20.749915,52.02888],[20.751719,52.026912],[20.753522,52.019969],[20.746189,52.020044],[20.735362,52.020144],[20.730615,52.019514],[20.729816,52.01665],[20.734758,52.010797]]},"properties":{"line":"52","dir":"Ojrzanów Szkoła","mode":"bus"}},{"type":"Feature","geometry":{"type":"LineString","coordinates":[[20.691007,52.030694],[20.711556,52.028831],[20.707857,52.024879],[20.726595,52.019783],[20.730615,52.019514],[20.729816,52.01665],[20.734758,52.010797],[20.729975,52.016646],[20.732246,52.020083],[20.736206,52.02007],[20.747055,52.019968],[20.755097,52.020014],[20.751641,52.027137],[20.749659,52.029331],[20.74355,52.035923],[20.741566,52.039037],[20.734622,52.04181],[20.723536,52.043175],[20.724388,52.041466],[20.72733,52.038314],[20.728544,52.032737],[20.7299,52.022611],[20.728877,52.020051],[20.722368,52.019844],[20.707689,52.025012],[20.711556,52.028831],[20.691328,52.031863]]},"properties":{"line":"52","dir":"Żabia Wola Urząd Gminy","mode":"bus"}},{"type":"Feature","geometry":{"type":"LineString","coordinates":[[20.724435,52.097154],[20.724343,52.107339],[20.721083,52.108281],[20.717158,52.110225],[20.711803,52.11357],[20.696549,52.110871],[20.69057,52.111209],[20.690749,52.111131],[20.696781,52.110816],[20.704666,52.110348],[20.704708,52.105087],[20.705108,52.100445],[20.707481,52.093714],[20.705183,52.100043],[20.704819,52.10445],[20.70476,52.109936],[20.711005,52.114101],[20.706742,52.118483],[20.702683,52.120847],[20.706639,52.118425],[20.71189,52.113437],[20.717377,52.10989],[20.719946,52.10811],[20.729127,52.107332],[20.740179,52.108736],[20.740845,52.111957],[20.739123,52.106494],[20.734449,52.106089],[20.733631,52.102307],[20.733647,52.098201],[20.746014,52.096608],[20.75206,52.096161],[20.75277,52.096186],[20.746296,52.096639],[20.734113,52.093754],[20.726092,52.093882],[20.724435,52.097154]]},"properties":{"line":"55","dir":"Żółwin Szkoła i Orlik","mode":"bus"}},{"type":"Feature","geometry":{"type":"LineString","coordinates":[[20.589069,52.054111],[20.577767,52.059199],[20.582558,52.061196],[20.58974,52.060169],[20.596329,52.062071],[20.595764,52.064692],[20.594282,52.065129],[20.595912,52.067222],[20.604037,52.068719],[20.613605,52.068477],[20.614177,52.061622],[20.614139,52.065673],[20.613591,52.069866],[20.629371,52.076584]]},"properties":{"line":"58","dir":"Adamowizna Szkoła","mode":"bus"}},{"type":"Feature","geometry":{"type":"LineString","coordinates":[[20.629776,52.07637],[20.612785,52.075048],[20.613605,52.068477],[20.614177,52.061622],[20.614139,52.065673],[20.613228,52.069212],[20.604074,52.068771],[20.595959,52.067288],[20.594156,52.065141],[20.595839,52.064616],[20.59625,52.062094],[20.58972,52.060239],[20.582674,52.061261],[20.577665,52.059179],[20.588985,52.053983]]},"properties":{"line":"58","dir":"Makówka Lukrecji","mode":"bus"}},{"type":"Feature","geometry":{"type":"LineString","coordinates":[[20.798209,52.167642],[20.788825,52.163287],[20.787339,52.160167],[20.793249,52.157096],[20.789896,52.151555],[20.795251,52.149764],[20.803553,52.148986],[20.805252,52.141248],[20.798599,52.124533],[20.79735,52.115882],[20.802071,52.10621],[20.806119,52.098141],[20.805395,52.093289],[20.801109,52.090041],[20.800074,52.091292]]},"properties":{"line":"60","dir":"P+R Nadarzyn","mode":"bus"}},{"type":"Feature","geometry":{"type":"LineString","coordinates":[[20.846985,52.07445],[20.847376,52.078279],[20.847399,52.08751],[20.844868,52.092221],[20.834041,52.093041],[20.825851,52.092894],[20.814279,52.092403],[20.822398,52.096623],[20.825869,52.101925],[20.805395,52.093289],[20.801109,52.090041],[20.800074,52.091292],[20.8026,52.090972],[20.808624,52.093579],[20.805939,52.098688],[20.802863,52.104883],[20.796946,52.116843],[20.799426,52.12706],[20.804489,52.135042],[20.803137,52.149159],[20.791106,52.152581],[20.793538,52.157076],[20.79237,52.159749],[20.798593,52.162586],[20.801778,52.166846],[20.798209,52.167642]]},"properties":{"line":"60","dir":"PKP Pruszków","mode":"bus"}},{"type":"Feature","geometry":{"type":"LineString","coordinates":[[20.798209,52.167642],[20.788825,52.163287],[20.787339,52.160167],[20.793249,52.157096],[20.789896,52.151555],[20.795251,52.149764],[20.803553,52.148986],[20.805252,52.141248],[20.798599,52.124533],[20.79735,52.115882],[20.802071,52.10621],[20.806119,52.098141],[20.805395,52.093289],[20.801109,52.090041],[20.800074,52.091292],[20.8026,52.090972],[20.808624,52.093579],[20.82655,52.102135],[20.822398,52.096623],[20.814312,52.092106],[20.826634,52.092845],[20.833287,52.092985],[20.845157,52.092029],[20.847448,52.087018],[20.847235,52.077841],[20.846985,52.07445]]},"properties":{"line":"60","dir":"Walendów","mode":"bus"}},{"type":"Feature","geometry":{"type":"LineString","coordinates":[[20.90539,52.180646],[20.904586,52.178365],[20.896501,52.171451],[20.891558,52.170159],[20.888544,52.167414],[20.891924,52.165321],[20.88902,52.162245],[20.885678,52.163428],[20.882841,52.165179],[20.876933,52.168328],[20.870442,52.165368],[20.861793,52.169269],[20.859777,52.170146],[20.848666,52.152334],[20.8467,52.141982],[20.850908,52.135215],[20.883517,52.128931],[20.894388,52.132564]]},"properties":{"line":"61","dir":"Janki Pl. Szwedzki","mode":"bus"}},{"type":"Feature","geometry":{"type":"LineString","coordinates":[[20.894388,52.132564],[20.891659,52.13339],[20.882192,52.129126],[20.850989,52.135279],[20.847006,52.142491],[20.848884,52.15233],[20.859777,52.170146],[20.860102,52.169584],[20.870815,52.165111],[20.876905,52.168106],[20.881955,52.165647],[20.886264,52.162901],[20.889891,52.162796],[20.892003,52.164645],[20.88967,52.168887],[20.892077,52.170353],[20.897933,52.171028],[20.905094,52.181068]]},"properties":{"line":"61","dir":"Opacz WKD","mode":"bus"}},{"type":"Feature","geometry":{"type":"LineString","coordinates":[[20.90539,52.180646],[20.904586,52.178365],[20.896501,52.171451],[20.891558,52.170159],[20.888544,52.167414],[20.891924,52.165321],[20.88902,52.162245],[20.885678,52.163428],[20.882841,52.165179],[20.876933,52.168328],[20.870442,52.165368],[20.861793,52.169269],[20.859777,52.170146]]},"properties":{"line":"61","dir":"Reguły WKD","mode":"bus"}},{"type":"Feature","geometry":{"type":"LineString","coordinates":[[20.943599,52.176237],[20.925131,52.158824],[20.921237,52.155105],[20.919305,52.153275],[20.916602,52.150609],[20.91039,52.145922],[20.902139,52.139683],[20.894388,52.132564],[20.895343,52.137305],[20.88483,52.13927],[20.881462,52.143997],[20.875566,52.143819],[20.864058,52.144106],[20.845915,52.144237],[20.835128,52.143896],[20.829763,52.145315],[20.82005,52.146142],[20.812053,52.147718],[20.803137,52.149159],[20.791106,52.152581],[20.793538,52.157076],[20.79237,52.159749],[20.799425,52.159495],[20.803763,52.159542],[20.805903,52.162471],[20.807228,52.164539],[20.80795,52.165427],[20.813538,52.171956],[20.820298,52.172968],[20.828699,52.170485],[20.840971,52.168658],[20.840836,52.178576],[20.840176,52.185177],[20.84045,52.18814],[20.84094,52.19208],[20.83538,52.19297],[20.828917,52.193004]]},"properties":{"line":"62","dir":"Piastów Ogińskiego","mode":"bus"}},{"type":"Feature","geometry":{"type":"LineString","coordinates":[[20.828917,52.193004],[20.839085,52.192609],[20.840217,52.189475],[20.839953,52.183912],[20.840082,52.17759],[20.840898,52.168814],[20.829473,52.170437],[20.820187,52.173105],[20.812872,52.171641],[20.807757,52.16556],[20.805655,52.162464],[20.80429,52.160391],[20.798608,52.159671],[20.791382,52.159858],[20.793249,52.157096],[20.789896,52.151555],[20.795251,52.149764],[20.803553,52.148986],[20.812788,52.147517],[20.816905,52.146654],[20.819756,52.146113],[20.828694,52.14543],[20.836153,52.14384],[20.848325,52.144299],[20.868342,52.143702],[20.876761,52.143836],[20.884824,52.139017],[20.89448,52.1373],[20.893946,52.133933],[20.901139,52.138567],[20.908677,52.144191],[20.911171,52.146118],[20.917003,52.150631],[20.920871,52.15431],[20.927557,52.160758],[20.944638,52.175398]]},"properties":{"line":"62","dir":"Warszawa P+R Al. Krakowska","mode":"bus"}},{"type":"Feature","geometry":{"type":"LineString","coordinates":[[20.943599,52.176237],[20.925131,52.158824],[20.921237,52.155105],[20.919305,52.153275],[20.916602,52.150609],[20.91039,52.145922],[20.902139,52.139683],[20.891659,52.13339],[20.825869,52.101925],[20.81063,52.09353],[20.805395,52.093289],[20.801109,52.090041],[20.792525,52.0835],[20.783916,52.077895],[20.76993,52.074688],[20.758917,52.070635],[20.738402,52.060876],[20.725236,52.054521],[20.705269,52.053307],[20.700665,52.052761],[20.699315,52.048348],[20.700564,52.042241],[20.688463,52.036426],[20.689885,52.031309],[20.669875,52.02748],[20.669211,52.02984],[20.664398,52.032319],[20.65638,52.033845],[20.650066,52.035078],[20.646463,52.035739],[20.648562,52.0432],[20.644866,52.049381],[20.641471,52.055771],[20.639129,52.064001],[20.637481,52.067461],[20.63415,52.070012],[20.632442,52.072347],[20.629776,52.07637],[20.62812,52.078608],[20.627555,52.083491],[20.625886,52.088666],[20.624942,52.091568],[20.623843,52.096131],[20.623161,52.09706],[20.617694,52.097308],[20.618109,52.10175],[20.625506,52.102754],[20.627766,52.103991],[20.626508,52.106819],[20.622327,52.109692]]},"properties":{"line":"63","dir":"Grodzisk Maz. Dw. PKP","mode":"bus"}},{"type":"Feature","geometry":{"type":"LineString","coordinates":[[20.622327,52.109692],[20.622558,52.107638],[20.625201,52.106607],[20.625361,52.102737],[20.618147,52.101891],[20.617586,52.097256],[20.622426,52.096996],[20.62358,52.096791],[20.624959,52.091114],[20.626107,52.087563],[20.627702,52.082309],[20.62794,52.079083],[20.629371,52.076584],[20.632492,52.071738],[20.635282,52.06906],[20.637683,52.067111],[20.639097,52.063203],[20.641627,52.054754],[20.645731,52.048526],[20.648137,52.042505],[20.645367,52.036287],[20.650833,52.034813],[20.660452,52.032971],[20.668939,52.029381]]},"properties":{"line":"63","dir":"Józefina Szkoła","mode":"bus"}},{"type":"Feature","geometry":{"type":"LineString","coordinates":[[20.622327,52.109692],[20.622558,52.107638],[20.625201,52.106607],[20.625361,52.102737],[20.618147,52.101891],[20.617586,52.097256],[20.622426,52.096996],[20.62358,52.096791],[20.624959,52.091114],[20.626107,52.087563],[20.627702,52.082309],[20.62794,52.079083],[20.629371,52.076584],[20.632492,52.071738],[20.635282,52.06906],[20.637683,52.067111],[20.639097,52.063203],[20.641627,52.054754],[20.645731,52.048526],[20.648137,52.042505],[20.645367,52.036287],[20.650833,52.034813],[20.660452,52.032971],[20.668939,52.029381],[20.671376,52.027599],[20.685907,52.030381],[20.691328,52.031863],[20.689294,52.035613],[20.701377,52.042798],[20.699305,52.048418],[20.700756,52.052751],[20.705427,52.053116],[20.726405,52.054897],[20.739411,52.061186],[20.761085,52.071116],[20.769898,52.075374],[20.785008,52.078308],[20.792541,52.083299],[20.8026,52.090972],[20.808624,52.093579],[20.82655,52.102135],[20.893946,52.133933],[20.901139,52.138567],[20.908677,52.144191],[20.911171,52.146118],[20.917003,52.150631],[20.920871,52.15431],[20.927557,52.160758],[20.944638,52.175398]]},"properties":{"line":"63","dir":"Warszawa P+R Al. Krakowska","mode":"bus"}},{"type":"Feature","geometry":{"type":"LineString","coordinates":[[20.717633,52.142343],[20.71361,52.14533],[20.710404,52.151559],[20.707329,52.156043],[20.702039,52.162483],[20.709099,52.165441],[20.723285,52.170978],[20.738229,52.168681],[20.755713,52.179973],[20.750258,52.181098],[20.754057,52.189974],[20.742618,52.191615],[20.753551,52.190295],[20.763233,52.187521],[20.767224,52.186358],[20.779112,52.182929],[20.755713,52.179973],[20.750258,52.181098],[20.745237,52.18111],[20.729385,52.181191],[20.715622,52.18337],[20.703678,52.179702],[20.713956,52.172217],[20.708057,52.165137],[20.701689,52.162479],[20.707124,52.156028],[20.71087,52.150389],[20.713562,52.144939],[20.717633,52.142343]]},"properties":{"line":"64","dir":"Brwinów Rynek","mode":"bus"}},{"type":"Feature","geometry":{"type":"LineString","coordinates":[[20.798209,52.167642],[20.788825,52.163287],[20.787339,52.160167],[20.793249,52.157096],[20.789896,52.151555],[20.795251,52.149764],[20.803553,52.148986],[20.805252,52.141248],[20.798599,52.124533],[20.79735,52.115882],[20.802071,52.10621],[20.806119,52.098141],[20.805395,52.093289],[20.801109,52.090041],[20.800074,52.091292],[20.8026,52.090972],[20.805114,52.093868],[20.795603,52.099127],[20.777812,52.114313],[20.759674,52.122944],[20.760995,52.127017],[20.753615,52.131238],[20.741788,52.136193],[20.732895,52.139246],[20.72684,52.140001],[20.719933,52.140369],[20.714884,52.139409],[20.70929,52.135833],[20.712251,52.133395]]},"properties":{"line":"65","dir":"Brwinów Zespół Szkół Ogólnokształcących","mode":"bus"}},{"type":"Feature","geometry":{"type":"LineString","coordinates":[[20.712251,52.133395],[20.715967,52.130383],[20.717645,52.134671],[20.719145,52.140311],[20.728196,52.139769],[20.733463,52.138936],[20.740685,52.136348],[20.756895,52.130289],[20.760995,52.125139],[20.759674,52.122944],[20.777638,52.114186],[20.788052,52.10506],[20.805395,52.093289],[20.801109,52.090041],[20.800074,52.091292],[20.8026,52.090972],[20.808624,52.093579],[20.805939,52.098688],[20.802863,52.104883],[20.796946,52.116843],[20.799426,52.12706],[20.804489,52.135042],[20.803137,52.149159],[20.791106,52.152581],[20.793538,52.157076],[20.79237,52.159749],[20.798593,52.162586],[20.801778,52.166846],[20.798209,52.167642]]},"properties":{"line":"65","dir":"PKP Pruszków","mode":"bus"}},{"type":"Feature","geometry":{"type":"LineString","coordinates":[[20.798209,52.167642],[20.788825,52.163287],[20.783902,52.159429],[20.779743,52.15848],[20.762921,52.152392],[20.758072,52.152522],[20.72989,52.144654],[20.725823,52.140339],[20.719933,52.140369],[20.714884,52.139409],[20.70929,52.135833],[20.712251,52.133395]]},"properties":{"line":"66","dir":"Brwinów Zespół Szkół Ogólnokształcących","mode":"bus"}},{"type":"Feature","geometry":{"type":"LineString","coordinates":[[20.712251,52.133395],[20.715967,52.130383],[20.717645,52.134671],[20.719145,52.140311],[20.726163,52.140535],[20.731477,52.145761],[20.757307,52.152325],[20.763157,52.152682],[20.778402,52.161185],[20.781918,52.159889],[20.787339,52.160167],[20.79237,52.159749],[20.798593,52.162586],[20.801778,52.166846],[20.798209,52.167642]]},"properties":{"line":"66","dir":"PKP Pruszków","mode":"bus"}},{"type":"Feature","geometry":{"type":"LineString","coordinates":[[20.619849,52.192373],[20.620901,52.193938],[20.626127,52.186631],[20.632983,52.186742],[20.641858,52.189189],[20.647061,52.188242],[20.651288,52.18725],[20.666614,52.184461],[20.667543,52.177403],[20.681912,52.169313],[20.687398,52.166979],[20.699501,52.162245],[20.707124,52.156028],[20.71087,52.150389],[20.713562,52.144939],[20.717633,52.142343]]},"properties":{"line":"67","dir":"Brwinów Rynek","mode":"bus"}},{"type":"Feature","geometry":{"type":"LineString","coordinates":[[20.717633,52.142343],[20.70958,52.143669],[20.705069,52.140836],[20.703814,52.140856],[20.71361,52.14533],[20.710404,52.151559],[20.707329,52.156043],[20.700137,52.162335],[20.693123,52.166153],[20.680742,52.170384],[20.667994,52.17741],[20.666696,52.18474],[20.652607,52.187039],[20.646108,52.188515],[20.640911,52.189062],[20.6325,52.186782],[20.626192,52.186748],[20.620686,52.194015],[20.619849,52.192373]]},"properties":{"line":"67","dir":"Błonie Piłsudskiego Przedszkole","mode":"bus"}},{"type":"Feature","geometry":{"type":"LineString","coordinates":[[20.747147,52.17685],[20.755713,52.179973],[20.750258,52.181098],[20.754057,52.189974],[20.742618,52.191615],[20.753551,52.190295],[20.763233,52.187521],[20.767224,52.186358],[20.779112,52.182929],[20.782365,52.182356],[20.787806,52.179778],[20.792125,52.179074],[20.798889,52.177337],[20.802969,52.175411],[20.803671,52.173143],[20.797503,52.169606],[20.791451,52.169945],[20.777202,52.173549],[20.772773,52.17467],[20.769769,52.171161],[20.767894,52.165981],[20.753757,52.161631],[20.74114,52.157925],[20.749113,52.159723],[20.754954,52.16195],[20.768129,52.16621],[20.770353,52.172169],[20.755713,52.179973],[20.750258,52.181098],[20.747147,52.17685]]},"properties":{"line":"68","dir":"Moszna Park Logistyczny","mode":"bus"}},{"type":"Feature","geometry":{"type":"LineString","coordinates":[[20.717633,52.142343],[20.71361,52.14533],[20.710404,52.151559],[20.707329,52.156043],[20.702039,52.162483],[20.664406,52.164911],[20.677985,52.156568],[20.681775,52.153113],[20.674186,52.150307],[20.672544,52.147142],[20.688617,52.137061],[20.696135,52.139145],[20.703814,52.140856],[20.717633,52.142343]]},"properties":{"line":"69","dir":"Brwinów Rynek","mode":"bus"}},{"type":"Feature","geometry":{"type":"LineString","coordinates":[[20.781918,52.159889],[20.789126,52.163559],[20.798954,52.167707],[20.806682,52.165288],[20.80795,52.165427],[20.805415,52.173394],[20.803416,52.175239],[20.797945,52.177713],[20.795024,52.178461],[20.787306,52.179897],[20.783923,52.180968],[20.779112,52.183098],[20.766946,52.186553],[20.762742,52.187789],[20.753213,52.190383],[20.74186,52.191833],[20.721019,52.198977],[20.710482,52.19926],[20.69826,52.197068],[20.694992,52.19339],[20.668123,52.185564],[20.652607,52.187039],[20.646108,52.188515],[20.640911,52.189062],[20.6325,52.186782],[20.626192,52.186748],[20.620686,52.194015],[20.619849,52.192373]]},"properties":{"line":"77","dir":"Błonie Piłsudskiego Przedszkole","mode":"bus"}},{"type":"Feature","geometry":{"type":"LineString","coordinates":[[20.619849,52.192373],[20.620901,52.193938],[20.626127,52.186631],[20.632983,52.186742],[20.641858,52.189189],[20.647061,52.188242],[20.651288,52.18725],[20.667384,52.185376],[20.694992,52.19339],[20.697292,52.196784],[20.710482,52.19926],[20.720782,52.198455],[20.742618,52.191615],[20.753551,52.190295],[20.763233,52.187521],[20.767224,52.186358],[20.779112,52.182929],[20.782365,52.182356],[20.787806,52.179778],[20.792125,52.179074],[20.798889,52.177337],[20.802969,52.175411],[20.803671,52.173143],[20.807757,52.16556],[20.798209,52.167642],[20.793567,52.164092],[20.789646,52.159928],[20.781918,52.159889]]},"properties":{"line":"77","dir":"Pruszków Akacjowa","mode":"bus"}},{"type":"Feature","geometry":{"type":"LineString","coordinates":[[20.798954,52.167707],[20.80795,52.165427],[20.805655,52.162464],[20.80429,52.160391],[20.798608,52.159671],[20.791382,52.159858],[20.783902,52.159429],[20.781552,52.16061],[20.778805,52.164364],[20.776151,52.171174],[20.777202,52.173549],[20.772773,52.17467],[20.755713,52.179973],[20.750258,52.181098],[20.747147,52.17685],[20.741992,52.175069],[20.729944,52.177343]]},"properties":{"line":"78","dir":"Moszna Park Logistyczny - Hale Zachodnie","mode":"bus"}},{"type":"Feature","geometry":{"type":"LineString","coordinates":[[20.729944,52.177343],[20.740884,52.174953],[20.747392,52.176545],[20.750258,52.181098],[20.755963,52.179811],[20.772086,52.174739],[20.776688,52.173572],[20.775723,52.170799],[20.778651,52.164198],[20.781918,52.159889],[20.787339,52.160167],[20.79237,52.159749],[20.798593,52.162586],[20.801778,52.166846],[20.798209,52.167642]]},"properties":{"line":"78","dir":"PKP Pruszków","mode":"bus"}},{"type":"Feature","geometry":{"type":"LineString","coordinates":[[20.447175,52.052328],[20.454406,52.056279],[20.451311,52.059009],[20.448337,52.061696],[20.446368,52.063423],[20.447313,52.066293],[20.470113,52.066453],[20.469822,52.069539],[20.467689,52.073344],[20.465939,52.076424],[20.462205,52.079837],[20.456231,52.085016],[20.45434,52.086662],[20.452605,52.103844],[20.465009,52.103989],[20.478225,52.099313],[20.484333,52.099009],[20.482464,52.103312],[20.476345,52.108307],[20.473367,52.120268],[20.472009,52.127527],[20.46439,52.139154]]},"properties":{"line":"80","dir":"Pułapina Nowa Rondo","mode":"bus"}},{"type":"Feature","geometry":{"type":"LineString","coordinates":[[20.46439,52.139154],[20.471276,52.128388],[20.471856,52.122579],[20.473643,52.119779],[20.477394,52.107794],[20.48276,52.102688],[20.484373,52.099092],[20.478103,52.099362],[20.465047,52.104077],[20.452747,52.10393],[20.454204,52.086587],[20.456638,52.084509],[20.462195,52.079728],[20.466275,52.075943],[20.467766,52.072796],[20.46969,52.069608],[20.470392,52.065904],[20.447143,52.066343],[20.446222,52.06334],[20.448335,52.061483],[20.451105,52.058997],[20.453766,52.056655],[20.447175,52.052328]]},"properties":{"line":"80","dir":"Żyrardów PKP","mode":"bus"}},{"type":"Feature","geometry":{"type":"LineString","coordinates":[[20.460362,51.988628],[20.513848,51.974063],[20.521388,51.974023],[20.523801,51.972049],[20.529655,51.975812],[20.533976,51.984749],[20.551784,51.996616],[20.558357,52.000492],[20.556124,52.005294],[20.564082,52.018495],[20.569793,52.027297],[20.586792,52.036968],[20.592534,52.046672],[20.588985,52.053983],[20.597602,52.054374],[20.603728,52.054586],[20.606117,52.055151],[20.614177,52.061622],[20.614139,52.065673],[20.613591,52.069866],[20.612657,52.076918],[20.612159,52.080861],[20.611636,52.084923],[20.611175,52.089883],[20.617812,52.09581],[20.617694,52.097308],[20.618109,52.10175],[20.624042,52.103794],[20.627766,52.103991],[20.626508,52.106819],[20.622327,52.109692]]},"properties":{"line":"82","dir":"Grodzisk Maz. Dw. PKP","mode":"bus"}},{"type":"Feature","geometry":{"type":"LineString","coordinates":[[20.622327,52.109692],[20.622558,52.107638],[20.625201,52.106607],[20.621637,52.104134],[20.618147,52.101891],[20.617586,52.097256],[20.611054,52.088096],[20.611624,52.083725],[20.612116,52.079841],[20.612785,52.075048],[20.613605,52.068477],[20.612639,52.060533],[20.602981,52.05463],[20.597529,52.054449],[20.589069,52.054111],[20.591477,52.04521],[20.584385,52.036099],[20.56858,52.025816],[20.563259,52.017726],[20.55664,52.003579],[20.557773,52.000301],[20.550291,51.995745],[20.533571,51.984665],[20.529389,51.976278],[20.522693,51.971626],[20.521656,51.974143],[20.513848,51.974063]]},"properties":{"line":"82","dir":"Mszczonów Rynek","mode":"bus"}},{"type":"Feature","geometry":{"type":"LineString","coordinates":[[20.622327,52.109692],[20.622558,52.107638],[20.625201,52.106607],[20.621637,52.104134],[20.618147,52.101891],[20.617586,52.097256],[20.611054,52.088096],[20.611624,52.083725],[20.612116,52.079841],[20.612785,52.075048],[20.613605,52.068477],[20.612639,52.060533],[20.602981,52.05463],[20.597529,52.054449],[20.589069,52.054111],[20.591477,52.04521],[20.584385,52.036099],[20.56858,52.025816],[20.563259,52.017726],[20.55664,52.003579],[20.557773,52.000301],[20.550291,51.995745],[20.533571,51.984665],[20.529389,51.976278],[20.522693,51.971626],[20.521656,51.974143],[20.513848,51.974063],[20.460362,51.988628]]},"properties":{"line":"82","dir":"Suntago Park Wodny","mode":"bus"}},{"type":"Feature","geometry":{"type":"LineString","coordinates":[[20.943599,52.176237],[20.925131,52.158824],[20.921237,52.155105],[20.919305,52.153275],[20.916602,52.150609],[20.91039,52.145922],[20.902139,52.139683],[20.891659,52.13339],[20.724388,52.041466],[20.72733,52.038314],[20.728544,52.032737],[20.7299,52.022611],[20.728877,52.020051],[20.722368,52.019844],[20.707689,52.025012],[20.689885,52.031309],[20.669875,52.02748],[20.667814,52.027471],[20.652291,52.024299],[20.630952,52.019029],[20.622973,52.015982],[20.606581,52.009486],[20.595164,52.005823],[20.594196,52.002657],[20.581772,52.003888],[20.557773,52.000301],[20.550291,51.995745],[20.533571,51.984665],[20.529389,51.976278],[20.521656,51.974143],[20.513848,51.974063]]},"properties":{"line":"83","dir":"Mszczonów Rynek - EXPRESS CHEŁMOŃSKI","mode":"bus"}},{"type":"Feature","geometry":{"type":"LineString","coordinates":[[20.513848,51.974063],[20.521388,51.974023],[20.529655,51.975812],[20.533976,51.984749],[20.551784,51.996616],[20.558357,52.000492],[20.582939,52.003797],[20.595515,52.003905],[20.597044,52.006156],[20.607919,52.009827],[20.632778,52.019578],[20.654658,52.024627],[20.669208,52.027792],[20.671376,52.027599],[20.685907,52.030381],[20.691328,52.031863],[20.726405,52.054897],[20.893946,52.133933],[20.920871,52.15431],[20.927557,52.160758],[20.944638,52.175398]]},"properties":{"line":"83","dir":"Warszawa P+R Al. Krakowska - EXPRESS CHEŁMOŃSKI","mode":"bus"}},{"type":"Feature","geometry":{"type":"LineString","coordinates":[[20.621405,52.110773],[20.610315,52.18724],[20.612199,52.195567],[20.58637,52.257517],[20.462563,52.267719],[20.447293,52.287]]},"properties":{"line":"92","dir":"Granica - Kampinoski Park Narodowy","mode":"bus"}},{"type":"Feature","geometry":{"type":"LineString","coordinates":[[20.447293,52.287],[20.462563,52.267719],[20.58637,52.257517],[20.61286,52.194293],[20.610315,52.18724],[20.621405,52.110773]]},"properties":{"line":"92","dir":"Grodzisk Maz. Traugutta Dw. PKP","mode":"bus"}},{"type":"Feature","geometry":{"type":"LineString","coordinates":[[20.610869,52.307402],[20.602099,52.292347],[20.601002,52.286542],[20.596685,52.274385],[20.58637,52.257517],[20.61286,52.194293],[20.610315,52.18724],[20.621405,52.110773]]},"properties":{"line":"93","dir":"Grodzisk Maz. Traugutta Dw. PKP","mode":"bus"}},{"type":"Feature","geometry":{"type":"LineString","coordinates":[[20.621405,52.110773],[20.610315,52.18724],[20.612199,52.195567],[20.58637,52.257517],[20.597347,52.275272],[20.601404,52.287952],[20.60256,52.293307],[20.610869,52.307402]]},"properties":{"line":"93","dir":"Roztoka - Kampinoski Park Narodowy","mode":"bus"}},{"type":"Feature","geometry":{"type":"LineString","coordinates":[[20.701525,52.2003],[20.69635,52.203143],[20.699871,52.210821],[20.691554,52.213027],[20.692349,52.218724],[20.693062,52.232999],[20.691801,52.241967],[20.687538,52.249634],[20.684168,52.253832],[20.676396,52.262451],[20.663528,52.263443],[20.659805,52.247754],[20.672845,52.247185],[20.676799,52.262913],[20.692369,52.267342],[20.703261,52.265063],[20.697302,52.260283],[20.685908,52.260689],[20.676799,52.262913],[20.684433,52.253258],[20.688136,52.24874],[20.691847,52.241127],[20.692962,52.233137],[20.692154,52.217981],[20.695727,52.212572],[20.700303,52.211648],[20.696405,52.202697],[20.701525,52.2003]]},"properties":{"line":"94","dir":"Płochocin PKP / Kolejowa","mode":"bus"}},{"type":"Feature","geometry":{"type":"LineString","coordinates":[[20.898131,52.258003],[20.898531,52.258821],[20.878075,52.267587],[20.871696,52.275108],[20.866895,52.275323],[20.86334,52.274946],[20.852103,52.274884],[20.845435,52.274803],[20.842724,52.278258],[20.842351,52.280557],[20.8323,52.283339],[20.829052,52.286219],[20.825668,52.290764],[20.815608,52.292547],[20.809695,52.293704],[20.802272,52.29524],[20.79835,52.296536],[20.784572,52.300486],[20.776985,52.303504],[20.767385,52.307839]]},"properties":{"line":"95","dir":"Truskaw Skibińskiego","mode":"bus"}},{"type":"Feature","geometry":{"type":"LineString","coordinates":[[20.767385,52.307839],[20.777452,52.303212],[20.786848,52.30003],[20.801375,52.295474],[20.804718,52.294385],[20.810849,52.293486],[20.81784,52.292058],[20.827076,52.290221],[20.829519,52.285488],[20.832689,52.282942],[20.842212,52.280525],[20.842609,52.277637],[20.84664,52.274743],[20.853825,52.274807],[20.86442,52.274878],[20.872811,52.274881],[20.878498,52.267064],[20.898131,52.258003]]},"properties":{"line":"95","dir":"Warszawa Stare Bemowo","mode":"bus"}},{"type":"Feature","geometry":{"type":"LineString","coordinates":[[20.676799,52.262913],[20.684433,52.253258],[20.688136,52.24874],[20.698301,52.245306],[20.710186,52.247902],[20.71853,52.249619],[20.726947,52.250578],[20.73439,52.252246],[20.73509,52.252953],[20.737608,52.260712],[20.745509,52.260625],[20.760335,52.256412],[20.767725,52.259122],[20.772774,52.259859],[20.784024,52.263267],[20.78861,52.264764],[20.795028,52.265556],[20.795548,52.264711],[20.796433,52.253969],[20.805459,52.253129],[20.8166,52.25237],[20.818733,52.24683],[20.817157,52.231347],[20.824323,52.231165],[20.834738,52.230821],[20.847038,52.242409],[20.844138,52.247616],[20.843355,52.250691],[20.83853,52.256202],[20.839436,52.258793],[20.841214,52.261359],[20.845151,52.265625],[20.850944,52.264735],[20.857463,52.265226],[20.86334,52.274946],[20.852103,52.274884],[20.845435,52.274803],[20.842724,52.278258],[20.842351,52.280557],[20.847161,52.280923],[20.853212,52.280104],[20.864562,52.276952],[20.872811,52.274881],[20.878498,52.267064],[20.898131,52.258003]]},"properties":{"line":"96","dir":"Warszawa Stare Bemowo","mode":"bus"}},{"type":"Feature","geometry":{"type":"LineString","coordinates":[[20.898131,52.258003],[20.898531,52.258821],[20.878075,52.267587],[20.871696,52.275108],[20.866895,52.275323],[20.86334,52.274946],[20.852103,52.274884],[20.845435,52.274803],[20.842724,52.278258],[20.842351,52.280557],[20.847161,52.280923],[20.853212,52.280104],[20.864562,52.276952],[20.855763,52.264768],[20.849953,52.26501],[20.844038,52.265491],[20.840682,52.260825],[20.838994,52.258312],[20.838808,52.255621],[20.841979,52.250711],[20.844138,52.247616],[20.846582,52.242009],[20.833038,52.230447],[20.822632,52.2313],[20.816557,52.231843],[20.818733,52.24683],[20.819469,52.252083],[20.804567,52.253326],[20.795376,52.254981],[20.79565,52.263693],[20.794586,52.265604],[20.787816,52.264655],[20.781576,52.261998],[20.774506,52.260382],[20.768772,52.259269],[20.759164,52.256605],[20.745434,52.260695],[20.738723,52.260713],[20.735171,52.259779],[20.735037,52.252594],[20.727819,52.250767],[20.71975,52.249893],[20.709023,52.247713],[20.697441,52.245524],[20.687538,52.249634],[20.684168,52.253832],[20.676396,52.262451]]},"properties":{"line":"96","dir":"Zaborów Szkoła","mode":"bus"}},{"type":"Feature","geometry":{"type":"LineString","coordinates":[[20.838749,52.168023],[20.840129,52.166261],[20.840971,52.168658],[20.840836,52.178576],[20.840176,52.185177],[20.84045,52.18814],[20.84094,52.19208],[20.83538,52.19297],[20.828917,52.193004],[20.834376,52.202771],[20.843277,52.210825],[20.84904,52.215349],[20.837061,52.214241],[20.81626,52.211048],[20.799658,52.210339],[20.79902,52.213211],[20.800344,52.218439],[20.801286,52.222433],[20.802243,52.227107],[20.803599,52.23088],[20.816557,52.231843],[20.818733,52.24683],[20.822137,52.25145],[20.827471,52.2503],[20.836338,52.248495],[20.844138,52.247616],[20.843355,52.250691],[20.83853,52.256202],[20.831639,52.261075],[20.823142,52.264782],[20.815071,52.268977],[20.807567,52.273714],[20.80405,52.277906],[20.798302,52.287098],[20.801375,52.295474],[20.804718,52.294385],[20.810849,52.293486],[20.81784,52.292058],[20.828744,52.290768],[20.8387,52.291037],[20.85108,52.29243],[20.857267,52.290328],[20.869159,52.288189],[20.876734,52.291037],[20.882361,52.315782],[20.8826,52.318203],[20.884292,52.321274],[20.894342,52.321477],[20.899493,52.325713],[20.901909,52.331731],[20.899007,52.334341],[20.895089,52.337834],[20.890877,52.339723],[20.882451,52.34243],[20.877043,52.34419],[20.871187,52.34607],[20.866692,52.347514],[20.862243,52.348928],[20.855773,52.346474],[20.847219,52.341517]]},"properties":{"line":"97","dir":"Dziekanów Leśny","mode":"bus"}},{"type":"Feature","geometry":{"type":"LineString","coordinates":[[20.81626,52.211048],[20.799658,52.210339],[20.79902,52.213211],[20.800344,52.218439],[20.801286,52.222433],[20.802243,52.227107],[20.803599,52.23088],[20.816557,52.231843],[20.818733,52.24683],[20.822137,52.25145],[20.827471,52.2503],[20.836338,52.248495],[20.844138,52.247616],[20.843355,52.250691],[20.83853,52.256202],[20.831639,52.261075],[20.823142,52.264782],[20.815071,52.268977],[20.807567,52.273714],[20.80405,52.277906],[20.798302,52.287098],[20.801375,52.295474],[20.804718,52.294385],[20.810849,52.293486],[20.81784,52.292058],[20.828744,52.290768]]},"properties":{"line":"97","dir":"Izabelin Sienkiewicza","mode":"bus"}},{"type":"Feature","geometry":{"type":"LineString","coordinates":[[20.847219,52.341517],[20.857026,52.346165],[20.862858,52.348614],[20.865362,52.347831],[20.872849,52.345423],[20.87761,52.343875],[20.883907,52.341857],[20.889101,52.34016],[20.895592,52.337241],[20.899337,52.333862],[20.902215,52.331291],[20.90282,52.329193],[20.900203,52.326768],[20.894014,52.321368],[20.885886,52.321604],[20.884035,52.321105],[20.882059,52.317316],[20.882441,52.314248],[20.876734,52.291037],[20.870887,52.288064],[20.867028,52.28869],[20.856052,52.291068],[20.849576,52.292755],[20.840111,52.291375],[20.825668,52.290764],[20.815608,52.292547],[20.809695,52.293704],[20.802272,52.29524],[20.800192,52.294917],[20.798302,52.287098],[20.804462,52.277287],[20.808135,52.273298],[20.814161,52.269472],[20.824855,52.263967],[20.83255,52.260501],[20.838808,52.255621],[20.841979,52.250711],[20.844138,52.247616],[20.8351,52.248894],[20.826083,52.2507],[20.818733,52.24683],[20.815452,52.23146],[20.802347,52.229965],[20.802069,52.226652],[20.80109,52.222105],[20.800148,52.217818],[20.799292,52.214012],[20.797421,52.210975],[20.799473,52.207846],[20.801913,52.210155],[20.818461,52.211242],[20.840802,52.214527],[20.849652,52.21481],[20.842373,52.211],[20.833803,52.200936],[20.83538,52.19297],[20.828917,52.193004],[20.839085,52.192609],[20.840217,52.189475],[20.839953,52.183912],[20.840082,52.17759],[20.840898,52.168814],[20.838749,52.168023]]},"properties":{"line":"97","dir":"Malichy Sadowa","mode":"bus"}},{"type":"Feature","geometry":{"type":"LineString","coordinates":[[20.825668,52.290764],[20.815608,52.292547],[20.809695,52.293704],[20.802272,52.29524],[20.800192,52.294917],[20.798302,52.287098],[20.804462,52.277287],[20.808135,52.273298],[20.814161,52.269472],[20.824855,52.263967],[20.83255,52.260501],[20.838808,52.255621],[20.841979,52.250711],[20.844138,52.247616],[20.8351,52.248894],[20.826083,52.2507],[20.818733,52.24683],[20.815452,52.23146],[20.802347,52.229965],[20.802069,52.226652],[20.80109,52.222105],[20.800148,52.217818],[20.799292,52.214012],[20.797421,52.210975],[20.799473,52.207846],[20.801913,52.210155],[20.817397,52.210439]]},"properties":{"line":"97","dir":"Ożarów Maz. Starostwo","mode":"bus"}},{"type":"Feature","geometry":{"type":"LineString","coordinates":[[20.812386,52.312658],[20.809509,52.30487],[20.80736,52.301253],[20.805659,52.297999],[20.804718,52.294385],[20.810849,52.293486],[20.81784,52.292058],[20.827076,52.290221],[20.829519,52.285488],[20.832689,52.282942],[20.829603,52.267883],[20.824855,52.263967],[20.83255,52.260501],[20.838808,52.255621],[20.841979,52.250711],[20.844138,52.247616]]},"properties":{"line":"98","dir":"Babice Nowe Centrum Handlowe","mode":"bus"}},{"type":"Feature","geometry":{"type":"LineString","coordinates":[[20.844138,52.247616],[20.843355,52.250691],[20.83853,52.256202],[20.831639,52.261075],[20.831334,52.269325],[20.8323,52.283339],[20.829052,52.286219],[20.825668,52.290764],[20.815608,52.292547],[20.809695,52.293704],[20.804229,52.295599],[20.806406,52.299181],[20.808561,52.303249],[20.812386,52.312658]]},"properties":{"line":"98","dir":"Sieraków","mode":"bus"}},{"type":"Feature","geometry":{"type":"LineString","coordinates":[[20.64444,52.087218],[20.642084,52.089306],[20.638416,52.09314],[20.6345,52.096188],[20.633362,52.097199],[20.627312,52.101018],[20.626279,52.102694],[20.628645,52.103182],[20.641539,52.107855],[20.646817,52.11213],[20.643811,52.11418],[20.637948,52.112695],[20.639047,52.108348],[20.634491,52.107192],[20.631183,52.109107],[20.629255,52.109527],[20.622327,52.109692],[20.622558,52.107638],[20.625201,52.106607],[20.625361,52.102737],[20.626862,52.099975],[20.633265,52.097131],[20.634423,52.096101],[20.638457,52.093011],[20.641984,52.089256],[20.645419,52.086476]]},"properties":{"line":"C1","dir":"Szczęsne Cmentarz","mode":"bus"}},{"type":"Feature","geometry":{"type":"LineString","coordinates":[[20.798954,52.167707],[20.806682,52.165288],[20.805655,52.162464],[20.80429,52.160391],[20.798608,52.159671],[20.791382,52.159858],[20.793249,52.157096],[20.789896,52.151555],[20.778385,52.145747],[20.769674,52.138088],[20.774716,52.131281],[20.769571,52.126076],[20.769079,52.124662],[20.759674,52.122944],[20.760995,52.127017],[20.753615,52.131238],[20.741788,52.136193],[20.732895,52.139246],[20.72684,52.140001],[20.719933,52.140369],[20.714884,52.139409],[20.70929,52.135833],[20.712251,52.133395]]},"properties":{"line":"Z67","dir":"Brwinów Zespół Szkół Ogólnokształcących","mode":"bus"}},{"type":"Feature","geometry":{"type":"LineString","coordinates":[[20.712251,52.133395],[20.715967,52.130383],[20.717645,52.134671],[20.719145,52.140311],[20.728196,52.139769],[20.733463,52.138936],[20.740685,52.136348],[20.756895,52.130289],[20.760995,52.125139],[20.759674,52.122944],[20.769579,52.123931],[20.769451,52.126434],[20.773521,52.132421],[20.770229,52.138028],[20.778385,52.145747],[20.791106,52.152581],[20.793538,52.157076],[20.79237,52.159749],[20.798593,52.162586],[20.801778,52.166846],[20.798209,52.167642]]},"properties":{"line":"Z67","dir":"PKP Pruszków","mode":"bus"}},{"type":"Feature","geometry":{"type":"LineString","coordinates":[[20.628445,52.100624],[20.630307,52.101217],[20.631913,52.101782],[20.63503,52.102736],[20.640087,52.104357],[20.640952,52.104546],[20.641644,52.104653],[20.642643,52.104733],[20.643588,52.104722],[20.644714,52.104623],[20.645551,52.104482],[20.646294,52.104288],[20.656087,52.10111],[20.656739,52.100945],[20.657371,52.100823],[20.658059,52.100739],[20.658852,52.10069],[20.659571,52.100682],[20.659955,52.100697],[20.660978,52.100804],[20.661826,52.100972],[20.663361,52.101339],[20.694082,52.108885],[20.695173,52.10919],[20.695825,52.109435],[20.696702,52.109867],[20.697385,52.110335],[20.697986,52.110828],[20.70462,52.117336],[20.705492,52.118056],[20.706079,52.11847],[20.707125,52.119106],[20.708109,52.119594],[20.708917,52.119928],[20.709958,52.120317],[20.711003,52.120619],[20.711656,52.120767],[20.712896,52.121007],[20.713537,52.121098],[20.714988,52.121266],[20.759092,52.125951],[20.760399,52.12613],[20.761134,52.126264],[20.761948,52.126435],[20.762681,52.126635],[20.763479,52.126879],[20.764021,52.127069],[20.765085,52.127486],[20.766121,52.127944],[20.784009,52.136004],[20.789955,52.138663],[20.790709,52.138956],[20.79156,52.139238],[20.808532,52.144419],[20.809037,52.14459],[20.809495,52.144786],[20.809848,52.14499],[20.810192,52.145224],[20.810519,52.145517],[20.810791,52.145859],[20.811009,52.146251],[20.811123,52.14659],[20.812083,52.152176],[20.812153,52.152523],[20.812265,52.152917],[20.812445,52.153295],[20.812842,52.153896],[20.815019,52.156344],[20.815243,52.156675],[20.815397,52.156975],[20.815549,52.157549],[20.815551,52.157987],[20.815465,52.158952],[20.815452,52.159727],[20.815519,52.160044],[20.815658,52.1604],[20.815863,52.160778],[20.816308,52.161306],[20.821883,52.167062],[20.822298,52.167505],[20.822562,52.167827],[20.822893,52.168297],[20.823444,52.169248],[20.82367,52.169597],[20.823821,52.169766],[20.824169,52.17008],[20.824609,52.17038],[20.824883,52.170531],[20.825396,52.170732],[20.825897,52.170889],[20.826451,52.171021],[20.826917,52.171086],[20.828007,52.171136],[20.833193,52.171185],[20.834164,52.171189],[20.834922,52.17117],[20.836108,52.17101],[20.837101,52.170774],[20.838321,52.170393],[20.84113,52.169382],[20.842256,52.169049],[20.843084,52.168889],[20.843772,52.168797],[20.844492,52.168759],[20.845313,52.168763],[20.846253,52.168832],[20.847193,52.168935],[20.863785,52.170964],[20.864644,52.171109],[20.865637,52.171323],[20.866291,52.171488],[20.901423,52.180529],[20.904669,52.181383],[20.911749,52.183168],[20.922028,52.185812],[20.924633,52.186518],[20.925646,52.186815],[20.926695,52.187283],[20.928072,52.188303],[20.938409,52.196493],[20.940299,52.197967],[20.941845,52.199478],[20.943638,52.201272],[20.944049,52.201808],[20.944282,52.202505],[20.944189,52.203134],[20.944093,52.203385],[20.943941,52.20367],[20.943735,52.203947],[20.943496,52.204193],[20.940429,52.207045],[20.939385,52.208245],[20.938973,52.208875],[20.938725,52.209638],[20.9389,52.210558],[20.939424,52.21158],[20.940135,52.212591],[20.941015,52.213327],[20.941902,52.213747],[20.942991,52.214124],[20.944121,52.214314],[20.94537,52.214364],[20.94792,52.214383],[20.952194,52.214364],[20.953182,52.214406],[20.954294,52.21462],[20.954989,52.214842],[20.955717,52.215153],[20.956446,52.215639],[20.957018,52.216207],[20.957619,52.216962],[20.958104,52.21746],[20.958615,52.217819],[20.95911,52.21807],[20.959832,52.218321],[20.961219,52.218659],[20.962829,52.218976],[20.965503,52.219411],[20.968066,52.22003],[20.96981,52.22061],[20.970658,52.22083],[20.971718,52.221064],[20.972804,52.221395],[20.974053,52.221749],[20.976317,52.222245],[20.977261,52.222513],[20.979197,52.223004],[20.9875,52.224961],[20.991851,52.225896],[21.000366,52.227655]]},"properties":{"line":"WKD","dir":"0","mode":"tram"}},{"type":"Feature","geometry":{"type":"LineString","coordinates":[[21.000352,52.227697],[20.991845,52.22594],[20.987494,52.225005],[20.979189,52.223048],[20.977253,52.222555],[20.976309,52.222289],[20.974045,52.221793],[20.972794,52.221437],[20.97171,52.221106],[20.97065,52.220874],[20.9698,52.220652],[20.968056,52.220072],[20.965497,52.219455],[20.962823,52.21902],[20.961213,52.218703],[20.959822,52.218363],[20.959096,52.21811],[20.958595,52.217857],[20.958076,52.217492],[20.957585,52.21699],[20.956984,52.216235],[20.956418,52.215673],[20.955699,52.215191],[20.954977,52.214884],[20.954286,52.214664],[20.953178,52.21445],[20.952194,52.214408],[20.94792,52.214427],[20.94537,52.214408],[20.944119,52.214358],[20.942983,52.214168],[20.941888,52.213789],[20.940993,52.213363],[20.940103,52.212619],[20.939386,52.2116],[20.938858,52.21057],[20.938679,52.209636],[20.938933,52.208857],[20.939349,52.208221],[20.940397,52.207017],[20.943466,52.204163],[20.943701,52.203921],[20.943903,52.203648],[20.944053,52.203369],[20.944147,52.203124],[20.944238,52.202509],[20.944009,52.201826],[20.943604,52.2013],[20.941815,52.199508],[20.940271,52.197999],[20.938383,52.196527],[20.928046,52.188337],[20.926675,52.187321],[20.925634,52.186857],[20.924625,52.18656],[20.92202,52.185854],[20.911741,52.18321],[20.904661,52.181425],[20.901415,52.180571],[20.866283,52.17153],[20.865629,52.171367],[20.864638,52.171153],[20.863781,52.171008],[20.847189,52.168979],[20.846251,52.168876],[20.845311,52.168807],[20.844492,52.168803],[20.843774,52.168841],[20.843088,52.168933],[20.842264,52.169093],[20.84114,52.169424],[20.838331,52.170435],[20.837109,52.170816],[20.836114,52.171054],[20.834924,52.171214],[20.834164,52.171233],[20.833193,52.171229],[20.828007,52.17118],[20.826915,52.17113],[20.826445,52.171065],[20.825889,52.170931],[20.825384,52.170774],[20.824867,52.170571],[20.824587,52.170418],[20.824143,52.170114],[20.823789,52.169796],[20.823634,52.169621],[20.823406,52.169268],[20.822855,52.168319],[20.822526,52.167851],[20.822264,52.167533],[20.821851,52.16709],[20.816276,52.161334],[20.815827,52.1608],[20.815618,52.160416],[20.815477,52.160054],[20.815408,52.159731],[20.815421,52.15895],[20.815507,52.157985],[20.815505,52.157553],[20.815355,52.156989],[20.815205,52.156695],[20.814983,52.15637],[20.812806,52.15392],[20.812407,52.153315],[20.812223,52.152931],[20.812111,52.152531],[20.812039,52.152184],[20.811081,52.1466],[20.810969,52.146267],[20.810753,52.145881],[20.810487,52.145545],[20.810166,52.145258],[20.809826,52.145026],[20.809477,52.144826],[20.809025,52.144632],[20.808522,52.144461],[20.79155,52.13928],[20.790697,52.138998],[20.789941,52.138703],[20.783995,52.136044],[20.766105,52.127984],[20.765071,52.127526],[20.764009,52.127111],[20.763469,52.126921],[20.762671,52.126677],[20.76194,52.126479],[20.761128,52.126308],[20.760395,52.126174],[20.759088,52.125995],[20.714986,52.12131],[20.713533,52.121142],[20.712892,52.121051],[20.71165,52.120811],[20.710995,52.120661],[20.709948,52.120359],[20.708903,52.11997],[20.708093,52.119634],[20.707105,52.119144],[20.706057,52.118506],[20.705466,52.11809],[20.70459,52.117368],[20.697956,52.11086],[20.697359,52.110369],[20.696682,52.109905],[20.695811,52.109475],[20.695163,52.109232],[20.694074,52.108927],[20.663353,52.101381],[20.66182,52.101016],[20.660974,52.100848],[20.659953,52.100741],[20.659571,52.100726],[20.658852,52.100734],[20.658061,52.100783],[20.657375,52.100867],[20.656745,52.100989],[20.656097,52.101152],[20.646304,52.10433],[20.645557,52.104526],[20.644718,52.104667],[20.64359,52.104766],[20.642643,52.104777],[20.64164,52.104697],[20.640946,52.10459],[20.640079,52.104399],[20.63502,52.102778],[20.631903,52.101824],[20.630297,52.101259],[20.628425,52.100662]]},"properties":{"line":"WKD","dir":"1","mode":"tram"}}]}