{"type":"FeatureCollection","features":[{"type":"Feature","geometry":{"type":"Point","coordinates":[20.621067,52.113153]},"properties":{"lines":"0, 13, 15, 24, 25, 26, 27, 92, 93","color":"#0059a9","mode":"bus","arr":["0","13","15","24","25","26","27","92","93"],"angle":84.2}},{"type":"Feature","geometry":{"type":"Point","coordinates":[20.621294,52.111753]},"properties":{"lines":"0, 13, 15, 24, 25, 26, 27, 92, 93","color":"#0059a9","mode":"bus","arr":["0","13","15","24","25","26","27","92","93"],"angle":84.3,"extra":1}},{"type":"Feature","geometry":{"type":"Point","coordinates":[20.621066,52.115502]},"properties":{"lines":"0, 13, 15, 24, 26, 27","color":"#0059a9","mode":"bus","arr":["0","13","15","24","26","27"],"angle":-0.8}},{"type":"Feature","geometry":{"type":"Point","coordinates":[20.621752,52.115429]},"properties":{"lines":"0, 13, 15, 24, 25, 26, 27","color":"#0059a9","mode":"bus","arr":["0","13","15","24","25","26","27"],"angle":20.9}},{"type":"Feature","geometry":{"type":"Point","coordinates":[20.626176,52.114212]},"properties":{"lines":"0, 13, 15, 18, 24, 25, 26, 27","color":"#0059a9","mode":"bus","arr":["0","13","15","18","24","25","26","27"],"angle":37.9}},{"type":"Feature","geometry":{"type":"Point","coordinates":[20.623487,52.115019]},"properties":{"lines":"0, 13, 15, 18, 24, 25, 26, 27","color":"#0059a9","mode":"bus","arr":["0","13","15","18","24","25","26","27"],"angle":21.3,"extra":1}},{"type":"Feature","geometry":{"type":"Point","coordinates":[20.628069,52.112694]},"properties":{"lines":"0, 13, 15, 18, 24, 25, 26, 27","color":"#0059a9","mode":"bus","arr":["0","13","15","18","24","25","26","27"],"angle":61.6,"extra":1}},{"type":"Feature","geometry":{"type":"Point","coordinates":[20.629493,52.111051]},"properties":{"lines":"0, 13, 15, 18, 24, 25, 26, 27","color":"#0059a9","mode":"bus","arr":["0","13","15","18","24","25","26","27"],"angle":63.5}},{"type":"Feature","geometry":{"type":"Point","coordinates":[20.628864,52.109314]},"properties":{"lines":"0, 13, 16, 17, 18, 24, 25, 26, 29, 31, 45, 46, C1","color":"#0059a9","mode":"bus","arr":["0","13","16","17","18","24","25","26","29","31","45","46","C1"],"angle":-31.5}},{"type":"Feature","geometry":{"type":"Point","coordinates":[20.626606,52.109711]},"properties":{"lines":"0, 13, 16, 17, 18, 24, 25, 26, 29, 31, 45, 46, C1","color":"#0059a9","mode":"bus","arr":["0","13","16","17","18","24","25","26","29","31","45","46","C1"],"angle":61.1}},{"type":"Feature","geometry":{"type":"Point","coordinates":[20.625293,52.11041]},"properties":{"lines":"0, 13, 16, 17, 18, 24, 25, 26, 29, 31, 45, 46, C1","color":"#0059a9","mode":"bus","arr":["0","13","16","17","18","24","25","26","29","31","45","46","C1"],"angle":-27.9}},{"type":"Feature","geometry":{"type":"Point","coordinates":[20.623846,52.110072]},"properties":{"lines":"0, 13, 16, 17, 18, 21, 22, 23, 24, 25, 26, 28 +11","color":"#0059a9","mode":"bus","arr":["0","13","16","17","18","21","22","23","24","25","26","28","29","30","31","32","33","34","45","46","63","82","C1"],"angle":-14.8}},{"type":"Feature","geometry":{"type":"Point","coordinates":[20.62114,52.109175]},"properties":{"lines":"0, 13, 16, 17, 18, 21, 22, 23, 24, 25, 26, 28 +11","color":"#0059a9","mode":"bus","arr":["0","13","16","17","18","21","22","23","24","25","26","28","29","30","31","32","33","34","45","46","63","82","C1"],"angle":-28.6}},{"type":"Feature","geometry":{"type":"Point","coordinates":[20.622218,52.109619]},"properties":{"lines":"0, 13, 16, 17, 18, 21, 22, 23, 24, 25, 26, 28 +11","color":"#0059a9","mode":"bus","arr":["0","13","16","17","18","21","22","23","24","25","26","28","29","30","31","32","33","34","45","46","63","82","C1"],"angle":-28.5}},{"type":"Feature","geometry":{"type":"Point","coordinates":[20.620744,52.108344]},"properties":{"lines":"0, 13, 16, 17, 18, 21, 22, 23, 24, 25, 26, 28 +11","color":"#0059a9","mode":"bus","arr":["0","13","16","17","18","21","22","23","24","25","26","28","29","30","31","32","33","34","45","46","63","82","C1"],"angle":79.5}},{"type":"Feature","geometry":{"type":"Point","coordinates":[20.621443,52.107683]},"properties":{"lines":"0, 13, 16, 17, 18, 21, 22, 23, 24, 25, 26, 28 +11","color":"#0059a9","mode":"bus","arr":["0","13","16","17","18","21","22","23","24","25","26","28","29","30","31","32","33","34","45","46","63","82","C1"],"angle":5.5}},{"type":"Feature","geometry":{"type":"Point","coordinates":[20.623382,52.107775]},"properties":{"lines":"0, 13, 16, 17, 18, 21, 22, 23, 24, 25, 26, 28 +11","color":"#0059a9","mode":"bus","arr":["0","13","16","17","18","21","22","23","24","25","26","28","29","30","31","32","33","34","45","46","63","82","C1"],"angle":-9.7}},{"type":"Feature","geometry":{"type":"Point","coordinates":[20.624902,52.107643]},"properties":{"lines":"0, 13, 16, 17, 18, 21, 22, 23, 24, 25, 26, 28 +11","color":"#0059a9","mode":"bus","arr":["0","13","16","17","18","21","22","23","24","25","26","28","29","30","31","32","33","34","45","46","63","82","C1"],"angle":78.1}},{"type":"Feature","geometry":{"type":"Point","coordinates":[20.625485,52.105898]},"properties":{"lines":"0, 13, 16, 17, 21, 22, 23, 26, 28, 29, 30, 31 +7","color":"#0059a9","mode":"bus","arr":["0","13","16","17","21","22","23","26","28","29","30","31","32","33","34","46","63","82","C1"],"angle":78.5}},{"type":"Feature","geometry":{"type":"Point","coordinates":[20.625906,52.104584]},"properties":{"lines":"0, 13, 16, 17, 21, 22, 23, 26, 28, 29, 30, 31 +7","color":"#0059a9","mode":"bus","arr":["0","13","16","17","21","22","23","26","28","29","30","31","32","33","34","46","63","82","C1"],"angle":78.8,"extra":1}},{"type":"Feature","geometry":{"type":"Point","coordinates":[20.626063,52.10405]},"properties":{"lines":"13, 16, 17, 21, 23, 26, 28, 29, 30, 31, 32, 33 +4","color":"#0059a9","mode":"bus","arr":["13","16","17","21","23","26","28","29","30","31","32","33","34","46","63","C1"],"angle":89.3}},{"type":"Feature","geometry":{"type":"Point","coordinates":[20.624714,52.104479]},"properties":{"lines":"0, 17, 22, 82","color":"#0059a9","mode":"bus","arr":["0","17","22","82"],"angle":-12.7}},{"type":"Feature","geometry":{"type":"Point","coordinates":[20.623163,52.103957]},"properties":{"lines":"0, 17, 20, 21, 22, 82","color":"#0059a9","mode":"bus","arr":["0","17","20","21","22","82"],"angle":10.3}},{"type":"Feature","geometry":{"type":"Point","coordinates":[20.620872,52.103929]},"properties":{"lines":"0, 17, 20, 21, 22, 82","color":"#0059a9","mode":"bus","arr":["0","17","20","21","22","82"],"angle":-24.1}},{"type":"Feature","geometry":{"type":"Point","coordinates":[20.616253,52.102342]},"properties":{"lines":"0, 17, 20, 21, 22","color":"#0059a9","mode":"bus","arr":["0","17","20","21","22"],"angle":-29.1}},{"type":"Feature","geometry":{"type":"Point","coordinates":[20.618487,52.103112]},"properties":{"lines":"0, 17, 20, 21, 22","color":"#0059a9","mode":"bus","arr":["0","17","20","21","22"],"angle":-29.1,"extra":1}},{"type":"Feature","geometry":{"type":"Point","coordinates":[20.61311,52.101279]},"properties":{"lines":"0, 17, 20, 21, 22","color":"#0059a9","mode":"bus","arr":["0","17","20","21","22"],"angle":-28.9,"extra":1}},{"type":"Feature","geometry":{"type":"Point","coordinates":[20.612618,52.09995]},"properties":{"lines":"0, 17, 22","color":"#0059a9","mode":"bus","arr":["0","17","22"],"angle":-85.6}},{"type":"Feature","geometry":{"type":"Point","coordinates":[20.612428,52.098417]},"properties":{"lines":"0, 17, 22, 28","color":"#0059a9","mode":"bus","arr":["0","17","22","28"],"angle":-85.6}},{"type":"Feature","geometry":{"type":"Point","coordinates":[20.614853,52.09882]},"properties":{"lines":"0, 28","color":"#0059a9","mode":"bus","arr":["0","28"],"angle":-36.9}},{"type":"Feature","geometry":{"type":"Point","coordinates":[20.616365,52.099753]},"properties":{"lines":"0, 28","color":"#0059a9","mode":"bus","arr":["0","28"],"angle":-35.5,"extra":1}},{"type":"Feature","geometry":{"type":"Point","coordinates":[20.617081,52.099837]},"properties":{"lines":"0, 23, 28, 31, 63, 82","color":"#0059a9","mode":"bus","arr":["0","23","28","31","63","82"],"angle":-1.2}},{"type":"Feature","geometry":{"type":"Point","coordinates":[20.617562,52.099094]},"properties":{"lines":"0, 23, 28, 31, 63, 82","color":"#0059a9","mode":"bus","arr":["0","23","28","31","63","82"],"angle":88.8}},{"type":"Feature","geometry":{"type":"Point","coordinates":[20.617612,52.097652]},"properties":{"lines":"0, 23, 28, 29, 31, 63, 82","color":"#0059a9","mode":"bus","arr":["0","23","28","29","31","63","82"],"angle":88.8}},{"type":"Feature","geometry":{"type":"Point","coordinates":[20.617687,52.096336]},"properties":{"lines":"0, 13, 16, 17, 20, 26, 28, 29, 46, 82","color":"#0059a9","mode":"bus","arr":["0","13","16","17","20","26","28","29","46","82"],"angle":87.2}},{"type":"Feature","geometry":{"type":"Point","coordinates":[20.617814,52.094669]},"properties":{"lines":"28, 82","color":"#0059a9","mode":"bus","arr":["28","82"],"angle":87.3}},{"type":"Feature","geometry":{"type":"Point","coordinates":[20.618634,52.096968]},"properties":{"lines":"0, 13, 16, 17, 20, 23, 26, 31, 46, 63","color":"#0059a9","mode":"bus","arr":["0","13","16","17","20","23","26","31","46","63"],"angle":-1.2}},{"type":"Feature","geometry":{"type":"Point","coordinates":[20.621601,52.097008]},"properties":{"lines":"0, 13, 16, 17, 20, 21, 23, 26, 28, 29, 31, 46, 63","color":"#0059a9","mode":"bus","arr":["0","13","16","17","20","21","23","26","28","29","31","46","63"],"angle":-1.3}},{"type":"Feature","geometry":{"type":"Point","coordinates":[20.623411,52.097939]},"properties":{"lines":"0, 13, 16, 17, 20, 21, 26, 28, 29, 46","color":"#0059a9","mode":"bus","arr":["0","13","16","17","20","21","26","28","29","46"],"angle":83.6}},{"type":"Feature","geometry":{"type":"Point","coordinates":[20.625141,52.099286]},"properties":{"lines":"0, 13, 16, 17, 20, 21, 26, 28, 29, 46","color":"#0059a9","mode":"bus","arr":["0","13","16","17","20","21","26","28","29","46"],"angle":-36.4}},{"type":"Feature","geometry":{"type":"Point","coordinates":[20.627232,52.100222]},"properties":{"lines":"0, 13, 16, 17, 20, 21, 26, 28, 29, 46, C1","color":"#0059a9","mode":"bus","arr":["0","13","16","17","20","21","26","28","29","46","C1"],"angle":-36.3}},{"type":"Feature","geometry":{"type":"Point","coordinates":[20.630937,52.098751]},"properties":{"lines":"0, 30, C1","color":"#0059a9","mode":"bus","arr":["0","30","C1"],"angle":35.1}},{"type":"Feature","geometry":{"type":"Point","coordinates":[20.628665,52.099708]},"properties":{"lines":"0, 30, C1","color":"#0059a9","mode":"bus","arr":["0","30","C1"],"angle":38.9,"extra":1}},{"type":"Feature","geometry":{"type":"Point","coordinates":[20.633223,52.097235]},"properties":{"lines":"0, 30, C1","color":"#0059a9","mode":"bus","arr":["0","30","C1"],"angle":54,"extra":1}},{"type":"Feature","geometry":{"type":"Point","coordinates":[20.63544,52.097152]},"properties":{"lines":"0","color":"#0059a9","mode":"bus","arr":["0"],"angle":-31.7}},{"type":"Feature","geometry":{"type":"Point","coordinates":[20.639571,52.098102]},"properties":{"lines":"0","color":"#0059a9","mode":"bus","arr":["0"],"angle":-24.3}},{"type":"Feature","geometry":{"type":"Point","coordinates":[20.643011,52.099232]},"properties":{"lines":"0","color":"#0059a9","mode":"bus","arr":["0"],"angle":-28.5}},{"type":"Feature","geometry":{"type":"Point","coordinates":[20.644006,52.099626]},"properties":{"lines":"0, 34","color":"#0059a9","mode":"bus","arr":["0","34"],"angle":-50.5}},{"type":"Feature","geometry":{"type":"Point","coordinates":[20.643864,52.099996]},"properties":{"lines":"0, 29, 32, 33, 34","color":"#0059a9","mode":"bus","arr":["0","29","32","33","34"],"angle":28.5}},{"type":"Feature","geometry":{"type":"Point","coordinates":[20.648908,52.102012]},"properties":{"lines":"0, 29","color":"#0059a9","mode":"bus","arr":["0","29"],"angle":-28.8}},{"type":"Feature","geometry":{"type":"Point","coordinates":[20.644784,52.100618]},"properties":{"lines":"0, 29","color":"#0059a9","mode":"bus","arr":["0","29"],"angle":-28.8,"extra":1}},{"type":"Feature","geometry":{"type":"Point","coordinates":[20.652869,52.103347]},"properties":{"lines":"0, 29","color":"#0059a9","mode":"bus","arr":["0","29"],"angle":-28.7,"extra":1}},{"type":"Feature","geometry":{"type":"Point","coordinates":[20.654116,52.104143]},"properties":{"lines":"0, 29","color":"#0059a9","mode":"bus","arr":["0","29"],"angle":60.5}},{"type":"Feature","geometry":{"type":"Point","coordinates":[20.651232,52.107354]},"properties":{"lines":"0, 17, 29, 46","color":"#0059a9","mode":"bus","arr":["0","17","29","46"],"angle":62.1}},{"type":"Feature","geometry":{"type":"Point","coordinates":[20.653105,52.105256]},"properties":{"lines":"0, 17, 29, 46","color":"#0059a9","mode":"bus","arr":["0","17","29","46"],"angle":60.4,"extra":1}},{"type":"Feature","geometry":{"type":"Point","coordinates":[20.650166,52.108573]},"properties":{"lines":"0, 17, 29, 46","color":"#0059a9","mode":"bus","arr":["0","17","29","46"],"angle":59.9,"extra":1}},{"type":"Feature","geometry":{"type":"Point","coordinates":[20.648607,52.110201]},"properties":{"lines":"0, 17, 29, 46","color":"#0059a9","mode":"bus","arr":["0","17","29","46"],"angle":59.4,"extra":1}},{"type":"Feature","geometry":{"type":"Point","coordinates":[20.647979,52.110837]},"properties":{"lines":"0, 17, 29, 46","color":"#0059a9","mode":"bus","arr":["0","17","29","46"],"angle":58.7}},{"type":"Feature","geometry":{"type":"Point","coordinates":[20.645188,52.114037]},"properties":{"lines":"0, 17, 29, 46","color":"#0059a9","mode":"bus","arr":["0","17","29","46"],"angle":64.9}},{"type":"Feature","geometry":{"type":"Point","coordinates":[20.646323,52.112506]},"properties":{"lines":"0, 17, 29, 46, C1","color":"#0059a9","mode":"bus","arr":["0","17","29","46","C1"],"angle":58.3}},{"type":"Feature","geometry":{"type":"Point","coordinates":[20.64513,52.113553]},"properties":{"lines":"0, 17, 29, 46, C1","color":"#0059a9","mode":"bus","arr":["0","17","29","46","C1"],"angle":-28}},{"type":"Feature","geometry":{"type":"Point","coordinates":[20.6445,52.11385]},"properties":{"lines":"0, 17, 29, 46, C1","color":"#0059a9","mode":"bus","arr":["0","17","29","46","C1"],"angle":62}},{"type":"Feature","geometry":{"type":"Point","coordinates":[20.640207,52.113406]},"properties":{"lines":"0, 15, 16, 17, 29, 31, 45, 46, C1","color":"#0059a9","mode":"bus","arr":["0","15","16","17","29","31","45","46","C1"],"angle":-29}},{"type":"Feature","geometry":{"type":"Point","coordinates":[20.642731,52.113914]},"properties":{"lines":"0, 15, 16, 17, 29, 31, 45, 46, C1","color":"#0059a9","mode":"bus","arr":["0","15","16","17","29","31","45","46","C1"],"angle":-12,"extra":1}},{"type":"Feature","geometry":{"type":"Point","coordinates":[20.637171,52.112375]},"properties":{"lines":"0, 15, 16, 17, 29, 31, 45, 46, C1","color":"#0059a9","mode":"bus","arr":["0","15","16","17","29","31","45","46","C1"],"angle":-27.9,"extra":1}},{"type":"Feature","geometry":{"type":"Point","coordinates":[20.638231,52.110313]},"properties":{"lines":"0, 15, 16, 17, 29, 45, 46, C1","color":"#0059a9","mode":"bus","arr":["0","15","16","17","29","45","46","C1"],"angle":60}},{"type":"Feature","geometry":{"type":"Point","coordinates":[20.636823,52.107581]},"properties":{"lines":"0, 15, 16, 17, 27, 29, 45, 46, C1","color":"#0059a9","mode":"bus","arr":["0","15","16","17","27","29","45","46","C1"],"angle":-21.4}},{"type":"Feature","geometry":{"type":"Point","coordinates":[20.635002,52.107231]},"properties":{"lines":"0, 15, 16, 17, 27, 29, 45, 46, C1","color":"#0059a9","mode":"bus","arr":["0","15","16","17","27","29","45","46","C1"],"angle":-14.8,"extra":1}},{"type":"Feature","geometry":{"type":"Point","coordinates":[20.633177,52.10737]},"properties":{"lines":"0, 15, 16, 17, 27, 29, 45, 46, C1","color":"#0059a9","mode":"bus","arr":["0","15","16","17","27","29","45","46","C1"],"angle":41.3}},{"type":"Feature","geometry":{"type":"Point","coordinates":[20.631508,52.108576]},"properties":{"lines":"0, 15, 16, 17, 27, 29, 45, 46, C1","color":"#0059a9","mode":"bus","arr":["0","15","16","17","27","29","45","46","C1"],"angle":61.7}},{"type":"Feature","geometry":{"type":"Point","coordinates":[20.632887,52.106707]},"properties":{"lines":"15","color":"#0059a9","mode":"bus","arr":["15"],"angle":71.6}},{"type":"Feature","geometry":{"type":"Point","coordinates":[20.625533,52.107529]},"properties":{"lines":"0, 13, 16, 17, 18, 24, 25, 26, 29, 45, 46","color":"#0059a9","mode":"bus","arr":["0","13","16","17","18","24","25","26","29","45","46"],"angle":-27}},{"type":"Feature","geometry":{"type":"Point","coordinates":[20.625951,52.107942]},"properties":{"lines":"0, 13, 16, 17, 18, 21, 22, 23, 24, 25, 26, 28 +10","color":"#0059a9","mode":"bus","arr":["0","13","16","17","18","21","22","23","24","25","26","28","29","30","31","32","33","34","45","46","63","82"],"angle":74.3}},{"type":"Feature","geometry":{"type":"Point","coordinates":[20.626648,52.108483]},"properties":{"lines":"0, 13, 16, 17, 18, 24, 25, 26, 29, 45, 46","color":"#0059a9","mode":"bus","arr":["0","13","16","17","18","24","25","26","29","45","46"],"angle":-31.5}},{"type":"Feature","geometry":{"type":"Point","coordinates":[20.630031,52.109728]},"properties":{"lines":"0, 13, 16, 17, 18, 24, 25, 26, 29, 31, 45, 46","color":"#0059a9","mode":"bus","arr":["0","13","16","17","18","24","25","26","29","31","45","46"],"angle":-21.1}},{"type":"Feature","geometry":{"type":"Point","coordinates":[20.63679,52.111879]},"properties":{"lines":"0, 15, 16, 17, 29, 45, 46","color":"#0059a9","mode":"bus","arr":["0","15","16","17","29","45","46"],"angle":62.3}},{"type":"Feature","geometry":{"type":"Point","coordinates":[20.644452,52.114345]},"properties":{"lines":"0, 15, 16, 17, 29, 31, 45, 46","color":"#0059a9","mode":"bus","arr":["0","15","16","17","29","31","45","46"],"angle":-21.4}},{"type":"Feature","geometry":{"type":"Point","coordinates":[20.61683,52.096227]},"properties":{"lines":"0, 13, 16, 17, 20, 26, 29, 46","color":"#0059a9","mode":"bus","arr":["0","13","16","17","20","26","29","46"],"angle":-40.4}},{"type":"Feature","geometry":{"type":"Point","coordinates":[20.625118,52.103717]},"properties":{"lines":"0, 20, 21, 22, 82","color":"#0059a9","mode":"bus","arr":["0","20","21","22","82"],"angle":10.8}},{"type":"Feature","geometry":{"type":"Point","coordinates":[20.62692,52.103484]},"properties":{"lines":"0, 13, 16, 17, 21, 22, 23, 26, 28, 29, 30, 31 +7","color":"#0059a9","mode":"bus","arr":["0","13","16","17","21","22","23","26","28","29","30","31","32","33","34","46","63","82","C1"],"angle":11}},{"type":"Feature","geometry":{"type":"Point","coordinates":[20.627015,52.105524]},"properties":{"lines":"0, 13, 16, 17, 21, 22, 23, 26, 28, 29, 30, 31 +6","color":"#0059a9","mode":"bus","arr":["0","13","16","17","21","22","23","26","28","29","30","31","32","33","34","46","63","82"],"angle":75}},{"type":"Feature","geometry":{"type":"Point","coordinates":[20.625376,52.109231]},"properties":{"lines":"0, 13, 16, 17, 21, 22, 23, 26, 28, 29, 30, 31 +6","color":"#0059a9","mode":"bus","arr":["0","13","16","17","21","22","23","26","28","29","30","31","32","33","34","46","63","82"],"angle":74.7}},{"type":"Feature","geometry":{"type":"Point","coordinates":[20.627571,52.104253]},"properties":{"lines":"0, 13, 16, 17, 21, 22, 23, 26, 28, 29, 30, 31 +6","color":"#0059a9","mode":"bus","arr":["0","13","16","17","21","22","23","26","28","29","30","31","32","33","34","46","63","82"],"angle":74.7,"extra":1}},{"type":"Feature","geometry":{"type":"Point","coordinates":[20.491026,52.191245]},"properties":{"lines":"10","color":"#0059a9","mode":"bus","arr":["10"],"angle":-84.6}},{"type":"Feature","geometry":{"type":"Point","coordinates":[20.487112,52.189092]},"properties":{"lines":"10","color":"#0059a9","mode":"bus","arr":["10"],"angle":2.1,"extra":1}},{"type":"Feature","geometry":{"type":"Point","coordinates":[20.490186,52.189057]},"properties":{"lines":"10","color":"#0059a9","mode":"bus","arr":["10"],"angle":0.5,"extra":1}},{"type":"Feature","geometry":{"type":"Point","coordinates":[20.49122,52.192507]},"properties":{"lines":"10","color":"#0059a9","mode":"bus","arr":["10"],"angle":-84.6,"extra":1}},{"type":"Feature","geometry":{"type":"Point","coordinates":[20.491598,52.194377]},"properties":{"lines":"10","color":"#0059a9","mode":"bus","arr":["10"],"angle":88.2,"extra":1}},{"type":"Feature","geometry":{"type":"Point","coordinates":[20.490985,52.196194]},"properties":{"lines":"10","color":"#0059a9","mode":"bus","arr":["10"],"angle":48.1,"extra":1}},{"type":"Feature","geometry":{"type":"Point","coordinates":[20.497715,52.199104]},"properties":{"lines":"10","color":"#0059a9","mode":"bus","arr":["10"],"angle":-86.9}},{"type":"Feature","geometry":{"type":"Point","coordinates":[20.492251,52.1965]},"properties":{"lines":"10","color":"#0059a9","mode":"bus","arr":["10"],"angle":-4.7,"extra":1}},{"type":"Feature","geometry":{"type":"Point","coordinates":[20.495315,52.196656]},"properties":{"lines":"10","color":"#0059a9","mode":"bus","arr":["10"],"angle":-4.7,"extra":1}},{"type":"Feature","geometry":{"type":"Point","coordinates":[20.49758,52.197286]},"properties":{"lines":"10","color":"#0059a9","mode":"bus","arr":["10"],"angle":-87.4,"extra":1}},{"type":"Feature","geometry":{"type":"Point","coordinates":[20.497905,52.201058]},"properties":{"lines":"10","color":"#0059a9","mode":"bus","arr":["10"],"angle":-86.4,"extra":1}},{"type":"Feature","geometry":{"type":"Point","coordinates":[20.498144,52.20294]},"properties":{"lines":"10","color":"#0059a9","mode":"bus","arr":["10"],"angle":-85.4,"extra":1}},{"type":"Feature","geometry":{"type":"Point","coordinates":[20.498393,52.204823]},"properties":{"lines":"10","color":"#0059a9","mode":"bus","arr":["10"],"angle":-85.3,"extra":1}},{"type":"Feature","geometry":{"type":"Point","coordinates":[20.542683,52.182866]},"properties":{"lines":"10","color":"#0059a9","mode":"bus","arr":["10"],"angle":12.6}},{"type":"Feature","geometry":{"type":"Point","coordinates":[20.548936,52.182001]},"properties":{"lines":"10","color":"#0059a9","mode":"bus","arr":["10"],"angle":12.9,"extra":1}},{"type":"Feature","geometry":{"type":"Point","coordinates":[20.545936,52.182414]},"properties":{"lines":"10","color":"#0059a9","mode":"bus","arr":["10"],"angle":12.8,"extra":1}},{"type":"Feature","geometry":{"type":"Point","coordinates":[20.539939,52.183252]},"properties":{"lines":"10","color":"#0059a9","mode":"bus","arr":["10"],"angle":13.1,"extra":1}},{"type":"Feature","geometry":{"type":"Point","coordinates":[20.536943,52.183677]},"properties":{"lines":"10","color":"#0059a9","mode":"bus","arr":["10"],"angle":12.8,"extra":1}},{"type":"Feature","geometry":{"type":"Point","coordinates":[20.512986,52.204591]},"properties":{"lines":"10","color":"#0059a9","mode":"bus","arr":["10"],"angle":6.7}},{"type":"Feature","geometry":{"type":"Point","coordinates":[20.504437,52.205081]},"properties":{"lines":"10","color":"#0059a9","mode":"bus","arr":["10"],"angle":8.6}},{"type":"Feature","geometry":{"type":"Point","coordinates":[20.510986,52.204471]},"properties":{"lines":"10","color":"#0059a9","mode":"bus","arr":["10"],"angle":8.6,"extra":1}},{"type":"Feature","geometry":{"type":"Point","coordinates":[20.507946,52.204754]},"properties":{"lines":"10","color":"#0059a9","mode":"bus","arr":["10"],"angle":8.6,"extra":1}},{"type":"Feature","geometry":{"type":"Point","coordinates":[20.501864,52.205318]},"properties":{"lines":"10","color":"#0059a9","mode":"bus","arr":["10"],"angle":8.6,"extra":1}},{"type":"Feature","geometry":{"type":"Point","coordinates":[20.498823,52.205598]},"properties":{"lines":"10","color":"#0059a9","mode":"bus","arr":["10"],"angle":8.5,"extra":1}},{"type":"Feature","geometry":{"type":"Point","coordinates":[20.520475,52.203603]},"properties":{"lines":"10","color":"#0059a9","mode":"bus","arr":["10"],"angle":8.6}},{"type":"Feature","geometry":{"type":"Point","coordinates":[20.514029,52.204199]},"properties":{"lines":"10","color":"#0059a9","mode":"bus","arr":["10"],"angle":8.6,"extra":1}},{"type":"Feature","geometry":{"type":"Point","coordinates":[20.51707,52.203917]},"properties":{"lines":"10","color":"#0059a9","mode":"bus","arr":["10"],"angle":8.6,"extra":1}},{"type":"Feature","geometry":{"type":"Point","coordinates":[20.523151,52.203356]},"properties":{"lines":"10","color":"#0059a9","mode":"bus","arr":["10"],"angle":8.5,"extra":1}},{"type":"Feature","geometry":{"type":"Point","coordinates":[20.526192,52.203073]},"properties":{"lines":"10","color":"#0059a9","mode":"bus","arr":["10"],"angle":8.7,"extra":1}},{"type":"Feature","geometry":{"type":"Point","coordinates":[20.529385,52.199305]},"properties":{"lines":"10, 19","color":"#0059a9","mode":"bus","arr":["10","19"],"angle":-77.9}},{"type":"Feature","geometry":{"type":"Point","coordinates":[20.529605,52.202425]},"properties":{"lines":"10, 19","color":"#0059a9","mode":"bus","arr":["10","19"],"angle":36.6,"extra":1}},{"type":"Feature","geometry":{"type":"Point","coordinates":[20.529929,52.200608]},"properties":{"lines":"10, 19","color":"#0059a9","mode":"bus","arr":["10","19"],"angle":-73.4,"extra":1}},{"type":"Feature","geometry":{"type":"Point","coordinates":[20.529339,52.196969]},"properties":{"lines":"10, 19","color":"#0059a9","mode":"bus","arr":["10","19"],"angle":58,"extra":1}},{"type":"Feature","geometry":{"type":"Point","coordinates":[20.528925,52.19278]},"properties":{"lines":"10","color":"#0059a9","mode":"bus","arr":["10"],"angle":-67.1}},{"type":"Feature","geometry":{"type":"Point","coordinates":[20.527676,52.190879]},"properties":{"lines":"10","color":"#0059a9","mode":"bus","arr":["10"],"angle":-65.2,"extra":1}},{"type":"Feature","geometry":{"type":"Point","coordinates":[20.530039,52.194365]},"properties":{"lines":"10","color":"#0059a9","mode":"bus","arr":["10"],"angle":-66.5,"extra":1}},{"type":"Feature","geometry":{"type":"Point","coordinates":[20.526091,52.188848]},"properties":{"lines":"10","color":"#0059a9","mode":"bus","arr":["10"],"angle":-62.2}},{"type":"Feature","geometry":{"type":"Point","coordinates":[20.524949,52.186694]},"properties":{"lines":"10, 25","color":"#0059a9","mode":"bus","arr":["10","25"],"angle":-72.6}},{"type":"Feature","geometry":{"type":"Point","coordinates":[20.558484,52.181886]},"properties":{"lines":"10","color":"#0059a9","mode":"bus","arr":["10"],"angle":-14.5}},{"type":"Feature","geometry":{"type":"Point","coordinates":[20.526915,52.185287]},"properties":{"lines":"10","color":"#0059a9","mode":"bus","arr":["10"],"angle":20.8}},{"type":"Feature","geometry":{"type":"Point","coordinates":[20.560627,52.182225]},"properties":{"lines":"10","color":"#0059a9","mode":"bus","arr":["10"],"angle":-14.4,"extra":1}},{"type":"Feature","geometry":{"type":"Point","coordinates":[20.531953,52.184377]},"properties":{"lines":"10","color":"#0059a9","mode":"bus","arr":["10"],"angle":13.1}},{"type":"Feature","geometry":{"type":"Point","coordinates":[20.552417,52.1815]},"properties":{"lines":"10","color":"#0059a9","mode":"bus","arr":["10"],"angle":13.3}},{"type":"Feature","geometry":{"type":"Point","coordinates":[20.562552,52.182528]},"properties":{"lines":"10, 19","color":"#0059a9","mode":"bus","arr":["10","19"],"angle":-18.8}},{"type":"Feature","geometry":{"type":"Point","coordinates":[20.56748,52.180977]},"properties":{"lines":"10, 11","color":"#0059a9","mode":"bus","arr":["10","11"],"angle":22.4}},{"type":"Feature","geometry":{"type":"Point","coordinates":[20.564117,52.181912]},"properties":{"lines":"10, 11","color":"#0059a9","mode":"bus","arr":["10","11"],"angle":39.6,"extra":1}},{"type":"Feature","geometry":{"type":"Point","coordinates":[20.569737,52.180399]},"properties":{"lines":"10, 11","color":"#0059a9","mode":"bus","arr":["10","11"],"angle":22.5,"extra":1}},{"type":"Feature","geometry":{"type":"Point","coordinates":[20.572841,52.182481]},"properties":{"lines":"10, 11, 19","color":"#0059a9","mode":"bus","arr":["10","11","19"],"angle":75}},{"type":"Feature","geometry":{"type":"Point","coordinates":[20.571915,52.184221]},"properties":{"lines":"10, 11, 19","color":"#0059a9","mode":"bus","arr":["10","11","19"],"angle":71.6,"extra":1}},{"type":"Feature","geometry":{"type":"Point","coordinates":[20.572608,52.180569]},"properties":{"lines":"10, 11, 19","color":"#0059a9","mode":"bus","arr":["10","11","19"],"angle":-79.4,"extra":1}},{"type":"Feature","geometry":{"type":"Point","coordinates":[20.577722,52.186822]},"properties":{"lines":"10, 11","color":"#0059a9","mode":"bus","arr":["10","11"],"angle":-7.4}},{"type":"Feature","geometry":{"type":"Point","coordinates":[20.572809,52.185528]},"properties":{"lines":"10, 11","color":"#0059a9","mode":"bus","arr":["10","11"],"angle":-24.2,"extra":1}},{"type":"Feature","geometry":{"type":"Point","coordinates":[20.575565,52.186362]},"properties":{"lines":"10, 11","color":"#0059a9","mode":"bus","arr":["10","11"],"angle":-25.5,"extra":1}},{"type":"Feature","geometry":{"type":"Point","coordinates":[20.581538,52.18713]},"properties":{"lines":"10, 11","color":"#0059a9","mode":"bus","arr":["10","11"],"angle":-7.3,"extra":1}},{"type":"Feature","geometry":{"type":"Point","coordinates":[20.596733,52.188904]},"properties":{"lines":"10, 11","color":"#0059a9","mode":"bus","arr":["10","11"],"angle":-17.2}},{"type":"Feature","geometry":{"type":"Point","coordinates":[20.586098,52.187509]},"properties":{"lines":"10, 11","color":"#0059a9","mode":"bus","arr":["10","11"],"angle":-7.9,"extra":1}},{"type":"Feature","geometry":{"type":"Point","coordinates":[20.589145,52.187764]},"properties":{"lines":"10, 11","color":"#0059a9","mode":"bus","arr":["10","11"],"angle":-7.7,"extra":1}},{"type":"Feature","geometry":{"type":"Point","coordinates":[20.592182,52.188053]},"properties":{"lines":"10, 11","color":"#0059a9","mode":"bus","arr":["10","11"],"angle":-15.2,"extra":1}},{"type":"Feature","geometry":{"type":"Point","coordinates":[20.601004,52.18971]},"properties":{"lines":"10, 11","color":"#0059a9","mode":"bus","arr":["10","11"],"angle":-17.4,"extra":1}},{"type":"Feature","geometry":{"type":"Point","coordinates":[20.603941,52.190268]},"properties":{"lines":"10, 11","color":"#0059a9","mode":"bus","arr":["10","11"],"angle":-17.1,"extra":1}},{"type":"Feature","geometry":{"type":"Point","coordinates":[20.606885,52.190813]},"properties":{"lines":"10, 11","color":"#0059a9","mode":"bus","arr":["10","11"],"angle":-16.4,"extra":1}},{"type":"Feature","geometry":{"type":"Point","coordinates":[20.609371,52.189951]},"properties":{"lines":"10, 11","color":"#0059a9","mode":"bus","arr":["10","11"],"angle":62.1}},{"type":"Feature","geometry":{"type":"Point","coordinates":[20.610935,52.188822]},"properties":{"lines":"10, 11","color":"#0059a9","mode":"bus","arr":["10","11"],"angle":-7.6}},{"type":"Feature","geometry":{"type":"Point","coordinates":[20.61473,52.188861]},"properties":{"lines":"10, 11, 12, 13, 19, 40, 42, 43, 49","color":"#0059a9","mode":"bus","arr":["10","11","12","13","19","40","42","43","49"],"angle":1.7}},{"type":"Feature","geometry":{"type":"Point","coordinates":[20.619188,52.190452]},"properties":{"lines":"10, 11, 12, 13, 19, 40, 42, 43, 49","color":"#0059a9","mode":"bus","arr":["10","11","12","13","19","40","42","43","49"],"angle":-86.2}},{"type":"Feature","geometry":{"type":"Point","coordinates":[20.620194,52.189923]},"properties":{"lines":"10, 11, 12, 13, 19, 40, 42, 43, 49","color":"#0059a9","mode":"bus","arr":["10","11","12","13","19","40","42","43","49"],"angle":-7.9}},{"type":"Feature","geometry":{"type":"Point","coordinates":[20.621607,52.190044]},"properties":{"lines":"10, 11, 12, 13, 19, 40, 42, 43","color":"#0059a9","mode":"bus","arr":["10","11","12","13","19","40","42","43"],"angle":-8.4}},{"type":"Feature","geometry":{"type":"Point","coordinates":[20.621696,52.191972]},"properties":{"lines":"10, 11, 12, 13, 19, 40, 42, 43, 67, 77","color":"#0059a9","mode":"bus","arr":["10","11","12","13","19","40","42","43","67","77"],"angle":87}},{"type":"Feature","geometry":{"type":"Point","coordinates":[20.621489,52.193971]},"properties":{"lines":"10, 11, 12, 13, 14, 19, 40, 42, 43, 67, 77","color":"#0059a9","mode":"bus","arr":["10","11","12","13","14","19","40","42","43","67","77"],"angle":-8.9}},{"type":"Feature","geometry":{"type":"Point","coordinates":[20.62043,52.193996]},"properties":{"lines":"10, 11, 12, 13, 14, 19, 40, 42, 43, 49, 67, 77","color":"#0059a9","mode":"bus","arr":["10","11","12","13","14","19","40","42","43","49","67","77"],"angle":5.7}},{"type":"Feature","geometry":{"type":"Point","coordinates":[20.619866,52.195033]},"properties":{"lines":"10, 11, 12, 19, 40, 43, 49","color":"#0059a9","mode":"bus","arr":["10","11","12","19","40","43","49"],"angle":-83.4}},{"type":"Feature","geometry":{"type":"Point","coordinates":[20.618426,52.196321]},"properties":{"lines":"10, 11, 12, 19, 40, 43, 49","color":"#0059a9","mode":"bus","arr":["10","11","12","19","40","43","49"],"angle":12.3}},{"type":"Feature","geometry":{"type":"Point","coordinates":[20.621161,52.195906]},"properties":{"lines":"49","color":"#0059a9","mode":"bus","arr":["49"],"angle":7.9}},{"type":"Feature","geometry":{"type":"Point","coordinates":[20.613523,52.196806]},"properties":{"lines":"10, 11, 12, 19, 40, 43, 49","color":"#0059a9","mode":"bus","arr":["10","11","12","19","40","43","49"],"angle":4.3}},{"type":"Feature","geometry":{"type":"Point","coordinates":[20.609646,52.197919]},"properties":{"lines":"12, 14, 19, 40, 43, 92, 93","color":"#0059a9","mode":"bus","arr":["12","14","19","40","43","92","93"],"angle":32.2}},{"type":"Feature","geometry":{"type":"Point","coordinates":[20.610267,52.196105]},"properties":{"lines":"10, 11, 14, 49, 92, 93","color":"#0059a9","mode":"bus","arr":["10","11","14","49","92","93"],"angle":-86.3}},{"type":"Feature","geometry":{"type":"Point","coordinates":[20.612009,52.195508]},"properties":{"lines":"10, 11, 14, 49, 92, 93","color":"#0059a9","mode":"bus","arr":["10","11","14","49","92","93"],"angle":5.5}},{"type":"Feature","geometry":{"type":"Point","coordinates":[20.613023,52.194533]},"properties":{"lines":"10, 11, 14, 49, 92, 93","color":"#0059a9","mode":"bus","arr":["10","11","14","49","92","93"],"angle":-84.5}},{"type":"Feature","geometry":{"type":"Point","coordinates":[20.614525,52.193596]},"properties":{"lines":"10, 11, 13, 14, 49","color":"#0059a9","mode":"bus","arr":["10","11","13","14","49"],"angle":6}},{"type":"Feature","geometry":{"type":"Point","coordinates":[20.617851,52.193392]},"properties":{"lines":"10, 11, 13, 14, 49","color":"#0059a9","mode":"bus","arr":["10","11","13","14","49"],"angle":5.2}},{"type":"Feature","geometry":{"type":"Point","coordinates":[20.619512,52.192914]},"properties":{"lines":"10, 11, 12, 13, 19, 40, 42, 43, 49, 67, 77","color":"#0059a9","mode":"bus","arr":["10","11","12","13","19","40","42","43","49","67","77"],"angle":-85.8}},{"type":"Feature","geometry":{"type":"Point","coordinates":[20.521443,52.212537]},"properties":{"lines":"11","color":"#0059a9","mode":"bus","arr":["11"],"angle":29.3}},{"type":"Feature","geometry":{"type":"Point","coordinates":[20.562637,52.214207]},"properties":{"lines":"11","color":"#0059a9","mode":"bus","arr":["11"],"angle":30}},{"type":"Feature","geometry":{"type":"Point","coordinates":[20.5706,52.195687]},"properties":{"lines":"11","color":"#0059a9","mode":"bus","arr":["11"],"angle":-75.7,"extra":1}},{"type":"Feature","geometry":{"type":"Point","coordinates":[20.571197,52.197537]},"properties":{"lines":"11","color":"#0059a9","mode":"bus","arr":["11"],"angle":-81.3,"extra":1}},{"type":"Feature","geometry":{"type":"Point","coordinates":[20.571668,52.199403]},"properties":{"lines":"11","color":"#0059a9","mode":"bus","arr":["11"],"angle":-80.8,"extra":1}},{"type":"Feature","geometry":{"type":"Point","coordinates":[20.572665,52.201157]},"properties":{"lines":"11","color":"#0059a9","mode":"bus","arr":["11"],"angle":-62.3,"extra":1}},{"type":"Feature","geometry":{"type":"Point","coordinates":[20.573704,52.202924]},"properties":{"lines":"11","color":"#0059a9","mode":"bus","arr":["11"],"angle":-78.2,"extra":1}},{"type":"Feature","geometry":{"type":"Point","coordinates":[20.574497,52.204732]},"properties":{"lines":"11","color":"#0059a9","mode":"bus","arr":["11"],"angle":-63,"extra":1}},{"type":"Feature","geometry":{"type":"Point","coordinates":[20.575921,52.206405]},"properties":{"lines":"11","color":"#0059a9","mode":"bus","arr":["11"],"angle":-62,"extra":1}},{"type":"Feature","geometry":{"type":"Point","coordinates":[20.577432,52.20805]},"properties":{"lines":"11","color":"#0059a9","mode":"bus","arr":["11"],"angle":-60.3,"extra":1}},{"type":"Feature","geometry":{"type":"Point","coordinates":[20.576829,52.209245]},"properties":{"lines":"11","color":"#0059a9","mode":"bus","arr":["11"],"angle":22.2,"extra":1}},{"type":"Feature","geometry":{"type":"Point","coordinates":[20.57404,52.210035]},"properties":{"lines":"11","color":"#0059a9","mode":"bus","arr":["11"],"angle":29.5,"extra":1}},{"type":"Feature","geometry":{"type":"Point","coordinates":[20.571405,52.211008]},"properties":{"lines":"11","color":"#0059a9","mode":"bus","arr":["11"],"angle":30.7,"extra":1}},{"type":"Feature","geometry":{"type":"Point","coordinates":[20.568756,52.211968]},"properties":{"lines":"11","color":"#0059a9","mode":"bus","arr":["11"],"angle":30.5,"extra":1}},{"type":"Feature","geometry":{"type":"Point","coordinates":[20.566108,52.212928]},"properties":{"lines":"11","color":"#0059a9","mode":"bus","arr":["11"],"angle":30.5,"extra":1}},{"type":"Feature","geometry":{"type":"Point","coordinates":[20.560807,52.214843]},"properties":{"lines":"11","color":"#0059a9","mode":"bus","arr":["11"],"angle":29.5,"extra":1}},{"type":"Feature","geometry":{"type":"Point","coordinates":[20.558132,52.215773]},"properties":{"lines":"11","color":"#0059a9","mode":"bus","arr":["11"],"angle":29.4,"extra":1}},{"type":"Feature","geometry":{"type":"Point","coordinates":[20.555445,52.216692]},"properties":{"lines":"11","color":"#0059a9","mode":"bus","arr":["11"],"angle":29.1,"extra":1}},{"type":"Feature","geometry":{"type":"Point","coordinates":[20.552753,52.217605]},"properties":{"lines":"11","color":"#0059a9","mode":"bus","arr":["11"],"angle":28.6,"extra":1}},{"type":"Feature","geometry":{"type":"Point","coordinates":[20.55008,52.218539]},"properties":{"lines":"11","color":"#0059a9","mode":"bus","arr":["11"],"angle":29.8,"extra":1}},{"type":"Feature","geometry":{"type":"Point","coordinates":[20.547394,52.219458]},"properties":{"lines":"11","color":"#0059a9","mode":"bus","arr":["11"],"angle":28.6,"extra":1}},{"type":"Feature","geometry":{"type":"Point","coordinates":[20.544503,52.220025]},"properties":{"lines":"11","color":"#0059a9","mode":"bus","arr":["11"],"angle":7.9,"extra":1}},{"type":"Feature","geometry":{"type":"Point","coordinates":[20.541457,52.220285]},"properties":{"lines":"11","color":"#0059a9","mode":"bus","arr":["11"],"angle":7.9,"extra":1}},{"type":"Feature","geometry":{"type":"Point","coordinates":[20.538412,52.220546]},"properties":{"lines":"11","color":"#0059a9","mode":"bus","arr":["11"],"angle":7.9,"extra":1}},{"type":"Feature","geometry":{"type":"Point","coordinates":[20.535369,52.220817]},"properties":{"lines":"11","color":"#0059a9","mode":"bus","arr":["11"],"angle":8.8,"extra":1}},{"type":"Feature","geometry":{"type":"Point","coordinates":[20.532329,52.2211]},"properties":{"lines":"11","color":"#0059a9","mode":"bus","arr":["11"],"angle":6.7,"extra":1}},{"type":"Feature","geometry":{"type":"Point","coordinates":[20.529262,52.221231]},"properties":{"lines":"11","color":"#0059a9","mode":"bus","arr":["11"],"angle":1.2,"extra":1}},{"type":"Feature","geometry":{"type":"Point","coordinates":[20.526194,52.22113]},"properties":{"lines":"11","color":"#0059a9","mode":"bus","arr":["11"],"angle":-8.1,"extra":1}},{"type":"Feature","geometry":{"type":"Point","coordinates":[20.523161,52.220821]},"properties":{"lines":"11","color":"#0059a9","mode":"bus","arr":["11"],"angle":-9.7,"extra":1}},{"type":"Feature","geometry":{"type":"Point","coordinates":[20.510625,52.215073]},"properties":{"lines":"11","color":"#0059a9","mode":"bus","arr":["11"],"angle":52.7}},{"type":"Feature","geometry":{"type":"Point","coordinates":[20.521265,52.220553]},"properties":{"lines":"11","color":"#0059a9","mode":"bus","arr":["11"],"angle":-13.4,"extra":1}},{"type":"Feature","geometry":{"type":"Point","coordinates":[20.518269,52.22013]},"properties":{"lines":"11","color":"#0059a9","mode":"bus","arr":["11"],"angle":-13.1,"extra":1}},{"type":"Feature","geometry":{"type":"Point","coordinates":[20.515259,52.219748]},"properties":{"lines":"11","color":"#0059a9","mode":"bus","arr":["11"],"angle":-9.4,"extra":1}},{"type":"Feature","geometry":{"type":"Point","coordinates":[20.512255,52.219345]},"properties":{"lines":"11","color":"#0059a9","mode":"bus","arr":["11"],"angle":-13.5,"extra":1}},{"type":"Feature","geometry":{"type":"Point","coordinates":[20.509265,52.218905]},"properties":{"lines":"11","color":"#0059a9","mode":"bus","arr":["11"],"angle":-13.5,"extra":1}},{"type":"Feature","geometry":{"type":"Point","coordinates":[20.507667,52.218099]},"properties":{"lines":"11","color":"#0059a9","mode":"bus","arr":["11"],"angle":59.2,"extra":1}},{"type":"Feature","geometry":{"type":"Point","coordinates":[20.509242,52.216477]},"properties":{"lines":"11","color":"#0059a9","mode":"bus","arr":["11"],"angle":59.2,"extra":1}},{"type":"Feature","geometry":{"type":"Point","coordinates":[20.513741,52.214221]},"properties":{"lines":"11","color":"#0059a9","mode":"bus","arr":["11"],"angle":17.2,"extra":1}},{"type":"Feature","geometry":{"type":"Point","coordinates":[20.516679,52.213662]},"properties":{"lines":"11","color":"#0059a9","mode":"bus","arr":["11"],"angle":17.2,"extra":1}},{"type":"Feature","geometry":{"type":"Point","coordinates":[20.519615,52.2131]},"properties":{"lines":"11","color":"#0059a9","mode":"bus","arr":["11"],"angle":-11.6,"extra":1}},{"type":"Feature","geometry":{"type":"Point","coordinates":[20.520431,52.214833]},"properties":{"lines":"11","color":"#0059a9","mode":"bus","arr":["11"],"angle":-76.5,"extra":1}},{"type":"Feature","geometry":{"type":"Point","coordinates":[20.521161,52.216667]},"properties":{"lines":"11","color":"#0059a9","mode":"bus","arr":["11"],"angle":-76.1,"extra":1}},{"type":"Feature","geometry":{"type":"Point","coordinates":[20.521896,52.218501]},"properties":{"lines":"11","color":"#0059a9","mode":"bus","arr":["11"],"angle":-76.3,"extra":1}},{"type":"Feature","geometry":{"type":"Point","coordinates":[20.524667,52.209154]},"properties":{"lines":"11","color":"#0059a9","mode":"bus","arr":["11"],"angle":69.6}},{"type":"Feature","geometry":{"type":"Point","coordinates":[20.52354,52.210951]},"properties":{"lines":"11","color":"#0059a9","mode":"bus","arr":["11"],"angle":66,"extra":1}},{"type":"Feature","geometry":{"type":"Point","coordinates":[20.525725,52.207421]},"properties":{"lines":"11","color":"#0059a9","mode":"bus","arr":["11"],"angle":69.7,"extra":1}},{"type":"Feature","geometry":{"type":"Point","coordinates":[20.566603,52.188728]},"properties":{"lines":"11","color":"#0059a9","mode":"bus","arr":["11"],"angle":-69.1}},{"type":"Feature","geometry":{"type":"Point","coordinates":[20.569674,52.193888]},"properties":{"lines":"11","color":"#0059a9","mode":"bus","arr":["11"],"angle":-70.2,"extra":1}},{"type":"Feature","geometry":{"type":"Point","coordinates":[20.568612,52.192115]},"properties":{"lines":"11","color":"#0059a9","mode":"bus","arr":["11"],"angle":-69.8,"extra":1}},{"type":"Feature","geometry":{"type":"Point","coordinates":[20.567575,52.190337]},"properties":{"lines":"11","color":"#0059a9","mode":"bus","arr":["11"],"angle":-70.3,"extra":1}},{"type":"Feature","geometry":{"type":"Point","coordinates":[20.565407,52.186803]},"properties":{"lines":"11","color":"#0059a9","mode":"bus","arr":["11"],"angle":-69.1,"extra":1}},{"type":"Feature","geometry":{"type":"Point","coordinates":[20.564323,52.185036]},"properties":{"lines":"11","color":"#0059a9","mode":"bus","arr":["11"],"angle":-69.5,"extra":1}},{"type":"Feature","geometry":{"type":"Point","coordinates":[20.563266,52.183263]},"properties":{"lines":"11","color":"#0059a9","mode":"bus","arr":["11"],"angle":-71.8,"extra":1}},{"type":"Feature","geometry":{"type":"Point","coordinates":[20.611053,52.18731]},"properties":{"lines":"12, 13, 19, 40, 42, 43, 49, 92, 93","color":"#0059a9","mode":"bus","arr":["12","13","19","40","42","43","49","92","93"],"angle":-1.5}},{"type":"Feature","geometry":{"type":"Point","coordinates":[20.611855,52.188111]},"properties":{"lines":"12, 13, 19, 40, 42, 43, 49, 92, 93","color":"#0059a9","mode":"bus","arr":["12","13","19","40","42","43","49","92","93"],"angle":-88.9}},{"type":"Feature","geometry":{"type":"Point","coordinates":[20.607683,52.1989]},"properties":{"lines":"12, 14, 19, 43, 92, 93","color":"#0059a9","mode":"bus","arr":["12","14","19","43","92","93"],"angle":4.1}},{"type":"Feature","geometry":{"type":"Point","coordinates":[20.605914,52.200665]},"properties":{"lines":"12, 14, 43, 92, 93","color":"#0059a9","mode":"bus","arr":["12","14","43","92","93"],"angle":81.7}},{"type":"Feature","geometry":{"type":"Point","coordinates":[20.603274,52.204283]},"properties":{"lines":"12, 14, 43","color":"#0059a9","mode":"bus","arr":["12","14","43"],"angle":56.6}},{"type":"Feature","geometry":{"type":"Point","coordinates":[20.601793,52.205636]},"properties":{"lines":"12, 14, 43","color":"#0059a9","mode":"bus","arr":["12","14","43"],"angle":55.9,"extra":1}},{"type":"Feature","geometry":{"type":"Point","coordinates":[20.605235,52.202506]},"properties":{"lines":"12, 14, 43","color":"#0059a9","mode":"bus","arr":["12","14","43"],"angle":51.3,"extra":1}},{"type":"Feature","geometry":{"type":"Point","coordinates":[20.592536,52.208649]},"properties":{"lines":"12, 14, 43","color":"#0059a9","mode":"bus","arr":["12","14","43"],"angle":25.1}},{"type":"Feature","geometry":{"type":"Point","coordinates":[20.599361,52.206704]},"properties":{"lines":"12, 14, 43","color":"#0059a9","mode":"bus","arr":["12","14","43"],"angle":24.5,"extra":1}},{"type":"Feature","geometry":{"type":"Point","coordinates":[20.596562,52.207486]},"properties":{"lines":"12, 14, 43","color":"#0059a9","mode":"bus","arr":["12","14","43"],"angle":24.6,"extra":1}},{"type":"Feature","geometry":{"type":"Point","coordinates":[20.588204,52.209885]},"properties":{"lines":"12, 14, 43","color":"#0059a9","mode":"bus","arr":["12","14","43"],"angle":24.9,"extra":1}},{"type":"Feature","geometry":{"type":"Point","coordinates":[20.58542,52.210686]},"properties":{"lines":"12, 14, 43","color":"#0059a9","mode":"bus","arr":["12","14","43"],"angle":24.8,"extra":1}},{"type":"Feature","geometry":{"type":"Point","coordinates":[20.585908,52.214019]},"properties":{"lines":"12, 43","color":"#0059a9","mode":"bus","arr":["12","43"],"angle":-50.5}},{"type":"Feature","geometry":{"type":"Point","coordinates":[20.584369,52.211788]},"properties":{"lines":"12, 43","color":"#0059a9","mode":"bus","arr":["12","43"],"angle":-73.9,"extra":1}},{"type":"Feature","geometry":{"type":"Point","coordinates":[20.586895,52.215176]},"properties":{"lines":"12, 43","color":"#0059a9","mode":"bus","arr":["12","43"],"angle":-66.5,"extra":1}},{"type":"Feature","geometry":{"type":"Point","coordinates":[20.587283,52.216751]},"properties":{"lines":"12, 43","color":"#0059a9","mode":"bus","arr":["12","43"],"angle":19.6,"extra":1}},{"type":"Feature","geometry":{"type":"Point","coordinates":[20.580377,52.220599]},"properties":{"lines":"12, 43","color":"#0059a9","mode":"bus","arr":["12","43"],"angle":47.1}},{"type":"Feature","geometry":{"type":"Point","coordinates":[20.575758,52.2237]},"properties":{"lines":"12, 43","color":"#0059a9","mode":"bus","arr":["12","43"],"angle":47.8,"extra":1}},{"type":"Feature","geometry":{"type":"Point","coordinates":[20.577829,52.222303]},"properties":{"lines":"12, 43","color":"#0059a9","mode":"bus","arr":["12","43"],"angle":47.6,"extra":1}},{"type":"Feature","geometry":{"type":"Point","coordinates":[20.582003,52.219529]},"properties":{"lines":"12, 43","color":"#0059a9","mode":"bus","arr":["12","43"],"angle":46.6,"extra":1}},{"type":"Feature","geometry":{"type":"Point","coordinates":[20.584131,52.218168]},"properties":{"lines":"12, 43","color":"#0059a9","mode":"bus","arr":["12","43"],"angle":40.1,"extra":1}},{"type":"Feature","geometry":{"type":"Point","coordinates":[20.586291,52.216939]},"properties":{"lines":"12, 43","color":"#0059a9","mode":"bus","arr":["12","43"],"angle":-71.5}},{"type":"Feature","geometry":{"type":"Point","coordinates":[20.537706,52.225997]},"properties":{"lines":"12","color":"#0059a9","mode":"bus","arr":["12"],"angle":4.9}},{"type":"Feature","geometry":{"type":"Point","coordinates":[20.574075,52.223551]},"properties":{"lines":"12","color":"#0059a9","mode":"bus","arr":["12"],"angle":-31.7,"extra":1}},{"type":"Feature","geometry":{"type":"Point","coordinates":[20.571071,52.223866]},"properties":{"lines":"12","color":"#0059a9","mode":"bus","arr":["12"],"angle":11.6,"extra":1}},{"type":"Feature","geometry":{"type":"Point","coordinates":[20.568053,52.224228]},"properties":{"lines":"12","color":"#0059a9","mode":"bus","arr":["12"],"angle":11.8,"extra":1}},{"type":"Feature","geometry":{"type":"Point","coordinates":[20.565052,52.22464]},"properties":{"lines":"12","color":"#0059a9","mode":"bus","arr":["12"],"angle":13,"extra":1}},{"type":"Feature","geometry":{"type":"Point","coordinates":[20.562055,52.225062]},"properties":{"lines":"12","color":"#0059a9","mode":"bus","arr":["12"],"angle":11.9,"extra":1}},{"type":"Feature","geometry":{"type":"Point","coordinates":[20.559047,52.225454]},"properties":{"lines":"12","color":"#0059a9","mode":"bus","arr":["12"],"angle":12.1,"extra":1}},{"type":"Feature","geometry":{"type":"Point","coordinates":[20.556816,52.226465]},"properties":{"lines":"12","color":"#0059a9","mode":"bus","arr":["12"],"angle":77.7,"extra":1}},{"type":"Feature","geometry":{"type":"Point","coordinates":[20.554125,52.226693]},"properties":{"lines":"12","color":"#0059a9","mode":"bus","arr":["12"],"angle":-4.4,"extra":1}},{"type":"Feature","geometry":{"type":"Point","coordinates":[20.551189,52.226177]},"properties":{"lines":"12","color":"#0059a9","mode":"bus","arr":["12"],"angle":-21.6,"extra":1}},{"type":"Feature","geometry":{"type":"Point","coordinates":[20.548274,52.22561]},"properties":{"lines":"12","color":"#0059a9","mode":"bus","arr":["12"],"angle":-7.5,"extra":1}},{"type":"Feature","geometry":{"type":"Point","coordinates":[20.545243,52.225746]},"properties":{"lines":"12","color":"#0059a9","mode":"bus","arr":["12"],"angle":17,"extra":1}},{"type":"Feature","geometry":{"type":"Point","coordinates":[20.542251,52.225772]},"properties":{"lines":"12","color":"#0059a9","mode":"bus","arr":["12"],"angle":-3.3,"extra":1}},{"type":"Feature","geometry":{"type":"Point","coordinates":[20.533055,52.226211]},"properties":{"lines":"12","color":"#0059a9","mode":"bus","arr":["12"],"angle":4.2,"extra":1}},{"type":"Feature","geometry":{"type":"Point","coordinates":[20.529987,52.226339]},"properties":{"lines":"12","color":"#0059a9","mode":"bus","arr":["12"],"angle":3.6,"extra":1}},{"type":"Feature","geometry":{"type":"Point","coordinates":[20.526919,52.22646]},"properties":{"lines":"12","color":"#0059a9","mode":"bus","arr":["12"],"angle":3.2,"extra":1}},{"type":"Feature","geometry":{"type":"Point","coordinates":[20.523848,52.226558]},"properties":{"lines":"12","color":"#0059a9","mode":"bus","arr":["12"],"angle":2.7,"extra":1}},{"type":"Feature","geometry":{"type":"Point","coordinates":[20.520797,52.226546]},"properties":{"lines":"12","color":"#0059a9","mode":"bus","arr":["12"],"angle":-23.7,"extra":1}},{"type":"Feature","geometry":{"type":"Point","coordinates":[20.518204,52.225532]},"properties":{"lines":"12","color":"#0059a9","mode":"bus","arr":["12"],"angle":-32.8,"extra":1}},{"type":"Feature","geometry":{"type":"Point","coordinates":[20.515617,52.22451]},"properties":{"lines":"12","color":"#0059a9","mode":"bus","arr":["12"],"angle":-33.1,"extra":1}},{"type":"Feature","geometry":{"type":"Point","coordinates":[20.513087,52.223437]},"properties":{"lines":"12","color":"#0059a9","mode":"bus","arr":["12"],"angle":-35.1,"extra":1}},{"type":"Feature","geometry":{"type":"Point","coordinates":[20.510558,52.222368]},"properties":{"lines":"12","color":"#0059a9","mode":"bus","arr":["12"],"angle":-24.5,"extra":1}},{"type":"Feature","geometry":{"type":"Point","coordinates":[20.507636,52.221782]},"properties":{"lines":"12","color":"#0059a9","mode":"bus","arr":["12"],"angle":-17.2,"extra":1}},{"type":"Feature","geometry":{"type":"Point","coordinates":[20.504707,52.221206]},"properties":{"lines":"12","color":"#0059a9","mode":"bus","arr":["12"],"angle":-17.9,"extra":1}},{"type":"Feature","geometry":{"type":"Point","coordinates":[20.50179,52.220609]},"properties":{"lines":"12","color":"#0059a9","mode":"bus","arr":["12"],"angle":-18.6,"extra":1}},{"type":"Feature","geometry":{"type":"Point","coordinates":[20.490606,52.221206]},"properties":{"lines":"12","color":"#0059a9","mode":"bus","arr":["12"],"angle":-89.4}},{"type":"Feature","geometry":{"type":"Point","coordinates":[20.501078,52.229829]},"properties":{"lines":"12","color":"#0059a9","mode":"bus","arr":["12"],"angle":-84.7,"extra":1}},{"type":"Feature","geometry":{"type":"Point","coordinates":[20.500824,52.227948]},"properties":{"lines":"12","color":"#0059a9","mode":"bus","arr":["12"],"angle":-86.9,"extra":1}},{"type":"Feature","geometry":{"type":"Point","coordinates":[20.500711,52.22606]},"properties":{"lines":"12","color":"#0059a9","mode":"bus","arr":["12"],"angle":-88.1,"extra":1}},{"type":"Feature","geometry":{"type":"Point","coordinates":[20.500611,52.224173]},"properties":{"lines":"12","color":"#0059a9","mode":"bus","arr":["12"],"angle":-87.5,"extra":1}},{"type":"Feature","geometry":{"type":"Point","coordinates":[20.5005,52.222286]},"properties":{"lines":"12","color":"#0059a9","mode":"bus","arr":["12"],"angle":-88.7,"extra":1}},{"type":"Feature","geometry":{"type":"Point","coordinates":[20.500431,52.220397]},"properties":{"lines":"12","color":"#0059a9","mode":"bus","arr":["12"],"angle":-64.1,"extra":1}},{"type":"Feature","geometry":{"type":"Point","coordinates":[20.497599,52.219812]},"properties":{"lines":"12","color":"#0059a9","mode":"bus","arr":["12"],"angle":-1.7,"extra":1}},{"type":"Feature","geometry":{"type":"Point","coordinates":[20.494535,52.219971]},"properties":{"lines":"12","color":"#0059a9","mode":"bus","arr":["12"],"angle":4.8,"extra":1}},{"type":"Feature","geometry":{"type":"Point","coordinates":[20.491483,52.220168]},"properties":{"lines":"12","color":"#0059a9","mode":"bus","arr":["12"],"angle":18.7,"extra":1}},{"type":"Feature","geometry":{"type":"Point","coordinates":[20.490648,52.223607]},"properties":{"lines":"12","color":"#0059a9","mode":"bus","arr":["12"],"angle":-89.4,"extra":1}},{"type":"Feature","geometry":{"type":"Point","coordinates":[20.490644,52.225494]},"properties":{"lines":"12","color":"#0059a9","mode":"bus","arr":["12"],"angle":80.6,"extra":1}},{"type":"Feature","geometry":{"type":"Point","coordinates":[20.48938,52.227208]},"properties":{"lines":"12","color":"#0059a9","mode":"bus","arr":["12"],"angle":63,"extra":1}},{"type":"Feature","geometry":{"type":"Point","coordinates":[20.48933,52.229052]},"properties":{"lines":"12","color":"#0059a9","mode":"bus","arr":["12"],"angle":-83,"extra":1}},{"type":"Feature","geometry":{"type":"Point","coordinates":[20.489865,52.230907]},"properties":{"lines":"12","color":"#0059a9","mode":"bus","arr":["12"],"angle":-71.7,"extra":1}},{"type":"Feature","geometry":{"type":"Point","coordinates":[20.492185,52.231407]},"properties":{"lines":"12","color":"#0059a9","mode":"bus","arr":["12"],"angle":7.5,"extra":1}},{"type":"Feature","geometry":{"type":"Point","coordinates":[20.495233,52.231156]},"properties":{"lines":"12","color":"#0059a9","mode":"bus","arr":["12"],"angle":7.7,"extra":1}},{"type":"Feature","geometry":{"type":"Point","coordinates":[20.498288,52.230959]},"properties":{"lines":"12","color":"#0059a9","mode":"bus","arr":["12"],"angle":4.6,"extra":1}},{"type":"Feature","geometry":{"type":"Point","coordinates":[20.619616,52.193674]},"properties":{"lines":"12, 13, 14, 19, 40, 42, 43, 49, 67, 77","color":"#0059a9","mode":"bus","arr":["12","13","14","19","40","42","43","49","67","77"],"angle":-84.2}},{"type":"Feature","geometry":{"type":"Point","coordinates":[20.626649,52.101854]},"properties":{"lines":"13, 16, 17, 20, 21, 26, 28, 29, 30, 46, C1","color":"#0059a9","mode":"bus","arr":["13","16","17","20","21","26","28","29","30","46","C1"],"angle":67.7}},{"type":"Feature","geometry":{"type":"Point","coordinates":[20.626112,52.103057]},"properties":{"lines":"13, 16, 17, 20, 21, 26, 28, 29, 30, 46, C1","color":"#0059a9","mode":"bus","arr":["13","16","17","20","21","26","28","29","30","46","C1"],"angle":71,"extra":1}},{"type":"Feature","geometry":{"type":"Point","coordinates":[20.625946,52.103597]},"properties":{"lines":"13, 16, 17, 20, 21, 23, 26, 28, 29, 30, 31, 46, 63, C1","color":"#0059a9","mode":"bus","arr":["13","16","17","20","21","23","26","28","29","30","31","46","63","C1"],"angle":17}},{"type":"Feature","geometry":{"type":"Point","coordinates":[20.619129,52.1113]},"properties":{"lines":"13, 15, 24, 25, 26, 27","color":"#0059a9","mode":"bus","arr":["13","15","24","25","26","27"],"angle":-24.9}},{"type":"Feature","geometry":{"type":"Point","coordinates":[20.621178,52.11188]},"properties":{"lines":"13, 15, 24, 25, 26, 27","color":"#0059a9","mode":"bus","arr":["13","15","24","25","26","27"],"angle":-21,"extra":1}},{"type":"Feature","geometry":{"type":"Point","coordinates":[20.616083,52.111573]},"properties":{"lines":"13, 15, 24, 25, 26, 27","color":"#0059a9","mode":"bus","arr":["13","15","24","25","26","27"],"angle":57.7}},{"type":"Feature","geometry":{"type":"Point","coordinates":[20.61598,52.11389]},"properties":{"lines":"13, 24, 26, 27","color":"#0059a9","mode":"bus","arr":["13","24","26","27"],"angle":-82.4}},{"type":"Feature","geometry":{"type":"Point","coordinates":[20.61598,52.117012]},"properties":{"lines":"13, 24, 25, 26, 27","color":"#0059a9","mode":"bus","arr":["13","24","25","26","27"],"angle":84.7}},{"type":"Feature","geometry":{"type":"Point","coordinates":[20.617522,52.119717]},"properties":{"lines":"13, 24, 25, 26, 27","color":"#0059a9","mode":"bus","arr":["13","24","25","26","27"],"angle":-0.3}},{"type":"Feature","geometry":{"type":"Point","coordinates":[20.61596,52.118928]},"properties":{"lines":"13, 24, 25, 26, 27","color":"#0059a9","mode":"bus","arr":["13","24","25","26","27"],"angle":-47.1,"extra":1}},{"type":"Feature","geometry":{"type":"Point","coordinates":[20.619946,52.11988]},"properties":{"lines":"13, 24, 26, 27, 92, 93","color":"#0059a9","mode":"bus","arr":["13","24","26","27","92","93"],"angle":84.4}},{"type":"Feature","geometry":{"type":"Point","coordinates":[20.619616,52.121881]},"properties":{"lines":"13, 24, 27, 92, 93","color":"#0059a9","mode":"bus","arr":["13","24","27","92","93"],"angle":84.2}},{"type":"Feature","geometry":{"type":"Point","coordinates":[20.618341,52.129572]},"properties":{"lines":"13, 27","color":"#0059a9","mode":"bus","arr":["13","27"],"angle":84.3}},{"type":"Feature","geometry":{"type":"Point","coordinates":[20.619182,52.124516]},"properties":{"lines":"13, 27","color":"#0059a9","mode":"bus","arr":["13","27"],"angle":84.1,"extra":1}},{"type":"Feature","geometry":{"type":"Point","coordinates":[20.618866,52.126395]},"properties":{"lines":"13, 27","color":"#0059a9","mode":"bus","arr":["13","27"],"angle":84.3,"extra":1}},{"type":"Feature","geometry":{"type":"Point","coordinates":[20.618555,52.128274]},"properties":{"lines":"13, 27","color":"#0059a9","mode":"bus","arr":["13","27"],"angle":84.1,"extra":1}},{"type":"Feature","geometry":{"type":"Point","coordinates":[20.617932,52.132031]},"properties":{"lines":"13, 27","color":"#0059a9","mode":"bus","arr":["13","27"],"angle":84.1,"extra":1}},{"type":"Feature","geometry":{"type":"Point","coordinates":[20.617613,52.13391]},"properties":{"lines":"13, 27","color":"#0059a9","mode":"bus","arr":["13","27"],"angle":84.2,"extra":1}},{"type":"Feature","geometry":{"type":"Point","coordinates":[20.604169,52.134978]},"properties":{"lines":"13, 27","color":"#0059a9","mode":"bus","arr":["13","27"],"angle":-3.6}},{"type":"Feature","geometry":{"type":"Point","coordinates":[20.614158,52.13537]},"properties":{"lines":"13, 27","color":"#0059a9","mode":"bus","arr":["13","27"],"angle":-3.6}},{"type":"Feature","geometry":{"type":"Point","coordinates":[20.599861,52.134809]},"properties":{"lines":"13, 27","color":"#0059a9","mode":"bus","arr":["13","27"],"angle":-3.7,"extra":1}},{"type":"Feature","geometry":{"type":"Point","coordinates":[20.609068,52.135171]},"properties":{"lines":"13, 27","color":"#0059a9","mode":"bus","arr":["13","27"],"angle":-3.5,"extra":1}},{"type":"Feature","geometry":{"type":"Point","coordinates":[20.597051,52.134789]},"properties":{"lines":"13","color":"#0059a9","mode":"bus","arr":["13"],"angle":15.9}},{"type":"Feature","geometry":{"type":"Point","coordinates":[20.597099,52.142074]},"properties":{"lines":"13","color":"#0059a9","mode":"bus","arr":["13"],"angle":-86.3}},{"type":"Feature","geometry":{"type":"Point","coordinates":[20.595331,52.136058]},"properties":{"lines":"13","color":"#0059a9","mode":"bus","arr":["13"],"angle":70.8,"extra":1}},{"type":"Feature","geometry":{"type":"Point","coordinates":[20.593889,52.137647]},"properties":{"lines":"13","color":"#0059a9","mode":"bus","arr":["13"],"angle":26,"extra":1}},{"type":"Feature","geometry":{"type":"Point","coordinates":[20.59219,52.138678]},"properties":{"lines":"13","color":"#0059a9","mode":"bus","arr":["13"],"angle":-67.8,"extra":1}},{"type":"Feature","geometry":{"type":"Point","coordinates":[20.593508,52.140373]},"properties":{"lines":"13","color":"#0059a9","mode":"bus","arr":["13"],"angle":-46.9,"extra":1}},{"type":"Feature","geometry":{"type":"Point","coordinates":[20.597702,52.14467]},"properties":{"lines":"13","color":"#0059a9","mode":"bus","arr":["13"],"angle":-55.7,"extra":1}},{"type":"Feature","geometry":{"type":"Point","coordinates":[20.599545,52.146182]},"properties":{"lines":"13","color":"#0059a9","mode":"bus","arr":["13"],"angle":-52.6,"extra":1}},{"type":"Feature","geometry":{"type":"Point","coordinates":[20.601421,52.147678]},"properties":{"lines":"13","color":"#0059a9","mode":"bus","arr":["13"],"angle":-52,"extra":1}},{"type":"Feature","geometry":{"type":"Point","coordinates":[20.603321,52.149163]},"properties":{"lines":"13","color":"#0059a9","mode":"bus","arr":["13"],"angle":-52.4,"extra":1}},{"type":"Feature","geometry":{"type":"Point","coordinates":[20.612767,52.192652]},"properties":{"lines":"13","color":"#0059a9","mode":"bus","arr":["13"],"angle":-71.7}},{"type":"Feature","geometry":{"type":"Point","coordinates":[20.607119,52.150074]},"properties":{"lines":"13, 26","color":"#0059a9","mode":"bus","arr":["13","26"],"angle":3.2}},{"type":"Feature","geometry":{"type":"Point","coordinates":[20.609082,52.150004]},"properties":{"lines":"13, 26","color":"#0059a9","mode":"bus","arr":["13","26"],"angle":3.4,"extra":1}},{"type":"Feature","geometry":{"type":"Point","coordinates":[20.609838,52.149962]},"properties":{"lines":"13, 26","color":"#0059a9","mode":"bus","arr":["13","26"],"angle":43.4}},{"type":"Feature","geometry":{"type":"Point","coordinates":[20.612863,52.150103]},"properties":{"lines":"13, 26, 92, 93","color":"#0059a9","mode":"bus","arr":["13","26","92","93"],"angle":-5.2}},{"type":"Feature","geometry":{"type":"Point","coordinates":[20.612392,52.156253]},"properties":{"lines":"13, 92, 93","color":"#0059a9","mode":"bus","arr":["13","92","93"],"angle":87.8}},{"type":"Feature","geometry":{"type":"Point","coordinates":[20.611754,52.166846]},"properties":{"lines":"13, 92, 93","color":"#0059a9","mode":"bus","arr":["13","92","93"],"angle":87.9}},{"type":"Feature","geometry":{"type":"Point","coordinates":[20.611385,52.172971]},"properties":{"lines":"13, 92, 93","color":"#0059a9","mode":"bus","arr":["13","92","93"],"angle":87.7}},{"type":"Feature","geometry":{"type":"Point","coordinates":[20.615161,52.151177]},"properties":{"lines":"13, 92, 93","color":"#0059a9","mode":"bus","arr":["13","92","93"],"angle":65,"extra":1}},{"type":"Feature","geometry":{"type":"Point","coordinates":[20.613849,52.152886]},"properties":{"lines":"13, 92, 93","color":"#0059a9","mode":"bus","arr":["13","92","93"],"angle":64.7,"extra":1}},{"type":"Feature","geometry":{"type":"Point","coordinates":[20.612615,52.154613]},"properties":{"lines":"13, 92, 93","color":"#0059a9","mode":"bus","arr":["13","92","93"],"angle":74.9,"extra":1}},{"type":"Feature","geometry":{"type":"Point","coordinates":[20.61226,52.158379]},"properties":{"lines":"13, 92, 93","color":"#0059a9","mode":"bus","arr":["13","92","93"],"angle":87.9,"extra":1}},{"type":"Feature","geometry":{"type":"Point","coordinates":[20.612161,52.160267]},"properties":{"lines":"13, 92, 93","color":"#0059a9","mode":"bus","arr":["13","92","93"],"angle":87.9,"extra":1}},{"type":"Feature","geometry":{"type":"Point","coordinates":[20.612033,52.162154]},"properties":{"lines":"13, 92, 93","color":"#0059a9","mode":"bus","arr":["13","92","93"],"angle":87.1,"extra":1}},{"type":"Feature","geometry":{"type":"Point","coordinates":[20.611585,52.169589]},"properties":{"lines":"13, 92, 93","color":"#0059a9","mode":"bus","arr":["13","92","93"],"angle":88.6,"extra":1}},{"type":"Feature","geometry":{"type":"Point","coordinates":[20.611933,52.163928]},"properties":{"lines":"13, 92, 93","color":"#0059a9","mode":"bus","arr":["13","92","93"],"angle":88.3,"extra":1}},{"type":"Feature","geometry":{"type":"Point","coordinates":[20.611523,52.170754]},"properties":{"lines":"13, 19, 92, 93","color":"#0059a9","mode":"bus","arr":["13","19","92","93"],"angle":87.1}},{"type":"Feature","geometry":{"type":"Point","coordinates":[20.611458,52.17884]},"properties":{"lines":"13, 92, 93","color":"#0059a9","mode":"bus","arr":["13","92","93"],"angle":-88.5}},{"type":"Feature","geometry":{"type":"Point","coordinates":[20.612862,52.193457]},"properties":{"lines":"13, 92, 93","color":"#0059a9","mode":"bus","arr":["13","92","93"],"angle":-81.3}},{"type":"Feature","geometry":{"type":"Point","coordinates":[20.611583,52.181768]},"properties":{"lines":"13, 92, 93","color":"#0059a9","mode":"bus","arr":["13","92","93"],"angle":-88.6,"extra":1}},{"type":"Feature","geometry":{"type":"Point","coordinates":[20.61135,52.176104]},"properties":{"lines":"13, 92, 93","color":"#0059a9","mode":"bus","arr":["13","92","93"],"angle":-88.6,"extra":1}},{"type":"Feature","geometry":{"type":"Point","coordinates":[20.611792,52.186594]},"properties":{"lines":"13, 19, 49, 92, 93","color":"#0059a9","mode":"bus","arr":["13","19","49","92","93"],"angle":-88.2}},{"type":"Feature","geometry":{"type":"Point","coordinates":[20.61169,52.184289]},"properties":{"lines":"13, 19, 92, 93","color":"#0059a9","mode":"bus","arr":["13","19","92","93"],"angle":-88.3}},{"type":"Feature","geometry":{"type":"Point","coordinates":[20.611633,52.183033]},"properties":{"lines":"13, 19, 92, 93","color":"#0059a9","mode":"bus","arr":["13","19","92","93"],"angle":-88.6,"extra":1}},{"type":"Feature","geometry":{"type":"Point","coordinates":[20.929689,52.224772]},"properties":{"lines":"14","color":"#0059a9","mode":"bus","arr":["14"],"angle":-23.9}},{"type":"Feature","geometry":{"type":"Point","coordinates":[20.929423,52.224019]},"properties":{"lines":"14","color":"#0059a9","mode":"bus","arr":["14"],"angle":71.1}},{"type":"Feature","geometry":{"type":"Point","coordinates":[20.929143,52.223073]},"properties":{"lines":"14","color":"#0059a9","mode":"bus","arr":["14"],"angle":-22.1}},{"type":"Feature","geometry":{"type":"Point","coordinates":[20.901415,52.216893]},"properties":{"lines":"14","color":"#0059a9","mode":"bus","arr":["14"],"angle":-9.4}},{"type":"Feature","geometry":{"type":"Point","coordinates":[20.926658,52.222618]},"properties":{"lines":"14","color":"#0059a9","mode":"bus","arr":["14"],"angle":-21.2,"extra":1}},{"type":"Feature","geometry":{"type":"Point","coordinates":[20.923792,52.221934]},"properties":{"lines":"14","color":"#0059a9","mode":"bus","arr":["14"],"angle":-20.5,"extra":1}},{"type":"Feature","geometry":{"type":"Point","coordinates":[20.920919,52.22126]},"properties":{"lines":"14","color":"#0059a9","mode":"bus","arr":["14"],"angle":-20.9,"extra":1}},{"type":"Feature","geometry":{"type":"Point","coordinates":[20.91805,52.220581]},"properties":{"lines":"14","color":"#0059a9","mode":"bus","arr":["14"],"angle":-21.5,"extra":1}},{"type":"Feature","geometry":{"type":"Point","coordinates":[20.915184,52.2199]},"properties":{"lines":"14","color":"#0059a9","mode":"bus","arr":["14"],"angle":-21.8,"extra":1}},{"type":"Feature","geometry":{"type":"Point","coordinates":[20.912316,52.219219]},"properties":{"lines":"14","color":"#0059a9","mode":"bus","arr":["14"],"angle":-20.9,"extra":1}},{"type":"Feature","geometry":{"type":"Point","coordinates":[20.909445,52.218543]},"properties":{"lines":"14","color":"#0059a9","mode":"bus","arr":["14"],"angle":-21.1,"extra":1}},{"type":"Feature","geometry":{"type":"Point","coordinates":[20.906576,52.217863]},"properties":{"lines":"14","color":"#0059a9","mode":"bus","arr":["14"],"angle":-21.3,"extra":1}},{"type":"Feature","geometry":{"type":"Point","coordinates":[20.903667,52.217256]},"properties":{"lines":"14","color":"#0059a9","mode":"bus","arr":["14"],"angle":-14,"extra":1}},{"type":"Feature","geometry":{"type":"Point","coordinates":[20.897603,52.216633]},"properties":{"lines":"14","color":"#0059a9","mode":"bus","arr":["14"],"angle":-7.3,"extra":1}},{"type":"Feature","geometry":{"type":"Point","coordinates":[20.894534,52.216545]},"properties":{"lines":"14","color":"#0059a9","mode":"bus","arr":["14"],"angle":-0.3,"extra":1}},{"type":"Feature","geometry":{"type":"Point","coordinates":[20.891459,52.216545]},"properties":{"lines":"14","color":"#0059a9","mode":"bus","arr":["14"],"angle":0.3,"extra":1}},{"type":"Feature","geometry":{"type":"Point","coordinates":[20.888384,52.216537]},"properties":{"lines":"14","color":"#0059a9","mode":"bus","arr":["14"],"angle":0,"extra":1}},{"type":"Feature","geometry":{"type":"Point","coordinates":[20.885309,52.216541]},"properties":{"lines":"14","color":"#0059a9","mode":"bus","arr":["14"],"angle":0.6,"extra":1}},{"type":"Feature","geometry":{"type":"Point","coordinates":[20.882234,52.216554]},"properties":{"lines":"14","color":"#0059a9","mode":"bus","arr":["14"],"angle":0.2,"extra":1}},{"type":"Feature","geometry":{"type":"Point","coordinates":[20.879159,52.216548]},"properties":{"lines":"14","color":"#0059a9","mode":"bus","arr":["14"],"angle":0,"extra":1}},{"type":"Feature","geometry":{"type":"Point","coordinates":[20.876084,52.21654]},"properties":{"lines":"14","color":"#0059a9","mode":"bus","arr":["14"],"angle":0.2,"extra":1}},{"type":"Feature","geometry":{"type":"Point","coordinates":[20.749139,52.2116]},"properties":{"lines":"14","color":"#0059a9","mode":"bus","arr":["14"],"angle":2}},{"type":"Feature","geometry":{"type":"Point","coordinates":[20.861435,52.21604]},"properties":{"lines":"14","color":"#0059a9","mode":"bus","arr":["14"],"angle":-5.6}},{"type":"Feature","geometry":{"type":"Point","coordinates":[20.677777,52.21056]},"properties":{"lines":"14","color":"#0059a9","mode":"bus","arr":["14"],"angle":-10.9}},{"type":"Feature","geometry":{"type":"Point","coordinates":[20.871534,52.216551]},"properties":{"lines":"14","color":"#0059a9","mode":"bus","arr":["14"],"angle":0,"extra":1}},{"type":"Feature","geometry":{"type":"Point","coordinates":[20.868464,52.216465]},"properties":{"lines":"14","color":"#0059a9","mode":"bus","arr":["14"],"angle":-5.6,"extra":1}},{"type":"Feature","geometry":{"type":"Point","coordinates":[20.865403,52.216288]},"properties":{"lines":"14","color":"#0059a9","mode":"bus","arr":["14"],"angle":-5.5,"extra":1}},{"type":"Feature","geometry":{"type":"Point","coordinates":[20.859283,52.21591]},"properties":{"lines":"14","color":"#0059a9","mode":"bus","arr":["14"],"angle":-5.8,"extra":1}},{"type":"Feature","geometry":{"type":"Point","coordinates":[20.856223,52.215723]},"properties":{"lines":"14","color":"#0059a9","mode":"bus","arr":["14"],"angle":-5.6,"extra":1}},{"type":"Feature","geometry":{"type":"Point","coordinates":[20.853163,52.215538]},"properties":{"lines":"14","color":"#0059a9","mode":"bus","arr":["14"],"angle":-5.6,"extra":1}},{"type":"Feature","geometry":{"type":"Point","coordinates":[20.8501,52.215369]},"properties":{"lines":"14","color":"#0059a9","mode":"bus","arr":["14"],"angle":-5.4,"extra":1}},{"type":"Feature","geometry":{"type":"Point","coordinates":[20.795755,52.210395]},"properties":{"lines":"14","color":"#0059a9","mode":"bus","arr":["14"],"angle":3,"extra":1}},{"type":"Feature","geometry":{"type":"Point","coordinates":[20.792684,52.210487]},"properties":{"lines":"14","color":"#0059a9","mode":"bus","arr":["14"],"angle":3.3,"extra":1}},{"type":"Feature","geometry":{"type":"Point","coordinates":[20.789612,52.210571]},"properties":{"lines":"14","color":"#0059a9","mode":"bus","arr":["14"],"angle":2.7,"extra":1}},{"type":"Feature","geometry":{"type":"Point","coordinates":[20.786541,52.210661]},"properties":{"lines":"14","color":"#0059a9","mode":"bus","arr":["14"],"angle":2.6,"extra":1}},{"type":"Feature","geometry":{"type":"Point","coordinates":[20.783469,52.210748]},"properties":{"lines":"14","color":"#0059a9","mode":"bus","arr":["14"],"angle":2.8,"extra":1}},{"type":"Feature","geometry":{"type":"Point","coordinates":[20.780397,52.210838]},"properties":{"lines":"14","color":"#0059a9","mode":"bus","arr":["14"],"angle":3.2,"extra":1}},{"type":"Feature","geometry":{"type":"Point","coordinates":[20.777326,52.210935]},"properties":{"lines":"14","color":"#0059a9","mode":"bus","arr":["14"],"angle":3,"extra":1}},{"type":"Feature","geometry":{"type":"Point","coordinates":[20.774255,52.211023]},"properties":{"lines":"14","color":"#0059a9","mode":"bus","arr":["14"],"angle":2.7,"extra":1}},{"type":"Feature","geometry":{"type":"Point","coordinates":[20.771182,52.211103]},"properties":{"lines":"14","color":"#0059a9","mode":"bus","arr":["14"],"angle":2,"extra":1}},{"type":"Feature","geometry":{"type":"Point","coordinates":[20.768109,52.211169]},"properties":{"lines":"14","color":"#0059a9","mode":"bus","arr":["14"],"angle":1.9,"extra":1}},{"type":"Feature","geometry":{"type":"Point","coordinates":[20.765036,52.211237]},"properties":{"lines":"14","color":"#0059a9","mode":"bus","arr":["14"],"angle":2.3,"extra":1}},{"type":"Feature","geometry":{"type":"Point","coordinates":[20.761963,52.21131]},"properties":{"lines":"14","color":"#0059a9","mode":"bus","arr":["14"],"angle":2.2,"extra":1}},{"type":"Feature","geometry":{"type":"Point","coordinates":[20.75889,52.211383]},"properties":{"lines":"14","color":"#0059a9","mode":"bus","arr":["14"],"angle":2.2,"extra":1}},{"type":"Feature","geometry":{"type":"Point","coordinates":[20.755817,52.211449]},"properties":{"lines":"14","color":"#0059a9","mode":"bus","arr":["14"],"angle":2.1,"extra":1}},{"type":"Feature","geometry":{"type":"Point","coordinates":[20.752744,52.211519]},"properties":{"lines":"14","color":"#0059a9","mode":"bus","arr":["14"],"angle":2.1,"extra":1}},{"type":"Feature","geometry":{"type":"Point","coordinates":[20.746598,52.21166]},"properties":{"lines":"14","color":"#0059a9","mode":"bus","arr":["14"],"angle":2.4,"extra":1}},{"type":"Feature","geometry":{"type":"Point","coordinates":[20.743526,52.21174]},"properties":{"lines":"14","color":"#0059a9","mode":"bus","arr":["14"],"angle":2.4,"extra":1}},{"type":"Feature","geometry":{"type":"Point","coordinates":[20.740453,52.211803]},"properties":{"lines":"14","color":"#0059a9","mode":"bus","arr":["14"],"angle":1.9,"extra":1}},{"type":"Feature","geometry":{"type":"Point","coordinates":[20.73738,52.211882]},"properties":{"lines":"14","color":"#0059a9","mode":"bus","arr":["14"],"angle":2.4,"extra":1}},{"type":"Feature","geometry":{"type":"Point","coordinates":[20.734308,52.211955]},"properties":{"lines":"14","color":"#0059a9","mode":"bus","arr":["14"],"angle":1.9,"extra":1}},{"type":"Feature","geometry":{"type":"Point","coordinates":[20.731235,52.212023]},"properties":{"lines":"14","color":"#0059a9","mode":"bus","arr":["14"],"angle":2.2,"extra":1}},{"type":"Feature","geometry":{"type":"Point","coordinates":[20.728161,52.212091]},"properties":{"lines":"14","color":"#0059a9","mode":"bus","arr":["14"],"angle":2,"extra":1}},{"type":"Feature","geometry":{"type":"Point","coordinates":[20.725088,52.21216]},"properties":{"lines":"14","color":"#0059a9","mode":"bus","arr":["14"],"angle":2.1,"extra":1}},{"type":"Feature","geometry":{"type":"Point","coordinates":[20.722015,52.212228]},"properties":{"lines":"14","color":"#0059a9","mode":"bus","arr":["14"],"angle":2.1,"extra":1}},{"type":"Feature","geometry":{"type":"Point","coordinates":[20.718942,52.212297]},"properties":{"lines":"14","color":"#0059a9","mode":"bus","arr":["14"],"angle":2.1,"extra":1}},{"type":"Feature","geometry":{"type":"Point","coordinates":[20.715869,52.212365]},"properties":{"lines":"14","color":"#0059a9","mode":"bus","arr":["14"],"angle":2.1,"extra":1}},{"type":"Feature","geometry":{"type":"Point","coordinates":[20.712796,52.212436]},"properties":{"lines":"14","color":"#0059a9","mode":"bus","arr":["14"],"angle":2.2,"extra":1}},{"type":"Feature","geometry":{"type":"Point","coordinates":[20.709723,52.212508]},"properties":{"lines":"14","color":"#0059a9","mode":"bus","arr":["14"],"angle":2.2,"extra":1}},{"type":"Feature","geometry":{"type":"Point","coordinates":[20.70665,52.212579]},"properties":{"lines":"14","color":"#0059a9","mode":"bus","arr":["14"],"angle":2.2,"extra":1}},{"type":"Feature","geometry":{"type":"Point","coordinates":[20.703578,52.212651]},"properties":{"lines":"14","color":"#0059a9","mode":"bus","arr":["14"],"angle":2.2,"extra":1}},{"type":"Feature","geometry":{"type":"Point","coordinates":[20.680244,52.210851]},"properties":{"lines":"14","color":"#0059a9","mode":"bus","arr":["14"],"angle":-10.9,"extra":1}},{"type":"Feature","geometry":{"type":"Point","coordinates":[20.674205,52.210139]},"properties":{"lines":"14","color":"#0059a9","mode":"bus","arr":["14"],"angle":-10.6,"extra":1}},{"type":"Feature","geometry":{"type":"Point","coordinates":[20.823624,52.212082]},"properties":{"lines":"14, 97","color":"#0059a9","mode":"bus","arr":["14","97"],"angle":-13.8}},{"type":"Feature","geometry":{"type":"Point","coordinates":[20.848283,52.215259]},"properties":{"lines":"14, 97","color":"#0059a9","mode":"bus","arr":["14","97"],"angle":-5.9,"extra":1}},{"type":"Feature","geometry":{"type":"Point","coordinates":[20.845224,52.215066]},"properties":{"lines":"14, 97","color":"#0059a9","mode":"bus","arr":["14","97"],"angle":-5.9,"extra":1}},{"type":"Feature","geometry":{"type":"Point","coordinates":[20.842166,52.214868]},"properties":{"lines":"14, 97","color":"#0059a9","mode":"bus","arr":["14","97"],"angle":-6.8,"extra":1}},{"type":"Feature","geometry":{"type":"Point","coordinates":[20.839161,52.214476]},"properties":{"lines":"14, 97","color":"#0059a9","mode":"bus","arr":["14","97"],"angle":-14.1,"extra":1}},{"type":"Feature","geometry":{"type":"Point","coordinates":[20.836178,52.214017]},"properties":{"lines":"14, 97","color":"#0059a9","mode":"bus","arr":["14","97"],"angle":-14.2,"extra":1}},{"type":"Feature","geometry":{"type":"Point","coordinates":[20.833196,52.213556]},"properties":{"lines":"14, 97","color":"#0059a9","mode":"bus","arr":["14","97"],"angle":-13.9,"extra":1}},{"type":"Feature","geometry":{"type":"Point","coordinates":[20.830208,52.213111]},"properties":{"lines":"14, 97","color":"#0059a9","mode":"bus","arr":["14","97"],"angle":-13.7,"extra":1}},{"type":"Feature","geometry":{"type":"Point","coordinates":[20.82723,52.212644]},"properties":{"lines":"14, 97","color":"#0059a9","mode":"bus","arr":["14","97"],"angle":-19.3,"extra":1}},{"type":"Feature","geometry":{"type":"Point","coordinates":[20.798827,52.210303]},"properties":{"lines":"14, 97","color":"#0059a9","mode":"bus","arr":["14","97"],"angle":2.9,"extra":1}},{"type":"Feature","geometry":{"type":"Point","coordinates":[20.801898,52.210209]},"properties":{"lines":"14, 97","color":"#0059a9","mode":"bus","arr":["14","97"],"angle":2.7,"extra":1}},{"type":"Feature","geometry":{"type":"Point","coordinates":[20.80497,52.210125]},"properties":{"lines":"14, 97","color":"#0059a9","mode":"bus","arr":["14","97"],"angle":3.1,"extra":1}},{"type":"Feature","geometry":{"type":"Point","coordinates":[20.808042,52.210038]},"properties":{"lines":"14, 97","color":"#0059a9","mode":"bus","arr":["14","97"],"angle":2.5,"extra":1}},{"type":"Feature","geometry":{"type":"Point","coordinates":[20.811087,52.210163]},"properties":{"lines":"14, 97","color":"#0059a9","mode":"bus","arr":["14","97"],"angle":-14,"extra":1}},{"type":"Feature","geometry":{"type":"Point","coordinates":[20.814071,52.210619]},"properties":{"lines":"14, 97","color":"#0059a9","mode":"bus","arr":["14","97"],"angle":-14,"extra":1}},{"type":"Feature","geometry":{"type":"Point","coordinates":[20.817054,52.211078]},"properties":{"lines":"14, 97","color":"#0059a9","mode":"bus","arr":["14","97"],"angle":-14,"extra":1}},{"type":"Feature","geometry":{"type":"Point","coordinates":[20.820036,52.211539]},"properties":{"lines":"14, 97","color":"#0059a9","mode":"bus","arr":["14","97"],"angle":-13.8,"extra":1}},{"type":"Feature","geometry":{"type":"Point","coordinates":[20.699215,52.209882]},"properties":{"lines":"14, 94","color":"#0059a9","mode":"bus","arr":["14","94"],"angle":-68.6}},{"type":"Feature","geometry":{"type":"Point","coordinates":[20.697974,52.207939]},"properties":{"lines":"14, 94","color":"#0059a9","mode":"bus","arr":["14","94"],"angle":-68.6,"extra":1}},{"type":"Feature","geometry":{"type":"Point","coordinates":[20.700217,52.211456]},"properties":{"lines":"14, 94","color":"#0059a9","mode":"bus","arr":["14","94"],"angle":-69,"extra":1}},{"type":"Feature","geometry":{"type":"Point","coordinates":[20.690664,52.205648]},"properties":{"lines":"14, 49","color":"#0059a9","mode":"bus","arr":["14","49"],"angle":-17.8}},{"type":"Feature","geometry":{"type":"Point","coordinates":[20.695876,52.207029]},"properties":{"lines":"14, 49","color":"#0059a9","mode":"bus","arr":["14","49"],"angle":-1.9,"extra":1}},{"type":"Feature","geometry":{"type":"Point","coordinates":[20.692825,52.206915]},"properties":{"lines":"14, 49","color":"#0059a9","mode":"bus","arr":["14","49"],"angle":-29.8,"extra":1}},{"type":"Feature","geometry":{"type":"Point","coordinates":[20.687696,52.205387]},"properties":{"lines":"14, 49","color":"#0059a9","mode":"bus","arr":["14","49"],"angle":20.8,"extra":1}},{"type":"Feature","geometry":{"type":"Point","coordinates":[20.68482,52.206055]},"properties":{"lines":"14, 49","color":"#0059a9","mode":"bus","arr":["14","49"],"angle":20.4,"extra":1}},{"type":"Feature","geometry":{"type":"Point","coordinates":[20.682597,52.2087]},"properties":{"lines":"14","color":"#0059a9","mode":"bus","arr":["14"],"angle":77.5}},{"type":"Feature","geometry":{"type":"Point","coordinates":[20.682087,52.210108]},"properties":{"lines":"14","color":"#0059a9","mode":"bus","arr":["14"],"angle":77.5,"extra":1}},{"type":"Feature","geometry":{"type":"Point","coordinates":[20.683422,52.206421]},"properties":{"lines":"14","color":"#0059a9","mode":"bus","arr":["14"],"angle":77.5,"extra":1}},{"type":"Feature","geometry":{"type":"Point","coordinates":[20.666298,52.209199]},"properties":{"lines":"14, 49","color":"#0059a9","mode":"bus","arr":["14","49"],"angle":-11}},{"type":"Feature","geometry":{"type":"Point","coordinates":[20.655354,52.207596]},"properties":{"lines":"14, 49","color":"#0059a9","mode":"bus","arr":["14","49"],"angle":-22.2}},{"type":"Feature","geometry":{"type":"Point","coordinates":[20.649805,52.206236]},"properties":{"lines":"14, 49","color":"#0059a9","mode":"bus","arr":["14","49"],"angle":-21.4}},{"type":"Feature","geometry":{"type":"Point","coordinates":[20.672025,52.209879]},"properties":{"lines":"14, 49","color":"#0059a9","mode":"bus","arr":["14","49"],"angle":-10.9,"extra":1}},{"type":"Feature","geometry":{"type":"Point","coordinates":[20.669005,52.209521]},"properties":{"lines":"14, 49","color":"#0059a9","mode":"bus","arr":["14","49"],"angle":-11,"extra":1}},{"type":"Feature","geometry":{"type":"Point","coordinates":[20.662964,52.208815]},"properties":{"lines":"14, 49","color":"#0059a9","mode":"bus","arr":["14","49"],"angle":-11.3,"extra":1}},{"type":"Feature","geometry":{"type":"Point","coordinates":[20.659949,52.208442]},"properties":{"lines":"14, 49","color":"#0059a9","mode":"bus","arr":["14","49"],"angle":-10.7,"extra":1}},{"type":"Feature","geometry":{"type":"Point","coordinates":[20.647243,52.205618]},"properties":{"lines":"14, 49","color":"#0059a9","mode":"bus","arr":["14","49"],"angle":-21.4,"extra":1}},{"type":"Feature","geometry":{"type":"Point","coordinates":[20.652978,52.206983]},"properties":{"lines":"14, 49","color":"#0059a9","mode":"bus","arr":["14","49"],"angle":-20.7,"extra":1}},{"type":"Feature","geometry":{"type":"Point","coordinates":[20.65757,52.208123]},"properties":{"lines":"14, 49","color":"#0059a9","mode":"bus","arr":["14","49"],"angle":-19.7,"extra":1}},{"type":"Feature","geometry":{"type":"Point","coordinates":[20.654485,52.211669]},"properties":{"lines":"14, 49","color":"#0059a9","mode":"bus","arr":["14","49"],"angle":52}},{"type":"Feature","geometry":{"type":"Point","coordinates":[20.65781,52.208686]},"properties":{"lines":"14, 49","color":"#0059a9","mode":"bus","arr":["14","49"],"angle":51.1,"extra":1}},{"type":"Feature","geometry":{"type":"Point","coordinates":[20.656076,52.210246]},"properties":{"lines":"14, 49","color":"#0059a9","mode":"bus","arr":["14","49"],"angle":55.7,"extra":1}},{"type":"Feature","geometry":{"type":"Point","coordinates":[20.652654,52.21334]},"properties":{"lines":"14, 49","color":"#0059a9","mode":"bus","arr":["14","49"],"angle":78.1,"extra":1}},{"type":"Feature","geometry":{"type":"Point","coordinates":[20.652921,52.215209]},"properties":{"lines":"14, 49","color":"#0059a9","mode":"bus","arr":["14","49"],"angle":-82.4,"extra":1}},{"type":"Feature","geometry":{"type":"Point","coordinates":[20.649466,52.216267]},"properties":{"lines":"14, 49","color":"#0059a9","mode":"bus","arr":["14","49"],"angle":-1.4}},{"type":"Feature","geometry":{"type":"Point","coordinates":[20.651431,52.216041]},"properties":{"lines":"14, 49","color":"#0059a9","mode":"bus","arr":["14","49"],"angle":13.1,"extra":1}},{"type":"Feature","geometry":{"type":"Point","coordinates":[20.634353,52.202468]},"properties":{"lines":"14, 49","color":"#0059a9","mode":"bus","arr":["14","49"],"angle":-21.8}},{"type":"Feature","geometry":{"type":"Point","coordinates":[20.644384,52.204923]},"properties":{"lines":"14, 49","color":"#0059a9","mode":"bus","arr":["14","49"],"angle":-21.7,"extra":1}},{"type":"Feature","geometry":{"type":"Point","coordinates":[20.641528,52.204223]},"properties":{"lines":"14, 49","color":"#0059a9","mode":"bus","arr":["14","49"],"angle":-21.7,"extra":1}},{"type":"Feature","geometry":{"type":"Point","coordinates":[20.638671,52.203524]},"properties":{"lines":"14, 49","color":"#0059a9","mode":"bus","arr":["14","49"],"angle":-21.7,"extra":1}},{"type":"Feature","geometry":{"type":"Point","coordinates":[20.630097,52.201433]},"properties":{"lines":"14, 49","color":"#0059a9","mode":"bus","arr":["14","49"],"angle":-21.4,"extra":1}},{"type":"Feature","geometry":{"type":"Point","coordinates":[20.627234,52.200744]},"properties":{"lines":"14, 49","color":"#0059a9","mode":"bus","arr":["14","49"],"angle":-21.8,"extra":1}},{"type":"Feature","geometry":{"type":"Point","coordinates":[20.624377,52.200046]},"properties":{"lines":"14, 49","color":"#0059a9","mode":"bus","arr":["14","49"],"angle":-21.4,"extra":1}},{"type":"Feature","geometry":{"type":"Point","coordinates":[20.62255,52.197077]},"properties":{"lines":"14, 40, 42, 49","color":"#0059a9","mode":"bus","arr":["14","40","42","49"],"angle":-83.3}},{"type":"Feature","geometry":{"type":"Point","coordinates":[20.62279,52.19874]},"properties":{"lines":"14, 40, 42, 49","color":"#0059a9","mode":"bus","arr":["14","40","42","49"],"angle":-85.8,"extra":1}},{"type":"Feature","geometry":{"type":"Point","coordinates":[20.622133,52.194985]},"properties":{"lines":"14, 40, 42, 49","color":"#0059a9","mode":"bus","arr":["14","40","42","49"],"angle":-83.5,"extra":1}},{"type":"Feature","geometry":{"type":"Point","coordinates":[20.621986,52.194274]},"properties":{"lines":"14, 40, 42","color":"#0059a9","mode":"bus","arr":["14","40","42"],"angle":-76.9}},{"type":"Feature","geometry":{"type":"Point","coordinates":[20.621496,52.193928]},"properties":{"lines":"14, 42, 49, 67, 77","color":"#0059a9","mode":"bus","arr":["14","42","49","67","77"],"angle":6.3}},{"type":"Feature","geometry":{"type":"Point","coordinates":[20.62204,52.194272]},"properties":{"lines":"14, 42, 49","color":"#0059a9","mode":"bus","arr":["14","42","49"],"angle":-89.7}},{"type":"Feature","geometry":{"type":"Point","coordinates":[20.717931,52.140825]},"properties":{"lines":"15, 23, 35, 45","color":"#0059a9","mode":"bus","arr":["15","23","35","45"],"angle":70.3}},{"type":"Feature","geometry":{"type":"Point","coordinates":[20.713349,52.13846]},"properties":{"lines":"15, 17, 23, 35, 45, 65, 66, Z67","color":"#0059a9","mode":"bus","arr":["15","17","23","35","45","65","66","Z67"],"angle":-43.3}},{"type":"Feature","geometry":{"type":"Point","coordinates":[20.716449,52.140246]},"properties":{"lines":"15, 17, 23, 35, 45, 65, 66, Z67","color":"#0059a9","mode":"bus","arr":["15","17","23","35","45","65","66","Z67"],"angle":-43.1,"extra":1}},{"type":"Feature","geometry":{"type":"Point","coordinates":[20.70972,52.13637]},"properties":{"lines":"15, 17, 23, 35, 45, 65, 66, Z67","color":"#0059a9","mode":"bus","arr":["15","17","23","35","45","65","66","Z67"],"angle":-42.2,"extra":1}},{"type":"Feature","geometry":{"type":"Point","coordinates":[20.712931,52.132891]},"properties":{"lines":"15, 23, 45, 65, 66, Z67","color":"#0059a9","mode":"bus","arr":["15","23","45","65","66","Z67"],"angle":53.2}},{"type":"Feature","geometry":{"type":"Point","coordinates":[20.710047,52.135275]},"properties":{"lines":"15, 23, 45, 65, 66, Z67","color":"#0059a9","mode":"bus","arr":["15","23","45","65","66","Z67"],"angle":53.2,"extra":1}},{"type":"Feature","geometry":{"type":"Point","coordinates":[20.71557,52.130738]},"properties":{"lines":"15, 23, 45, 65, 66, Z67","color":"#0059a9","mode":"bus","arr":["15","23","45","65","66","Z67"],"angle":52.9,"extra":1}},{"type":"Feature","geometry":{"type":"Point","coordinates":[20.717593,52.129089]},"properties":{"lines":"15, 23, 45","color":"#0059a9","mode":"bus","arr":["15","23","45"],"angle":52.5}},{"type":"Feature","geometry":{"type":"Point","coordinates":[20.722029,52.125455]},"properties":{"lines":"15, 23, 45","color":"#0059a9","mode":"bus","arr":["15","23","45"],"angle":53}},{"type":"Feature","geometry":{"type":"Point","coordinates":[20.719213,52.127759]},"properties":{"lines":"15, 23, 45","color":"#0059a9","mode":"bus","arr":["15","23","45"],"angle":53.3,"extra":1}},{"type":"Feature","geometry":{"type":"Point","coordinates":[20.724754,52.123229]},"properties":{"lines":"15, 23, 45","color":"#0059a9","mode":"bus","arr":["15","23","45"],"angle":53.1,"extra":1}},{"type":"Feature","geometry":{"type":"Point","coordinates":[20.72608,52.117076]},"properties":{"lines":"15, 23, 45","color":"#0059a9","mode":"bus","arr":["15","23","45"],"angle":-75.2}},{"type":"Feature","geometry":{"type":"Point","coordinates":[20.726524,52.121597]},"properties":{"lines":"15, 23, 45","color":"#0059a9","mode":"bus","arr":["15","23","45"],"angle":83.3,"extra":1}},{"type":"Feature","geometry":{"type":"Point","coordinates":[20.726551,52.119709]},"properties":{"lines":"15, 23, 45","color":"#0059a9","mode":"bus","arr":["15","23","45"],"angle":-87.1,"extra":1}},{"type":"Feature","geometry":{"type":"Point","coordinates":[20.72628,52.114103]},"properties":{"lines":"15, 23, 45","color":"#0059a9","mode":"bus","arr":["15","23","45"],"angle":-87,"extra":1}},{"type":"Feature","geometry":{"type":"Point","coordinates":[20.726311,52.112222]},"properties":{"lines":"15, 23, 45","color":"#0059a9","mode":"bus","arr":["15","23","45"],"angle":82.2,"extra":1}},{"type":"Feature","geometry":{"type":"Point","coordinates":[20.726235,52.109548]},"properties":{"lines":"15, 23, 45","color":"#0059a9","mode":"bus","arr":["15","23","45"],"angle":-86}},{"type":"Feature","geometry":{"type":"Point","coordinates":[20.727757,52.109419]},"properties":{"lines":"15, 23, 45","color":"#0059a9","mode":"bus","arr":["15","23","45"],"angle":9.7}},{"type":"Feature","geometry":{"type":"Point","coordinates":[20.729149,52.108297]},"properties":{"lines":"15, 23, 45","color":"#0059a9","mode":"bus","arr":["15","23","45"],"angle":89.5}},{"type":"Feature","geometry":{"type":"Point","coordinates":[20.730358,52.107282]},"properties":{"lines":"15, 23, 45, 55","color":"#0059a9","mode":"bus","arr":["15","23","45","55"],"angle":4.1}},{"type":"Feature","geometry":{"type":"Point","coordinates":[20.733204,52.107061]},"properties":{"lines":"15, 23, 45, 55","color":"#0059a9","mode":"bus","arr":["15","23","45","55"],"angle":10.1,"extra":1}},{"type":"Feature","geometry":{"type":"Point","coordinates":[20.727088,52.107422]},"properties":{"lines":"15, 23, 45, 55","color":"#0059a9","mode":"bus","arr":["15","23","45","55"],"angle":4.2,"extra":1}},{"type":"Feature","geometry":{"type":"Point","coordinates":[20.733663,52.102229]},"properties":{"lines":"15, 23, 45, 55","color":"#0059a9","mode":"bus","arr":["15","23","45","55"],"angle":-81.9}},{"type":"Feature","geometry":{"type":"Point","coordinates":[20.734489,52.105967]},"properties":{"lines":"15, 23, 45, 55","color":"#0059a9","mode":"bus","arr":["15","23","45","55"],"angle":-81.9,"extra":1}},{"type":"Feature","geometry":{"type":"Point","coordinates":[20.734086,52.104094]},"properties":{"lines":"15, 23, 45, 55","color":"#0059a9","mode":"bus","arr":["15","23","45","55"],"angle":-82.3,"extra":1}},{"type":"Feature","geometry":{"type":"Point","coordinates":[20.73349,52.100346]},"properties":{"lines":"15, 23, 45, 55","color":"#0059a9","mode":"bus","arr":["15","23","45","55"],"angle":86.5,"extra":1}},{"type":"Feature","geometry":{"type":"Point","coordinates":[20.733672,52.098461]},"properties":{"lines":"15, 23, 45, 55","color":"#0059a9","mode":"bus","arr":["15","23","45","55"],"angle":86.6,"extra":1}},{"type":"Feature","geometry":{"type":"Point","coordinates":[20.733993,52.095495]},"properties":{"lines":"15, 45, 55","color":"#0059a9","mode":"bus","arr":["15","45","55"],"angle":86.4}},{"type":"Feature","geometry":{"type":"Point","coordinates":[20.729377,52.093678]},"properties":{"lines":"15, 45, 55","color":"#0059a9","mode":"bus","arr":["15","45","55"],"angle":4.2}},{"type":"Feature","geometry":{"type":"Point","coordinates":[20.732661,52.093533]},"properties":{"lines":"15, 45, 55","color":"#0059a9","mode":"bus","arr":["15","45","55"],"angle":4.4,"extra":1}},{"type":"Feature","geometry":{"type":"Point","coordinates":[20.726528,52.093813]},"properties":{"lines":"15, 45, 55","color":"#0059a9","mode":"bus","arr":["15","45","55"],"angle":4.4,"extra":1}},{"type":"Feature","geometry":{"type":"Point","coordinates":[20.724177,52.099314]},"properties":{"lines":"15, 45, 55","color":"#0059a9","mode":"bus","arr":["15","45","55"],"angle":87.4}},{"type":"Feature","geometry":{"type":"Point","coordinates":[20.724006,52.10607]},"properties":{"lines":"15, 45, 55","color":"#0059a9","mode":"bus","arr":["15","45","55"],"angle":-82.4}},{"type":"Feature","geometry":{"type":"Point","coordinates":[20.724484,52.094845]},"properties":{"lines":"15, 45, 55","color":"#0059a9","mode":"bus","arr":["15","45","55"],"angle":87.1,"extra":1}},{"type":"Feature","geometry":{"type":"Point","coordinates":[20.724367,52.096732]},"properties":{"lines":"15, 45, 55","color":"#0059a9","mode":"bus","arr":["15","45","55"],"angle":88.2,"extra":1}},{"type":"Feature","geometry":{"type":"Point","coordinates":[20.72409,52.100505]},"properties":{"lines":"15, 45, 55","color":"#0059a9","mode":"bus","arr":["15","45","55"],"angle":87.1,"extra":1}},{"type":"Feature","geometry":{"type":"Point","coordinates":[20.723858,52.102388]},"properties":{"lines":"15, 45, 55","color":"#0059a9","mode":"bus","arr":["15","45","55"],"angle":83.5,"extra":1}},{"type":"Feature","geometry":{"type":"Point","coordinates":[20.72348,52.104262]},"properties":{"lines":"15, 45, 55","color":"#0059a9","mode":"bus","arr":["15","45","55"],"angle":81.8,"extra":1}},{"type":"Feature","geometry":{"type":"Point","coordinates":[20.724293,52.107426]},"properties":{"lines":"15, 45, 55","color":"#0059a9","mode":"bus","arr":["15","45","55"],"angle":-82.6,"extra":1}},{"type":"Feature","geometry":{"type":"Point","coordinates":[20.722094,52.108184]},"properties":{"lines":"15, 45, 55","color":"#0059a9","mode":"bus","arr":["15","45","55"],"angle":43}},{"type":"Feature","geometry":{"type":"Point","coordinates":[20.715911,52.111397]},"properties":{"lines":"15, 45, 55","color":"#0059a9","mode":"bus","arr":["15","45","55"],"angle":50.5}},{"type":"Feature","geometry":{"type":"Point","coordinates":[20.718375,52.108943]},"properties":{"lines":"15, 45, 55","color":"#0059a9","mode":"bus","arr":["15","45","55"],"angle":58.7,"extra":1}},{"type":"Feature","geometry":{"type":"Point","coordinates":[20.712443,52.113182]},"properties":{"lines":"15, 45, 55","color":"#0059a9","mode":"bus","arr":["15","45","55"],"angle":41.3,"extra":1}},{"type":"Feature","geometry":{"type":"Point","coordinates":[20.708178,52.112161]},"properties":{"lines":"15, 35, 45, 55","color":"#0059a9","mode":"bus","arr":["15","35","45","55"],"angle":-43}},{"type":"Feature","geometry":{"type":"Point","coordinates":[20.706203,52.111177]},"properties":{"lines":"15, 35, 45, 55","color":"#0059a9","mode":"bus","arr":["15","35","45","55"],"angle":-24.8,"extra":1}},{"type":"Feature","geometry":{"type":"Point","coordinates":[20.710807,52.113669]},"properties":{"lines":"15, 35, 45, 55","color":"#0059a9","mode":"bus","arr":["15","35","45","55"],"angle":-43.1,"extra":1}},{"type":"Feature","geometry":{"type":"Point","coordinates":[20.697632,52.110834]},"properties":{"lines":"15, 45, 55","color":"#0059a9","mode":"bus","arr":["15","45","55"],"angle":-1.4}},{"type":"Feature","geometry":{"type":"Point","coordinates":[20.703191,52.110899]},"properties":{"lines":"15, 45, 55","color":"#0059a9","mode":"bus","arr":["15","45","55"],"angle":-0.8,"extra":1}},{"type":"Feature","geometry":{"type":"Point","coordinates":[20.700116,52.11087]},"properties":{"lines":"15, 45, 55","color":"#0059a9","mode":"bus","arr":["15","45","55"],"angle":-0.9,"extra":1}},{"type":"Feature","geometry":{"type":"Point","coordinates":[20.693974,52.110944]},"properties":{"lines":"15, 45, 55","color":"#0059a9","mode":"bus","arr":["15","45","55"],"angle":4.4,"extra":1}},{"type":"Feature","geometry":{"type":"Point","coordinates":[20.690916,52.11114]},"properties":{"lines":"15, 45, 55","color":"#0059a9","mode":"bus","arr":["15","45","55"],"angle":7.7,"extra":1}},{"type":"Feature","geometry":{"type":"Point","coordinates":[20.68439,52.111588]},"properties":{"lines":"15, 45","color":"#0059a9","mode":"bus","arr":["15","45"],"angle":16}},{"type":"Feature","geometry":{"type":"Point","coordinates":[20.690219,52.111199]},"properties":{"lines":"15, 45","color":"#0059a9","mode":"bus","arr":["15","45"],"angle":13.6}},{"type":"Feature","geometry":{"type":"Point","coordinates":[20.688172,52.111464]},"properties":{"lines":"15, 45","color":"#0059a9","mode":"bus","arr":["15","45"],"angle":10.3,"extra":1}},{"type":"Feature","geometry":{"type":"Point","coordinates":[20.682249,52.112106]},"properties":{"lines":"15, 45","color":"#0059a9","mode":"bus","arr":["15","45"],"angle":34.2,"extra":1}},{"type":"Feature","geometry":{"type":"Point","coordinates":[20.675441,52.115693]},"properties":{"lines":"15, 45","color":"#0059a9","mode":"bus","arr":["15","45"],"angle":43.9}},{"type":"Feature","geometry":{"type":"Point","coordinates":[20.678542,52.11372]},"properties":{"lines":"15, 45","color":"#0059a9","mode":"bus","arr":["15","45"],"angle":46.3,"extra":1}},{"type":"Feature","geometry":{"type":"Point","coordinates":[20.672347,52.117894]},"properties":{"lines":"15, 45","color":"#0059a9","mode":"bus","arr":["15","45"],"angle":54.8,"extra":1}},{"type":"Feature","geometry":{"type":"Point","coordinates":[20.672692,52.115702]},"properties":{"lines":"15, 45","color":"#0059a9","mode":"bus","arr":["15","45"],"angle":-31.1}},{"type":"Feature","geometry":{"type":"Point","coordinates":[20.669164,52.120665]},"properties":{"lines":"15, 17, 18, 27, 45, 46","color":"#0059a9","mode":"bus","arr":["15","17","18","27","45","46"],"angle":55.1}},{"type":"Feature","geometry":{"type":"Point","coordinates":[20.670736,52.119284]},"properties":{"lines":"15, 17, 18, 27, 45, 46","color":"#0059a9","mode":"bus","arr":["15","17","18","27","45","46"],"angle":54.9,"extra":1}},{"type":"Feature","geometry":{"type":"Point","coordinates":[20.667216,52.122381]},"properties":{"lines":"15, 17, 18, 27, 45, 46","color":"#0059a9","mode":"bus","arr":["15","17","18","27","45","46"],"angle":55,"extra":1}},{"type":"Feature","geometry":{"type":"Point","coordinates":[20.666342,52.123367]},"properties":{"lines":"15, 16, 18, 45","color":"#0059a9","mode":"bus","arr":["15","16","18","45"],"angle":70.2}},{"type":"Feature","geometry":{"type":"Point","coordinates":[20.663331,52.123324]},"properties":{"lines":"15, 16, 17, 45","color":"#0059a9","mode":"bus","arr":["15","16","17","45"],"angle":-40.1}},{"type":"Feature","geometry":{"type":"Point","coordinates":[20.661338,52.121686]},"properties":{"lines":"15, 16, 17, 45","color":"#0059a9","mode":"bus","arr":["15","16","17","45"],"angle":53.9}},{"type":"Feature","geometry":{"type":"Point","coordinates":[20.663369,52.120604]},"properties":{"lines":"15, 16, 17, 31, 45","color":"#0059a9","mode":"bus","arr":["15","16","17","31","45"],"angle":29.4}},{"type":"Feature","geometry":{"type":"Point","coordinates":[20.660803,52.119796]},"properties":{"lines":"15, 16, 31, 45","color":"#0059a9","mode":"bus","arr":["15","16","31","45"],"angle":-62.5}},{"type":"Feature","geometry":{"type":"Point","coordinates":[20.660025,52.118552]},"properties":{"lines":"15, 16, 31, 45","color":"#0059a9","mode":"bus","arr":["15","16","31","45"],"angle":-90,"extra":1}},{"type":"Feature","geometry":{"type":"Point","coordinates":[20.659569,52.118243]},"properties":{"lines":"15, 16, 31, 45","color":"#0059a9","mode":"bus","arr":["15","16","31","45"],"angle":-39.9}},{"type":"Feature","geometry":{"type":"Point","coordinates":[20.651972,52.11678]},"properties":{"lines":"15, 16, 31, 45","color":"#0059a9","mode":"bus","arr":["15","16","31","45"],"angle":-13.6}},{"type":"Feature","geometry":{"type":"Point","coordinates":[20.657752,52.117644]},"properties":{"lines":"15, 16, 31, 45","color":"#0059a9","mode":"bus","arr":["15","16","31","45"],"angle":-13.4,"extra":1}},{"type":"Feature","geometry":{"type":"Point","coordinates":[20.654764,52.117199]},"properties":{"lines":"15, 16, 31, 45","color":"#0059a9","mode":"bus","arr":["15","16","31","45"],"angle":-13.7,"extra":1}},{"type":"Feature","geometry":{"type":"Point","coordinates":[20.648989,52.115996]},"properties":{"lines":"15, 16, 31, 45","color":"#0059a9","mode":"bus","arr":["15","16","31","45"],"angle":-30.6,"extra":1}},{"type":"Feature","geometry":{"type":"Point","coordinates":[20.646345,52.115032]},"properties":{"lines":"15, 16, 31, 45","color":"#0059a9","mode":"bus","arr":["15","16","31","45"],"angle":-30.5,"extra":1}},{"type":"Feature","geometry":{"type":"Point","coordinates":[20.613582,52.112726]},"properties":{"lines":"15, 25","color":"#0059a9","mode":"bus","arr":["15","25"],"angle":8.6}},{"type":"Feature","geometry":{"type":"Point","coordinates":[20.611514,52.111648]},"properties":{"lines":"15, 25","color":"#0059a9","mode":"bus","arr":["15","25"],"angle":-82.4}},{"type":"Feature","geometry":{"type":"Point","coordinates":[20.608414,52.111251]},"properties":{"lines":"15, 25","color":"#0059a9","mode":"bus","arr":["15","25"],"angle":9.6}},{"type":"Feature","geometry":{"type":"Point","coordinates":[20.605114,52.110144]},"properties":{"lines":"15, 25","color":"#0059a9","mode":"bus","arr":["15","25"],"angle":-81.3}},{"type":"Feature","geometry":{"type":"Point","coordinates":[20.602609,52.112154]},"properties":{"lines":"15, 25","color":"#0059a9","mode":"bus","arr":["15","25"],"angle":9.3}},{"type":"Feature","geometry":{"type":"Point","coordinates":[20.599654,52.112348]},"properties":{"lines":"15, 25","color":"#0059a9","mode":"bus","arr":["15","25"],"angle":-80.7}},{"type":"Feature","geometry":{"type":"Point","coordinates":[20.600032,52.113569]},"properties":{"lines":"15, 25","color":"#0059a9","mode":"bus","arr":["15","25"],"angle":-81.2,"extra":1}},{"type":"Feature","geometry":{"type":"Point","coordinates":[20.60112,52.10956]},"properties":{"lines":"15, 25","color":"#0059a9","mode":"bus","arr":["15","25"],"angle":26.6}},{"type":"Feature","geometry":{"type":"Point","coordinates":[20.599061,52.110198]},"properties":{"lines":"15, 25","color":"#0059a9","mode":"bus","arr":["15","25"],"angle":26.8,"extra":1}},{"type":"Feature","geometry":{"type":"Point","coordinates":[20.603914,52.108689]},"properties":{"lines":"15, 25","color":"#0059a9","mode":"bus","arr":["15","25"],"angle":29.1}},{"type":"Feature","geometry":{"type":"Point","coordinates":[20.665239,52.121292]},"properties":{"lines":"15, 16, 17, 27, 31, 45, 46","color":"#0059a9","mode":"bus","arr":["15","16","17","27","31","45","46"],"angle":-61.4}},{"type":"Feature","geometry":{"type":"Point","coordinates":[20.666347,52.122539]},"properties":{"lines":"15, 16, 17, 18, 27, 45, 46","color":"#0059a9","mode":"bus","arr":["15","16","17","18","27","45","46"],"angle":-52.3}},{"type":"Feature","geometry":{"type":"Point","coordinates":[20.718792,52.140362]},"properties":{"lines":"15, 17, 23, 35, 45, 65, 66, Z67","color":"#0059a9","mode":"bus","arr":["15","17","23","35","45","65","66","Z67"],"angle":-0.2}},{"type":"Feature","geometry":{"type":"Point","coordinates":[20.722403,52.140174]},"properties":{"lines":"17, 65, 66, Z67","color":"#0059a9","mode":"bus","arr":["17","65","66","Z67"],"angle":5.2}},{"type":"Feature","geometry":{"type":"Point","coordinates":[20.652518,52.131346]},"properties":{"lines":"16, 18, 46","color":"#0059a9","mode":"bus","arr":["16","18","46"],"angle":75.2}},{"type":"Feature","geometry":{"type":"Point","coordinates":[20.65206,52.126682]},"properties":{"lines":"16, 18, 46","color":"#0059a9","mode":"bus","arr":["16","18","46"],"angle":-77.4,"extra":1}},{"type":"Feature","geometry":{"type":"Point","coordinates":[20.652636,52.128537]},"properties":{"lines":"16, 18, 46","color":"#0059a9","mode":"bus","arr":["16","18","46"],"angle":-76.3,"extra":1}},{"type":"Feature","geometry":{"type":"Point","coordinates":[20.651294,52.134043]},"properties":{"lines":"16, 18, 46","color":"#0059a9","mode":"bus","arr":["16","18","46"],"angle":79.4,"extra":1}},{"type":"Feature","geometry":{"type":"Point","coordinates":[20.650872,52.135913]},"properties":{"lines":"16, 18, 46","color":"#0059a9","mode":"bus","arr":["16","18","46"],"angle":81.2,"extra":1}},{"type":"Feature","geometry":{"type":"Point","coordinates":[20.655296,52.12545]},"properties":{"lines":"16, 46","color":"#0059a9","mode":"bus","arr":["16","46"],"angle":12.2}},{"type":"Feature","geometry":{"type":"Point","coordinates":[20.653246,52.125725]},"properties":{"lines":"16, 46","color":"#0059a9","mode":"bus","arr":["16","46"],"angle":8,"extra":1}},{"type":"Feature","geometry":{"type":"Point","coordinates":[20.658925,52.126425]},"properties":{"lines":"16, 46","color":"#0059a9","mode":"bus","arr":["16","46"],"angle":-87.9}},{"type":"Feature","geometry":{"type":"Point","coordinates":[20.659013,52.127829]},"properties":{"lines":"16, 46","color":"#0059a9","mode":"bus","arr":["16","46"],"angle":-87.8,"extra":1}},{"type":"Feature","geometry":{"type":"Point","coordinates":[20.661262,52.126295]},"properties":{"lines":"16, 46","color":"#0059a9","mode":"bus","arr":["16","46"],"angle":11.1}},{"type":"Feature","geometry":{"type":"Point","coordinates":[20.663372,52.125916]},"properties":{"lines":"16, 46","color":"#0059a9","mode":"bus","arr":["16","46"],"angle":34.7,"extra":1}},{"type":"Feature","geometry":{"type":"Point","coordinates":[20.663494,52.125869]},"properties":{"lines":"16, 18, 31, 46","color":"#0059a9","mode":"bus","arr":["16","18","31","46"],"angle":-30.5}},{"type":"Feature","geometry":{"type":"Point","coordinates":[20.668236,52.126407]},"properties":{"lines":"16, 18, 31, 46","color":"#0059a9","mode":"bus","arr":["16","18","31","46"],"angle":-37.8}},{"type":"Feature","geometry":{"type":"Point","coordinates":[20.669613,52.128031]},"properties":{"lines":"16, 18, 31, 46","color":"#0059a9","mode":"bus","arr":["16","18","31","46"],"angle":-65.1,"extra":1}},{"type":"Feature","geometry":{"type":"Point","coordinates":[20.665345,52.126098]},"properties":{"lines":"16, 18, 31, 46","color":"#0059a9","mode":"bus","arr":["16","18","31","46"],"angle":14.3,"extra":1}},{"type":"Feature","geometry":{"type":"Point","coordinates":[20.670952,52.12884]},"properties":{"lines":"16, 18, 31, 46","color":"#0059a9","mode":"bus","arr":["16","18","31","46"],"angle":6.5}},{"type":"Feature","geometry":{"type":"Point","coordinates":[20.663899,52.123919]},"properties":{"lines":"16, 18, 31, 46","color":"#0059a9","mode":"bus","arr":["16","18","31","46"],"angle":64.9}},{"type":"Feature","geometry":{"type":"Point","coordinates":[20.663459,52.126806]},"properties":{"lines":"16, 46","color":"#0059a9","mode":"bus","arr":["16","46"],"angle":59.7}},{"type":"Feature","geometry":{"type":"Point","coordinates":[20.66095,52.127598]},"properties":{"lines":"16, 46","color":"#0059a9","mode":"bus","arr":["16","46"],"angle":12}},{"type":"Feature","geometry":{"type":"Point","coordinates":[20.760784,52.128301]},"properties":{"lines":"17, 65, Z67","color":"#0059a9","mode":"bus","arr":["17","65","Z67"],"angle":71.2}},{"type":"Feature","geometry":{"type":"Point","coordinates":[20.762146,52.123998]},"properties":{"lines":"17, 65, Z67","color":"#0059a9","mode":"bus","arr":["17","65","Z67"],"angle":-68.8}},{"type":"Feature","geometry":{"type":"Point","coordinates":[20.757028,52.130272]},"properties":{"lines":"17, 65, Z67","color":"#0059a9","mode":"bus","arr":["17","65","Z67"],"angle":25.4,"extra":1}},{"type":"Feature","geometry":{"type":"Point","coordinates":[20.759854,52.129534]},"properties":{"lines":"17, 65, Z67","color":"#0059a9","mode":"bus","arr":["17","65","Z67"],"angle":34.3,"extra":1}},{"type":"Feature","geometry":{"type":"Point","coordinates":[20.760946,52.12593]},"properties":{"lines":"17, 65, Z67","color":"#0059a9","mode":"bus","arr":["17","65","Z67"],"angle":-90,"extra":1}},{"type":"Feature","geometry":{"type":"Point","coordinates":[20.754866,52.130852]},"properties":{"lines":"17, 65, Z67","color":"#0059a9","mode":"bus","arr":["17","65","Z67"],"angle":-1.4}},{"type":"Feature","geometry":{"type":"Point","coordinates":[20.740537,52.136495]},"properties":{"lines":"17, 65, Z67","color":"#0059a9","mode":"bus","arr":["17","65","Z67"],"angle":31.9}},{"type":"Feature","geometry":{"type":"Point","coordinates":[20.727142,52.139883]},"properties":{"lines":"17, 65, Z67","color":"#0059a9","mode":"bus","arr":["17","65","Z67"],"angle":5.9,"extra":1}},{"type":"Feature","geometry":{"type":"Point","coordinates":[20.730201,52.139694]},"properties":{"lines":"17, 65, Z67","color":"#0059a9","mode":"bus","arr":["17","65","Z67"],"angle":5.6,"extra":1}},{"type":"Feature","geometry":{"type":"Point","coordinates":[20.733085,52.139121]},"properties":{"lines":"17, 65, Z67","color":"#0059a9","mode":"bus","arr":["17","65","Z67"],"angle":28.1,"extra":1}},{"type":"Feature","geometry":{"type":"Point","coordinates":[20.735796,52.138229]},"properties":{"lines":"17, 65, Z67","color":"#0059a9","mode":"bus","arr":["17","65","Z67"],"angle":28.2,"extra":1}},{"type":"Feature","geometry":{"type":"Point","coordinates":[20.73845,52.137276]},"properties":{"lines":"17, 65, Z67","color":"#0059a9","mode":"bus","arr":["17","65","Z67"],"angle":31.3,"extra":1}},{"type":"Feature","geometry":{"type":"Point","coordinates":[20.743672,52.135281]},"properties":{"lines":"17, 65, Z67","color":"#0059a9","mode":"bus","arr":["17","65","Z67"],"angle":33.2,"extra":1}},{"type":"Feature","geometry":{"type":"Point","coordinates":[20.746246,52.134248]},"properties":{"lines":"17, 65, Z67","color":"#0059a9","mode":"bus","arr":["17","65","Z67"],"angle":33.1,"extra":1}},{"type":"Feature","geometry":{"type":"Point","coordinates":[20.74883,52.133224]},"properties":{"lines":"17, 65, Z67","color":"#0059a9","mode":"bus","arr":["17","65","Z67"],"angle":32.5,"extra":1}},{"type":"Feature","geometry":{"type":"Point","coordinates":[20.751411,52.132198]},"properties":{"lines":"17, 65, Z67","color":"#0059a9","mode":"bus","arr":["17","65","Z67"],"angle":32.6,"extra":1}},{"type":"Feature","geometry":{"type":"Point","coordinates":[20.75359,52.130973]},"properties":{"lines":"17, 65, Z67","color":"#0059a9","mode":"bus","arr":["17","65","Z67"],"angle":67.3,"extra":1}},{"type":"Feature","geometry":{"type":"Point","coordinates":[20.706485,52.13451]},"properties":{"lines":"17, 35","color":"#0059a9","mode":"bus","arr":["17","35"],"angle":-43.1}},{"type":"Feature","geometry":{"type":"Point","coordinates":[20.704999,52.133615]},"properties":{"lines":"17, 35","color":"#0059a9","mode":"bus","arr":["17","35"],"angle":-48.9,"extra":1}},{"type":"Feature","geometry":{"type":"Point","coordinates":[20.702661,52.131365]},"properties":{"lines":"17, 35","color":"#0059a9","mode":"bus","arr":["17","35"],"angle":-57.4}},{"type":"Feature","geometry":{"type":"Point","coordinates":[20.691174,52.126728]},"properties":{"lines":"17","color":"#0059a9","mode":"bus","arr":["17"],"angle":-34.9}},{"type":"Feature","geometry":{"type":"Point","coordinates":[20.700407,52.129634]},"properties":{"lines":"17","color":"#0059a9","mode":"bus","arr":["17"],"angle":-13.9,"extra":1}},{"type":"Feature","geometry":{"type":"Point","coordinates":[20.697617,52.128852]},"properties":{"lines":"17","color":"#0059a9","mode":"bus","arr":["17"],"angle":-27.8,"extra":1}},{"type":"Feature","geometry":{"type":"Point","coordinates":[20.694895,52.127974]},"properties":{"lines":"17","color":"#0059a9","mode":"bus","arr":["17"],"angle":-26,"extra":1}},{"type":"Feature","geometry":{"type":"Point","coordinates":[20.689638,52.126037]},"properties":{"lines":"17","color":"#0059a9","mode":"bus","arr":["17"],"angle":-37,"extra":1}},{"type":"Feature","geometry":{"type":"Point","coordinates":[20.687174,52.124907]},"properties":{"lines":"17","color":"#0059a9","mode":"bus","arr":["17"],"angle":-36.4,"extra":1}},{"type":"Feature","geometry":{"type":"Point","coordinates":[20.684702,52.123784]},"properties":{"lines":"17","color":"#0059a9","mode":"bus","arr":["17"],"angle":-36.4,"extra":1}},{"type":"Feature","geometry":{"type":"Point","coordinates":[20.682215,52.122674]},"properties":{"lines":"17","color":"#0059a9","mode":"bus","arr":["17"],"angle":-35.9,"extra":1}},{"type":"Feature","geometry":{"type":"Point","coordinates":[20.676674,52.120387]},"properties":{"lines":"17, 18","color":"#0059a9","mode":"bus","arr":["17","18"],"angle":-31.3}},{"type":"Feature","geometry":{"type":"Point","coordinates":[20.680317,52.121832]},"properties":{"lines":"17, 18","color":"#0059a9","mode":"bus","arr":["17","18"],"angle":-35.8,"extra":1}},{"type":"Feature","geometry":{"type":"Point","coordinates":[20.672491,52.118835]},"properties":{"lines":"17, 18","color":"#0059a9","mode":"bus","arr":["17","18"],"angle":-31.2,"extra":1}},{"type":"Feature","geometry":{"type":"Point","coordinates":[20.663284,52.115402]},"properties":{"lines":"17, 27, 46","color":"#0059a9","mode":"bus","arr":["17","27","46"],"angle":-33.5}},{"type":"Feature","geometry":{"type":"Point","coordinates":[20.670327,52.118034]},"properties":{"lines":"17, 27, 46","color":"#0059a9","mode":"bus","arr":["17","27","46"],"angle":-31.3,"extra":1}},{"type":"Feature","geometry":{"type":"Point","coordinates":[20.667689,52.117063]},"properties":{"lines":"17, 27, 46","color":"#0059a9","mode":"bus","arr":["17","27","46"],"angle":-30.8,"extra":1}},{"type":"Feature","geometry":{"type":"Point","coordinates":[20.665038,52.116107]},"properties":{"lines":"17, 27, 46","color":"#0059a9","mode":"bus","arr":["17","27","46"],"angle":-32.3,"extra":1}},{"type":"Feature","geometry":{"type":"Point","coordinates":[20.65982,52.11411]},"properties":{"lines":"17, 27, 46","color":"#0059a9","mode":"bus","arr":["17","27","46"],"angle":-29,"extra":1}},{"type":"Feature","geometry":{"type":"Point","coordinates":[20.657137,52.113188]},"properties":{"lines":"17, 27, 46","color":"#0059a9","mode":"bus","arr":["17","27","46"],"angle":-29.5,"extra":1}},{"type":"Feature","geometry":{"type":"Point","coordinates":[20.647667,52.109952]},"properties":{"lines":"17, 27","color":"#0059a9","mode":"bus","arr":["17","27"],"angle":-28.3}},{"type":"Feature","geometry":{"type":"Point","coordinates":[20.653614,52.111975]},"properties":{"lines":"17, 27","color":"#0059a9","mode":"bus","arr":["17","27"],"angle":-28.5}},{"type":"Feature","geometry":{"type":"Point","coordinates":[20.650815,52.111035]},"properties":{"lines":"17, 27","color":"#0059a9","mode":"bus","arr":["17","27"],"angle":-30.1,"extra":1}},{"type":"Feature","geometry":{"type":"Point","coordinates":[20.645446,52.109194]},"properties":{"lines":"17, 27","color":"#0059a9","mode":"bus","arr":["17","27"],"angle":-29.1,"extra":1}},{"type":"Feature","geometry":{"type":"Point","coordinates":[20.641962,52.108031]},"properties":{"lines":"17, 27, C1","color":"#0059a9","mode":"bus","arr":["17","27","C1"],"angle":-28.2}},{"type":"Feature","geometry":{"type":"Point","coordinates":[20.637444,52.106351]},"properties":{"lines":"17, C1","color":"#0059a9","mode":"bus","arr":["17","C1"],"angle":-50.7}},{"type":"Feature","geometry":{"type":"Point","coordinates":[20.639429,52.107166]},"properties":{"lines":"17, C1","color":"#0059a9","mode":"bus","arr":["17","C1"],"angle":-29.7,"extra":1}},{"type":"Feature","geometry":{"type":"Point","coordinates":[20.635251,52.104497]},"properties":{"lines":"17, C1","color":"#0059a9","mode":"bus","arr":["17","C1"],"angle":-43.2,"extra":1}},{"type":"Feature","geometry":{"type":"Point","coordinates":[20.63175,52.103144]},"properties":{"lines":"17, 32, 33, 34, C1","color":"#0059a9","mode":"bus","arr":["17","32","33","34","C1"],"angle":-24}},{"type":"Feature","geometry":{"type":"Point","coordinates":[20.633852,52.103872]},"properties":{"lines":"17, 32, 33, 34, C1","color":"#0059a9","mode":"bus","arr":["17","32","33","34","C1"],"angle":-33.1,"extra":1}},{"type":"Feature","geometry":{"type":"Point","coordinates":[20.628104,52.103309]},"properties":{"lines":"17, 32, 33, 34, C1","color":"#0059a9","mode":"bus","arr":["17","32","33","34","C1"],"angle":12.5,"extra":1}},{"type":"Feature","geometry":{"type":"Point","coordinates":[20.626306,52.103623]},"properties":{"lines":"17","color":"#0059a9","mode":"bus","arr":["17"],"angle":18.7}},{"type":"Feature","geometry":{"type":"Point","coordinates":[20.625123,52.103759]},"properties":{"lines":"17, 20, 21","color":"#0059a9","mode":"bus","arr":["17","20","21"],"angle":11}},{"type":"Feature","geometry":{"type":"Point","coordinates":[20.799627,52.090442]},"properties":{"lines":"17, 29, 60, 65","color":"#0059a9","mode":"bus","arr":["17","29","60","65"],"angle":78.4}},{"type":"Feature","geometry":{"type":"Point","coordinates":[20.799937,52.089558]},"properties":{"lines":"29","color":"#0059a9","mode":"bus","arr":["29"],"angle":-35.7}},{"type":"Feature","geometry":{"type":"Point","coordinates":[20.800467,52.089806]},"properties":{"lines":"17, 60, 65","color":"#0059a9","mode":"bus","arr":["17","60","65"],"angle":8.6}},{"type":"Feature","geometry":{"type":"Point","coordinates":[20.800384,52.089364]},"properties":{"lines":"63","color":"#0059a9","mode":"bus","arr":["63"],"angle":-50.7}},{"type":"Feature","geometry":{"type":"Point","coordinates":[20.802799,52.091216]},"properties":{"lines":"17, 60, 63, 65","color":"#0059a9","mode":"bus","arr":["17","60","63","65"],"angle":-51.2}},{"type":"Feature","geometry":{"type":"Point","coordinates":[20.805539,52.093239]},"properties":{"lines":"17, 60, 63, 65","color":"#0059a9","mode":"bus","arr":["17","60","63","65"],"angle":35.2}},{"type":"Feature","geometry":{"type":"Point","coordinates":[20.789986,52.103578]},"properties":{"lines":"17, 65","color":"#0059a9","mode":"bus","arr":["17","65"],"angle":54}},{"type":"Feature","geometry":{"type":"Point","coordinates":[20.777747,52.114106]},"properties":{"lines":"17, 65","color":"#0059a9","mode":"bus","arr":["17","65"],"angle":-89.2,"extra":1}},{"type":"Feature","geometry":{"type":"Point","coordinates":[20.778661,52.112325]},"properties":{"lines":"17, 65","color":"#0059a9","mode":"bus","arr":["17","65"],"angle":66.6,"extra":1}},{"type":"Feature","geometry":{"type":"Point","coordinates":[20.780151,52.110699]},"properties":{"lines":"17, 65","color":"#0059a9","mode":"bus","arr":["17","65"],"angle":44.4,"extra":1}},{"type":"Feature","geometry":{"type":"Point","coordinates":[20.782366,52.109389]},"properties":{"lines":"17, 65","color":"#0059a9","mode":"bus","arr":["17","65"],"angle":43.9,"extra":1}},{"type":"Feature","geometry":{"type":"Point","coordinates":[20.784449,52.108004]},"properties":{"lines":"17, 65","color":"#0059a9","mode":"bus","arr":["17","65"],"angle":51.9,"extra":1}},{"type":"Feature","geometry":{"type":"Point","coordinates":[20.786341,52.106515]},"properties":{"lines":"17, 65","color":"#0059a9","mode":"bus","arr":["17","65"],"angle":52.4,"extra":1}},{"type":"Feature","geometry":{"type":"Point","coordinates":[20.788232,52.105026]},"properties":{"lines":"17, 65","color":"#0059a9","mode":"bus","arr":["17","65"],"angle":51.8,"extra":1}},{"type":"Feature","geometry":{"type":"Point","coordinates":[20.791826,52.101962]},"properties":{"lines":"17, 65","color":"#0059a9","mode":"bus","arr":["17","65"],"angle":52.8,"extra":1}},{"type":"Feature","geometry":{"type":"Point","coordinates":[20.793726,52.100477]},"properties":{"lines":"17, 65","color":"#0059a9","mode":"bus","arr":["17","65"],"angle":51.7,"extra":1}},{"type":"Feature","geometry":{"type":"Point","coordinates":[20.795732,52.099047]},"properties":{"lines":"17, 65","color":"#0059a9","mode":"bus","arr":["17","65"],"angle":46.4,"extra":1}},{"type":"Feature","geometry":{"type":"Point","coordinates":[20.797863,52.097685]},"properties":{"lines":"17, 65","color":"#0059a9","mode":"bus","arr":["17","65"],"angle":45.9,"extra":1}},{"type":"Feature","geometry":{"type":"Point","coordinates":[20.800004,52.09633]},"properties":{"lines":"17, 65","color":"#0059a9","mode":"bus","arr":["17","65"],"angle":45.9,"extra":1}},{"type":"Feature","geometry":{"type":"Point","coordinates":[20.802302,52.095078]},"properties":{"lines":"17, 65","color":"#0059a9","mode":"bus","arr":["17","65"],"angle":38.2,"extra":1}},{"type":"Feature","geometry":{"type":"Point","coordinates":[20.804823,52.094003]},"properties":{"lines":"17, 65","color":"#0059a9","mode":"bus","arr":["17","65"],"angle":29.7,"extra":1}},{"type":"Feature","geometry":{"type":"Point","coordinates":[20.769619,52.11906]},"properties":{"lines":"17, 65","color":"#0059a9","mode":"bus","arr":["17","65"],"angle":37.6}},{"type":"Feature","geometry":{"type":"Point","coordinates":[20.777171,52.115815]},"properties":{"lines":"17, 65","color":"#0059a9","mode":"bus","arr":["17","65"],"angle":35.3,"extra":1}},{"type":"Feature","geometry":{"type":"Point","coordinates":[20.774648,52.116895]},"properties":{"lines":"17, 65","color":"#0059a9","mode":"bus","arr":["17","65"],"angle":34.9,"extra":1}},{"type":"Feature","geometry":{"type":"Point","coordinates":[20.772164,52.118007]},"properties":{"lines":"17, 65","color":"#0059a9","mode":"bus","arr":["17","65"],"angle":36.6,"extra":1}},{"type":"Feature","geometry":{"type":"Point","coordinates":[20.767513,52.120436]},"properties":{"lines":"17, 65","color":"#0059a9","mode":"bus","arr":["17","65"],"angle":47.6,"extra":1}},{"type":"Feature","geometry":{"type":"Point","coordinates":[20.765321,52.121757]},"properties":{"lines":"17, 65","color":"#0059a9","mode":"bus","arr":["17","65"],"angle":43.1,"extra":1}},{"type":"Feature","geometry":{"type":"Point","coordinates":[20.763317,52.123188]},"properties":{"lines":"17, 65","color":"#0059a9","mode":"bus","arr":["17","65"],"angle":50.3,"extra":1}},{"type":"Feature","geometry":{"type":"Point","coordinates":[20.672079,52.124115]},"properties":{"lines":"17, 18","color":"#0059a9","mode":"bus","arr":["17","18"],"angle":22.5}},{"type":"Feature","geometry":{"type":"Point","coordinates":[20.679912,52.122807]},"properties":{"lines":"17, 18","color":"#0059a9","mode":"bus","arr":["17","18"],"angle":21.5}},{"type":"Feature","geometry":{"type":"Point","coordinates":[20.676796,52.123615]},"properties":{"lines":"17, 18","color":"#0059a9","mode":"bus","arr":["17","18"],"angle":21.8}},{"type":"Feature","geometry":{"type":"Point","coordinates":[20.675122,52.123693]},"properties":{"lines":"17, 18","color":"#0059a9","mode":"bus","arr":["17","18"],"angle":-67.9}},{"type":"Feature","geometry":{"type":"Point","coordinates":[20.667637,52.124536]},"properties":{"lines":"17, 18","color":"#0059a9","mode":"bus","arr":["17","18"],"angle":-14.8}},{"type":"Feature","geometry":{"type":"Point","coordinates":[20.655876,52.111805]},"properties":{"lines":"17, 46","color":"#0059a9","mode":"bus","arr":["17","46"],"angle":37.6}},{"type":"Feature","geometry":{"type":"Point","coordinates":[20.65577,52.110718]},"properties":{"lines":"17, 46","color":"#0059a9","mode":"bus","arr":["17","46"],"angle":-34.8}},{"type":"Feature","geometry":{"type":"Point","coordinates":[20.655159,52.108917]},"properties":{"lines":"17, 46","color":"#0059a9","mode":"bus","arr":["17","46"],"angle":70.9}},{"type":"Feature","geometry":{"type":"Point","coordinates":[20.656496,52.106427]},"properties":{"lines":"17, 46","color":"#0059a9","mode":"bus","arr":["17","46"],"angle":71.8}},{"type":"Feature","geometry":{"type":"Point","coordinates":[20.655431,52.104958]},"properties":{"lines":"17, 46","color":"#0059a9","mode":"bus","arr":["17","46"],"angle":-28.8}},{"type":"Feature","geometry":{"type":"Point","coordinates":[20.664667,52.117577]},"properties":{"lines":"17, 27, 46","color":"#0059a9","mode":"bus","arr":["17","27","46"],"angle":52.1}},{"type":"Feature","geometry":{"type":"Point","coordinates":[20.664245,52.119299]},"properties":{"lines":"17, 27, 31, 46","color":"#0059a9","mode":"bus","arr":["17","27","31","46"],"angle":-62.3}},{"type":"Feature","geometry":{"type":"Point","coordinates":[20.625443,52.114972]},"properties":{"lines":"18, 27","color":"#0059a9","mode":"bus","arr":["18","27"],"angle":-79.9}},{"type":"Feature","geometry":{"type":"Point","coordinates":[20.626247,52.117393]},"properties":{"lines":"18","color":"#0059a9","mode":"bus","arr":["18"],"angle":-80.8}},{"type":"Feature","geometry":{"type":"Point","coordinates":[20.627144,52.120954]},"properties":{"lines":"18, 26","color":"#0059a9","mode":"bus","arr":["18","26"],"angle":-81}},{"type":"Feature","geometry":{"type":"Point","coordinates":[20.627531,52.122209]},"properties":{"lines":"18, 26","color":"#0059a9","mode":"bus","arr":["18","26"],"angle":-76,"extra":1}},{"type":"Feature","geometry":{"type":"Point","coordinates":[20.63052,52.126216]},"properties":{"lines":"18, 26","color":"#0059a9","mode":"bus","arr":["18","26"],"angle":-62.6}},{"type":"Feature","geometry":{"type":"Point","coordinates":[20.628147,52.123368]},"properties":{"lines":"18, 26","color":"#0059a9","mode":"bus","arr":["18","26"],"angle":-65.8,"extra":1}},{"type":"Feature","geometry":{"type":"Point","coordinates":[20.629528,52.125055]},"properties":{"lines":"18, 26","color":"#0059a9","mode":"bus","arr":["18","26"],"angle":-62.1,"extra":1}},{"type":"Feature","geometry":{"type":"Point","coordinates":[20.63268,52.128099]},"properties":{"lines":"18, 26","color":"#0059a9","mode":"bus","arr":["18","26"],"angle":-3.4,"extra":1}},{"type":"Feature","geometry":{"type":"Point","coordinates":[20.636972,52.146034]},"properties":{"lines":"18, 26","color":"#0059a9","mode":"bus","arr":["18","26"],"angle":-49.7}},{"type":"Feature","geometry":{"type":"Point","coordinates":[20.636111,52.129551]},"properties":{"lines":"26","color":"#0059a9","mode":"bus","arr":["26"],"angle":78.3}},{"type":"Feature","geometry":{"type":"Point","coordinates":[20.479253,52.169994]},"properties":{"lines":"26","color":"#0059a9","mode":"bus","arr":["26"],"angle":-3.2}},{"type":"Feature","geometry":{"type":"Point","coordinates":[20.453772,52.170689]},"properties":{"lines":"26","color":"#0059a9","mode":"bus","arr":["26"],"angle":1.9,"extra":1}},{"type":"Feature","geometry":{"type":"Point","coordinates":[20.456845,52.170626]},"properties":{"lines":"26","color":"#0059a9","mode":"bus","arr":["26"],"angle":1.4,"extra":1}},{"type":"Feature","geometry":{"type":"Point","coordinates":[20.459918,52.170563]},"properties":{"lines":"26","color":"#0059a9","mode":"bus","arr":["26"],"angle":1.9,"extra":1}},{"type":"Feature","geometry":{"type":"Point","coordinates":[20.46299,52.170474]},"properties":{"lines":"26","color":"#0059a9","mode":"bus","arr":["26"],"angle":3.1,"extra":1}},{"type":"Feature","geometry":{"type":"Point","coordinates":[20.46606,52.170372]},"properties":{"lines":"26","color":"#0059a9","mode":"bus","arr":["26"],"angle":3.1,"extra":1}},{"type":"Feature","geometry":{"type":"Point","coordinates":[20.469131,52.170268]},"properties":{"lines":"26","color":"#0059a9","mode":"bus","arr":["26"],"angle":3,"extra":1}},{"type":"Feature","geometry":{"type":"Point","coordinates":[20.472202,52.170166]},"properties":{"lines":"26","color":"#0059a9","mode":"bus","arr":["26"],"angle":3.1,"extra":1}},{"type":"Feature","geometry":{"type":"Point","coordinates":[20.475272,52.170064]},"properties":{"lines":"26","color":"#0059a9","mode":"bus","arr":["26"],"angle":3.6,"extra":1}},{"type":"Feature","geometry":{"type":"Point","coordinates":[20.481413,52.170082]},"properties":{"lines":"26","color":"#0059a9","mode":"bus","arr":["26"],"angle":-3.8,"extra":1}},{"type":"Feature","geometry":{"type":"Point","coordinates":[20.484461,52.170312]},"properties":{"lines":"26","color":"#0059a9","mode":"bus","arr":["26"],"angle":-10.7,"extra":1}},{"type":"Feature","geometry":{"type":"Point","coordinates":[20.487485,52.170652]},"properties":{"lines":"26","color":"#0059a9","mode":"bus","arr":["26"],"angle":-7.7,"extra":1}},{"type":"Feature","geometry":{"type":"Point","coordinates":[20.49055,52.17078]},"properties":{"lines":"26","color":"#0059a9","mode":"bus","arr":["26"],"angle":-2,"extra":1}},{"type":"Feature","geometry":{"type":"Point","coordinates":[20.493623,52.170846]},"properties":{"lines":"26","color":"#0059a9","mode":"bus","arr":["26"],"angle":-1.4,"extra":1}},{"type":"Feature","geometry":{"type":"Point","coordinates":[20.496696,52.170807]},"properties":{"lines":"26","color":"#0059a9","mode":"bus","arr":["26"],"angle":3.1,"extra":1}},{"type":"Feature","geometry":{"type":"Point","coordinates":[20.499766,52.170699]},"properties":{"lines":"26","color":"#0059a9","mode":"bus","arr":["26"],"angle":3.6,"extra":1}},{"type":"Feature","geometry":{"type":"Point","coordinates":[20.502835,52.170585]},"properties":{"lines":"26","color":"#0059a9","mode":"bus","arr":["26"],"angle":3.2,"extra":1}},{"type":"Feature","geometry":{"type":"Point","coordinates":[20.505906,52.17048]},"properties":{"lines":"26","color":"#0059a9","mode":"bus","arr":["26"],"angle":3.2,"extra":1}},{"type":"Feature","geometry":{"type":"Point","coordinates":[20.557481,52.154774]},"properties":{"lines":"26","color":"#0059a9","mode":"bus","arr":["26"],"angle":-85.9}},{"type":"Feature","geometry":{"type":"Point","coordinates":[20.517537,52.162895]},"properties":{"lines":"26","color":"#0059a9","mode":"bus","arr":["26"],"angle":10.1,"extra":1}},{"type":"Feature","geometry":{"type":"Point","coordinates":[20.520557,52.162538]},"properties":{"lines":"26","color":"#0059a9","mode":"bus","arr":["26"],"angle":11.1,"extra":1}},{"type":"Feature","geometry":{"type":"Point","coordinates":[20.523605,52.162505]},"properties":{"lines":"26","color":"#0059a9","mode":"bus","arr":["26"],"angle":-7.6,"extra":1}},{"type":"Feature","geometry":{"type":"Point","coordinates":[20.52665,52.162769]},"properties":{"lines":"26","color":"#0059a9","mode":"bus","arr":["26"],"angle":-2.7,"extra":1}},{"type":"Feature","geometry":{"type":"Point","coordinates":[20.52965,52.162379]},"properties":{"lines":"26","color":"#0059a9","mode":"bus","arr":["26"],"angle":13.3,"extra":1}},{"type":"Feature","geometry":{"type":"Point","coordinates":[20.532707,52.16225]},"properties":{"lines":"26","color":"#0059a9","mode":"bus","arr":["26"],"angle":1,"extra":1}},{"type":"Feature","geometry":{"type":"Point","coordinates":[20.535782,52.162216]},"properties":{"lines":"26","color":"#0059a9","mode":"bus","arr":["26"],"angle":0.9,"extra":1}},{"type":"Feature","geometry":{"type":"Point","coordinates":[20.538856,52.162184]},"properties":{"lines":"26","color":"#0059a9","mode":"bus","arr":["26"],"angle":0.9,"extra":1}},{"type":"Feature","geometry":{"type":"Point","coordinates":[20.54193,52.162156]},"properties":{"lines":"26","color":"#0059a9","mode":"bus","arr":["26"],"angle":1.8,"extra":1}},{"type":"Feature","geometry":{"type":"Point","coordinates":[20.545004,52.162098]},"properties":{"lines":"26","color":"#0059a9","mode":"bus","arr":["26"],"angle":1.8,"extra":1}},{"type":"Feature","geometry":{"type":"Point","coordinates":[20.548078,52.162054]},"properties":{"lines":"26","color":"#0059a9","mode":"bus","arr":["26"],"angle":-1.4,"extra":1}},{"type":"Feature","geometry":{"type":"Point","coordinates":[20.551151,52.162078]},"properties":{"lines":"26","color":"#0059a9","mode":"bus","arr":["26"],"angle":1.2,"extra":1}},{"type":"Feature","geometry":{"type":"Point","coordinates":[20.554217,52.161952]},"properties":{"lines":"26","color":"#0059a9","mode":"bus","arr":["26"],"angle":5.9,"extra":1}},{"type":"Feature","geometry":{"type":"Point","coordinates":[20.55727,52.161728]},"properties":{"lines":"26","color":"#0059a9","mode":"bus","arr":["26"],"angle":6,"extra":1}},{"type":"Feature","geometry":{"type":"Point","coordinates":[20.55805,52.160335]},"properties":{"lines":"26","color":"#0059a9","mode":"bus","arr":["26"],"angle":-86.1,"extra":1}},{"type":"Feature","geometry":{"type":"Point","coordinates":[20.557854,52.15845]},"properties":{"lines":"26","color":"#0059a9","mode":"bus","arr":["26"],"angle":-87.1,"extra":1}},{"type":"Feature","geometry":{"type":"Point","coordinates":[20.557671,52.156565]},"properties":{"lines":"26","color":"#0059a9","mode":"bus","arr":["26"],"angle":-85.8,"extra":1}},{"type":"Feature","geometry":{"type":"Point","coordinates":[20.559751,52.154087]},"properties":{"lines":"26","color":"#0059a9","mode":"bus","arr":["26"],"angle":3.6,"extra":1}},{"type":"Feature","geometry":{"type":"Point","coordinates":[20.56282,52.153969]},"properties":{"lines":"26","color":"#0059a9","mode":"bus","arr":["26"],"angle":3.5,"extra":1}},{"type":"Feature","geometry":{"type":"Point","coordinates":[20.565889,52.153852]},"properties":{"lines":"26","color":"#0059a9","mode":"bus","arr":["26"],"angle":3.5,"extra":1}},{"type":"Feature","geometry":{"type":"Point","coordinates":[20.568955,52.15373]},"properties":{"lines":"26","color":"#0059a9","mode":"bus","arr":["26"],"angle":12.3,"extra":1}},{"type":"Feature","geometry":{"type":"Point","coordinates":[20.571871,52.153132]},"properties":{"lines":"26","color":"#0059a9","mode":"bus","arr":["26"],"angle":18.9,"extra":1}},{"type":"Feature","geometry":{"type":"Point","coordinates":[20.574166,52.153196]},"properties":{"lines":"26","color":"#0059a9","mode":"bus","arr":["26"],"angle":-80.4,"extra":1}},{"type":"Feature","geometry":{"type":"Point","coordinates":[20.575551,52.15487]},"properties":{"lines":"26","color":"#0059a9","mode":"bus","arr":["26"],"angle":-59.6,"extra":1}},{"type":"Feature","geometry":{"type":"Point","coordinates":[20.577471,52.156009]},"properties":{"lines":"26","color":"#0059a9","mode":"bus","arr":["26"],"angle":10.4,"extra":1}},{"type":"Feature","geometry":{"type":"Point","coordinates":[20.580476,52.155611]},"properties":{"lines":"26","color":"#0059a9","mode":"bus","arr":["26"],"angle":13.6,"extra":1}},{"type":"Feature","geometry":{"type":"Point","coordinates":[20.583465,52.155167]},"properties":{"lines":"26","color":"#0059a9","mode":"bus","arr":["26"],"angle":13.6,"extra":1}},{"type":"Feature","geometry":{"type":"Point","coordinates":[20.586453,52.154723]},"properties":{"lines":"26","color":"#0059a9","mode":"bus","arr":["26"],"angle":14.9,"extra":1}},{"type":"Feature","geometry":{"type":"Point","coordinates":[20.589241,52.15394]},"properties":{"lines":"26","color":"#0059a9","mode":"bus","arr":["26"],"angle":27.6,"extra":1}},{"type":"Feature","geometry":{"type":"Point","coordinates":[20.591969,52.153068]},"properties":{"lines":"26","color":"#0059a9","mode":"bus","arr":["26"],"angle":27.5,"extra":1}},{"type":"Feature","geometry":{"type":"Point","coordinates":[20.594707,52.152209]},"properties":{"lines":"26","color":"#0059a9","mode":"bus","arr":["26"],"angle":26.3,"extra":1}},{"type":"Feature","geometry":{"type":"Point","coordinates":[20.597465,52.151373]},"properties":{"lines":"26","color":"#0059a9","mode":"bus","arr":["26"],"angle":26.3,"extra":1}},{"type":"Feature","geometry":{"type":"Point","coordinates":[20.600237,52.150557]},"properties":{"lines":"26","color":"#0059a9","mode":"bus","arr":["26"],"angle":19,"extra":1}},{"type":"Feature","geometry":{"type":"Point","coordinates":[20.603247,52.150197]},"properties":{"lines":"26","color":"#0059a9","mode":"bus","arr":["26"],"angle":3.3,"extra":1}},{"type":"Feature","geometry":{"type":"Point","coordinates":[20.620098,52.15234]},"properties":{"lines":"26","color":"#0059a9","mode":"bus","arr":["26"],"angle":-20.1}},{"type":"Feature","geometry":{"type":"Point","coordinates":[20.616887,52.150533]},"properties":{"lines":"26","color":"#0059a9","mode":"bus","arr":["26"],"angle":-47,"extra":1}},{"type":"Feature","geometry":{"type":"Point","coordinates":[20.624475,52.153486]},"properties":{"lines":"26","color":"#0059a9","mode":"bus","arr":["26"],"angle":-30.8,"extra":1}},{"type":"Feature","geometry":{"type":"Point","coordinates":[20.633371,52.15331]},"properties":{"lines":"26","color":"#0059a9","mode":"bus","arr":["26"],"angle":6.1}},{"type":"Feature","geometry":{"type":"Point","coordinates":[20.62592,52.151572]},"properties":{"lines":"26","color":"#0059a9","mode":"bus","arr":["26"],"angle":84.1,"extra":1}},{"type":"Feature","geometry":{"type":"Point","coordinates":[20.625603,52.15345]},"properties":{"lines":"26","color":"#0059a9","mode":"bus","arr":["26"],"angle":84,"extra":1}},{"type":"Feature","geometry":{"type":"Point","coordinates":[20.627706,52.154073]},"properties":{"lines":"26","color":"#0059a9","mode":"bus","arr":["26"],"angle":13.1,"extra":1}},{"type":"Feature","geometry":{"type":"Point","coordinates":[20.6307,52.153643]},"properties":{"lines":"26","color":"#0059a9","mode":"bus","arr":["26"],"angle":13.2,"extra":1}},{"type":"Feature","geometry":{"type":"Point","coordinates":[20.636789,52.153205]},"properties":{"lines":"26","color":"#0059a9","mode":"bus","arr":["26"],"angle":3.3,"extra":1}},{"type":"Feature","geometry":{"type":"Point","coordinates":[20.639855,52.153062]},"properties":{"lines":"26","color":"#0059a9","mode":"bus","arr":["26"],"angle":9.8,"extra":1}},{"type":"Feature","geometry":{"type":"Point","coordinates":[20.64285,52.152636]},"properties":{"lines":"26","color":"#0059a9","mode":"bus","arr":["26"],"angle":13.5,"extra":1}},{"type":"Feature","geometry":{"type":"Point","coordinates":[20.645625,52.151864]},"properties":{"lines":"26","color":"#0059a9","mode":"bus","arr":["26"],"angle":29.4,"extra":1}},{"type":"Feature","geometry":{"type":"Point","coordinates":[20.646081,52.151418]},"properties":{"lines":"26","color":"#0059a9","mode":"bus","arr":["26"],"angle":-18.2}},{"type":"Feature","geometry":{"type":"Point","coordinates":[20.642987,52.149254]},"properties":{"lines":"26","color":"#0059a9","mode":"bus","arr":["26"],"angle":-82}},{"type":"Feature","geometry":{"type":"Point","coordinates":[20.640854,52.147311]},"properties":{"lines":"26","color":"#0059a9","mode":"bus","arr":["26"],"angle":-17.3,"extra":1}},{"type":"Feature","geometry":{"type":"Point","coordinates":[20.643525,52.150416]},"properties":{"lines":"26","color":"#0059a9","mode":"bus","arr":["26"],"angle":-58.9,"extra":1}},{"type":"Feature","geometry":{"type":"Point","coordinates":[20.646011,52.151323]},"properties":{"lines":"26","color":"#0059a9","mode":"bus","arr":["26"],"angle":-2.8,"extra":1}},{"type":"Feature","geometry":{"type":"Point","coordinates":[20.633498,52.143521]},"properties":{"lines":"26","color":"#0059a9","mode":"bus","arr":["26"],"angle":-49.9}},{"type":"Feature","geometry":{"type":"Point","coordinates":[20.632084,52.142469]},"properties":{"lines":"26","color":"#0059a9","mode":"bus","arr":["26"],"angle":-50.3,"extra":1}},{"type":"Feature","geometry":{"type":"Point","coordinates":[20.632324,52.141536]},"properties":{"lines":"26","color":"#0059a9","mode":"bus","arr":["26"],"angle":84.7}},{"type":"Feature","geometry":{"type":"Point","coordinates":[20.629779,52.140509]},"properties":{"lines":"26","color":"#0059a9","mode":"bus","arr":["26"],"angle":-55.5,"extra":1}},{"type":"Feature","geometry":{"type":"Point","coordinates":[20.633049,52.139136]},"properties":{"lines":"26","color":"#0059a9","mode":"bus","arr":["26"],"angle":78.7,"extra":1}},{"type":"Feature","geometry":{"type":"Point","coordinates":[20.635829,52.126982]},"properties":{"lines":"18","color":"#0059a9","mode":"bus","arr":["18"],"angle":73.2}},{"type":"Feature","geometry":{"type":"Point","coordinates":[20.641676,52.144033]},"properties":{"lines":"18","color":"#0059a9","mode":"bus","arr":["18"],"angle":21.4}},{"type":"Feature","geometry":{"type":"Point","coordinates":[20.646509,52.142813]},"properties":{"lines":"18","color":"#0059a9","mode":"bus","arr":["18"],"angle":25.1,"extra":1}},{"type":"Feature","geometry":{"type":"Point","coordinates":[20.643668,52.143536]},"properties":{"lines":"18","color":"#0059a9","mode":"bus","arr":["18"],"angle":22.1,"extra":1}},{"type":"Feature","geometry":{"type":"Point","coordinates":[20.637808,52.144558]},"properties":{"lines":"18","color":"#0059a9","mode":"bus","arr":["18"],"angle":2.7,"extra":1}},{"type":"Feature","geometry":{"type":"Point","coordinates":[20.643918,52.145725]},"properties":{"lines":"18","color":"#0059a9","mode":"bus","arr":["18"],"angle":21.5}},{"type":"Feature","geometry":{"type":"Point","coordinates":[20.640589,52.146516]},"properties":{"lines":"18","color":"#0059a9","mode":"bus","arr":["18"],"angle":21.9,"extra":1}},{"type":"Feature","geometry":{"type":"Point","coordinates":[20.645896,52.144734]},"properties":{"lines":"18","color":"#0059a9","mode":"bus","arr":["18"],"angle":38.9,"extra":1}},{"type":"Feature","geometry":{"type":"Point","coordinates":[20.661093,52.144317]},"properties":{"lines":"18","color":"#0059a9","mode":"bus","arr":["18"],"angle":6.4}},{"type":"Feature","geometry":{"type":"Point","coordinates":[20.644441,52.125902]},"properties":{"lines":"18","color":"#0059a9","mode":"bus","arr":["18"],"angle":1.3}},{"type":"Feature","geometry":{"type":"Point","coordinates":[20.638708,52.12602]},"properties":{"lines":"18","color":"#0059a9","mode":"bus","arr":["18"],"angle":2.1,"extra":1}},{"type":"Feature","geometry":{"type":"Point","coordinates":[20.641781,52.125956]},"properties":{"lines":"18","color":"#0059a9","mode":"bus","arr":["18"],"angle":1.6,"extra":1}},{"type":"Feature","geometry":{"type":"Point","coordinates":[20.647929,52.125869]},"properties":{"lines":"18","color":"#0059a9","mode":"bus","arr":["18"],"angle":2.4,"extra":1}},{"type":"Feature","geometry":{"type":"Point","coordinates":[20.651001,52.125782]},"properties":{"lines":"18","color":"#0059a9","mode":"bus","arr":["18"],"angle":3.1,"extra":1}},{"type":"Feature","geometry":{"type":"Point","coordinates":[20.648958,52.140023]},"properties":{"lines":"18","color":"#0059a9","mode":"bus","arr":["18"],"angle":68.4}},{"type":"Feature","geometry":{"type":"Point","coordinates":[20.650508,52.137331]},"properties":{"lines":"18","color":"#0059a9","mode":"bus","arr":["18"],"angle":83.1}},{"type":"Feature","geometry":{"type":"Point","coordinates":[20.649727,52.138685]},"properties":{"lines":"18","color":"#0059a9","mode":"bus","arr":["18"],"angle":68.3,"extra":1}},{"type":"Feature","geometry":{"type":"Point","coordinates":[20.647641,52.142208]},"properties":{"lines":"18","color":"#0059a9","mode":"bus","arr":["18"],"angle":50.5,"extra":1}},{"type":"Feature","geometry":{"type":"Point","coordinates":[20.653604,52.142587]},"properties":{"lines":"18","color":"#0059a9","mode":"bus","arr":["18"],"angle":20.4}},{"type":"Feature","geometry":{"type":"Point","coordinates":[20.64943,52.143528]},"properties":{"lines":"18","color":"#0059a9","mode":"bus","arr":["18"],"angle":20.2,"extra":1}},{"type":"Feature","geometry":{"type":"Point","coordinates":[20.658183,52.14178]},"properties":{"lines":"18","color":"#0059a9","mode":"bus","arr":["18"],"angle":9.7,"extra":1}},{"type":"Feature","geometry":{"type":"Point","coordinates":[20.659323,52.139848]},"properties":{"lines":"18","color":"#0059a9","mode":"bus","arr":["18"],"angle":-89.3}},{"type":"Feature","geometry":{"type":"Point","coordinates":[20.65968,52.143459]},"properties":{"lines":"18","color":"#0059a9","mode":"bus","arr":["18"],"angle":-84.1,"extra":1}},{"type":"Feature","geometry":{"type":"Point","coordinates":[20.659363,52.14158]},"properties":{"lines":"18","color":"#0059a9","mode":"bus","arr":["18"],"angle":-86.9,"extra":1}},{"type":"Feature","geometry":{"type":"Point","coordinates":[20.659296,52.137803]},"properties":{"lines":"18","color":"#0059a9","mode":"bus","arr":["18"],"angle":-89.8,"extra":1}},{"type":"Feature","geometry":{"type":"Point","coordinates":[20.659264,52.135915]},"properties":{"lines":"18","color":"#0059a9","mode":"bus","arr":["18"],"angle":-88.9,"extra":1}},{"type":"Feature","geometry":{"type":"Point","coordinates":[20.663091,52.133891]},"properties":{"lines":"18","color":"#0059a9","mode":"bus","arr":["18"],"angle":26.7}},{"type":"Feature","geometry":{"type":"Point","coordinates":[20.665806,52.133099]},"properties":{"lines":"18","color":"#0059a9","mode":"bus","arr":["18"],"angle":25.5,"extra":1}},{"type":"Feature","geometry":{"type":"Point","coordinates":[20.660515,52.134989]},"properties":{"lines":"18","color":"#0059a9","mode":"bus","arr":["18"],"angle":36.8,"extra":1}},{"type":"Feature","geometry":{"type":"Point","coordinates":[20.667674,52.133426]},"properties":{"lines":"18","color":"#0059a9","mode":"bus","arr":["18"],"angle":-68}},{"type":"Feature","geometry":{"type":"Point","coordinates":[20.671483,52.133393]},"properties":{"lines":"18","color":"#0059a9","mode":"bus","arr":["18"],"angle":20.3}},{"type":"Feature","geometry":{"type":"Point","coordinates":[20.669613,52.13383]},"properties":{"lines":"18","color":"#0059a9","mode":"bus","arr":["18"],"angle":20.4,"extra":1}},{"type":"Feature","geometry":{"type":"Point","coordinates":[20.674048,52.130505]},"properties":{"lines":"18","color":"#0059a9","mode":"bus","arr":["18"],"angle":-72.7}},{"type":"Feature","geometry":{"type":"Point","coordinates":[20.674276,52.131767]},"properties":{"lines":"18","color":"#0059a9","mode":"bus","arr":["18"],"angle":-73.7,"extra":1}},{"type":"Feature","geometry":{"type":"Point","coordinates":[20.58914,52.199671]},"properties":{"lines":"19","color":"#0059a9","mode":"bus","arr":["19"],"angle":3.9}},{"type":"Feature","geometry":{"type":"Point","coordinates":[20.604766,52.199024]},"properties":{"lines":"19","color":"#0059a9","mode":"bus","arr":["19"],"angle":3.6,"extra":1}},{"type":"Feature","geometry":{"type":"Point","coordinates":[20.601697,52.199144]},"properties":{"lines":"19","color":"#0059a9","mode":"bus","arr":["19"],"angle":3.7,"extra":1}},{"type":"Feature","geometry":{"type":"Point","coordinates":[20.598629,52.19927]},"properties":{"lines":"19","color":"#0059a9","mode":"bus","arr":["19"],"angle":3.7,"extra":1}},{"type":"Feature","geometry":{"type":"Point","coordinates":[20.595561,52.199403]},"properties":{"lines":"19","color":"#0059a9","mode":"bus","arr":["19"],"angle":4,"extra":1}},{"type":"Feature","geometry":{"type":"Point","coordinates":[20.592493,52.199532]},"properties":{"lines":"19","color":"#0059a9","mode":"bus","arr":["19"],"angle":3.9,"extra":1}},{"type":"Feature","geometry":{"type":"Point","coordinates":[20.586358,52.19979]},"properties":{"lines":"19","color":"#0059a9","mode":"bus","arr":["19"],"angle":4.1,"extra":1}},{"type":"Feature","geometry":{"type":"Point","coordinates":[20.583291,52.199925]},"properties":{"lines":"19","color":"#0059a9","mode":"bus","arr":["19"],"angle":4,"extra":1}},{"type":"Feature","geometry":{"type":"Point","coordinates":[20.580223,52.20006]},"properties":{"lines":"19","color":"#0059a9","mode":"bus","arr":["19"],"angle":4.1,"extra":1}},{"type":"Feature","geometry":{"type":"Point","coordinates":[20.577154,52.200169]},"properties":{"lines":"19","color":"#0059a9","mode":"bus","arr":["19"],"angle":3.9,"extra":1}},{"type":"Feature","geometry":{"type":"Point","coordinates":[20.574086,52.200296]},"properties":{"lines":"19","color":"#0059a9","mode":"bus","arr":["19"],"angle":3.9,"extra":1}},{"type":"Feature","geometry":{"type":"Point","coordinates":[20.559362,52.200909]},"properties":{"lines":"19","color":"#0059a9","mode":"bus","arr":["19"],"angle":4.2}},{"type":"Feature","geometry":{"type":"Point","coordinates":[20.570447,52.200445]},"properties":{"lines":"19","color":"#0059a9","mode":"bus","arr":["19"],"angle":3.8,"extra":1}},{"type":"Feature","geometry":{"type":"Point","coordinates":[20.567378,52.200569]},"properties":{"lines":"19","color":"#0059a9","mode":"bus","arr":["19"],"angle":3.8,"extra":1}},{"type":"Feature","geometry":{"type":"Point","coordinates":[20.564311,52.2007]},"properties":{"lines":"19","color":"#0059a9","mode":"bus","arr":["19"],"angle":4.4,"extra":1}},{"type":"Feature","geometry":{"type":"Point","coordinates":[20.555107,52.201088]},"properties":{"lines":"19","color":"#0059a9","mode":"bus","arr":["19"],"angle":3.8,"extra":1}},{"type":"Feature","geometry":{"type":"Point","coordinates":[20.552039,52.201214]},"properties":{"lines":"19","color":"#0059a9","mode":"bus","arr":["19"],"angle":3.8,"extra":1}},{"type":"Feature","geometry":{"type":"Point","coordinates":[20.548971,52.201341]},"properties":{"lines":"19","color":"#0059a9","mode":"bus","arr":["19"],"angle":3.8,"extra":1}},{"type":"Feature","geometry":{"type":"Point","coordinates":[20.537568,52.20202]},"properties":{"lines":"19","color":"#0059a9","mode":"bus","arr":["19"],"angle":8.6}},{"type":"Feature","geometry":{"type":"Point","coordinates":[20.545208,52.201493]},"properties":{"lines":"19","color":"#0059a9","mode":"bus","arr":["19"],"angle":3.5,"extra":1}},{"type":"Feature","geometry":{"type":"Point","coordinates":[20.54214,52.20162]},"properties":{"lines":"19","color":"#0059a9","mode":"bus","arr":["19"],"angle":5,"extra":1}},{"type":"Feature","geometry":{"type":"Point","coordinates":[20.533012,52.202441]},"properties":{"lines":"19","color":"#0059a9","mode":"bus","arr":["19"],"angle":8.6,"extra":1}},{"type":"Feature","geometry":{"type":"Point","coordinates":[20.529972,52.202723]},"properties":{"lines":"19","color":"#0059a9","mode":"bus","arr":["19"],"angle":8.5,"extra":1}},{"type":"Feature","geometry":{"type":"Point","coordinates":[20.538108,52.198438]},"properties":{"lines":"19","color":"#0059a9","mode":"bus","arr":["19"],"angle":-32.9}},{"type":"Feature","geometry":{"type":"Point","coordinates":[20.5323,52.196159]},"properties":{"lines":"19","color":"#0059a9","mode":"bus","arr":["19"],"angle":-32.6,"extra":1}},{"type":"Feature","geometry":{"type":"Point","coordinates":[20.53489,52.197177]},"properties":{"lines":"19","color":"#0059a9","mode":"bus","arr":["19"],"angle":-32.5,"extra":1}},{"type":"Feature","geometry":{"type":"Point","coordinates":[20.540072,52.199211]},"properties":{"lines":"19","color":"#0059a9","mode":"bus","arr":["19"],"angle":-32.4,"extra":1}},{"type":"Feature","geometry":{"type":"Point","coordinates":[20.54267,52.200222]},"properties":{"lines":"19","color":"#0059a9","mode":"bus","arr":["19"],"angle":-32.4,"extra":1}},{"type":"Feature","geometry":{"type":"Point","coordinates":[20.636667,52.164381]},"properties":{"lines":"19","color":"#0059a9","mode":"bus","arr":["19"],"angle":-54.7}},{"type":"Feature","geometry":{"type":"Point","coordinates":[20.634228,52.166708]},"properties":{"lines":"19","color":"#0059a9","mode":"bus","arr":["19"],"angle":53.9,"extra":1}},{"type":"Feature","geometry":{"type":"Point","coordinates":[20.632286,52.165112]},"properties":{"lines":"19","color":"#0059a9","mode":"bus","arr":["19"],"angle":10.3,"extra":1}},{"type":"Feature","geometry":{"type":"Point","coordinates":[20.588736,52.173154]},"properties":{"lines":"19","color":"#0059a9","mode":"bus","arr":["19"],"angle":-74.5}},{"type":"Feature","geometry":{"type":"Point","coordinates":[20.609967,52.170957]},"properties":{"lines":"19","color":"#0059a9","mode":"bus","arr":["19"],"angle":-1.2,"extra":1}},{"type":"Feature","geometry":{"type":"Point","coordinates":[20.606895,52.170928]},"properties":{"lines":"19","color":"#0059a9","mode":"bus","arr":["19"],"angle":7.5,"extra":1}},{"type":"Feature","geometry":{"type":"Point","coordinates":[20.604103,52.171697]},"properties":{"lines":"19","color":"#0059a9","mode":"bus","arr":["19"],"angle":27.1,"extra":1}},{"type":"Feature","geometry":{"type":"Point","coordinates":[20.601149,52.172069]},"properties":{"lines":"19","color":"#0059a9","mode":"bus","arr":["19"],"angle":2.2,"extra":1}},{"type":"Feature","geometry":{"type":"Point","coordinates":[20.598076,52.172141]},"properties":{"lines":"19","color":"#0059a9","mode":"bus","arr":["19"],"angle":2.2,"extra":1}},{"type":"Feature","geometry":{"type":"Point","coordinates":[20.595235,52.172721]},"properties":{"lines":"19","color":"#0059a9","mode":"bus","arr":["19"],"angle":29.7,"extra":1}},{"type":"Feature","geometry":{"type":"Point","coordinates":[20.592567,52.17366]},"properties":{"lines":"19","color":"#0059a9","mode":"bus","arr":["19"],"angle":29.5,"extra":1}},{"type":"Feature","geometry":{"type":"Point","coordinates":[20.5899,52.1746]},"properties":{"lines":"19","color":"#0059a9","mode":"bus","arr":["19"],"angle":29.8,"extra":1}},{"type":"Feature","geometry":{"type":"Point","coordinates":[20.58795,52.171416]},"properties":{"lines":"19","color":"#0059a9","mode":"bus","arr":["19"],"angle":-74.5,"extra":1}},{"type":"Feature","geometry":{"type":"Point","coordinates":[20.587136,52.169595]},"properties":{"lines":"19","color":"#0059a9","mode":"bus","arr":["19"],"angle":-74.8,"extra":1}},{"type":"Feature","geometry":{"type":"Point","coordinates":[20.586479,52.167751]},"properties":{"lines":"19","color":"#0059a9","mode":"bus","arr":["19"],"angle":-79.3,"extra":1}},{"type":"Feature","geometry":{"type":"Point","coordinates":[20.585908,52.165896]},"properties":{"lines":"19","color":"#0059a9","mode":"bus","arr":["19"],"angle":-79.3,"extra":1}},{"type":"Feature","geometry":{"type":"Point","coordinates":[20.585337,52.16404]},"properties":{"lines":"19","color":"#0059a9","mode":"bus","arr":["19"],"angle":-75.6,"extra":1}},{"type":"Feature","geometry":{"type":"Point","coordinates":[20.582625,52.164113]},"properties":{"lines":"19","color":"#0059a9","mode":"bus","arr":["19"],"angle":11.6,"extra":1}},{"type":"Feature","geometry":{"type":"Point","coordinates":[20.579612,52.16449]},"properties":{"lines":"19","color":"#0059a9","mode":"bus","arr":["19"],"angle":10.7,"extra":1}},{"type":"Feature","geometry":{"type":"Point","coordinates":[20.57659,52.164839]},"properties":{"lines":"19","color":"#0059a9","mode":"bus","arr":["19"],"angle":10.5,"extra":1}},{"type":"Feature","geometry":{"type":"Point","coordinates":[20.614107,52.182343]},"properties":{"lines":"19","color":"#0059a9","mode":"bus","arr":["19"],"angle":12.1}},{"type":"Feature","geometry":{"type":"Point","coordinates":[20.616133,52.182139]},"properties":{"lines":"19","color":"#0059a9","mode":"bus","arr":["19"],"angle":9.4,"extra":1}},{"type":"Feature","geometry":{"type":"Point","coordinates":[20.625968,52.175203]},"properties":{"lines":"19","color":"#0059a9","mode":"bus","arr":["19"],"angle":40.1}},{"type":"Feature","geometry":{"type":"Point","coordinates":[20.617294,52.181252]},"properties":{"lines":"19","color":"#0059a9","mode":"bus","arr":["19"],"angle":64.3,"extra":1}},{"type":"Feature","geometry":{"type":"Point","coordinates":[20.618809,52.179619]},"properties":{"lines":"19","color":"#0059a9","mode":"bus","arr":["19"],"angle":47.9,"extra":1}},{"type":"Feature","geometry":{"type":"Point","coordinates":[20.62092,52.178246]},"properties":{"lines":"19","color":"#0059a9","mode":"bus","arr":["19"],"angle":46.6,"extra":1}},{"type":"Feature","geometry":{"type":"Point","coordinates":[20.623039,52.176877]},"properties":{"lines":"19","color":"#0059a9","mode":"bus","arr":["19"],"angle":45.3,"extra":1}},{"type":"Feature","geometry":{"type":"Point","coordinates":[20.627579,52.174337]},"properties":{"lines":"19","color":"#0059a9","mode":"bus","arr":["19"],"angle":53.2,"extra":1}},{"type":"Feature","geometry":{"type":"Point","coordinates":[20.628886,52.172629]},"properties":{"lines":"19","color":"#0059a9","mode":"bus","arr":["19"],"angle":65.4,"extra":1}},{"type":"Feature","geometry":{"type":"Point","coordinates":[20.630441,52.17101]},"properties":{"lines":"19","color":"#0059a9","mode":"bus","arr":["19"],"angle":53.4,"extra":1}},{"type":"Feature","geometry":{"type":"Point","coordinates":[20.632116,52.169433]},"properties":{"lines":"19","color":"#0059a9","mode":"bus","arr":["19"],"angle":63.3,"extra":1}},{"type":"Feature","geometry":{"type":"Point","coordinates":[20.633467,52.167736]},"properties":{"lines":"19","color":"#0059a9","mode":"bus","arr":["19"],"angle":64.5,"extra":1}},{"type":"Feature","geometry":{"type":"Point","coordinates":[20.621405,52.168252]},"properties":{"lines":"19","color":"#0059a9","mode":"bus","arr":["19"],"angle":43.9}},{"type":"Feature","geometry":{"type":"Point","coordinates":[20.629596,52.16578]},"properties":{"lines":"19","color":"#0059a9","mode":"bus","arr":["19"],"angle":25.9,"extra":1}},{"type":"Feature","geometry":{"type":"Point","coordinates":[20.62667,52.166359]},"properties":{"lines":"19","color":"#0059a9","mode":"bus","arr":["19"],"angle":19.6,"extra":1}},{"type":"Feature","geometry":{"type":"Point","coordinates":[20.623838,52.167092]},"properties":{"lines":"19","color":"#0059a9","mode":"bus","arr":["19"],"angle":25,"extra":1}},{"type":"Feature","geometry":{"type":"Point","coordinates":[20.618784,52.169142]},"properties":{"lines":"19","color":"#0059a9","mode":"bus","arr":["19"],"angle":8.8,"extra":1}},{"type":"Feature","geometry":{"type":"Point","coordinates":[20.615743,52.169422]},"properties":{"lines":"19","color":"#0059a9","mode":"bus","arr":["19"],"angle":8.6,"extra":1}},{"type":"Feature","geometry":{"type":"Point","coordinates":[20.613007,52.170208]},"properties":{"lines":"19","color":"#0059a9","mode":"bus","arr":["19"],"angle":33.6,"extra":1}},{"type":"Feature","geometry":{"type":"Point","coordinates":[20.574958,52.165535]},"properties":{"lines":"19","color":"#0059a9","mode":"bus","arr":["19"],"angle":-79.3}},{"type":"Feature","geometry":{"type":"Point","coordinates":[20.560967,52.16574]},"properties":{"lines":"19","color":"#0059a9","mode":"bus","arr":["19"],"angle":9,"extra":1}},{"type":"Feature","geometry":{"type":"Point","coordinates":[20.564004,52.165445]},"properties":{"lines":"19","color":"#0059a9","mode":"bus","arr":["19"],"angle":9,"extra":1}},{"type":"Feature","geometry":{"type":"Point","coordinates":[20.567041,52.16515]},"properties":{"lines":"19","color":"#0059a9","mode":"bus","arr":["19"],"angle":9,"extra":1}},{"type":"Feature","geometry":{"type":"Point","coordinates":[20.570079,52.164855]},"properties":{"lines":"19","color":"#0059a9","mode":"bus","arr":["19"],"angle":9,"extra":1}},{"type":"Feature","geometry":{"type":"Point","coordinates":[20.573116,52.164561]},"properties":{"lines":"19","color":"#0059a9","mode":"bus","arr":["19"],"angle":8.9,"extra":1}},{"type":"Feature","geometry":{"type":"Point","coordinates":[20.575476,52.167211]},"properties":{"lines":"19","color":"#0059a9","mode":"bus","arr":["19"],"angle":-79.3,"extra":1}},{"type":"Feature","geometry":{"type":"Point","coordinates":[20.576048,52.169067]},"properties":{"lines":"19","color":"#0059a9","mode":"bus","arr":["19"],"angle":-79.3,"extra":1}},{"type":"Feature","geometry":{"type":"Point","coordinates":[20.576631,52.170921]},"properties":{"lines":"19","color":"#0059a9","mode":"bus","arr":["19"],"angle":-78.7,"extra":1}},{"type":"Feature","geometry":{"type":"Point","coordinates":[20.577221,52.172775]},"properties":{"lines":"19","color":"#0059a9","mode":"bus","arr":["19"],"angle":-79.7,"extra":1}},{"type":"Feature","geometry":{"type":"Point","coordinates":[20.577794,52.17463]},"properties":{"lines":"19","color":"#0059a9","mode":"bus","arr":["19"],"angle":-79,"extra":1}},{"type":"Feature","geometry":{"type":"Point","coordinates":[20.576517,52.17809]},"properties":{"lines":"19","color":"#0059a9","mode":"bus","arr":["19"],"angle":57.7}},{"type":"Feature","geometry":{"type":"Point","coordinates":[20.573766,52.179417]},"properties":{"lines":"19","color":"#0059a9","mode":"bus","arr":["19"],"angle":21.2,"extra":1}},{"type":"Feature","geometry":{"type":"Point","coordinates":[20.577848,52.176786]},"properties":{"lines":"19","color":"#0059a9","mode":"bus","arr":["19"],"angle":58.5,"extra":1}},{"type":"Feature","geometry":{"type":"Point","coordinates":[20.567282,52.183878]},"properties":{"lines":"19","color":"#0059a9","mode":"bus","arr":["19"],"angle":-26.1}},{"type":"Feature","geometry":{"type":"Point","coordinates":[20.570039,52.184708]},"properties":{"lines":"19","color":"#0059a9","mode":"bus","arr":["19"],"angle":-25.6,"extra":1}},{"type":"Feature","geometry":{"type":"Point","coordinates":[20.564515,52.183048]},"properties":{"lines":"19","color":"#0059a9","mode":"bus","arr":["19"],"angle":-25.1,"extra":1}},{"type":"Feature","geometry":{"type":"Point","coordinates":[20.398981,52.201452]},"properties":{"lines":"20, 44","color":"#0059a9","mode":"bus","arr":["20","44"],"angle":14.1}},{"type":"Feature","geometry":{"type":"Point","coordinates":[20.389527,52.202323]},"properties":{"lines":"20, 44","color":"#0059a9","mode":"bus","arr":["20","44"],"angle":1.8,"extra":1}},{"type":"Feature","geometry":{"type":"Point","coordinates":[20.392599,52.202246]},"properties":{"lines":"20, 44","color":"#0059a9","mode":"bus","arr":["20","44"],"angle":5.2,"extra":1}},{"type":"Feature","geometry":{"type":"Point","coordinates":[20.395625,52.201921]},"properties":{"lines":"20, 44","color":"#0059a9","mode":"bus","arr":["20","44"],"angle":11.5,"extra":1}},{"type":"Feature","geometry":{"type":"Point","coordinates":[20.401606,52.201044]},"properties":{"lines":"20, 44","color":"#0059a9","mode":"bus","arr":["20","44"],"angle":14.5,"extra":1}},{"type":"Feature","geometry":{"type":"Point","coordinates":[20.404522,52.200446]},"properties":{"lines":"20, 44","color":"#0059a9","mode":"bus","arr":["20","44"],"angle":19.3,"extra":1}},{"type":"Feature","geometry":{"type":"Point","coordinates":[20.407424,52.199821]},"properties":{"lines":"20, 44","color":"#0059a9","mode":"bus","arr":["20","44"],"angle":19.4,"extra":1}},{"type":"Feature","geometry":{"type":"Point","coordinates":[20.412871,52.200514]},"properties":{"lines":"20, 44","color":"#0059a9","mode":"bus","arr":["20","44"],"angle":-30.6}},{"type":"Feature","geometry":{"type":"Point","coordinates":[20.414876,52.201235]},"properties":{"lines":"20, 44","color":"#0059a9","mode":"bus","arr":["20","44"],"angle":-30.5,"extra":1}},{"type":"Feature","geometry":{"type":"Point","coordinates":[20.409573,52.199326]},"properties":{"lines":"20, 44","color":"#0059a9","mode":"bus","arr":["20","44"],"angle":-27,"extra":1}},{"type":"Feature","geometry":{"type":"Point","coordinates":[20.418342,52.201413]},"properties":{"lines":"44","color":"#0059a9","mode":"bus","arr":["44"],"angle":26.2}},{"type":"Feature","geometry":{"type":"Point","coordinates":[20.416818,52.20165]},"properties":{"lines":"20, 44","color":"#0059a9","mode":"bus","arr":["20","44"],"angle":11.5}},{"type":"Feature","geometry":{"type":"Point","coordinates":[20.416343,52.200518]},"properties":{"lines":"20","color":"#0059a9","mode":"bus","arr":["20"],"angle":-56.7}},{"type":"Feature","geometry":{"type":"Point","coordinates":[20.416034,52.19916]},"properties":{"lines":"20","color":"#0059a9","mode":"bus","arr":["20"],"angle":31.8}},{"type":"Feature","geometry":{"type":"Point","coordinates":[20.41318,52.195273]},"properties":{"lines":"20","color":"#0059a9","mode":"bus","arr":["20"],"angle":-57.8}},{"type":"Feature","geometry":{"type":"Point","coordinates":[20.416022,52.198062]},"properties":{"lines":"20","color":"#0059a9","mode":"bus","arr":["20"],"angle":-57.8,"extra":1}},{"type":"Feature","geometry":{"type":"Point","coordinates":[20.414388,52.196462]},"properties":{"lines":"20","color":"#0059a9","mode":"bus","arr":["20"],"angle":-58.1,"extra":1}},{"type":"Feature","geometry":{"type":"Point","coordinates":[20.411125,52.19326]},"properties":{"lines":"20","color":"#0059a9","mode":"bus","arr":["20"],"angle":-58,"extra":1}},{"type":"Feature","geometry":{"type":"Point","coordinates":[20.406931,52.186368]},"properties":{"lines":"20","color":"#0059a9","mode":"bus","arr":["20"],"angle":-73.7}},{"type":"Feature","geometry":{"type":"Point","coordinates":[20.405196,52.181201]},"properties":{"lines":"20","color":"#0059a9","mode":"bus","arr":["20"],"angle":-87.2,"extra":1}},{"type":"Feature","geometry":{"type":"Point","coordinates":[20.405914,52.183031]},"properties":{"lines":"20","color":"#0059a9","mode":"bus","arr":["20"],"angle":-75,"extra":1}},{"type":"Feature","geometry":{"type":"Point","coordinates":[20.406243,52.184896]},"properties":{"lines":"20","color":"#0059a9","mode":"bus","arr":["20"],"angle":-74.8,"extra":1}},{"type":"Feature","geometry":{"type":"Point","coordinates":[20.407842,52.188543]},"properties":{"lines":"20","color":"#0059a9","mode":"bus","arr":["20"],"angle":-75.3,"extra":1}},{"type":"Feature","geometry":{"type":"Point","coordinates":[20.409315,52.190175]},"properties":{"lines":"20","color":"#0059a9","mode":"bus","arr":["20"],"angle":-54.9,"extra":1}},{"type":"Feature","geometry":{"type":"Point","coordinates":[20.409843,52.19156]},"properties":{"lines":"20","color":"#0059a9","mode":"bus","arr":["20"],"angle":31.5,"extra":1}},{"type":"Feature","geometry":{"type":"Point","coordinates":[20.413176,52.175597]},"properties":{"lines":"20","color":"#0059a9","mode":"bus","arr":["20"],"angle":43.5}},{"type":"Feature","geometry":{"type":"Point","coordinates":[20.488057,52.113164]},"properties":{"lines":"20","color":"#0059a9","mode":"bus","arr":["20"],"angle":36.1}},{"type":"Feature","geometry":{"type":"Point","coordinates":[20.420155,52.171562]},"properties":{"lines":"20","color":"#0059a9","mode":"bus","arr":["20"],"angle":43.3,"extra":1}},{"type":"Feature","geometry":{"type":"Point","coordinates":[20.417916,52.172857]},"properties":{"lines":"20","color":"#0059a9","mode":"bus","arr":["20"],"angle":43.3,"extra":1}},{"type":"Feature","geometry":{"type":"Point","coordinates":[20.415677,52.174152]},"properties":{"lines":"20","color":"#0059a9","mode":"bus","arr":["20"],"angle":43.3,"extra":1}},{"type":"Feature","geometry":{"type":"Point","coordinates":[20.411212,52.176749]},"properties":{"lines":"20","color":"#0059a9","mode":"bus","arr":["20"],"angle":43.6,"extra":1}},{"type":"Feature","geometry":{"type":"Point","coordinates":[20.408987,52.178053]},"properties":{"lines":"20","color":"#0059a9","mode":"bus","arr":["20"],"angle":43.7,"extra":1}},{"type":"Feature","geometry":{"type":"Point","coordinates":[20.406755,52.179352]},"properties":{"lines":"20","color":"#0059a9","mode":"bus","arr":["20"],"angle":43.4,"extra":1}},{"type":"Feature","geometry":{"type":"Point","coordinates":[20.428064,52.171236]},"properties":{"lines":"20","color":"#0059a9","mode":"bus","arr":["20"],"angle":-4.2}},{"type":"Feature","geometry":{"type":"Point","coordinates":[20.422722,52.171001]},"properties":{"lines":"20","color":"#0059a9","mode":"bus","arr":["20"],"angle":-4,"extra":1}},{"type":"Feature","geometry":{"type":"Point","coordinates":[20.425789,52.171136]},"properties":{"lines":"20","color":"#0059a9","mode":"bus","arr":["20"],"angle":-4.1,"extra":1}},{"type":"Feature","geometry":{"type":"Point","coordinates":[20.431924,52.171406]},"properties":{"lines":"20","color":"#0059a9","mode":"bus","arr":["20"],"angle":-3.9,"extra":1}},{"type":"Feature","geometry":{"type":"Point","coordinates":[20.439568,52.171274]},"properties":{"lines":"20, 26","color":"#0059a9","mode":"bus","arr":["20","26"],"angle":5.5}},{"type":"Feature","geometry":{"type":"Point","coordinates":[20.436452,52.171665]},"properties":{"lines":"20, 26","color":"#0059a9","mode":"bus","arr":["20","26"],"angle":5.9,"extra":1}},{"type":"Feature","geometry":{"type":"Point","coordinates":[20.442514,52.171105]},"properties":{"lines":"20, 26","color":"#0059a9","mode":"bus","arr":["20","26"],"angle":5.1,"extra":1}},{"type":"Feature","geometry":{"type":"Point","coordinates":[20.446847,52.1667]},"properties":{"lines":"20","color":"#0059a9","mode":"bus","arr":["20"],"angle":68.8}},{"type":"Feature","geometry":{"type":"Point","coordinates":[20.449051,52.16328]},"properties":{"lines":"20","color":"#0059a9","mode":"bus","arr":["20"],"angle":68.6,"extra":1}},{"type":"Feature","geometry":{"type":"Point","coordinates":[20.447909,52.165033]},"properties":{"lines":"20","color":"#0059a9","mode":"bus","arr":["20"],"angle":68.4,"extra":1}},{"type":"Feature","geometry":{"type":"Point","coordinates":[20.445667,52.16855]},"properties":{"lines":"20","color":"#0059a9","mode":"bus","arr":["20"],"angle":68.4,"extra":1}},{"type":"Feature","geometry":{"type":"Point","coordinates":[20.44453,52.170305]},"properties":{"lines":"20","color":"#0059a9","mode":"bus","arr":["20"],"angle":67.4,"extra":1}},{"type":"Feature","geometry":{"type":"Point","coordinates":[20.456847,52.151099]},"properties":{"lines":"20","color":"#0059a9","mode":"bus","arr":["20"],"angle":68.5}},{"type":"Feature","geometry":{"type":"Point","coordinates":[20.450188,52.161525]},"properties":{"lines":"20","color":"#0059a9","mode":"bus","arr":["20"],"angle":68.5,"extra":1}},{"type":"Feature","geometry":{"type":"Point","coordinates":[20.451302,52.159765]},"properties":{"lines":"20","color":"#0059a9","mode":"bus","arr":["20"],"angle":68.4,"extra":1}},{"type":"Feature","geometry":{"type":"Point","coordinates":[20.452435,52.158009]},"properties":{"lines":"20","color":"#0059a9","mode":"bus","arr":["20"],"angle":68.7,"extra":1}},{"type":"Feature","geometry":{"type":"Point","coordinates":[20.453557,52.156251]},"properties":{"lines":"20","color":"#0059a9","mode":"bus","arr":["20"],"angle":68.4,"extra":1}},{"type":"Feature","geometry":{"type":"Point","coordinates":[20.454681,52.154493]},"properties":{"lines":"20","color":"#0059a9","mode":"bus","arr":["20"],"angle":68.7,"extra":1}},{"type":"Feature","geometry":{"type":"Point","coordinates":[20.455801,52.152734]},"properties":{"lines":"20","color":"#0059a9","mode":"bus","arr":["20"],"angle":68.6,"extra":1}},{"type":"Feature","geometry":{"type":"Point","coordinates":[20.458043,52.149217]},"properties":{"lines":"20","color":"#0059a9","mode":"bus","arr":["20"],"angle":68.2,"extra":1}},{"type":"Feature","geometry":{"type":"Point","coordinates":[20.459164,52.147459]},"properties":{"lines":"20","color":"#0059a9","mode":"bus","arr":["20"],"angle":69.9,"extra":1}},{"type":"Feature","geometry":{"type":"Point","coordinates":[20.460289,52.145701]},"properties":{"lines":"20","color":"#0059a9","mode":"bus","arr":["20"],"angle":68.4,"extra":1}},{"type":"Feature","geometry":{"type":"Point","coordinates":[20.461416,52.143944]},"properties":{"lines":"20","color":"#0059a9","mode":"bus","arr":["20"],"angle":68.6,"extra":1}},{"type":"Feature","geometry":{"type":"Point","coordinates":[20.462535,52.142185]},"properties":{"lines":"20","color":"#0059a9","mode":"bus","arr":["20"],"angle":68.4,"extra":1}},{"type":"Feature","geometry":{"type":"Point","coordinates":[20.46366,52.140427]},"properties":{"lines":"20","color":"#0059a9","mode":"bus","arr":["20"],"angle":69.2,"extra":1}},{"type":"Feature","geometry":{"type":"Point","coordinates":[20.457233,52.136087]},"properties":{"lines":"20","color":"#0059a9","mode":"bus","arr":["20"],"angle":-38.7}},{"type":"Feature","geometry":{"type":"Point","coordinates":[20.462859,52.139026]},"properties":{"lines":"20","color":"#0059a9","mode":"bus","arr":["20"],"angle":-41.7,"extra":1}},{"type":"Feature","geometry":{"type":"Point","coordinates":[20.460549,52.137779]},"properties":{"lines":"20","color":"#0059a9","mode":"bus","arr":["20"],"angle":-41.5,"extra":1}},{"type":"Feature","geometry":{"type":"Point","coordinates":[20.453389,52.134208]},"properties":{"lines":"20","color":"#0059a9","mode":"bus","arr":["20"],"angle":-38.5,"extra":1}},{"type":"Feature","geometry":{"type":"Point","coordinates":[20.45098,52.133034]},"properties":{"lines":"20","color":"#0059a9","mode":"bus","arr":["20"],"angle":-38.4,"extra":1}},{"type":"Feature","geometry":{"type":"Point","coordinates":[20.464321,52.1394]},"properties":{"lines":"20","color":"#0059a9","mode":"bus","arr":["20"],"angle":68.3}},{"type":"Feature","geometry":{"type":"Point","coordinates":[20.492625,52.111118]},"properties":{"lines":"20","color":"#0059a9","mode":"bus","arr":["20"],"angle":36.3}},{"type":"Feature","geometry":{"type":"Point","coordinates":[20.490328,52.112149]},"properties":{"lines":"20","color":"#0059a9","mode":"bus","arr":["20"],"angle":36.1,"extra":1}},{"type":"Feature","geometry":{"type":"Point","coordinates":[20.495299,52.109926]},"properties":{"lines":"20","color":"#0059a9","mode":"bus","arr":["20"],"angle":36,"extra":1}},{"type":"Feature","geometry":{"type":"Point","coordinates":[20.467404,52.134598]},"properties":{"lines":"20, 80","color":"#0059a9","mode":"bus","arr":["20","80"],"angle":68.6}},{"type":"Feature","geometry":{"type":"Point","coordinates":[20.465037,52.138291]},"properties":{"lines":"20, 80","color":"#0059a9","mode":"bus","arr":["20","80"],"angle":68.5,"extra":1}},{"type":"Feature","geometry":{"type":"Point","coordinates":[20.466163,52.136534]},"properties":{"lines":"20, 80","color":"#0059a9","mode":"bus","arr":["20","80"],"angle":68.5,"extra":1}},{"type":"Feature","geometry":{"type":"Point","coordinates":[20.468416,52.133019]},"properties":{"lines":"20, 80","color":"#0059a9","mode":"bus","arr":["20","80"],"angle":68.5,"extra":1}},{"type":"Feature","geometry":{"type":"Point","coordinates":[20.469538,52.131261]},"properties":{"lines":"20, 80","color":"#0059a9","mode":"bus","arr":["20","80"],"angle":68.7,"extra":1}},{"type":"Feature","geometry":{"type":"Point","coordinates":[20.478316,52.11748]},"properties":{"lines":"20, 80","color":"#0059a9","mode":"bus","arr":["20","80"],"angle":35.9}},{"type":"Feature","geometry":{"type":"Point","coordinates":[20.470932,52.129055]},"properties":{"lines":"20, 80","color":"#0059a9","mode":"bus","arr":["20","80"],"angle":68.9}},{"type":"Feature","geometry":{"type":"Point","coordinates":[20.471913,52.121665]},"properties":{"lines":"20, 80","color":"#0059a9","mode":"bus","arr":["20","80"],"angle":68.2,"extra":1}},{"type":"Feature","geometry":{"type":"Point","coordinates":[20.473489,52.120044]},"properties":{"lines":"20, 80","color":"#0059a9","mode":"bus","arr":["20","80"],"angle":59.1,"extra":1}},{"type":"Feature","geometry":{"type":"Point","coordinates":[20.475577,52.118697]},"properties":{"lines":"20, 80","color":"#0059a9","mode":"bus","arr":["20","80"],"angle":35.9,"extra":1}},{"type":"Feature","geometry":{"type":"Point","coordinates":[20.480561,52.116484]},"properties":{"lines":"20, 80","color":"#0059a9","mode":"bus","arr":["20","80"],"angle":35.4,"extra":1}},{"type":"Feature","geometry":{"type":"Point","coordinates":[20.483438,52.115897]},"properties":{"lines":"20, 80","color":"#0059a9","mode":"bus","arr":["20","80"],"angle":21.6,"extra":1}},{"type":"Feature","geometry":{"type":"Point","coordinates":[20.485559,52.114575]},"properties":{"lines":"20, 80","color":"#0059a9","mode":"bus","arr":["20","80"],"angle":54.1,"extra":1}},{"type":"Feature","geometry":{"type":"Point","coordinates":[20.472421,52.12537]},"properties":{"lines":"20, 24, 80","color":"#0059a9","mode":"bus","arr":["20","24","80"],"angle":87.9}},{"type":"Feature","geometry":{"type":"Point","coordinates":[20.472104,52.127208]},"properties":{"lines":"20, 24, 80","color":"#0059a9","mode":"bus","arr":["20","24","80"],"angle":74.6,"extra":1}},{"type":"Feature","geometry":{"type":"Point","coordinates":[20.472167,52.123452]},"properties":{"lines":"20, 24, 80","color":"#0059a9","mode":"bus","arr":["20","24","80"],"angle":-81.3,"extra":1}},{"type":"Feature","geometry":{"type":"Point","coordinates":[20.522781,52.097671]},"properties":{"lines":"20","color":"#0059a9","mode":"bus","arr":["20"],"angle":36.1}},{"type":"Feature","geometry":{"type":"Point","coordinates":[20.497418,52.108985]},"properties":{"lines":"20","color":"#0059a9","mode":"bus","arr":["20"],"angle":35.9,"extra":1}},{"type":"Feature","geometry":{"type":"Point","coordinates":[20.499908,52.107877]},"properties":{"lines":"20","color":"#0059a9","mode":"bus","arr":["20"],"angle":35.9,"extra":1}},{"type":"Feature","geometry":{"type":"Point","coordinates":[20.502398,52.106769]},"properties":{"lines":"20","color":"#0059a9","mode":"bus","arr":["20"],"angle":35.9,"extra":1}},{"type":"Feature","geometry":{"type":"Point","coordinates":[20.504891,52.105662]},"properties":{"lines":"20","color":"#0059a9","mode":"bus","arr":["20"],"angle":35.7,"extra":1}},{"type":"Feature","geometry":{"type":"Point","coordinates":[20.507384,52.104557]},"properties":{"lines":"20","color":"#0059a9","mode":"bus","arr":["20"],"angle":36,"extra":1}},{"type":"Feature","geometry":{"type":"Point","coordinates":[20.509874,52.103449]},"properties":{"lines":"20","color":"#0059a9","mode":"bus","arr":["20"],"angle":35.9,"extra":1}},{"type":"Feature","geometry":{"type":"Point","coordinates":[20.512369,52.102345]},"properties":{"lines":"20","color":"#0059a9","mode":"bus","arr":["20"],"angle":35.7,"extra":1}},{"type":"Feature","geometry":{"type":"Point","coordinates":[20.514854,52.101232]},"properties":{"lines":"20","color":"#0059a9","mode":"bus","arr":["20"],"angle":36.6,"extra":1}},{"type":"Feature","geometry":{"type":"Point","coordinates":[20.517345,52.100125]},"properties":{"lines":"20","color":"#0059a9","mode":"bus","arr":["20"],"angle":35.4,"extra":1}},{"type":"Feature","geometry":{"type":"Point","coordinates":[20.519816,52.099001]},"properties":{"lines":"20","color":"#0059a9","mode":"bus","arr":["20"],"angle":36.4,"extra":1}},{"type":"Feature","geometry":{"type":"Point","coordinates":[20.524784,52.096775]},"properties":{"lines":"20","color":"#0059a9","mode":"bus","arr":["20"],"angle":36,"extra":1}},{"type":"Feature","geometry":{"type":"Point","coordinates":[20.52727,52.095664]},"properties":{"lines":"20","color":"#0059a9","mode":"bus","arr":["20"],"angle":36.1,"extra":1}},{"type":"Feature","geometry":{"type":"Point","coordinates":[20.529753,52.094549]},"properties":{"lines":"20","color":"#0059a9","mode":"bus","arr":["20"],"angle":36.3,"extra":1}},{"type":"Feature","geometry":{"type":"Point","coordinates":[20.531496,52.093069]},"properties":{"lines":"20","color":"#0059a9","mode":"bus","arr":["20"],"angle":71.9,"extra":1}},{"type":"Feature","geometry":{"type":"Point","coordinates":[20.532511,52.091289]},"properties":{"lines":"20","color":"#0059a9","mode":"bus","arr":["20"],"angle":61.4,"extra":1}},{"type":"Feature","geometry":{"type":"Point","coordinates":[20.534596,52.089913]},"properties":{"lines":"20","color":"#0059a9","mode":"bus","arr":["20"],"angle":42.6,"extra":1}},{"type":"Feature","geometry":{"type":"Point","coordinates":[20.536859,52.088635]},"properties":{"lines":"20","color":"#0059a9","mode":"bus","arr":["20"],"angle":42.6,"extra":1}},{"type":"Feature","geometry":{"type":"Point","coordinates":[20.539119,52.087354]},"properties":{"lines":"20","color":"#0059a9","mode":"bus","arr":["20"],"angle":43,"extra":1}},{"type":"Feature","geometry":{"type":"Point","coordinates":[20.541382,52.086075]},"properties":{"lines":"20","color":"#0059a9","mode":"bus","arr":["20"],"angle":41.9,"extra":1}},{"type":"Feature","geometry":{"type":"Point","coordinates":[20.543768,52.084891]},"properties":{"lines":"20","color":"#0059a9","mode":"bus","arr":["20"],"angle":47.3,"extra":1}},{"type":"Feature","geometry":{"type":"Point","coordinates":[20.544413,52.083308]},"properties":{"lines":"20","color":"#0059a9","mode":"bus","arr":["20"],"angle":7.9}},{"type":"Feature","geometry":{"type":"Point","coordinates":[20.544201,52.083842]},"properties":{"lines":"20","color":"#0059a9","mode":"bus","arr":["20"],"angle":-26.4}},{"type":"Feature","geometry":{"type":"Point","coordinates":[20.556637,52.087204]},"properties":{"lines":"20","color":"#0059a9","mode":"bus","arr":["20"],"angle":-29.7}},{"type":"Feature","geometry":{"type":"Point","coordinates":[20.546026,52.084379]},"properties":{"lines":"20","color":"#0059a9","mode":"bus","arr":["20"],"angle":-28.1,"extra":1}},{"type":"Feature","geometry":{"type":"Point","coordinates":[20.548702,52.085309]},"properties":{"lines":"20","color":"#0059a9","mode":"bus","arr":["20"],"angle":-28.9,"extra":1}},{"type":"Feature","geometry":{"type":"Point","coordinates":[20.551622,52.085843]},"properties":{"lines":"20","color":"#0059a9","mode":"bus","arr":["20"],"angle":-8.3,"extra":1}},{"type":"Feature","geometry":{"type":"Point","coordinates":[20.554501,52.08646]},"properties":{"lines":"20","color":"#0059a9","mode":"bus","arr":["20"],"angle":-28.8,"extra":1}},{"type":"Feature","geometry":{"type":"Point","coordinates":[20.559925,52.088221]},"properties":{"lines":"20","color":"#0059a9","mode":"bus","arr":["20"],"angle":-18.7,"extra":1}},{"type":"Feature","geometry":{"type":"Point","coordinates":[20.562837,52.088827]},"properties":{"lines":"20","color":"#0059a9","mode":"bus","arr":["20"],"angle":-18.7,"extra":1}},{"type":"Feature","geometry":{"type":"Point","coordinates":[20.56576,52.089415]},"properties":{"lines":"20","color":"#0059a9","mode":"bus","arr":["20"],"angle":-18.5,"extra":1}},{"type":"Feature","geometry":{"type":"Point","coordinates":[20.568669,52.090026]},"properties":{"lines":"20","color":"#0059a9","mode":"bus","arr":["20"],"angle":-18.6,"extra":1}},{"type":"Feature","geometry":{"type":"Point","coordinates":[20.575858,52.09148]},"properties":{"lines":"20","color":"#0059a9","mode":"bus","arr":["20"],"angle":-18.3}},{"type":"Feature","geometry":{"type":"Point","coordinates":[20.570416,52.090373]},"properties":{"lines":"20","color":"#0059a9","mode":"bus","arr":["20"],"angle":-18.3,"extra":1}},{"type":"Feature","geometry":{"type":"Point","coordinates":[20.573335,52.090967]},"properties":{"lines":"20","color":"#0059a9","mode":"bus","arr":["20"],"angle":-18.3,"extra":1}},{"type":"Feature","geometry":{"type":"Point","coordinates":[20.579173,52.092155]},"properties":{"lines":"20","color":"#0059a9","mode":"bus","arr":["20"],"angle":-18.4,"extra":1}},{"type":"Feature","geometry":{"type":"Point","coordinates":[20.582094,52.092746]},"properties":{"lines":"20","color":"#0059a9","mode":"bus","arr":["20"],"angle":-18,"extra":1}},{"type":"Feature","geometry":{"type":"Point","coordinates":[20.589272,52.094055]},"properties":{"lines":"20, 21","color":"#0059a9","mode":"bus","arr":["20","21"],"angle":-4.7}},{"type":"Feature","geometry":{"type":"Point","coordinates":[20.600074,52.096804]},"properties":{"lines":"20, 21","color":"#0059a9","mode":"bus","arr":["20","21"],"angle":-29.4}},{"type":"Feature","geometry":{"type":"Point","coordinates":[20.59565,52.095275]},"properties":{"lines":"20, 21","color":"#0059a9","mode":"bus","arr":["20","21"],"angle":60.4}},{"type":"Feature","geometry":{"type":"Point","coordinates":[20.584223,52.093173]},"properties":{"lines":"20, 21","color":"#0059a9","mode":"bus","arr":["20","21"],"angle":-18.2,"extra":1}},{"type":"Feature","geometry":{"type":"Point","coordinates":[20.587145,52.093762]},"properties":{"lines":"20, 21","color":"#0059a9","mode":"bus","arr":["20","21"],"angle":-18.2,"extra":1}},{"type":"Feature","geometry":{"type":"Point","coordinates":[20.593161,52.094434]},"properties":{"lines":"20, 21","color":"#0059a9","mode":"bus","arr":["20","21"],"angle":-24.3,"extra":1}},{"type":"Feature","geometry":{"type":"Point","coordinates":[20.601898,52.097433]},"properties":{"lines":"20, 21","color":"#0059a9","mode":"bus","arr":["20","21"],"angle":-29.3,"extra":1}},{"type":"Feature","geometry":{"type":"Point","coordinates":[20.607951,52.099511]},"properties":{"lines":"20, 21","color":"#0059a9","mode":"bus","arr":["20","21"],"angle":-29.4}},{"type":"Feature","geometry":{"type":"Point","coordinates":[20.611315,52.100674]},"properties":{"lines":"20, 21","color":"#0059a9","mode":"bus","arr":["20","21"],"angle":-28.9,"extra":1}},{"type":"Feature","geometry":{"type":"Point","coordinates":[20.605954,52.098822]},"properties":{"lines":"20, 21","color":"#0059a9","mode":"bus","arr":["20","21"],"angle":-29.3,"extra":1}},{"type":"Feature","geometry":{"type":"Point","coordinates":[20.603268,52.097904]},"properties":{"lines":"20, 21","color":"#0059a9","mode":"bus","arr":["20","21"],"angle":-29.1,"extra":1}},{"type":"Feature","geometry":{"type":"Point","coordinates":[20.582749,52.083515]},"properties":{"lines":"21","color":"#0059a9","mode":"bus","arr":["21"],"angle":-82.8}},{"type":"Feature","geometry":{"type":"Point","coordinates":[20.582444,52.073137]},"properties":{"lines":"21","color":"#0059a9","mode":"bus","arr":["21"],"angle":-81.9,"extra":1}},{"type":"Feature","geometry":{"type":"Point","coordinates":[20.582636,52.075017]},"properties":{"lines":"21","color":"#0059a9","mode":"bus","arr":["21"],"angle":-84.1,"extra":1}},{"type":"Feature","geometry":{"type":"Point","coordinates":[20.582997,52.076893]},"properties":{"lines":"21","color":"#0059a9","mode":"bus","arr":["21"],"angle":-84.4,"extra":1}},{"type":"Feature","geometry":{"type":"Point","coordinates":[20.583213,52.078776]},"properties":{"lines":"21","color":"#0059a9","mode":"bus","arr":["21"],"angle":-86.4,"extra":1}},{"type":"Feature","geometry":{"type":"Point","coordinates":[20.583262,52.080664]},"properties":{"lines":"21","color":"#0059a9","mode":"bus","arr":["21"],"angle":87.7,"extra":1}},{"type":"Feature","geometry":{"type":"Point","coordinates":[20.584909,52.085961]},"properties":{"lines":"21","color":"#0059a9","mode":"bus","arr":["21"],"angle":-63.8,"extra":1}},{"type":"Feature","geometry":{"type":"Point","coordinates":[20.586265,52.087656]},"properties":{"lines":"21","color":"#0059a9","mode":"bus","arr":["21"],"angle":-63.8,"extra":1}},{"type":"Feature","geometry":{"type":"Point","coordinates":[20.587621,52.089351]},"properties":{"lines":"21","color":"#0059a9","mode":"bus","arr":["21"],"angle":-64,"extra":1}},{"type":"Feature","geometry":{"type":"Point","coordinates":[20.588734,52.091107]},"properties":{"lines":"21","color":"#0059a9","mode":"bus","arr":["21"],"angle":-80.4,"extra":1}},{"type":"Feature","geometry":{"type":"Point","coordinates":[20.588657,52.092991]},"properties":{"lines":"21","color":"#0059a9","mode":"bus","arr":["21"],"angle":86.9,"extra":1}},{"type":"Feature","geometry":{"type":"Point","coordinates":[20.582498,52.093185]},"properties":{"lines":"21","color":"#0059a9","mode":"bus","arr":["21"],"angle":60.1}},{"type":"Feature","geometry":{"type":"Point","coordinates":[20.596434,52.089182]},"properties":{"lines":"21","color":"#0059a9","mode":"bus","arr":["21"],"angle":71.7}},{"type":"Feature","geometry":{"type":"Point","coordinates":[20.598828,52.084702]},"properties":{"lines":"21","color":"#0059a9","mode":"bus","arr":["21"],"angle":71.8,"extra":1}},{"type":"Feature","geometry":{"type":"Point","coordinates":[20.59787,52.086497]},"properties":{"lines":"21","color":"#0059a9","mode":"bus","arr":["21"],"angle":71.8,"extra":1}},{"type":"Feature","geometry":{"type":"Point","coordinates":[20.594989,52.091879]},"properties":{"lines":"21","color":"#0059a9","mode":"bus","arr":["21"],"angle":72,"extra":1}},{"type":"Feature","geometry":{"type":"Point","coordinates":[20.594037,52.093675]},"properties":{"lines":"21","color":"#0059a9","mode":"bus","arr":["21"],"angle":72.1,"extra":1}},{"type":"Feature","geometry":{"type":"Point","coordinates":[20.624918,52.10197]},"properties":{"lines":"21, 23, 28, 29, 31, 63","color":"#0059a9","mode":"bus","arr":["21","23","28","29","31","63"],"angle":-66.6}},{"type":"Feature","geometry":{"type":"Point","coordinates":[20.62566,52.103018]},"properties":{"lines":"21, 23, 28, 29, 31, 63, C1","color":"#0059a9","mode":"bus","arr":["21","23","28","29","31","63","C1"],"angle":-67.9}},{"type":"Feature","geometry":{"type":"Point","coordinates":[20.621177,52.101945]},"properties":{"lines":"23, 31, 63","color":"#0059a9","mode":"bus","arr":["23","31","63"],"angle":20.5}},{"type":"Feature","geometry":{"type":"Point","coordinates":[20.623819,52.101324]},"properties":{"lines":"21, 23, 28, 29, 31, 63","color":"#0059a9","mode":"bus","arr":["21","23","28","29","31","63"],"angle":21}},{"type":"Feature","geometry":{"type":"Point","coordinates":[20.622674,52.100634]},"properties":{"lines":"21, 28, 29","color":"#0059a9","mode":"bus","arr":["21","28","29"],"angle":-65.4}},{"type":"Feature","geometry":{"type":"Point","coordinates":[20.620795,52.099877]},"properties":{"lines":"21, 28, 29","color":"#0059a9","mode":"bus","arr":["21","28","29"],"angle":-1.2}},{"type":"Feature","geometry":{"type":"Point","coordinates":[20.619568,52.098421]},"properties":{"lines":"21, 28, 29","color":"#0059a9","mode":"bus","arr":["21","28","29"],"angle":88.6}},{"type":"Feature","geometry":{"type":"Point","coordinates":[20.619504,52.099813]},"properties":{"lines":"21, 28, 29","color":"#0059a9","mode":"bus","arr":["21","28","29"],"angle":88,"extra":1}},{"type":"Feature","geometry":{"type":"Point","coordinates":[20.586821,52.053997]},"properties":{"lines":"22, 28, 58, 82","color":"#0059a9","mode":"bus","arr":["22","28","58","82"],"angle":-3.5}},{"type":"Feature","geometry":{"type":"Point","coordinates":[20.597513,52.054404]},"properties":{"lines":"22, 28, 82","color":"#0059a9","mode":"bus","arr":["22","28","82"],"angle":-3.6}},{"type":"Feature","geometry":{"type":"Point","coordinates":[20.591161,52.054159]},"properties":{"lines":"22, 28, 82","color":"#0059a9","mode":"bus","arr":["22","28","82"],"angle":-3.4,"extra":1}},{"type":"Feature","geometry":{"type":"Point","coordinates":[20.594231,52.054263]},"properties":{"lines":"22, 28, 82","color":"#0059a9","mode":"bus","arr":["22","28","82"],"angle":-3.5,"extra":1}},{"type":"Feature","geometry":{"type":"Point","coordinates":[20.600368,52.054503]},"properties":{"lines":"22, 28, 82","color":"#0059a9","mode":"bus","arr":["22","28","82"],"angle":-2.5,"extra":1}},{"type":"Feature","geometry":{"type":"Point","coordinates":[20.603437,52.054617]},"properties":{"lines":"22, 28, 82","color":"#0059a9","mode":"bus","arr":["22","28","82"],"angle":-5.3,"extra":1}},{"type":"Feature","geometry":{"type":"Point","coordinates":[20.611866,52.0824]},"properties":{"lines":"22, 28, 82","color":"#0059a9","mode":"bus","arr":["22","28","82"],"angle":85.1}},{"type":"Feature","geometry":{"type":"Point","coordinates":[20.609295,52.057756]},"properties":{"lines":"22, 28, 82","color":"#0059a9","mode":"bus","arr":["22","28","82"],"angle":-53}},{"type":"Feature","geometry":{"type":"Point","coordinates":[20.61107,52.088386]},"properties":{"lines":"22, 28, 82","color":"#0059a9","mode":"bus","arr":["22","28","82"],"angle":-44.4}},{"type":"Feature","geometry":{"type":"Point","coordinates":[20.613781,52.061362]},"properties":{"lines":"22, 28, 82","color":"#0059a9","mode":"bus","arr":["22","28","82"],"angle":-48.5}},{"type":"Feature","geometry":{"type":"Point","coordinates":[20.606263,52.055277]},"properties":{"lines":"22, 28, 82","color":"#0059a9","mode":"bus","arr":["22","28","82"],"angle":-53.2,"extra":1}},{"type":"Feature","geometry":{"type":"Point","coordinates":[20.60811,52.056787]},"properties":{"lines":"22, 28, 82","color":"#0059a9","mode":"bus","arr":["22","28","82"],"angle":-53.1,"extra":1}},{"type":"Feature","geometry":{"type":"Point","coordinates":[20.611825,52.059797]},"properties":{"lines":"22, 28, 82","color":"#0059a9","mode":"bus","arr":["22","28","82"],"angle":-52.7,"extra":1}},{"type":"Feature","geometry":{"type":"Point","coordinates":[20.61254,52.077373]},"properties":{"lines":"22, 28, 82","color":"#0059a9","mode":"bus","arr":["22","28","82"],"angle":85.2,"extra":1}},{"type":"Feature","geometry":{"type":"Point","coordinates":[20.612285,52.079255]},"properties":{"lines":"22, 28, 82","color":"#0059a9","mode":"bus","arr":["22","28","82"],"angle":85.3,"extra":1}},{"type":"Feature","geometry":{"type":"Point","coordinates":[20.612032,52.081138]},"properties":{"lines":"22, 28, 82","color":"#0059a9","mode":"bus","arr":["22","28","82"],"angle":85.3,"extra":1}},{"type":"Feature","geometry":{"type":"Point","coordinates":[20.611533,52.084902]},"properties":{"lines":"22, 28, 82","color":"#0059a9","mode":"bus","arr":["22","28","82"],"angle":84.7,"extra":1}},{"type":"Feature","geometry":{"type":"Point","coordinates":[20.611272,52.086784]},"properties":{"lines":"22, 28, 82","color":"#0059a9","mode":"bus","arr":["22","28","82"],"angle":85.3,"extra":1}},{"type":"Feature","geometry":{"type":"Point","coordinates":[20.613627,52.068995]},"properties":{"lines":"22, 28, 58, 82","color":"#0059a9","mode":"bus","arr":["22","28","58","82"],"angle":85.2}},{"type":"Feature","geometry":{"type":"Point","coordinates":[20.614434,52.062499]},"properties":{"lines":"22, 28, 58, 82","color":"#0059a9","mode":"bus","arr":["22","28","58","82"],"angle":-87.4,"extra":1}},{"type":"Feature","geometry":{"type":"Point","coordinates":[20.614221,52.064382]},"properties":{"lines":"22, 28, 58, 82","color":"#0059a9","mode":"bus","arr":["22","28","58","82"],"angle":85.5,"extra":1}},{"type":"Feature","geometry":{"type":"Point","coordinates":[20.613967,52.066264]},"properties":{"lines":"22, 28, 58, 82","color":"#0059a9","mode":"bus","arr":["22","28","58","82"],"angle":85.7,"extra":1}},{"type":"Feature","geometry":{"type":"Point","coordinates":[20.61326,52.071913]},"properties":{"lines":"22, 28, 58, 82","color":"#0059a9","mode":"bus","arr":["22","28","58","82"],"angle":85.7,"extra":1}},{"type":"Feature","geometry":{"type":"Point","coordinates":[20.613005,52.073795]},"properties":{"lines":"22, 28, 58, 82","color":"#0059a9","mode":"bus","arr":["22","28","58","82"],"angle":85.3,"extra":1}},{"type":"Feature","geometry":{"type":"Point","coordinates":[20.612758,52.075677]},"properties":{"lines":"22, 28, 58, 82","color":"#0059a9","mode":"bus","arr":["22","28","58","82"],"angle":85.4,"extra":1}},{"type":"Feature","geometry":{"type":"Point","coordinates":[20.611474,52.09155]},"properties":{"lines":"22, 28, 82","color":"#0059a9","mode":"bus","arr":["22","28","82"],"angle":-81.5}},{"type":"Feature","geometry":{"type":"Point","coordinates":[20.611729,52.092879]},"properties":{"lines":"22, 28, 82","color":"#0059a9","mode":"bus","arr":["22","28","82"],"angle":-85.3,"extra":1}},{"type":"Feature","geometry":{"type":"Point","coordinates":[20.612119,52.095942]},"properties":{"lines":"22, 28","color":"#0059a9","mode":"bus","arr":["22","28"],"angle":-85.4}},{"type":"Feature","geometry":{"type":"Point","coordinates":[20.611972,52.094761]},"properties":{"lines":"22, 28","color":"#0059a9","mode":"bus","arr":["22","28"],"angle":-85.6,"extra":1}},{"type":"Feature","geometry":{"type":"Point","coordinates":[20.617449,52.101354]},"properties":{"lines":"23, 31, 63, 82","color":"#0059a9","mode":"bus","arr":["23","31","63","82"],"angle":-58.2}},{"type":"Feature","geometry":{"type":"Point","coordinates":[20.616739,52.100232]},"properties":{"lines":"23, 31, 63, 82","color":"#0059a9","mode":"bus","arr":["23","31","63","82"],"angle":-70.9,"extra":1}},{"type":"Feature","geometry":{"type":"Point","coordinates":[20.623879,52.095742]},"properties":{"lines":"23, 31, 63","color":"#0059a9","mode":"bus","arr":["23","31","63"],"angle":81.9}},{"type":"Feature","geometry":{"type":"Point","coordinates":[20.624545,52.092831]},"properties":{"lines":"23, 31, 63","color":"#0059a9","mode":"bus","arr":["23","31","63"],"angle":81.4}},{"type":"Feature","geometry":{"type":"Point","coordinates":[20.627043,52.084884]},"properties":{"lines":"23, 31, 63","color":"#0059a9","mode":"bus","arr":["23","31","63"],"angle":79.9}},{"type":"Feature","geometry":{"type":"Point","coordinates":[20.633171,52.070678]},"properties":{"lines":"23, 31, 63","color":"#0059a9","mode":"bus","arr":["23","31","63"],"angle":56.7}},{"type":"Feature","geometry":{"type":"Point","coordinates":[20.625107,52.090795]},"properties":{"lines":"23, 31, 63","color":"#0059a9","mode":"bus","arr":["23","31","63"],"angle":78.8,"extra":1}},{"type":"Feature","geometry":{"type":"Point","coordinates":[20.625708,52.088943]},"properties":{"lines":"23, 31, 63","color":"#0059a9","mode":"bus","arr":["23","31","63"],"angle":78.8,"extra":1}},{"type":"Feature","geometry":{"type":"Point","coordinates":[20.626312,52.087091]},"properties":{"lines":"23, 31, 63","color":"#0059a9","mode":"bus","arr":["23","31","63"],"angle":77.2,"extra":1}},{"type":"Feature","geometry":{"type":"Point","coordinates":[20.627475,52.083384]},"properties":{"lines":"23, 31, 63","color":"#0059a9","mode":"bus","arr":["23","31","63"],"angle":80.2,"extra":1}},{"type":"Feature","geometry":{"type":"Point","coordinates":[20.627922,52.081516]},"properties":{"lines":"23, 31, 63","color":"#0059a9","mode":"bus","arr":["23","31","63"],"angle":84.8,"extra":1}},{"type":"Feature","geometry":{"type":"Point","coordinates":[20.627947,52.079628]},"properties":{"lines":"23, 31, 63","color":"#0059a9","mode":"bus","arr":["23","31","63"],"angle":88.5,"extra":1}},{"type":"Feature","geometry":{"type":"Point","coordinates":[20.630566,52.075476]},"properties":{"lines":"23, 31, 63","color":"#0059a9","mode":"bus","arr":["23","31","63"],"angle":59.2,"extra":1}},{"type":"Feature","geometry":{"type":"Point","coordinates":[20.631758,52.073738]},"properties":{"lines":"23, 31, 63","color":"#0059a9","mode":"bus","arr":["23","31","63"],"angle":69.3,"extra":1}},{"type":"Feature","geometry":{"type":"Point","coordinates":[20.632514,52.071911]},"properties":{"lines":"23, 31, 63","color":"#0059a9","mode":"bus","arr":["23","31","63"],"angle":77.8,"extra":1}},{"type":"Feature","geometry":{"type":"Point","coordinates":[20.635736,52.068774]},"properties":{"lines":"23, 31, 63","color":"#0059a9","mode":"bus","arr":["23","31","63"],"angle":50.1,"extra":1}},{"type":"Feature","geometry":{"type":"Point","coordinates":[20.637594,52.06727]},"properties":{"lines":"23, 31, 63","color":"#0059a9","mode":"bus","arr":["23","31","63"],"angle":53.9,"extra":1}},{"type":"Feature","geometry":{"type":"Point","coordinates":[20.628932,52.077117]},"properties":{"lines":"23, 31, 58, 63","color":"#0059a9","mode":"bus","arr":["23","31","58","63"],"angle":58.7}},{"type":"Feature","geometry":{"type":"Point","coordinates":[20.640236,52.065747]},"properties":{"lines":"23","color":"#0059a9","mode":"bus","arr":["23"],"angle":6.9}},{"type":"Feature","geometry":{"type":"Point","coordinates":[20.648203,52.06276]},"properties":{"lines":"23","color":"#0059a9","mode":"bus","arr":["23"],"angle":35.6}},{"type":"Feature","geometry":{"type":"Point","coordinates":[20.653571,52.060416]},"properties":{"lines":"23","color":"#0059a9","mode":"bus","arr":["23"],"angle":35.3,"extra":1}},{"type":"Feature","geometry":{"type":"Point","coordinates":[20.651063,52.061508]},"properties":{"lines":"23","color":"#0059a9","mode":"bus","arr":["23"],"angle":35.4,"extra":1}},{"type":"Feature","geometry":{"type":"Point","coordinates":[20.646051,52.063698]},"properties":{"lines":"23","color":"#0059a9","mode":"bus","arr":["23"],"angle":35.3,"extra":1}},{"type":"Feature","geometry":{"type":"Point","coordinates":[20.64354,52.064788]},"properties":{"lines":"23","color":"#0059a9","mode":"bus","arr":["23"],"angle":35.2,"extra":1}},{"type":"Feature","geometry":{"type":"Point","coordinates":[20.659673,52.065274]},"properties":{"lines":"23, 30","color":"#0059a9","mode":"bus","arr":["23","30"],"angle":-67}},{"type":"Feature","geometry":{"type":"Point","coordinates":[20.655753,52.060685]},"properties":{"lines":"23, 30","color":"#0059a9","mode":"bus","arr":["23","30"],"angle":-55.9,"extra":1}},{"type":"Feature","geometry":{"type":"Point","coordinates":[20.657377,52.062286]},"properties":{"lines":"23, 30","color":"#0059a9","mode":"bus","arr":["23","30"],"angle":-62.4,"extra":1}},{"type":"Feature","geometry":{"type":"Point","coordinates":[20.658766,52.063971]},"properties":{"lines":"23, 30","color":"#0059a9","mode":"bus","arr":["23","30"],"angle":-66.2,"extra":1}},{"type":"Feature","geometry":{"type":"Point","coordinates":[20.661225,52.06743]},"properties":{"lines":"23, 30","color":"#0059a9","mode":"bus","arr":["23","30"],"angle":-56.1,"extra":1}},{"type":"Feature","geometry":{"type":"Point","coordinates":[20.663171,52.068892]},"properties":{"lines":"23, 30","color":"#0059a9","mode":"bus","arr":["23","30"],"angle":-49.9,"extra":1}},{"type":"Feature","geometry":{"type":"Point","coordinates":[20.664115,52.070573]},"properties":{"lines":"23, 30","color":"#0059a9","mode":"bus","arr":["23","30"],"angle":84.5,"extra":1}},{"type":"Feature","geometry":{"type":"Point","coordinates":[20.66458,52.070415]},"properties":{"lines":"23, 30, 34, 50","color":"#0059a9","mode":"bus","arr":["23","30","34","50"],"angle":41.1}},{"type":"Feature","geometry":{"type":"Point","coordinates":[20.665297,52.07]},"properties":{"lines":"23, 34, 50","color":"#0059a9","mode":"bus","arr":["23","34","50"],"angle":48.5}},{"type":"Feature","geometry":{"type":"Point","coordinates":[20.660221,52.073884]},"properties":{"lines":"23, 30, 34, 50","color":"#0059a9","mode":"bus","arr":["23","30","34","50"],"angle":42.4}},{"type":"Feature","geometry":{"type":"Point","coordinates":[20.663965,52.071514]},"properties":{"lines":"23, 30, 34, 50","color":"#0059a9","mode":"bus","arr":["23","30","34","50"],"angle":82.1,"extra":1}},{"type":"Feature","geometry":{"type":"Point","coordinates":[20.661974,52.072887]},"properties":{"lines":"23, 30, 34, 50","color":"#0059a9","mode":"bus","arr":["23","30","34","50"],"angle":43.5,"extra":1}},{"type":"Feature","geometry":{"type":"Point","coordinates":[20.657443,52.075441]},"properties":{"lines":"23, 30, 34, 50","color":"#0059a9","mode":"bus","arr":["23","30","34","50"],"angle":42.6,"extra":1}},{"type":"Feature","geometry":{"type":"Point","coordinates":[20.655211,52.07674]},"properties":{"lines":"23, 30, 34, 50","color":"#0059a9","mode":"bus","arr":["23","30","34","50"],"angle":46.9,"extra":1}},{"type":"Feature","geometry":{"type":"Point","coordinates":[20.653294,52.080484]},"properties":{"lines":"23, 30, 34, 50","color":"#0059a9","mode":"bus","arr":["23","30","34","50"],"angle":66.5}},{"type":"Feature","geometry":{"type":"Point","coordinates":[20.650613,52.082882]},"properties":{"lines":"23, 30, 34, 50","color":"#0059a9","mode":"bus","arr":["23","30","34","50"],"angle":53,"extra":1}},{"type":"Feature","geometry":{"type":"Point","coordinates":[20.654458,52.077829]},"properties":{"lines":"23, 30, 34, 50","color":"#0059a9","mode":"bus","arr":["23","30","34","50"],"angle":78.3,"extra":1}},{"type":"Feature","geometry":{"type":"Point","coordinates":[20.647587,52.085087]},"properties":{"lines":"23, 30, 50","color":"#0059a9","mode":"bus","arr":["23","30","50"],"angle":47.9}},{"type":"Feature","geometry":{"type":"Point","coordinates":[20.670903,52.070325]},"properties":{"lines":"23, 34, 50","color":"#0059a9","mode":"bus","arr":["23","34","50"],"angle":-9.6}},{"type":"Feature","geometry":{"type":"Point","coordinates":[20.667038,52.069916]},"properties":{"lines":"23, 34, 50","color":"#0059a9","mode":"bus","arr":["23","34","50"],"angle":-9.6,"extra":1}},{"type":"Feature","geometry":{"type":"Point","coordinates":[20.6731,52.070553]},"properties":{"lines":"23, 34, 50","color":"#0059a9","mode":"bus","arr":["23","34","50"],"angle":-9.9,"extra":1}},{"type":"Feature","geometry":{"type":"Point","coordinates":[20.676116,52.070913]},"properties":{"lines":"23, 34, 50","color":"#0059a9","mode":"bus","arr":["23","34","50"],"angle":-13.7,"extra":1}},{"type":"Feature","geometry":{"type":"Point","coordinates":[20.684121,52.071639]},"properties":{"lines":"23, 34, 50","color":"#0059a9","mode":"bus","arr":["23","34","50"],"angle":-7.8}},{"type":"Feature","geometry":{"type":"Point","coordinates":[20.677788,52.071078]},"properties":{"lines":"23, 34, 50","color":"#0059a9","mode":"bus","arr":["23","34","50"],"angle":-7.9,"extra":1}},{"type":"Feature","geometry":{"type":"Point","coordinates":[20.680831,52.071349]},"properties":{"lines":"23, 34, 50","color":"#0059a9","mode":"bus","arr":["23","34","50"],"angle":-8.5,"extra":1}},{"type":"Feature","geometry":{"type":"Point","coordinates":[20.686937,52.071656]},"properties":{"lines":"23, 34, 50","color":"#0059a9","mode":"bus","arr":["23","34","50"],"angle":6.6,"extra":1}},{"type":"Feature","geometry":{"type":"Point","coordinates":[20.689992,52.071441]},"properties":{"lines":"23, 34, 50","color":"#0059a9","mode":"bus","arr":["23","34","50"],"angle":5.1,"extra":1}},{"type":"Feature","geometry":{"type":"Point","coordinates":[20.696046,52.071843]},"properties":{"lines":"23, 29, 32, 33, 34, 35, 50","color":"#0059a9","mode":"bus","arr":["23","29","32","33","34","35","50"],"angle":-13.7}},{"type":"Feature","geometry":{"type":"Point","coordinates":[20.700869,52.072968]},"properties":{"lines":"23, 29, 32, 33, 34, 35, 50","color":"#0059a9","mode":"bus","arr":["23","29","32","33","34","35","50"],"angle":-40.3}},{"type":"Feature","geometry":{"type":"Point","coordinates":[20.710884,52.071749]},"properties":{"lines":"23","color":"#0059a9","mode":"bus","arr":["23"],"angle":11.2}},{"type":"Feature","geometry":{"type":"Point","coordinates":[20.703317,52.073053]},"properties":{"lines":"23","color":"#0059a9","mode":"bus","arr":["23"],"angle":33.8,"extra":1}},{"type":"Feature","geometry":{"type":"Point","coordinates":[20.7061,52.07233]},"properties":{"lines":"23","color":"#0059a9","mode":"bus","arr":["23"],"angle":11.2,"extra":1}},{"type":"Feature","geometry":{"type":"Point","coordinates":[20.715153,52.071238]},"properties":{"lines":"23","color":"#0059a9","mode":"bus","arr":["23"],"angle":10.9,"extra":1}},{"type":"Feature","geometry":{"type":"Point","coordinates":[20.71817,52.070874]},"properties":{"lines":"23","color":"#0059a9","mode":"bus","arr":["23"],"angle":11,"extra":1}},{"type":"Feature","geometry":{"type":"Point","coordinates":[20.721044,52.071898]},"properties":{"lines":"23","color":"#0059a9","mode":"bus","arr":["23"],"angle":-65.9}},{"type":"Feature","geometry":{"type":"Point","coordinates":[20.705864,52.078942]},"properties":{"lines":"23, 29, 35","color":"#0059a9","mode":"bus","arr":["23","29","35"],"angle":-66}},{"type":"Feature","geometry":{"type":"Point","coordinates":[20.702646,52.074514]},"properties":{"lines":"23, 29, 35","color":"#0059a9","mode":"bus","arr":["23","29","35"],"angle":-66,"extra":1}},{"type":"Feature","geometry":{"type":"Point","coordinates":[20.703899,52.076238]},"properties":{"lines":"23, 29, 35","color":"#0059a9","mode":"bus","arr":["23","29","35"],"angle":-66,"extra":1}},{"type":"Feature","geometry":{"type":"Point","coordinates":[20.707654,52.081413]},"properties":{"lines":"23, 29, 35","color":"#0059a9","mode":"bus","arr":["23","29","35"],"angle":-66,"extra":1}},{"type":"Feature","geometry":{"type":"Point","coordinates":[20.708903,52.083139]},"properties":{"lines":"23, 29, 35","color":"#0059a9","mode":"bus","arr":["23","29","35"],"angle":-66,"extra":1}},{"type":"Feature","geometry":{"type":"Point","coordinates":[20.711898,52.083894]},"properties":{"lines":"23, 29","color":"#0059a9","mode":"bus","arr":["23","29"],"angle":24.9}},{"type":"Feature","geometry":{"type":"Point","coordinates":[20.723313,52.080704]},"properties":{"lines":"23, 29","color":"#0059a9","mode":"bus","arr":["23","29"],"angle":25.3}},{"type":"Feature","geometry":{"type":"Point","coordinates":[20.715201,52.082954]},"properties":{"lines":"23, 29","color":"#0059a9","mode":"bus","arr":["23","29"],"angle":24.8,"extra":1}},{"type":"Feature","geometry":{"type":"Point","coordinates":[20.717989,52.082157]},"properties":{"lines":"23, 29","color":"#0059a9","mode":"bus","arr":["23","29"],"angle":25,"extra":1}},{"type":"Feature","geometry":{"type":"Point","coordinates":[20.720776,52.081359]},"properties":{"lines":"23, 29","color":"#0059a9","mode":"bus","arr":["23","29"],"angle":24.8,"extra":1}},{"type":"Feature","geometry":{"type":"Point","coordinates":[20.726376,52.079802]},"properties":{"lines":"23, 29","color":"#0059a9","mode":"bus","arr":["23","29"],"angle":26.2,"extra":1}},{"type":"Feature","geometry":{"type":"Point","coordinates":[20.729274,52.079469]},"properties":{"lines":"23, 29","color":"#0059a9","mode":"bus","arr":["23","29"],"angle":-12.5,"extra":1}},{"type":"Feature","geometry":{"type":"Point","coordinates":[20.73226,52.079822]},"properties":{"lines":"23, 29","color":"#0059a9","mode":"bus","arr":["23","29"],"angle":8,"extra":1}},{"type":"Feature","geometry":{"type":"Point","coordinates":[20.750274,52.080904]},"properties":{"lines":"23, 29","color":"#0059a9","mode":"bus","arr":["23","29"],"angle":-6.1}},{"type":"Feature","geometry":{"type":"Point","coordinates":[20.734678,52.079902]},"properties":{"lines":"23, 29","color":"#0059a9","mode":"bus","arr":["23","29"],"angle":-6.1,"extra":1}},{"type":"Feature","geometry":{"type":"Point","coordinates":[20.737736,52.0801]},"properties":{"lines":"23, 29","color":"#0059a9","mode":"bus","arr":["23","29"],"angle":-5.9,"extra":1}},{"type":"Feature","geometry":{"type":"Point","coordinates":[20.740795,52.080295]},"properties":{"lines":"23, 29","color":"#0059a9","mode":"bus","arr":["23","29"],"angle":-6,"extra":1}},{"type":"Feature","geometry":{"type":"Point","coordinates":[20.743853,52.080494]},"properties":{"lines":"23, 29","color":"#0059a9","mode":"bus","arr":["23","29"],"angle":-6.1,"extra":1}},{"type":"Feature","geometry":{"type":"Point","coordinates":[20.746911,52.080689]},"properties":{"lines":"23, 29","color":"#0059a9","mode":"bus","arr":["23","29"],"angle":-5.8,"extra":1}},{"type":"Feature","geometry":{"type":"Point","coordinates":[20.753028,52.081084]},"properties":{"lines":"23, 29","color":"#0059a9","mode":"bus","arr":["23","29"],"angle":-6,"extra":1}},{"type":"Feature","geometry":{"type":"Point","coordinates":[20.756085,52.081286]},"properties":{"lines":"23, 29","color":"#0059a9","mode":"bus","arr":["23","29"],"angle":-6.2,"extra":1}},{"type":"Feature","geometry":{"type":"Point","coordinates":[20.759142,52.081491]},"properties":{"lines":"23, 29","color":"#0059a9","mode":"bus","arr":["23","29"],"angle":-6.2,"extra":1}},{"type":"Feature","geometry":{"type":"Point","coordinates":[20.762198,52.081702]},"properties":{"lines":"23, 29","color":"#0059a9","mode":"bus","arr":["23","29"],"angle":-6.1,"extra":1}},{"type":"Feature","geometry":{"type":"Point","coordinates":[20.765258,52.081882]},"properties":{"lines":"23, 29","color":"#0059a9","mode":"bus","arr":["23","29"],"angle":-2.3,"extra":1}},{"type":"Feature","geometry":{"type":"Point","coordinates":[20.781239,52.082007]},"properties":{"lines":"29","color":"#0059a9","mode":"bus","arr":["29"],"angle":-0.7}},{"type":"Feature","geometry":{"type":"Point","coordinates":[20.768945,52.081913]},"properties":{"lines":"29","color":"#0059a9","mode":"bus","arr":["29"],"angle":-0.6}},{"type":"Feature","geometry":{"type":"Point","coordinates":[20.772673,52.081935]},"properties":{"lines":"29","color":"#0059a9","mode":"bus","arr":["29"],"angle":-1,"extra":1}},{"type":"Feature","geometry":{"type":"Point","coordinates":[20.775747,52.081968]},"properties":{"lines":"29","color":"#0059a9","mode":"bus","arr":["29"],"angle":-0.6,"extra":1}},{"type":"Feature","geometry":{"type":"Point","coordinates":[20.778822,52.081992]},"properties":{"lines":"29","color":"#0059a9","mode":"bus","arr":["29"],"angle":-0.8,"extra":1}},{"type":"Feature","geometry":{"type":"Point","coordinates":[20.784971,52.082054]},"properties":{"lines":"29","color":"#0059a9","mode":"bus","arr":["29"],"angle":-0.9,"extra":1}},{"type":"Feature","geometry":{"type":"Point","coordinates":[20.788046,52.082073]},"properties":{"lines":"29","color":"#0059a9","mode":"bus","arr":["29"],"angle":-0.6,"extra":1}},{"type":"Feature","geometry":{"type":"Point","coordinates":[20.791026,52.082314]},"properties":{"lines":"29","color":"#0059a9","mode":"bus","arr":["29"],"angle":-18.6,"extra":1}},{"type":"Feature","geometry":{"type":"Point","coordinates":[20.759749,52.084371]},"properties":{"lines":"23","color":"#0059a9","mode":"bus","arr":["23"],"angle":-89.6}},{"type":"Feature","geometry":{"type":"Point","coordinates":[20.759781,52.086265]},"properties":{"lines":"23","color":"#0059a9","mode":"bus","arr":["23"],"angle":-89.6,"extra":1}},{"type":"Feature","geometry":{"type":"Point","coordinates":[20.759744,52.082488]},"properties":{"lines":"23","color":"#0059a9","mode":"bus","arr":["23"],"angle":89.9,"extra":1}},{"type":"Feature","geometry":{"type":"Point","coordinates":[20.758194,52.087197]},"properties":{"lines":"23","color":"#0059a9","mode":"bus","arr":["23"],"angle":-1.5}},{"type":"Feature","geometry":{"type":"Point","coordinates":[20.754977,52.090633]},"properties":{"lines":"23","color":"#0059a9","mode":"bus","arr":["23"],"angle":-85.3}},{"type":"Feature","geometry":{"type":"Point","coordinates":[20.755982,52.088019]},"properties":{"lines":"23","color":"#0059a9","mode":"bus","arr":["23"],"angle":66.4,"extra":1}},{"type":"Feature","geometry":{"type":"Point","coordinates":[20.754007,52.09339]},"properties":{"lines":"23","color":"#0059a9","mode":"bus","arr":["23"],"angle":72.9,"extra":1}},{"type":"Feature","geometry":{"type":"Point","coordinates":[20.754289,52.095138]},"properties":{"lines":"23","color":"#0059a9","mode":"bus","arr":["23"],"angle":-77.1}},{"type":"Feature","geometry":{"type":"Point","coordinates":[20.753663,52.096096]},"properties":{"lines":"23","color":"#0059a9","mode":"bus","arr":["23"],"angle":7.1}},{"type":"Feature","geometry":{"type":"Point","coordinates":[20.743302,52.096838]},"properties":{"lines":"23, 55","color":"#0059a9","mode":"bus","arr":["23","55"],"angle":6.7}},{"type":"Feature","geometry":{"type":"Point","coordinates":[20.735321,52.097421]},"properties":{"lines":"23, 55","color":"#0059a9","mode":"bus","arr":["23","55"],"angle":6.8,"extra":1}},{"type":"Feature","geometry":{"type":"Point","coordinates":[20.738376,52.097205]},"properties":{"lines":"23, 55","color":"#0059a9","mode":"bus","arr":["23","55"],"angle":6.6,"extra":1}},{"type":"Feature","geometry":{"type":"Point","coordinates":[20.747537,52.096536]},"properties":{"lines":"23, 55","color":"#0059a9","mode":"bus","arr":["23","55"],"angle":6.7,"extra":1}},{"type":"Feature","geometry":{"type":"Point","coordinates":[20.750589,52.096307]},"properties":{"lines":"23, 55","color":"#0059a9","mode":"bus","arr":["23","55"],"angle":6.6,"extra":1}},{"type":"Feature","geometry":{"type":"Point","coordinates":[20.61627,52.124555]},"properties":{"lines":"24, 92, 93","color":"#0059a9","mode":"bus","arr":["24","92","93"],"angle":28.2}},{"type":"Feature","geometry":{"type":"Point","coordinates":[20.617971,52.123993]},"properties":{"lines":"24, 92, 93","color":"#0059a9","mode":"bus","arr":["24","92","93"],"angle":28.2,"extra":1}},{"type":"Feature","geometry":{"type":"Point","coordinates":[20.612838,52.125978]},"properties":{"lines":"24, 92, 93","color":"#0059a9","mode":"bus","arr":["24","92","93"],"angle":82.3}},{"type":"Feature","geometry":{"type":"Point","coordinates":[20.600515,52.129809]},"properties":{"lines":"24","color":"#0059a9","mode":"bus","arr":["24"],"angle":24.1}},{"type":"Feature","geometry":{"type":"Point","coordinates":[20.611026,52.12701]},"properties":{"lines":"24","color":"#0059a9","mode":"bus","arr":["24"],"angle":-9.6,"extra":1}},{"type":"Feature","geometry":{"type":"Point","coordinates":[20.608118,52.127292]},"properties":{"lines":"24","color":"#0059a9","mode":"bus","arr":["24"],"angle":28.6,"extra":1}},{"type":"Feature","geometry":{"type":"Point","coordinates":[20.605417,52.128194]},"properties":{"lines":"24","color":"#0059a9","mode":"bus","arr":["24"],"angle":28.4,"extra":1}},{"type":"Feature","geometry":{"type":"Point","coordinates":[20.602712,52.129093]},"properties":{"lines":"24","color":"#0059a9","mode":"bus","arr":["24"],"angle":28.4,"extra":1}},{"type":"Feature","geometry":{"type":"Point","coordinates":[20.597036,52.130508]},"properties":{"lines":"24","color":"#0059a9","mode":"bus","arr":["24"],"angle":16,"extra":1}},{"type":"Feature","geometry":{"type":"Point","coordinates":[20.594003,52.130688]},"properties":{"lines":"24","color":"#0059a9","mode":"bus","arr":["24"],"angle":-1.2,"extra":1}},{"type":"Feature","geometry":{"type":"Point","coordinates":[20.590971,52.130912]},"properties":{"lines":"24","color":"#0059a9","mode":"bus","arr":["24"],"angle":17.2,"extra":1}},{"type":"Feature","geometry":{"type":"Point","coordinates":[20.588121,52.131618]},"properties":{"lines":"24","color":"#0059a9","mode":"bus","arr":["24"],"angle":23.4,"extra":1}},{"type":"Feature","geometry":{"type":"Point","coordinates":[20.567337,52.137769]},"properties":{"lines":"24","color":"#0059a9","mode":"bus","arr":["24"],"angle":-13.4}},{"type":"Feature","geometry":{"type":"Point","coordinates":[20.586131,52.132143]},"properties":{"lines":"24","color":"#0059a9","mode":"bus","arr":["24"],"angle":23.2,"extra":1}},{"type":"Feature","geometry":{"type":"Point","coordinates":[20.583305,52.132888]},"properties":{"lines":"24","color":"#0059a9","mode":"bus","arr":["24"],"angle":23.2,"extra":1}},{"type":"Feature","geometry":{"type":"Point","coordinates":[20.580479,52.133633]},"properties":{"lines":"24","color":"#0059a9","mode":"bus","arr":["24"],"angle":23.2,"extra":1}},{"type":"Feature","geometry":{"type":"Point","coordinates":[20.577652,52.134376]},"properties":{"lines":"24","color":"#0059a9","mode":"bus","arr":["24"],"angle":23.2,"extra":1}},{"type":"Feature","geometry":{"type":"Point","coordinates":[20.574826,52.13512]},"properties":{"lines":"24","color":"#0059a9","mode":"bus","arr":["24"],"angle":23.3,"extra":1}},{"type":"Feature","geometry":{"type":"Point","coordinates":[20.572269,52.136127]},"properties":{"lines":"24","color":"#0059a9","mode":"bus","arr":["24"],"angle":49.3,"extra":1}},{"type":"Feature","geometry":{"type":"Point","coordinates":[20.570238,52.137536]},"properties":{"lines":"24","color":"#0059a9","mode":"bus","arr":["24"],"angle":34.1,"extra":1}},{"type":"Feature","geometry":{"type":"Point","coordinates":[20.56426,52.137676]},"properties":{"lines":"24","color":"#0059a9","mode":"bus","arr":["24"],"angle":15.5,"extra":1}},{"type":"Feature","geometry":{"type":"Point","coordinates":[20.561412,52.138382]},"properties":{"lines":"24","color":"#0059a9","mode":"bus","arr":["24"],"angle":26.9,"extra":1}},{"type":"Feature","geometry":{"type":"Point","coordinates":[20.558664,52.139224]},"properties":{"lines":"24","color":"#0059a9","mode":"bus","arr":["24"],"angle":30.3,"extra":1}},{"type":"Feature","geometry":{"type":"Point","coordinates":[20.555861,52.139988]},"properties":{"lines":"24","color":"#0059a9","mode":"bus","arr":["24"],"angle":17.2,"extra":1}},{"type":"Feature","geometry":{"type":"Point","coordinates":[20.55292,52.140541]},"properties":{"lines":"24","color":"#0059a9","mode":"bus","arr":["24"],"angle":17,"extra":1}},{"type":"Feature","geometry":{"type":"Point","coordinates":[20.549979,52.141092]},"properties":{"lines":"24","color":"#0059a9","mode":"bus","arr":["24"],"angle":17,"extra":1}},{"type":"Feature","geometry":{"type":"Point","coordinates":[20.547038,52.141643]},"properties":{"lines":"24","color":"#0059a9","mode":"bus","arr":["24"],"angle":17,"extra":1}},{"type":"Feature","geometry":{"type":"Point","coordinates":[20.500056,52.13079]},"properties":{"lines":"24","color":"#0059a9","mode":"bus","arr":["24"],"angle":-7}},{"type":"Feature","geometry":{"type":"Point","coordinates":[20.501319,52.136099]},"properties":{"lines":"24","color":"#0059a9","mode":"bus","arr":["24"],"angle":-36.9,"extra":1}},{"type":"Feature","geometry":{"type":"Point","coordinates":[20.500507,52.134363]},"properties":{"lines":"24","color":"#0059a9","mode":"bus","arr":["24"],"angle":-70.1,"extra":1}},{"type":"Feature","geometry":{"type":"Point","coordinates":[20.50032,52.132653]},"properties":{"lines":"24","color":"#0059a9","mode":"bus","arr":["24"],"angle":51.9,"extra":1}},{"type":"Feature","geometry":{"type":"Point","coordinates":[20.497421,52.130897]},"properties":{"lines":"24","color":"#0059a9","mode":"bus","arr":["24"],"angle":-5.3,"extra":1}},{"type":"Feature","geometry":{"type":"Point","coordinates":[20.494944,52.129895]},"properties":{"lines":"24","color":"#0059a9","mode":"bus","arr":["24"],"angle":-17.9,"extra":1}},{"type":"Feature","geometry":{"type":"Point","coordinates":[20.491948,52.129492]},"properties":{"lines":"24","color":"#0059a9","mode":"bus","arr":["24"],"angle":-13.8,"extra":1}},{"type":"Feature","geometry":{"type":"Point","coordinates":[20.539301,52.140948]},"properties":{"lines":"24","color":"#0059a9","mode":"bus","arr":["24"],"angle":-23.3}},{"type":"Feature","geometry":{"type":"Point","coordinates":[20.534624,52.13971]},"properties":{"lines":"24","color":"#0059a9","mode":"bus","arr":["24"],"angle":-23.3,"extra":1}},{"type":"Feature","geometry":{"type":"Point","coordinates":[20.537448,52.140457]},"properties":{"lines":"24","color":"#0059a9","mode":"bus","arr":["24"],"angle":-23.3,"extra":1}},{"type":"Feature","geometry":{"type":"Point","coordinates":[20.54315,52.141832]},"properties":{"lines":"24","color":"#0059a9","mode":"bus","arr":["24"],"angle":-3.9,"extra":1}},{"type":"Feature","geometry":{"type":"Point","coordinates":[20.533418,52.138671]},"properties":{"lines":"24","color":"#0059a9","mode":"bus","arr":["24"],"angle":81.5}},{"type":"Feature","geometry":{"type":"Point","coordinates":[20.530196,52.137688]},"properties":{"lines":"24, 25","color":"#0059a9","mode":"bus","arr":["24","25"],"angle":-4.9}},{"type":"Feature","geometry":{"type":"Point","coordinates":[20.514651,52.136577]},"properties":{"lines":"24","color":"#0059a9","mode":"bus","arr":["24"],"angle":-3.2}},{"type":"Feature","geometry":{"type":"Point","coordinates":[20.524859,52.137175]},"properties":{"lines":"24","color":"#0059a9","mode":"bus","arr":["24"],"angle":-13.7,"extra":1}},{"type":"Feature","geometry":{"type":"Point","coordinates":[20.521846,52.136822]},"properties":{"lines":"24","color":"#0059a9","mode":"bus","arr":["24"],"angle":-2.9,"extra":1}},{"type":"Feature","geometry":{"type":"Point","coordinates":[20.518776,52.136721]},"properties":{"lines":"24","color":"#0059a9","mode":"bus","arr":["24"],"angle":-3.3,"extra":1}},{"type":"Feature","geometry":{"type":"Point","coordinates":[20.512636,52.136504]},"properties":{"lines":"24","color":"#0059a9","mode":"bus","arr":["24"],"angle":-3.5,"extra":1}},{"type":"Feature","geometry":{"type":"Point","coordinates":[20.509566,52.13639]},"properties":{"lines":"24","color":"#0059a9","mode":"bus","arr":["24"],"angle":-3.6,"extra":1}},{"type":"Feature","geometry":{"type":"Point","coordinates":[20.506498,52.136266]},"properties":{"lines":"24","color":"#0059a9","mode":"bus","arr":["24"],"angle":-3.8,"extra":1}},{"type":"Feature","geometry":{"type":"Point","coordinates":[20.503429,52.136143]},"properties":{"lines":"24","color":"#0059a9","mode":"bus","arr":["24"],"angle":-3.4,"extra":1}},{"type":"Feature","geometry":{"type":"Point","coordinates":[20.489299,52.129882]},"properties":{"lines":"24","color":"#0059a9","mode":"bus","arr":["24"],"angle":78.4}},{"type":"Feature","geometry":{"type":"Point","coordinates":[20.47998,52.130019]},"properties":{"lines":"24","color":"#0059a9","mode":"bus","arr":["24"],"angle":-13.8}},{"type":"Feature","geometry":{"type":"Point","coordinates":[20.472773,52.128655]},"properties":{"lines":"24","color":"#0059a9","mode":"bus","arr":["24"],"angle":-30.6,"extra":1}},{"type":"Feature","geometry":{"type":"Point","coordinates":[20.475586,52.129398]},"properties":{"lines":"24","color":"#0059a9","mode":"bus","arr":["24"],"angle":-14.6,"extra":1}},{"type":"Feature","geometry":{"type":"Point","coordinates":[20.484606,52.13044]},"properties":{"lines":"24","color":"#0059a9","mode":"bus","arr":["24"],"angle":5.2,"extra":1}},{"type":"Feature","geometry":{"type":"Point","coordinates":[20.487669,52.13048]},"properties":{"lines":"24","color":"#0059a9","mode":"bus","arr":["24"],"angle":-8.2,"extra":1}},{"type":"Feature","geometry":{"type":"Point","coordinates":[20.620897,52.115752]},"properties":{"lines":"25","color":"#0059a9","mode":"bus","arr":["25"],"angle":49.7}},{"type":"Feature","geometry":{"type":"Point","coordinates":[20.620316,52.117531]},"properties":{"lines":"25, 92, 93","color":"#0059a9","mode":"bus","arr":["25","92","93"],"angle":84.3}},{"type":"Feature","geometry":{"type":"Point","coordinates":[20.616689,52.117588]},"properties":{"lines":"25","color":"#0059a9","mode":"bus","arr":["25"],"angle":-8}},{"type":"Feature","geometry":{"type":"Point","coordinates":[20.618905,52.117543]},"properties":{"lines":"25","color":"#0059a9","mode":"bus","arr":["25"],"angle":2.4}},{"type":"Feature","geometry":{"type":"Point","coordinates":[20.610924,52.109181]},"properties":{"lines":"25","color":"#0059a9","mode":"bus","arr":["25"],"angle":-81.2}},{"type":"Feature","geometry":{"type":"Point","coordinates":[20.612512,52.109387]},"properties":{"lines":"25","color":"#0059a9","mode":"bus","arr":["25"],"angle":-81.5}},{"type":"Feature","geometry":{"type":"Point","coordinates":[20.612317,52.110893]},"properties":{"lines":"25","color":"#0059a9","mode":"bus","arr":["25"],"angle":62.1,"extra":1}},{"type":"Feature","geometry":{"type":"Point","coordinates":[20.61088,52.107502]},"properties":{"lines":"25","color":"#0059a9","mode":"bus","arr":["25"],"angle":-27,"extra":1}},{"type":"Feature","geometry":{"type":"Point","coordinates":[20.611774,52.109508]},"properties":{"lines":"25","color":"#0059a9","mode":"bus","arr":["25"],"angle":9.3}},{"type":"Feature","geometry":{"type":"Point","coordinates":[20.590855,52.112679]},"properties":{"lines":"25","color":"#0059a9","mode":"bus","arr":["25"],"angle":31.8}},{"type":"Feature","geometry":{"type":"Point","coordinates":[20.597745,52.110685]},"properties":{"lines":"25","color":"#0059a9","mode":"bus","arr":["25"],"angle":34.4,"extra":1}},{"type":"Feature","geometry":{"type":"Point","coordinates":[20.59527,52.111806]},"properties":{"lines":"25","color":"#0059a9","mode":"bus","arr":["25"],"angle":33.6,"extra":1}},{"type":"Feature","geometry":{"type":"Point","coordinates":[20.587469,52.114543]},"properties":{"lines":"25","color":"#0059a9","mode":"bus","arr":["25"],"angle":42.9,"extra":1}},{"type":"Feature","geometry":{"type":"Point","coordinates":[20.585218,52.115829]},"properties":{"lines":"25","color":"#0059a9","mode":"bus","arr":["25"],"angle":42.9,"extra":1}},{"type":"Feature","geometry":{"type":"Point","coordinates":[20.564166,52.12439]},"properties":{"lines":"25","color":"#0059a9","mode":"bus","arr":["25"],"angle":63.4}},{"type":"Feature","geometry":{"type":"Point","coordinates":[20.582625,52.116958]},"properties":{"lines":"25","color":"#0059a9","mode":"bus","arr":["25"],"angle":28.4,"extra":1}},{"type":"Feature","geometry":{"type":"Point","coordinates":[20.579919,52.117855]},"properties":{"lines":"25","color":"#0059a9","mode":"bus","arr":["25"],"angle":28.5,"extra":1}},{"type":"Feature","geometry":{"type":"Point","coordinates":[20.577216,52.118755]},"properties":{"lines":"25","color":"#0059a9","mode":"bus","arr":["25"],"angle":28.5,"extra":1}},{"type":"Feature","geometry":{"type":"Point","coordinates":[20.5745,52.119638]},"properties":{"lines":"25","color":"#0059a9","mode":"bus","arr":["25"],"angle":14.7,"extra":1}},{"type":"Feature","geometry":{"type":"Point","coordinates":[20.571428,52.119652]},"properties":{"lines":"25","color":"#0059a9","mode":"bus","arr":["25"],"angle":-0.4,"extra":1}},{"type":"Feature","geometry":{"type":"Point","coordinates":[20.568353,52.119638]},"properties":{"lines":"25","color":"#0059a9","mode":"bus","arr":["25"],"angle":-0.4,"extra":1}},{"type":"Feature","geometry":{"type":"Point","coordinates":[20.56654,52.120841]},"properties":{"lines":"25","color":"#0059a9","mode":"bus","arr":["25"],"angle":70.2,"extra":1}},{"type":"Feature","geometry":{"type":"Point","coordinates":[20.565557,52.12263]},"properties":{"lines":"25","color":"#0059a9","mode":"bus","arr":["25"],"angle":68.8,"extra":1}},{"type":"Feature","geometry":{"type":"Point","coordinates":[20.562663,52.125956]},"properties":{"lines":"25","color":"#0059a9","mode":"bus","arr":["25"],"angle":55.9,"extra":1}},{"type":"Feature","geometry":{"type":"Point","coordinates":[20.56095,52.127523]},"properties":{"lines":"25","color":"#0059a9","mode":"bus","arr":["25"],"angle":62,"extra":1}},{"type":"Feature","geometry":{"type":"Point","coordinates":[20.559445,52.129114]},"properties":{"lines":"25","color":"#0059a9","mode":"bus","arr":["25"],"angle":32.7,"extra":1}},{"type":"Feature","geometry":{"type":"Point","coordinates":[20.556771,52.130047]},"properties":{"lines":"25","color":"#0059a9","mode":"bus","arr":["25"],"angle":29.6,"extra":1}},{"type":"Feature","geometry":{"type":"Point","coordinates":[20.55413,52.131012]},"properties":{"lines":"25","color":"#0059a9","mode":"bus","arr":["25"],"angle":37.6,"extra":1}},{"type":"Feature","geometry":{"type":"Point","coordinates":[20.552097,52.132422]},"properties":{"lines":"25","color":"#0059a9","mode":"bus","arr":["25"],"angle":49.9,"extra":1}},{"type":"Feature","geometry":{"type":"Point","coordinates":[20.549486,52.133292]},"properties":{"lines":"25","color":"#0059a9","mode":"bus","arr":["25"],"angle":5,"extra":1}},{"type":"Feature","geometry":{"type":"Point","coordinates":[20.546492,52.13364]},"properties":{"lines":"25","color":"#0059a9","mode":"bus","arr":["25"],"angle":26.4,"extra":1}},{"type":"Feature","geometry":{"type":"Point","coordinates":[20.518092,52.157694]},"properties":{"lines":"25","color":"#0059a9","mode":"bus","arr":["25"],"angle":76.6}},{"type":"Feature","geometry":{"type":"Point","coordinates":[20.519828,52.153268]},"properties":{"lines":"25","color":"#0059a9","mode":"bus","arr":["25"],"angle":76.3,"extra":1}},{"type":"Feature","geometry":{"type":"Point","coordinates":[20.519097,52.155103]},"properties":{"lines":"25","color":"#0059a9","mode":"bus","arr":["25"],"angle":76.3,"extra":1}},{"type":"Feature","geometry":{"type":"Point","coordinates":[20.516956,52.160614]},"properties":{"lines":"25","color":"#0059a9","mode":"bus","arr":["25"],"angle":76.6,"extra":1}},{"type":"Feature","geometry":{"type":"Point","coordinates":[20.516248,52.162452]},"properties":{"lines":"25","color":"#0059a9","mode":"bus","arr":["25"],"angle":76.7,"extra":1}},{"type":"Feature","geometry":{"type":"Point","coordinates":[20.503586,52.182285]},"properties":{"lines":"25","color":"#0059a9","mode":"bus","arr":["25"],"angle":-88.4}},{"type":"Feature","geometry":{"type":"Point","coordinates":[20.505735,52.171371]},"properties":{"lines":"25","color":"#0059a9","mode":"bus","arr":["25"],"angle":66,"extra":1}},{"type":"Feature","geometry":{"type":"Point","coordinates":[20.504192,52.173003]},"properties":{"lines":"25","color":"#0059a9","mode":"bus","arr":["25"],"angle":66.5,"extra":1}},{"type":"Feature","geometry":{"type":"Point","coordinates":[20.503346,52.174814]},"properties":{"lines":"25","color":"#0059a9","mode":"bus","arr":["25"],"angle":85,"extra":1}},{"type":"Feature","geometry":{"type":"Point","coordinates":[20.503388,52.176702]},"properties":{"lines":"25","color":"#0059a9","mode":"bus","arr":["25"],"angle":-88.9,"extra":1}},{"type":"Feature","geometry":{"type":"Point","coordinates":[20.503454,52.17859]},"properties":{"lines":"25","color":"#0059a9","mode":"bus","arr":["25"],"angle":-88.8,"extra":1}},{"type":"Feature","geometry":{"type":"Point","coordinates":[20.503506,52.180479]},"properties":{"lines":"25","color":"#0059a9","mode":"bus","arr":["25"],"angle":-88.9,"extra":1}},{"type":"Feature","geometry":{"type":"Point","coordinates":[20.503967,52.184063]},"properties":{"lines":"25","color":"#0059a9","mode":"bus","arr":["25"],"angle":-8.2,"extra":1}},{"type":"Feature","geometry":{"type":"Point","coordinates":[20.507038,52.18397]},"properties":{"lines":"25","color":"#0059a9","mode":"bus","arr":["25"],"angle":2.5,"extra":1}},{"type":"Feature","geometry":{"type":"Point","coordinates":[20.510112,52.183913]},"properties":{"lines":"25","color":"#0059a9","mode":"bus","arr":["25"],"angle":3.8,"extra":1}},{"type":"Feature","geometry":{"type":"Point","coordinates":[20.511517,52.185156]},"properties":{"lines":"25","color":"#0059a9","mode":"bus","arr":["25"],"angle":-79.7,"extra":1}},{"type":"Feature","geometry":{"type":"Point","coordinates":[20.511922,52.187026]},"properties":{"lines":"25","color":"#0059a9","mode":"bus","arr":["25"],"angle":-83.6,"extra":1}},{"type":"Feature","geometry":{"type":"Point","coordinates":[20.512687,52.188847]},"properties":{"lines":"25","color":"#0059a9","mode":"bus","arr":["25"],"angle":-65.5,"extra":1}},{"type":"Feature","geometry":{"type":"Point","coordinates":[20.515043,52.167703]},"properties":{"lines":"25","color":"#0059a9","mode":"bus","arr":["25"],"angle":85.5}},{"type":"Feature","geometry":{"type":"Point","coordinates":[20.515325,52.165506]},"properties":{"lines":"25","color":"#0059a9","mode":"bus","arr":["25"],"angle":85.5,"extra":1}},{"type":"Feature","geometry":{"type":"Point","coordinates":[20.514842,52.169272]},"properties":{"lines":"25","color":"#0059a9","mode":"bus","arr":["25"],"angle":85.5,"extra":1}},{"type":"Feature","geometry":{"type":"Point","coordinates":[20.566516,52.115891]},"properties":{"lines":"25","color":"#0059a9","mode":"bus","arr":["25"],"angle":-86.3}},{"type":"Feature","geometry":{"type":"Point","coordinates":[20.566796,52.118978]},"properties":{"lines":"25","color":"#0059a9","mode":"bus","arr":["25"],"angle":-86.8,"extra":1}},{"type":"Feature","geometry":{"type":"Point","coordinates":[20.566627,52.117092]},"properties":{"lines":"25","color":"#0059a9","mode":"bus","arr":["25"],"angle":-86.8,"extra":1}},{"type":"Feature","geometry":{"type":"Point","coordinates":[20.565616,52.113383]},"properties":{"lines":"25","color":"#0059a9","mode":"bus","arr":["25"],"angle":-74.6,"extra":1}},{"type":"Feature","geometry":{"type":"Point","coordinates":[20.56903,52.111687]},"properties":{"lines":"25","color":"#0059a9","mode":"bus","arr":["25"],"angle":5.5}},{"type":"Feature","geometry":{"type":"Point","coordinates":[20.571514,52.111538]},"properties":{"lines":"25","color":"#0059a9","mode":"bus","arr":["25"],"angle":5.6,"extra":1}},{"type":"Feature","geometry":{"type":"Point","coordinates":[20.565392,52.111904]},"properties":{"lines":"25","color":"#0059a9","mode":"bus","arr":["25"],"angle":11.5,"extra":1}},{"type":"Feature","geometry":{"type":"Point","coordinates":[20.573591,52.105632]},"properties":{"lines":"25","color":"#0059a9","mode":"bus","arr":["25"],"angle":80.3}},{"type":"Feature","geometry":{"type":"Point","coordinates":[20.572924,52.110506]},"properties":{"lines":"25","color":"#0059a9","mode":"bus","arr":["25"],"angle":-85.5,"extra":1}},{"type":"Feature","geometry":{"type":"Point","coordinates":[20.572741,52.108623]},"properties":{"lines":"25","color":"#0059a9","mode":"bus","arr":["25"],"angle":84.1,"extra":1}},{"type":"Feature","geometry":{"type":"Point","coordinates":[20.574296,52.103038]},"properties":{"lines":"25","color":"#0059a9","mode":"bus","arr":["25"],"angle":80.5,"extra":1}},{"type":"Feature","geometry":{"type":"Point","coordinates":[20.575002,52.10121]},"properties":{"lines":"25","color":"#0059a9","mode":"bus","arr":["25"],"angle":62.8,"extra":1}},{"type":"Feature","geometry":{"type":"Point","coordinates":[20.539297,52.136153]},"properties":{"lines":"25","color":"#0059a9","mode":"bus","arr":["25"],"angle":29.6}},{"type":"Feature","geometry":{"type":"Point","coordinates":[20.543625,52.134641]},"properties":{"lines":"25","color":"#0059a9","mode":"bus","arr":["25"],"angle":29.6,"extra":1}},{"type":"Feature","geometry":{"type":"Point","coordinates":[20.540953,52.135575]},"properties":{"lines":"25","color":"#0059a9","mode":"bus","arr":["25"],"angle":29.6,"extra":1}},{"type":"Feature","geometry":{"type":"Point","coordinates":[20.535607,52.137443]},"properties":{"lines":"25","color":"#0059a9","mode":"bus","arr":["25"],"angle":29.8,"extra":1}},{"type":"Feature","geometry":{"type":"Point","coordinates":[20.523164,52.14488]},"properties":{"lines":"25","color":"#0059a9","mode":"bus","arr":["25"],"angle":76.2}},{"type":"Feature","geometry":{"type":"Point","coordinates":[20.520558,52.151434]},"properties":{"lines":"25","color":"#0059a9","mode":"bus","arr":["25"],"angle":76.3,"extra":1}},{"type":"Feature","geometry":{"type":"Point","coordinates":[20.521287,52.149599]},"properties":{"lines":"25","color":"#0059a9","mode":"bus","arr":["25"],"angle":76.3,"extra":1}},{"type":"Feature","geometry":{"type":"Point","coordinates":[20.522017,52.147764]},"properties":{"lines":"25","color":"#0059a9","mode":"bus","arr":["25"],"angle":76.3,"extra":1}},{"type":"Feature","geometry":{"type":"Point","coordinates":[20.524216,52.142262]},"properties":{"lines":"25","color":"#0059a9","mode":"bus","arr":["25"],"angle":76.1,"extra":1}},{"type":"Feature","geometry":{"type":"Point","coordinates":[20.524953,52.140429]},"properties":{"lines":"25","color":"#0059a9","mode":"bus","arr":["25"],"angle":76.1,"extra":1}},{"type":"Feature","geometry":{"type":"Point","coordinates":[20.525691,52.138595]},"properties":{"lines":"25","color":"#0059a9","mode":"bus","arr":["25"],"angle":76,"extra":1}},{"type":"Feature","geometry":{"type":"Point","coordinates":[20.515755,52.163715]},"properties":{"lines":"25, 26","color":"#0059a9","mode":"bus","arr":["25","26"],"angle":76.4}},{"type":"Feature","geometry":{"type":"Point","coordinates":[20.509119,52.16598]},"properties":{"lines":"25, 26","color":"#0059a9","mode":"bus","arr":["25","26"],"angle":67.6}},{"type":"Feature","geometry":{"type":"Point","coordinates":[20.513864,52.164267]},"properties":{"lines":"25, 26","color":"#0059a9","mode":"bus","arr":["25","26"],"angle":2.1,"extra":1}},{"type":"Feature","geometry":{"type":"Point","coordinates":[20.510793,52.164365]},"properties":{"lines":"25, 26","color":"#0059a9","mode":"bus","arr":["25","26"],"angle":31.9,"extra":1}},{"type":"Feature","geometry":{"type":"Point","coordinates":[20.507925,52.167586]},"properties":{"lines":"25, 26","color":"#0059a9","mode":"bus","arr":["25","26"],"angle":65.4,"extra":1}},{"type":"Feature","geometry":{"type":"Point","coordinates":[20.506786,52.16934]},"properties":{"lines":"25, 26","color":"#0059a9","mode":"bus","arr":["25","26"],"angle":68.7,"extra":1}},{"type":"Feature","geometry":{"type":"Point","coordinates":[20.519302,52.187712]},"properties":{"lines":"25","color":"#0059a9","mode":"bus","arr":["25"],"angle":18.9}},{"type":"Feature","geometry":{"type":"Point","coordinates":[20.52342,52.186101]},"properties":{"lines":"25","color":"#0059a9","mode":"bus","arr":["25"],"angle":20.3,"extra":1}},{"type":"Feature","geometry":{"type":"Point","coordinates":[20.521301,52.187248]},"properties":{"lines":"25","color":"#0059a9","mode":"bus","arr":["25"],"angle":35.7,"extra":1}},{"type":"Feature","geometry":{"type":"Point","coordinates":[20.515545,52.188551]},"properties":{"lines":"25","color":"#0059a9","mode":"bus","arr":["25"],"angle":33.9,"extra":1}},{"type":"Feature","geometry":{"type":"Point","coordinates":[20.52103,52.178594]},"properties":{"lines":"25","color":"#0059a9","mode":"bus","arr":["25"],"angle":-71.8}},{"type":"Feature","geometry":{"type":"Point","coordinates":[20.524417,52.184866]},"properties":{"lines":"25","color":"#0059a9","mode":"bus","arr":["25"],"angle":-71.8,"extra":1}},{"type":"Feature","geometry":{"type":"Point","coordinates":[20.523449,52.183073]},"properties":{"lines":"25","color":"#0059a9","mode":"bus","arr":["25"],"angle":-71.6,"extra":1}},{"type":"Feature","geometry":{"type":"Point","coordinates":[20.52248,52.181281]},"properties":{"lines":"25","color":"#0059a9","mode":"bus","arr":["25"],"angle":-71.6,"extra":1}},{"type":"Feature","geometry":{"type":"Point","coordinates":[20.519661,52.175887]},"properties":{"lines":"25","color":"#0059a9","mode":"bus","arr":["25"],"angle":-71.9,"extra":1}},{"type":"Feature","geometry":{"type":"Point","coordinates":[20.518705,52.174092]},"properties":{"lines":"25","color":"#0059a9","mode":"bus","arr":["25"],"angle":-71.9,"extra":1}},{"type":"Feature","geometry":{"type":"Point","coordinates":[20.517749,52.172297]},"properties":{"lines":"25","color":"#0059a9","mode":"bus","arr":["25"],"angle":-71.9,"extra":1}},{"type":"Feature","geometry":{"type":"Point","coordinates":[20.515982,52.17112]},"properties":{"lines":"25","color":"#0059a9","mode":"bus","arr":["25"],"angle":-18.1}},{"type":"Feature","geometry":{"type":"Point","coordinates":[20.618469,52.115317]},"properties":{"lines":"25","color":"#0059a9","mode":"bus","arr":["25"],"angle":-8.1}},{"type":"Feature","geometry":{"type":"Point","coordinates":[20.448253,52.170839]},"properties":{"lines":"26","color":"#0059a9","mode":"bus","arr":["26"],"angle":4.2}},{"type":"Feature","geometry":{"type":"Point","coordinates":[20.450699,52.17076]},"properties":{"lines":"26","color":"#0059a9","mode":"bus","arr":["26"],"angle":2.1,"extra":1}},{"type":"Feature","geometry":{"type":"Point","coordinates":[20.444562,52.170999]},"properties":{"lines":"26","color":"#0059a9","mode":"bus","arr":["26"],"angle":3.3,"extra":1}},{"type":"Feature","geometry":{"type":"Point","coordinates":[20.634577,52.134329]},"properties":{"lines":"26","color":"#0059a9","mode":"bus","arr":["26"],"angle":79.2}},{"type":"Feature","geometry":{"type":"Point","coordinates":[20.635262,52.132143]},"properties":{"lines":"26","color":"#0059a9","mode":"bus","arr":["26"],"angle":79,"extra":1}},{"type":"Feature","geometry":{"type":"Point","coordinates":[20.634097,52.135851]},"properties":{"lines":"26","color":"#0059a9","mode":"bus","arr":["26"],"angle":78.6,"extra":1}},{"type":"Feature","geometry":{"type":"Point","coordinates":[20.623347,52.119902]},"properties":{"lines":"26","color":"#0059a9","mode":"bus","arr":["26"],"angle":12.3}},{"type":"Feature","geometry":{"type":"Point","coordinates":[20.621427,52.120121]},"properties":{"lines":"26","color":"#0059a9","mode":"bus","arr":["26"],"angle":8.6,"extra":1}},{"type":"Feature","geometry":{"type":"Point","coordinates":[20.642854,52.108684]},"properties":{"lines":"27, C1","color":"#0059a9","mode":"bus","arr":["27","C1"],"angle":56.3}},{"type":"Feature","geometry":{"type":"Point","coordinates":[20.641429,52.108554]},"properties":{"lines":"27","color":"#0059a9","mode":"bus","arr":["27"],"angle":-29.3}},{"type":"Feature","geometry":{"type":"Point","coordinates":[20.64031,52.108105]},"properties":{"lines":"27","color":"#0059a9","mode":"bus","arr":["27"],"angle":59.2}},{"type":"Feature","geometry":{"type":"Point","coordinates":[20.616666,52.139724]},"properties":{"lines":"27","color":"#0059a9","mode":"bus","arr":["27"],"angle":84.5}},{"type":"Feature","geometry":{"type":"Point","coordinates":[20.617195,52.136506]},"properties":{"lines":"27","color":"#0059a9","mode":"bus","arr":["27"],"angle":84,"extra":1}},{"type":"Feature","geometry":{"type":"Point","coordinates":[20.616884,52.138385]},"properties":{"lines":"27","color":"#0059a9","mode":"bus","arr":["27"],"angle":84.3,"extra":1}},{"type":"Feature","geometry":{"type":"Point","coordinates":[20.616282,52.142082]},"properties":{"lines":"27","color":"#0059a9","mode":"bus","arr":["27"],"angle":84,"extra":1}},{"type":"Feature","geometry":{"type":"Point","coordinates":[20.626508,52.115252]},"properties":{"lines":"27","color":"#0059a9","mode":"bus","arr":["27"],"angle":15.2}},{"type":"Feature","geometry":{"type":"Point","coordinates":[20.627636,52.115477]},"properties":{"lines":"27","color":"#0059a9","mode":"bus","arr":["27"],"angle":-72.8}},{"type":"Feature","geometry":{"type":"Point","coordinates":[20.629334,52.11569]},"properties":{"lines":"27","color":"#0059a9","mode":"bus","arr":["27"],"angle":7.3}},{"type":"Feature","geometry":{"type":"Point","coordinates":[20.6519,52.111381]},"properties":{"lines":"27","color":"#0059a9","mode":"bus","arr":["27"],"angle":-18.2}},{"type":"Feature","geometry":{"type":"Point","coordinates":[20.618579,52.098365]},"properties":{"lines":"28, 29","color":"#0059a9","mode":"bus","arr":["28","29"],"angle":-1.6}},{"type":"Feature","geometry":{"type":"Point","coordinates":[20.580589,52.056394]},"properties":{"lines":"28, 58","color":"#0059a9","mode":"bus","arr":["28","58"],"angle":46}},{"type":"Feature","geometry":{"type":"Point","coordinates":[20.583124,52.054743]},"properties":{"lines":"28, 58","color":"#0059a9","mode":"bus","arr":["28","58"],"angle":67.8,"extra":1}},{"type":"Feature","geometry":{"type":"Point","coordinates":[20.579038,52.057501]},"properties":{"lines":"28, 58","color":"#0059a9","mode":"bus","arr":["28","58"],"angle":54.9,"extra":1}},{"type":"Feature","geometry":{"type":"Point","coordinates":[20.577771,52.06009]},"properties":{"lines":"28, 58","color":"#0059a9","mode":"bus","arr":["28","58"],"angle":87.9}},{"type":"Feature","geometry":{"type":"Point","coordinates":[20.58055,52.061306]},"properties":{"lines":"28, 58","color":"#0059a9","mode":"bus","arr":["28","58"],"angle":-3.2}},{"type":"Feature","geometry":{"type":"Point","coordinates":[20.586254,52.060413]},"properties":{"lines":"28, 58","color":"#0059a9","mode":"bus","arr":["28","58"],"angle":5.9}},{"type":"Feature","geometry":{"type":"Point","coordinates":[20.591763,52.060282]},"properties":{"lines":"28, 58","color":"#0059a9","mode":"bus","arr":["28","58"],"angle":-7.7}},{"type":"Feature","geometry":{"type":"Point","coordinates":[20.593939,52.060414]},"properties":{"lines":"28, 58","color":"#0059a9","mode":"bus","arr":["28","58"],"angle":-3.3,"extra":1}},{"type":"Feature","geometry":{"type":"Point","coordinates":[20.594211,52.061058]},"properties":{"lines":"28, 58","color":"#0059a9","mode":"bus","arr":["28","58"],"angle":-66.7}},{"type":"Feature","geometry":{"type":"Point","coordinates":[20.595487,52.061642]},"properties":{"lines":"28, 58","color":"#0059a9","mode":"bus","arr":["28","58"],"angle":-2.9}},{"type":"Feature","geometry":{"type":"Point","coordinates":[20.596195,52.063217]},"properties":{"lines":"28, 58","color":"#0059a9","mode":"bus","arr":["28","58"],"angle":87.4}},{"type":"Feature","geometry":{"type":"Point","coordinates":[20.596312,52.061871]},"properties":{"lines":"28, 58","color":"#0059a9","mode":"bus","arr":["28","58"],"angle":-86.5,"extra":1}},{"type":"Feature","geometry":{"type":"Point","coordinates":[20.595233,52.064623]},"properties":{"lines":"28, 58","color":"#0059a9","mode":"bus","arr":["28","58"],"angle":-3.8}},{"type":"Feature","geometry":{"type":"Point","coordinates":[20.593625,52.065793]},"properties":{"lines":"28, 58","color":"#0059a9","mode":"bus","arr":["28","58"],"angle":74.9}},{"type":"Feature","geometry":{"type":"Point","coordinates":[20.595081,52.067222]},"properties":{"lines":"28, 58","color":"#0059a9","mode":"bus","arr":["28","58"],"angle":-3.2}},{"type":"Feature","geometry":{"type":"Point","coordinates":[20.596608,52.067772]},"properties":{"lines":"28, 58","color":"#0059a9","mode":"bus","arr":["28","58"],"angle":-86.7}},{"type":"Feature","geometry":{"type":"Point","coordinates":[20.601347,52.068632]},"properties":{"lines":"28, 58","color":"#0059a9","mode":"bus","arr":["28","58"],"angle":-3.6}},{"type":"Feature","geometry":{"type":"Point","coordinates":[20.604703,52.068761]},"properties":{"lines":"28, 58","color":"#0059a9","mode":"bus","arr":["28","58"],"angle":-3.5,"extra":1}},{"type":"Feature","geometry":{"type":"Point","coordinates":[20.598563,52.068547]},"properties":{"lines":"28, 58","color":"#0059a9","mode":"bus","arr":["28","58"],"angle":-2.5,"extra":1}},{"type":"Feature","geometry":{"type":"Point","coordinates":[20.609923,52.06897]},"properties":{"lines":"28, 58","color":"#0059a9","mode":"bus","arr":["28","58"],"angle":-6.5}},{"type":"Feature","geometry":{"type":"Point","coordinates":[20.612069,52.069112]},"properties":{"lines":"28, 58","color":"#0059a9","mode":"bus","arr":["28","58"],"angle":-4.4,"extra":1}},{"type":"Feature","geometry":{"type":"Point","coordinates":[20.614879,52.093695]},"properties":{"lines":"28, 82","color":"#0059a9","mode":"bus","arr":["28","82"],"angle":5.5}},{"type":"Feature","geometry":{"type":"Point","coordinates":[20.799483,52.089842]},"properties":{"lines":"29","color":"#0059a9","mode":"bus","arr":["29"],"angle":79.8}},{"type":"Feature","geometry":{"type":"Point","coordinates":[20.795903,52.085956]},"properties":{"lines":"29, 63","color":"#0059a9","mode":"bus","arr":["29","63"],"angle":-50.5}},{"type":"Feature","geometry":{"type":"Point","coordinates":[20.791978,52.082795]},"properties":{"lines":"29, 63","color":"#0059a9","mode":"bus","arr":["29","63"],"angle":41.7}},{"type":"Feature","geometry":{"type":"Point","coordinates":[20.799014,52.088329]},"properties":{"lines":"29, 63","color":"#0059a9","mode":"bus","arr":["29","63"],"angle":-51,"extra":1}},{"type":"Feature","geometry":{"type":"Point","coordinates":[20.793222,52.08392]},"properties":{"lines":"29, 63","color":"#0059a9","mode":"bus","arr":["29","63"],"angle":-50.6,"extra":1}},{"type":"Feature","geometry":{"type":"Point","coordinates":[20.685376,52.086531]},"properties":{"lines":"29, 32, 33, 34, 50","color":"#0059a9","mode":"bus","arr":["29","32","33","34","50"],"angle":44}},{"type":"Feature","geometry":{"type":"Point","coordinates":[20.700929,52.074387]},"properties":{"lines":"29, 32, 33, 34, 50","color":"#0059a9","mode":"bus","arr":["29","32","33","34","50"],"angle":51,"extra":1}},{"type":"Feature","geometry":{"type":"Point","coordinates":[20.698965,52.07584]},"properties":{"lines":"29, 32, 33, 34, 50","color":"#0059a9","mode":"bus","arr":["29","32","33","34","50"],"angle":50.1,"extra":1}},{"type":"Feature","geometry":{"type":"Point","coordinates":[20.696995,52.07729]},"properties":{"lines":"29, 32, 33, 34, 50","color":"#0059a9","mode":"bus","arr":["29","32","33","34","50"],"angle":53.3,"extra":1}},{"type":"Feature","geometry":{"type":"Point","coordinates":[20.69537,52.078885]},"properties":{"lines":"29, 32, 33, 34, 50","color":"#0059a9","mode":"bus","arr":["29","32","33","34","50"],"angle":53.4,"extra":1}},{"type":"Feature","geometry":{"type":"Point","coordinates":[20.693358,52.080312]},"properties":{"lines":"29, 32, 33, 34, 50","color":"#0059a9","mode":"bus","arr":["29","32","33","34","50"],"angle":47.8,"extra":1}},{"type":"Feature","geometry":{"type":"Point","coordinates":[20.691412,52.081772]},"properties":{"lines":"29, 32, 33, 34, 50","color":"#0059a9","mode":"bus","arr":["29","32","33","34","50"],"angle":52.6,"extra":1}},{"type":"Feature","geometry":{"type":"Point","coordinates":[20.689531,52.083266]},"properties":{"lines":"29, 32, 33, 34, 50","color":"#0059a9","mode":"bus","arr":["29","32","33","34","50"],"angle":52.3,"extra":1}},{"type":"Feature","geometry":{"type":"Point","coordinates":[20.687653,52.084762]},"properties":{"lines":"29, 32, 33, 34, 50","color":"#0059a9","mode":"bus","arr":["29","32","33","34","50"],"angle":52.1,"extra":1}},{"type":"Feature","geometry":{"type":"Point","coordinates":[20.683199,52.087222]},"properties":{"lines":"29, 32, 33, 34, 50","color":"#0059a9","mode":"bus","arr":["29","32","33","34","50"],"angle":19.3,"extra":1}},{"type":"Feature","geometry":{"type":"Point","coordinates":[20.680296,52.087845]},"properties":{"lines":"29, 32, 33, 34, 50","color":"#0059a9","mode":"bus","arr":["29","32","33","34","50"],"angle":18.7,"extra":1}},{"type":"Feature","geometry":{"type":"Point","coordinates":[20.677344,52.08837]},"properties":{"lines":"29, 32, 33, 34, 50","color":"#0059a9","mode":"bus","arr":["29","32","33","34","50"],"angle":18,"extra":1}},{"type":"Feature","geometry":{"type":"Point","coordinates":[20.674424,52.088962]},"properties":{"lines":"29, 32, 33, 34, 50","color":"#0059a9","mode":"bus","arr":["29","32","33","34","50"],"angle":24.1,"extra":1}},{"type":"Feature","geometry":{"type":"Point","coordinates":[20.671977,52.090047]},"properties":{"lines":"29, 32, 33, 34, 50","color":"#0059a9","mode":"bus","arr":["29","32","33","34","50"],"angle":33.7,"extra":1}},{"type":"Feature","geometry":{"type":"Point","coordinates":[20.669506,52.091171]},"properties":{"lines":"29, 32, 33, 34, 50","color":"#0059a9","mode":"bus","arr":["29","32","33","34","50"],"angle":36.7,"extra":1}},{"type":"Feature","geometry":{"type":"Point","coordinates":[20.667143,52.092376]},"properties":{"lines":"29, 32, 33, 34, 50","color":"#0059a9","mode":"bus","arr":["29","32","33","34","50"],"angle":43.9,"extra":1}},{"type":"Feature","geometry":{"type":"Point","coordinates":[20.66492,52.09368]},"properties":{"lines":"29, 32, 33, 34, 50","color":"#0059a9","mode":"bus","arr":["29","32","33","34","50"],"angle":34.3,"extra":1}},{"type":"Feature","geometry":{"type":"Point","coordinates":[20.660953,52.094291]},"properties":{"lines":"29, 32, 33, 34, 50","color":"#0059a9","mode":"bus","arr":["29","32","33","34","50"],"angle":26.9}},{"type":"Feature","geometry":{"type":"Point","coordinates":[20.652135,52.097461]},"properties":{"lines":"29, 32, 33","color":"#0059a9","mode":"bus","arr":["29","32","33"],"angle":26.2}},{"type":"Feature","geometry":{"type":"Point","coordinates":[20.658325,52.095114]},"properties":{"lines":"29, 32, 33","color":"#0059a9","mode":"bus","arr":["29","32","33"],"angle":27.6,"extra":1}},{"type":"Feature","geometry":{"type":"Point","coordinates":[20.655764,52.096156]},"properties":{"lines":"29, 32, 33","color":"#0059a9","mode":"bus","arr":["29","32","33"],"angle":34.9,"extra":1}},{"type":"Feature","geometry":{"type":"Point","coordinates":[20.650394,52.097987]},"properties":{"lines":"29, 32, 33","color":"#0059a9","mode":"bus","arr":["29","32","33"],"angle":26.4,"extra":1}},{"type":"Feature","geometry":{"type":"Point","coordinates":[20.647639,52.098826]},"properties":{"lines":"29, 32, 33","color":"#0059a9","mode":"bus","arr":["29","32","33"],"angle":26.6,"extra":1}},{"type":"Feature","geometry":{"type":"Point","coordinates":[20.644888,52.09967]},"properties":{"lines":"29, 32, 33","color":"#0059a9","mode":"bus","arr":["29","32","33"],"angle":26.2,"extra":1}},{"type":"Feature","geometry":{"type":"Point","coordinates":[20.634973,52.095657]},"properties":{"lines":"30, C1","color":"#0059a9","mode":"bus","arr":["30","C1"],"angle":56.8}},{"type":"Feature","geometry":{"type":"Point","coordinates":[20.640382,52.091252]},"properties":{"lines":"30, C1","color":"#0059a9","mode":"bus","arr":["30","C1"],"angle":-87.2}},{"type":"Feature","geometry":{"type":"Point","coordinates":[20.643214,52.088115]},"properties":{"lines":"30, C1","color":"#0059a9","mode":"bus","arr":["30","C1"],"angle":57.6,"extra":1}},{"type":"Feature","geometry":{"type":"Point","coordinates":[20.641577,52.089713]},"properties":{"lines":"30, C1","color":"#0059a9","mode":"bus","arr":["30","C1"],"angle":57.8,"extra":1}},{"type":"Feature","geometry":{"type":"Point","coordinates":[20.638751,52.092864]},"properties":{"lines":"30, C1","color":"#0059a9","mode":"bus","arr":["30","C1"],"angle":44.3,"extra":1}},{"type":"Feature","geometry":{"type":"Point","coordinates":[20.636613,52.09422]},"properties":{"lines":"30, C1","color":"#0059a9","mode":"bus","arr":["30","C1"],"angle":49.6,"extra":1}},{"type":"Feature","geometry":{"type":"Point","coordinates":[20.644779,52.086932]},"properties":{"lines":"30, C1","color":"#0059a9","mode":"bus","arr":["30","C1"],"angle":45.3}},{"type":"Feature","geometry":{"type":"Point","coordinates":[20.656753,52.059024]},"properties":{"lines":"30","color":"#0059a9","mode":"bus","arr":["30"],"angle":35.6}},{"type":"Feature","geometry":{"type":"Point","coordinates":[20.65497,52.059805]},"properties":{"lines":"30","color":"#0059a9","mode":"bus","arr":["30"],"angle":43.6,"extra":1}},{"type":"Feature","geometry":{"type":"Point","coordinates":[20.670424,52.056117]},"properties":{"lines":"30","color":"#0059a9","mode":"bus","arr":["30"],"angle":42.3}},{"type":"Feature","geometry":{"type":"Point","coordinates":[20.683509,52.041095]},"properties":{"lines":"30","color":"#0059a9","mode":"bus","arr":["30"],"angle":54.8}},{"type":"Feature","geometry":{"type":"Point","coordinates":[20.659772,52.057452]},"properties":{"lines":"30","color":"#0059a9","mode":"bus","arr":["30"],"angle":41.8,"extra":1}},{"type":"Feature","geometry":{"type":"Point","coordinates":[20.662056,52.056188]},"properties":{"lines":"30","color":"#0059a9","mode":"bus","arr":["30"],"angle":42,"extra":1}},{"type":"Feature","geometry":{"type":"Point","coordinates":[20.664254,52.055939]},"properties":{"lines":"30","color":"#0059a9","mode":"bus","arr":["30"],"angle":-51.6,"extra":1}},{"type":"Feature","geometry":{"type":"Point","coordinates":[20.666213,52.057394]},"properties":{"lines":"30","color":"#0059a9","mode":"bus","arr":["30"],"angle":-50.8,"extra":1}},{"type":"Feature","geometry":{"type":"Point","coordinates":[20.668406,52.057249]},"properties":{"lines":"30","color":"#0059a9","mode":"bus","arr":["30"],"angle":42.7,"extra":1}},{"type":"Feature","geometry":{"type":"Point","coordinates":[20.67294,52.054697]},"properties":{"lines":"30","color":"#0059a9","mode":"bus","arr":["30"],"angle":42.8,"extra":1}},{"type":"Feature","geometry":{"type":"Point","coordinates":[20.675199,52.053416]},"properties":{"lines":"30","color":"#0059a9","mode":"bus","arr":["30"],"angle":42.6,"extra":1}},{"type":"Feature","geometry":{"type":"Point","coordinates":[20.677466,52.05214]},"properties":{"lines":"30","color":"#0059a9","mode":"bus","arr":["30"],"angle":44,"extra":1}},{"type":"Feature","geometry":{"type":"Point","coordinates":[20.679665,52.05082]},"properties":{"lines":"30","color":"#0059a9","mode":"bus","arr":["30"],"angle":42,"extra":1}},{"type":"Feature","geometry":{"type":"Point","coordinates":[20.681878,52.049513]},"properties":{"lines":"30","color":"#0059a9","mode":"bus","arr":["30"],"angle":55.5,"extra":1}},{"type":"Feature","geometry":{"type":"Point","coordinates":[20.686433,52.038116]},"properties":{"lines":"30","color":"#0059a9","mode":"bus","arr":["30"],"angle":61.8,"extra":1}},{"type":"Feature","geometry":{"type":"Point","coordinates":[20.684881,52.039747]},"properties":{"lines":"30","color":"#0059a9","mode":"bus","arr":["30"],"angle":59.4,"extra":1}},{"type":"Feature","geometry":{"type":"Point","coordinates":[20.681342,52.042829]},"properties":{"lines":"30","color":"#0059a9","mode":"bus","arr":["30"],"angle":51.7,"extra":1}},{"type":"Feature","geometry":{"type":"Point","coordinates":[20.679475,52.044329]},"properties":{"lines":"30","color":"#0059a9","mode":"bus","arr":["30"],"angle":57.2,"extra":1}},{"type":"Feature","geometry":{"type":"Point","coordinates":[20.680553,52.046882]},"properties":{"lines":"30","color":"#0059a9","mode":"bus","arr":["30"],"angle":-65.3}},{"type":"Feature","geometry":{"type":"Point","coordinates":[20.681637,52.04817]},"properties":{"lines":"30","color":"#0059a9","mode":"bus","arr":["30"],"angle":-62.3,"extra":1}},{"type":"Feature","geometry":{"type":"Point","coordinates":[20.679233,52.044703]},"properties":{"lines":"30","color":"#0059a9","mode":"bus","arr":["30"],"angle":-74.5,"extra":1}},{"type":"Feature","geometry":{"type":"Point","coordinates":[20.689613,52.036894]},"properties":{"lines":"30, 51, 63","color":"#0059a9","mode":"bus","arr":["30","51","63"],"angle":51.4}},{"type":"Feature","geometry":{"type":"Point","coordinates":[20.687797,52.037386]},"properties":{"lines":"30, 51, 63","color":"#0059a9","mode":"bus","arr":["30","51","63"],"angle":5.6,"extra":1}},{"type":"Feature","geometry":{"type":"Point","coordinates":[20.691506,52.035436]},"properties":{"lines":"30, 51, 63","color":"#0059a9","mode":"bus","arr":["30","51","63"],"angle":51.6}},{"type":"Feature","geometry":{"type":"Point","coordinates":[20.692554,52.034326]},"properties":{"lines":"30, 51, 63","color":"#0059a9","mode":"bus","arr":["30","51","63"],"angle":81.7}},{"type":"Feature","geometry":{"type":"Point","coordinates":[20.691919,52.032578]},"properties":{"lines":"30, 51, 63, 83","color":"#0059a9","mode":"bus","arr":["30","51","63","83"],"angle":-66.2}},{"type":"Feature","geometry":{"type":"Point","coordinates":[20.690272,52.031372]},"properties":{"lines":"30, 31, 51, 63, 83","color":"#0059a9","mode":"bus","arr":["30","31","51","63","83"],"angle":-32.6}},{"type":"Feature","geometry":{"type":"Point","coordinates":[20.685627,52.030383]},"properties":{"lines":"30, 31, 63, 83","color":"#0059a9","mode":"bus","arr":["30","31","63","83"],"angle":-17}},{"type":"Feature","geometry":{"type":"Point","coordinates":[20.674197,52.028193]},"properties":{"lines":"30, 31, 63, 83","color":"#0059a9","mode":"bus","arr":["30","31","63","83"],"angle":-17.1}},{"type":"Feature","geometry":{"type":"Point","coordinates":[20.683232,52.029926]},"properties":{"lines":"30, 31, 63, 83","color":"#0059a9","mode":"bus","arr":["30","31","63","83"],"angle":-16.8,"extra":1}},{"type":"Feature","geometry":{"type":"Point","coordinates":[20.689105,52.031048]},"properties":{"lines":"30, 31, 63, 83","color":"#0059a9","mode":"bus","arr":["30","31","63","83"],"angle":-18,"extra":1}},{"type":"Feature","geometry":{"type":"Point","coordinates":[20.672088,52.027791]},"properties":{"lines":"30, 31, 63, 83","color":"#0059a9","mode":"bus","arr":["30","31","63","83"],"angle":-17.5,"extra":1}},{"type":"Feature","geometry":{"type":"Point","coordinates":[20.679882,52.02928]},"properties":{"lines":"30, 31, 63, 83","color":"#0059a9","mode":"bus","arr":["30","31","63","83"],"angle":-17.3}},{"type":"Feature","geometry":{"type":"Point","coordinates":[20.668117,52.026827]},"properties":{"lines":"30, 31, 51, 63, 83","color":"#0059a9","mode":"bus","arr":["30","31","51","63","83"],"angle":-29.5}},{"type":"Feature","geometry":{"type":"Point","coordinates":[20.668717,52.026052]},"properties":{"lines":"30, 31, 51, 63, 83","color":"#0059a9","mode":"bus","arr":["30","31","51","63","83"],"angle":-66.7}},{"type":"Feature","geometry":{"type":"Point","coordinates":[20.668893,52.028298]},"properties":{"lines":"30, 31, 51, 63, 83","color":"#0059a9","mode":"bus","arr":["30","31","51","63","83"],"angle":-87.8}},{"type":"Feature","geometry":{"type":"Point","coordinates":[20.668996,52.029066]},"properties":{"lines":"30, 31, 51, 63","color":"#0059a9","mode":"bus","arr":["30","31","51","63"],"angle":-84.1}},{"type":"Feature","geometry":{"type":"Point","coordinates":[20.669398,52.028463]},"properties":{"lines":"30, 83","color":"#0059a9","mode":"bus","arr":["30","83"],"angle":86.1}},{"type":"Feature","geometry":{"type":"Point","coordinates":[20.664899,52.026703]},"properties":{"lines":"30, 83","color":"#0059a9","mode":"bus","arr":["30","83"],"angle":-18}},{"type":"Feature","geometry":{"type":"Point","coordinates":[20.668202,52.027514]},"properties":{"lines":"30, 83","color":"#0059a9","mode":"bus","arr":["30","83"],"angle":-26.3,"extra":1}},{"type":"Feature","geometry":{"type":"Point","coordinates":[20.662419,52.026276]},"properties":{"lines":"30, 83","color":"#0059a9","mode":"bus","arr":["30","83"],"angle":5.1,"extra":1}},{"type":"Feature","geometry":{"type":"Point","coordinates":[20.659295,52.025485]},"properties":{"lines":"30","color":"#0059a9","mode":"bus","arr":["30"],"angle":73.1}},{"type":"Feature","geometry":{"type":"Point","coordinates":[20.660809,52.022105]},"properties":{"lines":"30","color":"#0059a9","mode":"bus","arr":["30"],"angle":-51.5}},{"type":"Feature","geometry":{"type":"Point","coordinates":[20.660557,52.023348]},"properties":{"lines":"30","color":"#0059a9","mode":"bus","arr":["30"],"angle":74.5,"extra":1}},{"type":"Feature","geometry":{"type":"Point","coordinates":[20.632105,52.01897]},"properties":{"lines":"30","color":"#0059a9","mode":"bus","arr":["30"],"angle":58.6}},{"type":"Feature","geometry":{"type":"Point","coordinates":[20.633474,52.017536]},"properties":{"lines":"30","color":"#0059a9","mode":"bus","arr":["30"],"angle":67.9,"extra":1}},{"type":"Feature","geometry":{"type":"Point","coordinates":[20.629458,52.020163]},"properties":{"lines":"30","color":"#0059a9","mode":"bus","arr":["30"],"angle":18.9,"extra":1}},{"type":"Feature","geometry":{"type":"Point","coordinates":[20.609962,52.012237]},"properties":{"lines":"30","color":"#0059a9","mode":"bus","arr":["30"],"angle":-56.4}},{"type":"Feature","geometry":{"type":"Point","coordinates":[20.662249,52.02551]},"properties":{"lines":"30","color":"#0059a9","mode":"bus","arr":["30"],"angle":-26.9}},{"type":"Feature","geometry":{"type":"Point","coordinates":[20.661401,52.024255]},"properties":{"lines":"30","color":"#0059a9","mode":"bus","arr":["30"],"angle":-81.5,"extra":1}},{"type":"Feature","geometry":{"type":"Point","coordinates":[20.665766,52.025643]},"properties":{"lines":"30","color":"#0059a9","mode":"bus","arr":["30"],"angle":45.3,"extra":1}},{"type":"Feature","geometry":{"type":"Point","coordinates":[20.660166,52.018529]},"properties":{"lines":"30","color":"#0059a9","mode":"bus","arr":["30"],"angle":71.7}},{"type":"Feature","geometry":{"type":"Point","coordinates":[20.659063,52.020654]},"properties":{"lines":"30","color":"#0059a9","mode":"bus","arr":["30"],"angle":72.6,"extra":1}},{"type":"Feature","geometry":{"type":"Point","coordinates":[20.660938,52.017057]},"properties":{"lines":"30","color":"#0059a9","mode":"bus","arr":["30"],"angle":73.1,"extra":1}},{"type":"Feature","geometry":{"type":"Point","coordinates":[20.66137,52.013901]},"properties":{"lines":"30","color":"#0059a9","mode":"bus","arr":["30"],"angle":-83.6}},{"type":"Feature","geometry":{"type":"Point","coordinates":[20.661157,52.012692]},"properties":{"lines":"30","color":"#0059a9","mode":"bus","arr":["30"],"angle":-85.4,"extra":1}},{"type":"Feature","geometry":{"type":"Point","coordinates":[20.658192,52.012242]},"properties":{"lines":"30","color":"#0059a9","mode":"bus","arr":["30"],"angle":-0.9}},{"type":"Feature","geometry":{"type":"Point","coordinates":[20.655329,52.012674]},"properties":{"lines":"30","color":"#0059a9","mode":"bus","arr":["30"],"angle":-87.2}},{"type":"Feature","geometry":{"type":"Point","coordinates":[20.647665,52.013387]},"properties":{"lines":"30","color":"#0059a9","mode":"bus","arr":["30"],"angle":2.4}},{"type":"Feature","geometry":{"type":"Point","coordinates":[20.641509,52.013544]},"properties":{"lines":"30","color":"#0059a9","mode":"bus","arr":["30"],"angle":6.2,"extra":1}},{"type":"Feature","geometry":{"type":"Point","coordinates":[20.644571,52.013496]},"properties":{"lines":"30","color":"#0059a9","mode":"bus","arr":["30"],"angle":3.2,"extra":1}},{"type":"Feature","geometry":{"type":"Point","coordinates":[20.650709,52.013265]},"properties":{"lines":"30","color":"#0059a9","mode":"bus","arr":["30"],"angle":3.8,"extra":1}},{"type":"Feature","geometry":{"type":"Point","coordinates":[20.65378,52.013162]},"properties":{"lines":"30","color":"#0059a9","mode":"bus","arr":["30"],"angle":3.1,"extra":1}},{"type":"Feature","geometry":{"type":"Point","coordinates":[20.638773,52.013755]},"properties":{"lines":"30","color":"#0059a9","mode":"bus","arr":["30"],"angle":20.7}},{"type":"Feature","geometry":{"type":"Point","coordinates":[20.633479,52.006577]},"properties":{"lines":"30","color":"#0059a9","mode":"bus","arr":["30"],"angle":-70.5}},{"type":"Feature","geometry":{"type":"Point","coordinates":[20.634592,52.015803]},"properties":{"lines":"30","color":"#0059a9","mode":"bus","arr":["30"],"angle":44.5,"extra":1}},{"type":"Feature","geometry":{"type":"Point","coordinates":[20.636818,52.01452]},"properties":{"lines":"30","color":"#0059a9","mode":"bus","arr":["30"],"angle":49.4,"extra":1}},{"type":"Feature","geometry":{"type":"Point","coordinates":[20.637212,52.012872]},"properties":{"lines":"30","color":"#0059a9","mode":"bus","arr":["30"],"angle":-68.8,"extra":1}},{"type":"Feature","geometry":{"type":"Point","coordinates":[20.636143,52.011101]},"properties":{"lines":"30","color":"#0059a9","mode":"bus","arr":["30"],"angle":-69.4,"extra":1}},{"type":"Feature","geometry":{"type":"Point","coordinates":[20.635054,52.009335]},"properties":{"lines":"30","color":"#0059a9","mode":"bus","arr":["30"],"angle":-70.2,"extra":1}},{"type":"Feature","geometry":{"type":"Point","coordinates":[20.63199,52.003991]},"properties":{"lines":"30","color":"#0059a9","mode":"bus","arr":["30"],"angle":-70.6,"extra":1}},{"type":"Feature","geometry":{"type":"Point","coordinates":[20.630982,52.002207]},"properties":{"lines":"30","color":"#0059a9","mode":"bus","arr":["30"],"angle":-71.7,"extra":1}},{"type":"Feature","geometry":{"type":"Point","coordinates":[20.629994,52.000418]},"properties":{"lines":"30","color":"#0059a9","mode":"bus","arr":["30"],"angle":-71.1,"extra":1}},{"type":"Feature","geometry":{"type":"Point","coordinates":[20.628972,51.998637]},"properties":{"lines":"30","color":"#0059a9","mode":"bus","arr":["30"],"angle":-70.6,"extra":1}},{"type":"Feature","geometry":{"type":"Point","coordinates":[20.627951,51.996856]},"properties":{"lines":"30","color":"#0059a9","mode":"bus","arr":["30"],"angle":-70.6,"extra":1}},{"type":"Feature","geometry":{"type":"Point","coordinates":[20.625586,52.022436]},"properties":{"lines":"30","color":"#0059a9","mode":"bus","arr":["30"],"angle":53.6}},{"type":"Feature","geometry":{"type":"Point","coordinates":[20.621665,52.025556]},"properties":{"lines":"30","color":"#0059a9","mode":"bus","arr":["30"],"angle":52.1,"extra":1}},{"type":"Feature","geometry":{"type":"Point","coordinates":[20.623561,52.024069]},"properties":{"lines":"30","color":"#0059a9","mode":"bus","arr":["30"],"angle":52.1,"extra":1}},{"type":"Feature","geometry":{"type":"Point","coordinates":[20.627267,52.021055]},"properties":{"lines":"30","color":"#0059a9","mode":"bus","arr":["30"],"angle":52.5,"extra":1}},{"type":"Feature","geometry":{"type":"Point","coordinates":[20.628953,52.019692]},"properties":{"lines":"30","color":"#0059a9","mode":"bus","arr":["30"],"angle":51.8,"extra":1}},{"type":"Feature","geometry":{"type":"Point","coordinates":[20.621356,52.015328]},"properties":{"lines":"30, 83","color":"#0059a9","mode":"bus","arr":["30","83"],"angle":-29.7}},{"type":"Feature","geometry":{"type":"Point","coordinates":[20.628934,52.018204]},"properties":{"lines":"30, 83","color":"#0059a9","mode":"bus","arr":["30","83"],"angle":-36.6,"extra":1}},{"type":"Feature","geometry":{"type":"Point","coordinates":[20.626337,52.017222]},"properties":{"lines":"30, 83","color":"#0059a9","mode":"bus","arr":["30","83"],"angle":-24.2,"extra":1}},{"type":"Feature","geometry":{"type":"Point","coordinates":[20.623708,52.016243]},"properties":{"lines":"30, 83","color":"#0059a9","mode":"bus","arr":["30","83"],"angle":-34.5,"extra":1}},{"type":"Feature","geometry":{"type":"Point","coordinates":[20.618463,52.014277]},"properties":{"lines":"30, 83","color":"#0059a9","mode":"bus","arr":["30","83"],"angle":-34.3,"extra":1}},{"type":"Feature","geometry":{"type":"Point","coordinates":[20.615843,52.013294]},"properties":{"lines":"30, 83","color":"#0059a9","mode":"bus","arr":["30","83"],"angle":-27.6,"extra":1}},{"type":"Feature","geometry":{"type":"Point","coordinates":[20.613262,52.012271]},"properties":{"lines":"30, 83","color":"#0059a9","mode":"bus","arr":["30","83"],"angle":-33,"extra":1}},{"type":"Feature","geometry":{"type":"Point","coordinates":[20.620142,52.005923]},"properties":{"lines":"30","color":"#0059a9","mode":"bus","arr":["30"],"angle":32.1}},{"type":"Feature","geometry":{"type":"Point","coordinates":[20.611942,52.009833]},"properties":{"lines":"30","color":"#0059a9","mode":"bus","arr":["30"],"angle":61.6,"extra":1}},{"type":"Feature","geometry":{"type":"Point","coordinates":[20.613522,52.008474]},"properties":{"lines":"30","color":"#0059a9","mode":"bus","arr":["30"],"angle":39.4,"extra":1}},{"type":"Feature","geometry":{"type":"Point","coordinates":[20.616064,52.007419]},"properties":{"lines":"30","color":"#0059a9","mode":"bus","arr":["30"],"angle":30.7,"extra":1}},{"type":"Feature","geometry":{"type":"Point","coordinates":[20.623858,52.004394]},"properties":{"lines":"30","color":"#0059a9","mode":"bus","arr":["30"],"angle":35.7,"extra":1}},{"type":"Feature","geometry":{"type":"Point","coordinates":[20.626513,52.003464]},"properties":{"lines":"30","color":"#0059a9","mode":"bus","arr":["30"],"angle":20.4,"extra":1}},{"type":"Feature","geometry":{"type":"Point","coordinates":[20.629392,52.002801]},"properties":{"lines":"30","color":"#0059a9","mode":"bus","arr":["30"],"angle":20.3,"extra":1}},{"type":"Feature","geometry":{"type":"Point","coordinates":[20.621815,51.995826]},"properties":{"lines":"30","color":"#0059a9","mode":"bus","arr":["30"],"angle":-34.9}},{"type":"Feature","geometry":{"type":"Point","coordinates":[20.625928,51.996179]},"properties":{"lines":"30","color":"#0059a9","mode":"bus","arr":["30"],"angle":24,"extra":1}},{"type":"Feature","geometry":{"type":"Point","coordinates":[20.617995,51.994382]},"properties":{"lines":"30","color":"#0059a9","mode":"bus","arr":["30"],"angle":-33,"extra":1}},{"type":"Feature","geometry":{"type":"Point","coordinates":[20.638144,52.004827]},"properties":{"lines":"30","color":"#0059a9","mode":"bus","arr":["30"],"angle":4.8}},{"type":"Feature","geometry":{"type":"Point","coordinates":[20.634107,52.005002]},"properties":{"lines":"30","color":"#0059a9","mode":"bus","arr":["30"],"angle":2.9,"extra":1}},{"type":"Feature","geometry":{"type":"Point","coordinates":[20.640242,52.004743]},"properties":{"lines":"30","color":"#0059a9","mode":"bus","arr":["30"],"angle":3.5,"extra":1}},{"type":"Feature","geometry":{"type":"Point","coordinates":[20.643312,52.004629]},"properties":{"lines":"30","color":"#0059a9","mode":"bus","arr":["30"],"angle":5.8,"extra":1}},{"type":"Feature","geometry":{"type":"Point","coordinates":[20.648291,52.000275]},"properties":{"lines":"30","color":"#0059a9","mode":"bus","arr":["30"],"angle":-84.7}},{"type":"Feature","geometry":{"type":"Point","coordinates":[20.643293,52.003706]},"properties":{"lines":"30","color":"#0059a9","mode":"bus","arr":["30"],"angle":-70.5,"extra":1}},{"type":"Feature","geometry":{"type":"Point","coordinates":[20.64483,52.002509]},"properties":{"lines":"30","color":"#0059a9","mode":"bus","arr":["30"],"angle":28.9,"extra":1}},{"type":"Feature","geometry":{"type":"Point","coordinates":[20.647543,52.00162]},"properties":{"lines":"30","color":"#0059a9","mode":"bus","arr":["30"],"angle":27.7,"extra":1}},{"type":"Feature","geometry":{"type":"Point","coordinates":[20.64805,51.99816]},"properties":{"lines":"30","color":"#0059a9","mode":"bus","arr":["30"],"angle":-87.8,"extra":1}},{"type":"Feature","geometry":{"type":"Point","coordinates":[20.647942,51.996272]},"properties":{"lines":"30","color":"#0059a9","mode":"bus","arr":["30"],"angle":-88,"extra":1}},{"type":"Feature","geometry":{"type":"Point","coordinates":[20.647891,51.994384]},"properties":{"lines":"30","color":"#0059a9","mode":"bus","arr":["30"],"angle":-83.8,"extra":1}},{"type":"Feature","geometry":{"type":"Point","coordinates":[20.649061,51.993163]},"properties":{"lines":"30","color":"#0059a9","mode":"bus","arr":["30"],"angle":41.2}},{"type":"Feature","geometry":{"type":"Point","coordinates":[20.650875,51.987318]},"properties":{"lines":"30","color":"#0059a9","mode":"bus","arr":["30"],"angle":57.5}},{"type":"Feature","geometry":{"type":"Point","coordinates":[20.654895,51.983525]},"properties":{"lines":"30","color":"#0059a9","mode":"bus","arr":["30"],"angle":44.4,"extra":1}},{"type":"Feature","geometry":{"type":"Point","coordinates":[20.653197,51.985096]},"properties":{"lines":"30","color":"#0059a9","mode":"bus","arr":["30"],"angle":57.1,"extra":1}},{"type":"Feature","geometry":{"type":"Point","coordinates":[20.650011,51.989769]},"properties":{"lines":"30","color":"#0059a9","mode":"bus","arr":["30"],"angle":-51.4,"extra":1}},{"type":"Feature","geometry":{"type":"Point","coordinates":[20.649683,51.991575]},"properties":{"lines":"30","color":"#0059a9","mode":"bus","arr":["30"],"angle":81.8,"extra":1}},{"type":"Feature","geometry":{"type":"Point","coordinates":[20.650254,51.94838]},"properties":{"lines":"31","color":"#0059a9","mode":"bus","arr":["31"],"angle":10}},{"type":"Feature","geometry":{"type":"Point","coordinates":[20.664132,51.946818]},"properties":{"lines":"31","color":"#0059a9","mode":"bus","arr":["31"],"angle":12,"extra":1}},{"type":"Feature","geometry":{"type":"Point","coordinates":[20.661105,51.947143]},"properties":{"lines":"31","color":"#0059a9","mode":"bus","arr":["31"],"angle":8.2,"extra":1}},{"type":"Feature","geometry":{"type":"Point","coordinates":[20.658075,51.947463]},"properties":{"lines":"31","color":"#0059a9","mode":"bus","arr":["31"],"angle":10.8,"extra":1}},{"type":"Feature","geometry":{"type":"Point","coordinates":[20.655055,51.947818]},"properties":{"lines":"31","color":"#0059a9","mode":"bus","arr":["31"],"angle":10.9,"extra":1}},{"type":"Feature","geometry":{"type":"Point","coordinates":[20.645991,51.948873]},"properties":{"lines":"31","color":"#0059a9","mode":"bus","arr":["31"],"angle":11,"extra":1}},{"type":"Feature","geometry":{"type":"Point","coordinates":[20.642974,51.94924]},"properties":{"lines":"31","color":"#0059a9","mode":"bus","arr":["31"],"angle":11.7,"extra":1}},{"type":"Feature","geometry":{"type":"Point","coordinates":[20.639944,51.949554]},"properties":{"lines":"31","color":"#0059a9","mode":"bus","arr":["31"],"angle":8,"extra":1}},{"type":"Feature","geometry":{"type":"Point","coordinates":[20.636979,51.950018]},"properties":{"lines":"31","color":"#0059a9","mode":"bus","arr":["31"],"angle":25.1,"extra":1}},{"type":"Feature","geometry":{"type":"Point","coordinates":[20.641246,51.959915]},"properties":{"lines":"31","color":"#0059a9","mode":"bus","arr":["31"],"angle":-64.2}},{"type":"Feature","geometry":{"type":"Point","coordinates":[20.671133,51.998905]},"properties":{"lines":"31","color":"#0059a9","mode":"bus","arr":["31"],"angle":-68.1}},{"type":"Feature","geometry":{"type":"Point","coordinates":[20.657951,51.981952]},"properties":{"lines":"31","color":"#0059a9","mode":"bus","arr":["31"],"angle":61.3,"extra":1}},{"type":"Feature","geometry":{"type":"Point","coordinates":[20.659101,51.980398]},"properties":{"lines":"31","color":"#0059a9","mode":"bus","arr":["31"],"angle":-83.3,"extra":1}},{"type":"Feature","geometry":{"type":"Point","coordinates":[20.658743,51.978522]},"properties":{"lines":"31","color":"#0059a9","mode":"bus","arr":["31"],"angle":-83.3,"extra":1}},{"type":"Feature","geometry":{"type":"Point","coordinates":[20.658385,51.976646]},"properties":{"lines":"31","color":"#0059a9","mode":"bus","arr":["31"],"angle":-83.3,"extra":1}},{"type":"Feature","geometry":{"type":"Point","coordinates":[20.658031,51.97477]},"properties":{"lines":"31","color":"#0059a9","mode":"bus","arr":["31"],"angle":-82.6,"extra":1}},{"type":"Feature","geometry":{"type":"Point","coordinates":[20.656973,51.973006]},"properties":{"lines":"31","color":"#0059a9","mode":"bus","arr":["31"],"angle":-67.1,"extra":1}},{"type":"Feature","geometry":{"type":"Point","coordinates":[20.655783,51.971264]},"properties":{"lines":"31","color":"#0059a9","mode":"bus","arr":["31"],"angle":-67.2,"extra":1}},{"type":"Feature","geometry":{"type":"Point","coordinates":[20.654596,51.969522]},"properties":{"lines":"31","color":"#0059a9","mode":"bus","arr":["31"],"angle":-67.5,"extra":1}},{"type":"Feature","geometry":{"type":"Point","coordinates":[20.653421,51.967777]},"properties":{"lines":"31","color":"#0059a9","mode":"bus","arr":["31"],"angle":-57.8,"extra":1}},{"type":"Feature","geometry":{"type":"Point","coordinates":[20.651302,51.966736]},"properties":{"lines":"31","color":"#0059a9","mode":"bus","arr":["31"],"angle":-22.6,"extra":1}},{"type":"Feature","geometry":{"type":"Point","coordinates":[20.64849,51.965973]},"properties":{"lines":"31","color":"#0059a9","mode":"bus","arr":["31"],"angle":-23.9,"extra":1}},{"type":"Feature","geometry":{"type":"Point","coordinates":[20.645807,51.965066]},"properties":{"lines":"31","color":"#0059a9","mode":"bus","arr":["31"],"angle":-37.6,"extra":1}},{"type":"Feature","geometry":{"type":"Point","coordinates":[20.644081,51.963541]},"properties":{"lines":"31","color":"#0059a9","mode":"bus","arr":["31"],"angle":-64.7,"extra":1}},{"type":"Feature","geometry":{"type":"Point","coordinates":[20.642755,51.961837]},"properties":{"lines":"31","color":"#0059a9","mode":"bus","arr":["31"],"angle":-64.4,"extra":1}},{"type":"Feature","geometry":{"type":"Point","coordinates":[20.640082,51.958435]},"properties":{"lines":"31","color":"#0059a9","mode":"bus","arr":["31"],"angle":-64.2,"extra":1}},{"type":"Feature","geometry":{"type":"Point","coordinates":[20.638744,51.956735]},"properties":{"lines":"31","color":"#0059a9","mode":"bus","arr":["31"],"angle":-64.3,"extra":1}},{"type":"Feature","geometry":{"type":"Point","coordinates":[20.637452,51.955021]},"properties":{"lines":"31","color":"#0059a9","mode":"bus","arr":["31"],"angle":-68.5,"extra":1}},{"type":"Feature","geometry":{"type":"Point","coordinates":[20.636488,51.953228]},"properties":{"lines":"31","color":"#0059a9","mode":"bus","arr":["31"],"angle":-72.1,"extra":1}},{"type":"Feature","geometry":{"type":"Point","coordinates":[20.635541,51.951432]},"properties":{"lines":"31","color":"#0059a9","mode":"bus","arr":["31"],"angle":-72.1,"extra":1}},{"type":"Feature","geometry":{"type":"Point","coordinates":[20.635041,51.949585]},"properties":{"lines":"31","color":"#0059a9","mode":"bus","arr":["31"],"angle":-88.9,"extra":1}},{"type":"Feature","geometry":{"type":"Point","coordinates":[20.634983,51.947697]},"properties":{"lines":"31","color":"#0059a9","mode":"bus","arr":["31"],"angle":-88.9,"extra":1}},{"type":"Feature","geometry":{"type":"Point","coordinates":[20.634926,51.945809]},"properties":{"lines":"31","color":"#0059a9","mode":"bus","arr":["31"],"angle":-88.9,"extra":1}},{"type":"Feature","geometry":{"type":"Point","coordinates":[20.634864,51.943921]},"properties":{"lines":"31","color":"#0059a9","mode":"bus","arr":["31"],"angle":-88.5,"extra":1}},{"type":"Feature","geometry":{"type":"Point","coordinates":[20.634496,51.942048]},"properties":{"lines":"31","color":"#0059a9","mode":"bus","arr":["31"],"angle":-81.3,"extra":1}},{"type":"Feature","geometry":{"type":"Point","coordinates":[20.634032,51.940181]},"properties":{"lines":"31","color":"#0059a9","mode":"bus","arr":["31"],"angle":-81.3,"extra":1}},{"type":"Feature","geometry":{"type":"Point","coordinates":[20.63357,51.938314]},"properties":{"lines":"31","color":"#0059a9","mode":"bus","arr":["31"],"angle":-81.5,"extra":1}},{"type":"Feature","geometry":{"type":"Point","coordinates":[20.633113,51.936446]},"properties":{"lines":"31","color":"#0059a9","mode":"bus","arr":["31"],"angle":-81.5,"extra":1}},{"type":"Feature","geometry":{"type":"Point","coordinates":[20.632642,51.93458]},"properties":{"lines":"31","color":"#0059a9","mode":"bus","arr":["31"],"angle":-81.1,"extra":1}},{"type":"Feature","geometry":{"type":"Point","coordinates":[20.657811,51.984052]},"properties":{"lines":"31","color":"#0059a9","mode":"bus","arr":["31"],"angle":-71,"extra":1}},{"type":"Feature","geometry":{"type":"Point","coordinates":[20.658904,51.985817]},"properties":{"lines":"31","color":"#0059a9","mode":"bus","arr":["31"],"angle":-68.1,"extra":1}},{"type":"Feature","geometry":{"type":"Point","coordinates":[20.660055,51.987568]},"properties":{"lines":"31","color":"#0059a9","mode":"bus","arr":["31"],"angle":-67.7,"extra":1}},{"type":"Feature","geometry":{"type":"Point","coordinates":[20.661502,51.989229]},"properties":{"lines":"31","color":"#0059a9","mode":"bus","arr":["31"],"angle":-63.2,"extra":1}},{"type":"Feature","geometry":{"type":"Point","coordinates":[20.662874,51.990919]},"properties":{"lines":"31","color":"#0059a9","mode":"bus","arr":["31"],"angle":-63.5,"extra":1}},{"type":"Feature","geometry":{"type":"Point","coordinates":[20.664246,51.992609]},"properties":{"lines":"31","color":"#0059a9","mode":"bus","arr":["31"],"angle":-63.6,"extra":1}},{"type":"Feature","geometry":{"type":"Point","coordinates":[20.665616,51.994299]},"properties":{"lines":"31","color":"#0059a9","mode":"bus","arr":["31"],"angle":-63.4,"extra":1}},{"type":"Feature","geometry":{"type":"Point","coordinates":[20.667126,51.995942]},"properties":{"lines":"31","color":"#0059a9","mode":"bus","arr":["31"],"angle":-50.8,"extra":1}},{"type":"Feature","geometry":{"type":"Point","coordinates":[20.669353,51.997243]},"properties":{"lines":"31","color":"#0059a9","mode":"bus","arr":["31"],"angle":-44.7,"extra":1}},{"type":"Feature","geometry":{"type":"Point","coordinates":[20.67248,52.000462]},"properties":{"lines":"31","color":"#0059a9","mode":"bus","arr":["31"],"angle":-60.3,"extra":1}},{"type":"Feature","geometry":{"type":"Point","coordinates":[20.674052,52.002083]},"properties":{"lines":"31","color":"#0059a9","mode":"bus","arr":["31"],"angle":-51.7,"extra":1}},{"type":"Feature","geometry":{"type":"Point","coordinates":[20.676217,52.003423]},"properties":{"lines":"31","color":"#0059a9","mode":"bus","arr":["31"],"angle":-44.2,"extra":1}},{"type":"Feature","geometry":{"type":"Point","coordinates":[20.678421,52.004739]},"properties":{"lines":"31","color":"#0059a9","mode":"bus","arr":["31"],"angle":-44.2,"extra":1}},{"type":"Feature","geometry":{"type":"Point","coordinates":[20.680899,52.005778]},"properties":{"lines":"31","color":"#0059a9","mode":"bus","arr":["31"],"angle":-13.7,"extra":1}},{"type":"Feature","geometry":{"type":"Point","coordinates":[20.683886,52.006225]},"properties":{"lines":"31","color":"#0059a9","mode":"bus","arr":["31"],"angle":-13.7,"extra":1}},{"type":"Feature","geometry":{"type":"Point","coordinates":[20.686861,52.006698]},"properties":{"lines":"31","color":"#0059a9","mode":"bus","arr":["31"],"angle":-22.4,"extra":1}},{"type":"Feature","geometry":{"type":"Point","coordinates":[20.689446,52.007716]},"properties":{"lines":"31","color":"#0059a9","mode":"bus","arr":["31"],"angle":-34.1,"extra":1}},{"type":"Feature","geometry":{"type":"Point","coordinates":[20.691988,52.008779]},"properties":{"lines":"31","color":"#0059a9","mode":"bus","arr":["31"],"angle":-34.3,"extra":1}},{"type":"Feature","geometry":{"type":"Point","coordinates":[20.635917,51.967663]},"properties":{"lines":"31","color":"#0059a9","mode":"bus","arr":["31"],"angle":4.4}},{"type":"Feature","geometry":{"type":"Point","coordinates":[20.66368,51.966373]},"properties":{"lines":"31","color":"#0059a9","mode":"bus","arr":["31"],"angle":3.6}},{"type":"Feature","geometry":{"type":"Point","coordinates":[20.650022,51.967006]},"properties":{"lines":"31","color":"#0059a9","mode":"bus","arr":["31"],"angle":4.2,"extra":1}},{"type":"Feature","geometry":{"type":"Point","coordinates":[20.646955,51.96715]},"properties":{"lines":"31","color":"#0059a9","mode":"bus","arr":["31"],"angle":4.3,"extra":1}},{"type":"Feature","geometry":{"type":"Point","coordinates":[20.643889,51.967291]},"properties":{"lines":"31","color":"#0059a9","mode":"bus","arr":["31"],"angle":4.3,"extra":1}},{"type":"Feature","geometry":{"type":"Point","coordinates":[20.640822,51.967433]},"properties":{"lines":"31","color":"#0059a9","mode":"bus","arr":["31"],"angle":4.3,"extra":1}},{"type":"Feature","geometry":{"type":"Point","coordinates":[20.631623,51.967859]},"properties":{"lines":"31","color":"#0059a9","mode":"bus","arr":["31"],"angle":4.1,"extra":1}},{"type":"Feature","geometry":{"type":"Point","coordinates":[20.628556,51.967995]},"properties":{"lines":"31","color":"#0059a9","mode":"bus","arr":["31"],"angle":4.2,"extra":1}},{"type":"Feature","geometry":{"type":"Point","coordinates":[20.625488,51.968107]},"properties":{"lines":"31","color":"#0059a9","mode":"bus","arr":["31"],"angle":-1.6,"extra":1}},{"type":"Feature","geometry":{"type":"Point","coordinates":[20.622434,51.967886]},"properties":{"lines":"31","color":"#0059a9","mode":"bus","arr":["31"],"angle":-7.3,"extra":1}},{"type":"Feature","geometry":{"type":"Point","coordinates":[20.65404,51.966806]},"properties":{"lines":"31","color":"#0059a9","mode":"bus","arr":["31"],"angle":5.7,"extra":1}},{"type":"Feature","geometry":{"type":"Point","coordinates":[20.657104,51.966649]},"properties":{"lines":"31","color":"#0059a9","mode":"bus","arr":["31"],"angle":4.4,"extra":1}},{"type":"Feature","geometry":{"type":"Point","coordinates":[20.660171,51.966516]},"properties":{"lines":"31","color":"#0059a9","mode":"bus","arr":["31"],"angle":3.8,"extra":1}},{"type":"Feature","geometry":{"type":"Point","coordinates":[20.666308,51.966266]},"properties":{"lines":"31","color":"#0059a9","mode":"bus","arr":["31"],"angle":4,"extra":1}},{"type":"Feature","geometry":{"type":"Point","coordinates":[20.669376,51.966133]},"properties":{"lines":"31","color":"#0059a9","mode":"bus","arr":["31"],"angle":4,"extra":1}},{"type":"Feature","geometry":{"type":"Point","coordinates":[20.672443,51.965999]},"properties":{"lines":"31","color":"#0059a9","mode":"bus","arr":["31"],"angle":2.8,"extra":1}},{"type":"Feature","geometry":{"type":"Point","coordinates":[20.636957,51.969315]},"properties":{"lines":"31","color":"#0059a9","mode":"bus","arr":["31"],"angle":71.3}},{"type":"Feature","geometry":{"type":"Point","coordinates":[20.657304,51.983157]},"properties":{"lines":"31","color":"#0059a9","mode":"bus","arr":["31"],"angle":12.4}},{"type":"Feature","geometry":{"type":"Point","coordinates":[20.627682,51.970411]},"properties":{"lines":"31","color":"#0059a9","mode":"bus","arr":["31"],"angle":-9}},{"type":"Feature","geometry":{"type":"Point","coordinates":[20.634276,51.970978]},"properties":{"lines":"31","color":"#0059a9","mode":"bus","arr":["31"],"angle":-8.9,"extra":1}},{"type":"Feature","geometry":{"type":"Point","coordinates":[20.631228,51.970728]},"properties":{"lines":"31","color":"#0059a9","mode":"bus","arr":["31"],"angle":-7.4,"extra":1}},{"type":"Feature","geometry":{"type":"Point","coordinates":[20.625146,51.970168]},"properties":{"lines":"31","color":"#0059a9","mode":"bus","arr":["31"],"angle":-8.3,"extra":1}},{"type":"Feature","geometry":{"type":"Point","coordinates":[20.622102,51.9699]},"properties":{"lines":"31","color":"#0059a9","mode":"bus","arr":["31"],"angle":-8.3,"extra":1}},{"type":"Feature","geometry":{"type":"Point","coordinates":[20.61992,51.96872]},"properties":{"lines":"31","color":"#0059a9","mode":"bus","arr":["31"],"angle":76.9}},{"type":"Feature","geometry":{"type":"Point","coordinates":[20.69021,52.01392]},"properties":{"lines":"31, 32","color":"#0059a9","mode":"bus","arr":["31","32"],"angle":71.1}},{"type":"Feature","geometry":{"type":"Point","coordinates":[20.688084,52.017699]},"properties":{"lines":"31, 32","color":"#0059a9","mode":"bus","arr":["31","32"],"angle":70.6,"extra":1}},{"type":"Feature","geometry":{"type":"Point","coordinates":[20.689091,52.015914]},"properties":{"lines":"31, 32","color":"#0059a9","mode":"bus","arr":["31","32"],"angle":70.9,"extra":1}},{"type":"Feature","geometry":{"type":"Point","coordinates":[20.69111,52.012347]},"properties":{"lines":"31, 32","color":"#0059a9","mode":"bus","arr":["31","32"],"angle":66,"extra":1}},{"type":"Feature","geometry":{"type":"Point","coordinates":[20.692537,52.010674]},"properties":{"lines":"31, 32","color":"#0059a9","mode":"bus","arr":["31","32"],"angle":62.3,"extra":1}},{"type":"Feature","geometry":{"type":"Point","coordinates":[20.687966,52.020009]},"properties":{"lines":"31, 32","color":"#0059a9","mode":"bus","arr":["31","32"],"angle":-80.5}},{"type":"Feature","geometry":{"type":"Point","coordinates":[20.687618,52.018624]},"properties":{"lines":"31, 32","color":"#0059a9","mode":"bus","arr":["31","32"],"angle":-84.8,"extra":1}},{"type":"Feature","geometry":{"type":"Point","coordinates":[20.68856,52.022131]},"properties":{"lines":"31, 32, 51","color":"#0059a9","mode":"bus","arr":["31","32","51"],"angle":-79.6}},{"type":"Feature","geometry":{"type":"Point","coordinates":[20.689726,52.026047]},"properties":{"lines":"31, 32, 51","color":"#0059a9","mode":"bus","arr":["31","32","51"],"angle":-79.4}},{"type":"Feature","geometry":{"type":"Point","coordinates":[20.689044,52.02377]},"properties":{"lines":"31, 32, 51","color":"#0059a9","mode":"bus","arr":["31","32","51"],"angle":-80.1,"extra":1}},{"type":"Feature","geometry":{"type":"Point","coordinates":[20.690153,52.027485]},"properties":{"lines":"31, 32, 51","color":"#0059a9","mode":"bus","arr":["31","32","51"],"angle":-79.8,"extra":1}},{"type":"Feature","geometry":{"type":"Point","coordinates":[20.691034,52.030505]},"properties":{"lines":"31, 32, 51, 52, 83","color":"#0059a9","mode":"bus","arr":["31","32","51","52","83"],"angle":-79.8}},{"type":"Feature","geometry":{"type":"Point","coordinates":[20.641602,52.055105]},"properties":{"lines":"31, 63","color":"#0059a9","mode":"bus","arr":["31","63"],"angle":81.2}},{"type":"Feature","geometry":{"type":"Point","coordinates":[20.66905,52.030582]},"properties":{"lines":"31, 63","color":"#0059a9","mode":"bus","arr":["31","63"],"angle":66.4}},{"type":"Feature","geometry":{"type":"Point","coordinates":[20.648559,52.046736]},"properties":{"lines":"31, 63","color":"#0059a9","mode":"bus","arr":["31","63"],"angle":46.9,"extra":1}},{"type":"Feature","geometry":{"type":"Point","coordinates":[20.646452,52.048112]},"properties":{"lines":"31, 63","color":"#0059a9","mode":"bus","arr":["31","63"],"angle":46.7,"extra":1}},{"type":"Feature","geometry":{"type":"Point","coordinates":[20.644571,52.0496]},"properties":{"lines":"31, 63","color":"#0059a9","mode":"bus","arr":["31","63"],"angle":57.6,"extra":1}},{"type":"Feature","geometry":{"type":"Point","coordinates":[20.642926,52.051196]},"properties":{"lines":"31, 63","color":"#0059a9","mode":"bus","arr":["31","63"],"angle":57.7,"extra":1}},{"type":"Feature","geometry":{"type":"Point","coordinates":[20.642071,52.052975]},"properties":{"lines":"31, 63","color":"#0059a9","mode":"bus","arr":["31","63"],"angle":82.5,"extra":1}},{"type":"Feature","geometry":{"type":"Point","coordinates":[20.641104,52.056703]},"properties":{"lines":"31, 63","color":"#0059a9","mode":"bus","arr":["31","63"],"angle":79,"extra":1}},{"type":"Feature","geometry":{"type":"Point","coordinates":[20.639729,52.058337]},"properties":{"lines":"31, 63","color":"#0059a9","mode":"bus","arr":["31","63"],"angle":65.5,"extra":1}},{"type":"Feature","geometry":{"type":"Point","coordinates":[20.639434,52.060209]},"properties":{"lines":"31, 63","color":"#0059a9","mode":"bus","arr":["31","63"],"angle":86.7,"extra":1}},{"type":"Feature","geometry":{"type":"Point","coordinates":[20.639256,52.062094]},"properties":{"lines":"31, 63","color":"#0059a9","mode":"bus","arr":["31","63"],"angle":86.7,"extra":1}},{"type":"Feature","geometry":{"type":"Point","coordinates":[20.639081,52.06398]},"properties":{"lines":"31, 63","color":"#0059a9","mode":"bus","arr":["31","63"],"angle":86.7,"extra":1}},{"type":"Feature","geometry":{"type":"Point","coordinates":[20.659971,52.039572]},"properties":{"lines":"31","color":"#0059a9","mode":"bus","arr":["31"],"angle":40.8}},{"type":"Feature","geometry":{"type":"Point","coordinates":[20.667229,52.032465]},"properties":{"lines":"31","color":"#0059a9","mode":"bus","arr":["31"],"angle":59.2,"extra":1}},{"type":"Feature","geometry":{"type":"Point","coordinates":[20.66575,52.03412]},"properties":{"lines":"31","color":"#0059a9","mode":"bus","arr":["31"],"angle":63,"extra":1}},{"type":"Feature","geometry":{"type":"Point","coordinates":[20.664358,52.035805]},"properties":{"lines":"31","color":"#0059a9","mode":"bus","arr":["31"],"angle":63.5,"extra":1}},{"type":"Feature","geometry":{"type":"Point","coordinates":[20.662756,52.037405]},"properties":{"lines":"31","color":"#0059a9","mode":"bus","arr":["31"],"angle":47.8,"extra":1}},{"type":"Feature","geometry":{"type":"Point","coordinates":[20.657362,52.041855]},"properties":{"lines":"31","color":"#0059a9","mode":"bus","arr":["31"],"angle":74.8,"extra":1}},{"type":"Feature","geometry":{"type":"Point","coordinates":[20.655632,52.043327]},"properties":{"lines":"31","color":"#0059a9","mode":"bus","arr":["31"],"angle":38.9,"extra":1}},{"type":"Feature","geometry":{"type":"Point","coordinates":[20.653277,52.044542]},"properties":{"lines":"31","color":"#0059a9","mode":"bus","arr":["31"],"angle":40.5,"extra":1}},{"type":"Feature","geometry":{"type":"Point","coordinates":[20.65066,52.045505]},"properties":{"lines":"31","color":"#0059a9","mode":"bus","arr":["31"],"angle":26.7,"extra":1}},{"type":"Feature","geometry":{"type":"Point","coordinates":[20.638924,52.065644]},"properties":{"lines":"31, 63","color":"#0059a9","mode":"bus","arr":["31","63"],"angle":86.9}},{"type":"Feature","geometry":{"type":"Point","coordinates":[20.628458,51.929344]},"properties":{"lines":"31","color":"#0059a9","mode":"bus","arr":["31"],"angle":-68.4}},{"type":"Feature","geometry":{"type":"Point","coordinates":[20.631456,51.932365]},"properties":{"lines":"31","color":"#0059a9","mode":"bus","arr":["31"],"angle":-57.6,"extra":1}},{"type":"Feature","geometry":{"type":"Point","coordinates":[20.629804,51.930772]},"properties":{"lines":"31","color":"#0059a9","mode":"bus","arr":["31"],"angle":-57.5,"extra":1}},{"type":"Feature","geometry":{"type":"Point","coordinates":[20.627211,51.927365]},"properties":{"lines":"31","color":"#0059a9","mode":"bus","arr":["31"],"angle":-68.7,"extra":1}},{"type":"Feature","geometry":{"type":"Point","coordinates":[20.626096,51.925605]},"properties":{"lines":"31","color":"#0059a9","mode":"bus","arr":["31"],"angle":-68.6,"extra":1}},{"type":"Feature","geometry":{"type":"Point","coordinates":[20.633385,52.110999]},"properties":{"lines":"31","color":"#0059a9","mode":"bus","arr":["31"],"angle":-31.4}},{"type":"Feature","geometry":{"type":"Point","coordinates":[20.635024,52.111612]},"properties":{"lines":"31","color":"#0059a9","mode":"bus","arr":["31"],"angle":-31.3,"extra":1}},{"type":"Feature","geometry":{"type":"Point","coordinates":[20.661734,52.11799]},"properties":{"lines":"31","color":"#0059a9","mode":"bus","arr":["31"],"angle":14.3}},{"type":"Feature","geometry":{"type":"Point","coordinates":[20.694786,52.00993]},"properties":{"lines":"32","color":"#0059a9","mode":"bus","arr":["32"],"angle":-31.2}},{"type":"Feature","geometry":{"type":"Point","coordinates":[20.712906,52.012306]},"properties":{"lines":"32","color":"#0059a9","mode":"bus","arr":["32"],"angle":6.3}},{"type":"Feature","geometry":{"type":"Point","coordinates":[20.697584,52.01048]},"properties":{"lines":"32","color":"#0059a9","mode":"bus","arr":["32"],"angle":-8.5,"extra":1}},{"type":"Feature","geometry":{"type":"Point","coordinates":[20.700625,52.010758]},"properties":{"lines":"32","color":"#0059a9","mode":"bus","arr":["32"],"angle":-8.6,"extra":1}},{"type":"Feature","geometry":{"type":"Point","coordinates":[20.703657,52.011068]},"properties":{"lines":"32","color":"#0059a9","mode":"bus","arr":["32"],"angle":-13.9,"extra":1}},{"type":"Feature","geometry":{"type":"Point","coordinates":[20.706616,52.011582]},"properties":{"lines":"32","color":"#0059a9","mode":"bus","arr":["32"],"angle":-18.3,"extra":1}},{"type":"Feature","geometry":{"type":"Point","coordinates":[20.709553,52.012138]},"properties":{"lines":"32","color":"#0059a9","mode":"bus","arr":["32"],"angle":-13.7,"extra":1}},{"type":"Feature","geometry":{"type":"Point","coordinates":[20.715651,52.012188]},"properties":{"lines":"32","color":"#0059a9","mode":"bus","arr":["32"],"angle":-2.4,"extra":1}},{"type":"Feature","geometry":{"type":"Point","coordinates":[20.718678,52.012467]},"properties":{"lines":"32","color":"#0059a9","mode":"bus","arr":["32"],"angle":-18.9,"extra":1}},{"type":"Feature","geometry":{"type":"Point","coordinates":[20.721583,52.013087]},"properties":{"lines":"32","color":"#0059a9","mode":"bus","arr":["32"],"angle":-19.5,"extra":1}},{"type":"Feature","geometry":{"type":"Point","coordinates":[20.724484,52.013713]},"properties":{"lines":"32","color":"#0059a9","mode":"bus","arr":["32"],"angle":-19.3,"extra":1}},{"type":"Feature","geometry":{"type":"Point","coordinates":[20.727385,52.014339]},"properties":{"lines":"32","color":"#0059a9","mode":"bus","arr":["32"],"angle":-20,"extra":1}},{"type":"Feature","geometry":{"type":"Point","coordinates":[20.73111,52.012439]},"properties":{"lines":"32, 33, 52","color":"#0059a9","mode":"bus","arr":["32","33","52"],"angle":31.6}},{"type":"Feature","geometry":{"type":"Point","coordinates":[20.729599,52.01398]},"properties":{"lines":"32, 33, 52","color":"#0059a9","mode":"bus","arr":["32","33","52"],"angle":74.6,"extra":1}},{"type":"Feature","geometry":{"type":"Point","coordinates":[20.733572,52.011284]},"properties":{"lines":"32, 33, 52","color":"#0059a9","mode":"bus","arr":["32","33","52"],"angle":40.3,"extra":1}},{"type":"Feature","geometry":{"type":"Point","coordinates":[20.735568,52.010609]},"properties":{"lines":"32, 33","color":"#0059a9","mode":"bus","arr":["32","33"],"angle":21.8}},{"type":"Feature","geometry":{"type":"Point","coordinates":[20.734603,52.002686]},"properties":{"lines":"32","color":"#0059a9","mode":"bus","arr":["32"],"angle":-70.1}},{"type":"Feature","geometry":{"type":"Point","coordinates":[20.736332,52.009462]},"properties":{"lines":"32","color":"#0059a9","mode":"bus","arr":["32"],"angle":-86.4,"extra":1}},{"type":"Feature","geometry":{"type":"Point","coordinates":[20.73613,52.007578]},"properties":{"lines":"32","color":"#0059a9","mode":"bus","arr":["32"],"angle":-79.4,"extra":1}},{"type":"Feature","geometry":{"type":"Point","coordinates":[20.735628,52.005739]},"properties":{"lines":"32","color":"#0059a9","mode":"bus","arr":["32"],"angle":85.2,"extra":1}},{"type":"Feature","geometry":{"type":"Point","coordinates":[20.735235,52.003898]},"properties":{"lines":"32","color":"#0059a9","mode":"bus","arr":["32"],"angle":-71.6,"extra":1}},{"type":"Feature","geometry":{"type":"Point","coordinates":[20.733626,52.00028]},"properties":{"lines":"32","color":"#0059a9","mode":"bus","arr":["32"],"angle":86,"extra":1}},{"type":"Feature","geometry":{"type":"Point","coordinates":[20.732799,51.998563]},"properties":{"lines":"32","color":"#0059a9","mode":"bus","arr":["32"],"angle":-42.8,"extra":1}},{"type":"Feature","geometry":{"type":"Point","coordinates":[20.733056,51.997134]},"properties":{"lines":"32","color":"#0059a9","mode":"bus","arr":["32"],"angle":50.9,"extra":1}},{"type":"Feature","geometry":{"type":"Point","coordinates":[20.740649,51.992606]},"properties":{"lines":"32","color":"#0059a9","mode":"bus","arr":["32"],"angle":42.6}},{"type":"Feature","geometry":{"type":"Point","coordinates":[20.735893,51.995289]},"properties":{"lines":"32","color":"#0059a9","mode":"bus","arr":["32"],"angle":43.5,"extra":1}},{"type":"Feature","geometry":{"type":"Point","coordinates":[20.738157,51.994011]},"properties":{"lines":"32","color":"#0059a9","mode":"bus","arr":["32"],"angle":42.7,"extra":1}},{"type":"Feature","geometry":{"type":"Point","coordinates":[20.742703,51.991467]},"properties":{"lines":"32","color":"#0059a9","mode":"bus","arr":["32"],"angle":42,"extra":1}},{"type":"Feature","geometry":{"type":"Point","coordinates":[20.744945,51.990175]},"properties":{"lines":"32","color":"#0059a9","mode":"bus","arr":["32"],"angle":43.9,"extra":1}},{"type":"Feature","geometry":{"type":"Point","coordinates":[20.74681,51.98915]},"properties":{"lines":"32","color":"#0059a9","mode":"bus","arr":["32"],"angle":36.6}},{"type":"Feature","geometry":{"type":"Point","coordinates":[20.750653,51.99101]},"properties":{"lines":"32","color":"#0059a9","mode":"bus","arr":["32"],"angle":-39.4}},{"type":"Feature","geometry":{"type":"Point","coordinates":[20.748964,51.999995]},"properties":{"lines":"32","color":"#0059a9","mode":"bus","arr":["32"],"angle":-62.6}},{"type":"Feature","geometry":{"type":"Point","coordinates":[20.74814,51.989705]},"properties":{"lines":"32","color":"#0059a9","mode":"bus","arr":["32"],"angle":-40.4,"extra":1}},{"type":"Feature","geometry":{"type":"Point","coordinates":[20.750984,51.992204]},"properties":{"lines":"32","color":"#0059a9","mode":"bus","arr":["32"],"angle":39.3,"extra":1}},{"type":"Feature","geometry":{"type":"Point","coordinates":[20.748055,51.99893]},"properties":{"lines":"32","color":"#0059a9","mode":"bus","arr":["32"],"angle":-63.4,"extra":1}},{"type":"Feature","geometry":{"type":"Point","coordinates":[20.746154,51.994433]},"properties":{"lines":"32","color":"#0059a9","mode":"bus","arr":["32"],"angle":35.7}},{"type":"Feature","geometry":{"type":"Point","coordinates":[20.744101,51.995348]},"properties":{"lines":"32","color":"#0059a9","mode":"bus","arr":["32"],"angle":35.9,"extra":1}},{"type":"Feature","geometry":{"type":"Point","coordinates":[20.749086,51.993136]},"properties":{"lines":"32","color":"#0059a9","mode":"bus","arr":["32"],"angle":35.9,"extra":1}},{"type":"Feature","geometry":{"type":"Point","coordinates":[20.745409,51.997195]},"properties":{"lines":"32","color":"#0059a9","mode":"bus","arr":["32"],"angle":-40.6}},{"type":"Feature","geometry":{"type":"Point","coordinates":[20.743229,52.005213]},"properties":{"lines":"32","color":"#0059a9","mode":"bus","arr":["32"],"angle":42}},{"type":"Feature","geometry":{"type":"Point","coordinates":[20.737454,52.008388]},"properties":{"lines":"32","color":"#0059a9","mode":"bus","arr":["32"],"angle":41.3,"extra":1}},{"type":"Feature","geometry":{"type":"Point","coordinates":[20.739752,52.007133]},"properties":{"lines":"32","color":"#0059a9","mode":"bus","arr":["32"],"angle":42,"extra":1}},{"type":"Feature","geometry":{"type":"Point","coordinates":[20.746624,52.003355]},"properties":{"lines":"32","color":"#0059a9","mode":"bus","arr":["32"],"angle":43.3,"extra":1}},{"type":"Feature","geometry":{"type":"Point","coordinates":[20.748934,52.002108]},"properties":{"lines":"32","color":"#0059a9","mode":"bus","arr":["32"],"angle":40.6,"extra":1}},{"type":"Feature","geometry":{"type":"Point","coordinates":[20.730409,52.017358]},"properties":{"lines":"32, 33, 52","color":"#0059a9","mode":"bus","arr":["32","33","52"],"angle":-22.5}},{"type":"Feature","geometry":{"type":"Point","coordinates":[20.730743,52.019209]},"properties":{"lines":"32, 33, 52","color":"#0059a9","mode":"bus","arr":["32","33","52"],"angle":82.2,"extra":1}},{"type":"Feature","geometry":{"type":"Point","coordinates":[20.730322,52.015956]},"properties":{"lines":"32, 33, 52","color":"#0059a9","mode":"bus","arr":["32","33","52"],"angle":71.5,"extra":1}},{"type":"Feature","geometry":{"type":"Point","coordinates":[20.728368,52.032051]},"properties":{"lines":"32, 52, 83","color":"#0059a9","mode":"bus","arr":["32","52","83"],"angle":-81.7}},{"type":"Feature","geometry":{"type":"Point","coordinates":[20.730328,52.02108]},"properties":{"lines":"32, 52, 83","color":"#0059a9","mode":"bus","arr":["32","52","83"],"angle":82.8,"extra":1}},{"type":"Feature","geometry":{"type":"Point","coordinates":[20.729889,52.022949]},"properties":{"lines":"32, 52, 83","color":"#0059a9","mode":"bus","arr":["32","52","83"],"angle":80.5,"extra":1}},{"type":"Feature","geometry":{"type":"Point","coordinates":[20.729378,52.024811]},"properties":{"lines":"32, 52, 83","color":"#0059a9","mode":"bus","arr":["32","52","83"],"angle":80.1,"extra":1}},{"type":"Feature","geometry":{"type":"Point","coordinates":[20.728856,52.026672]},"properties":{"lines":"32, 52, 83","color":"#0059a9","mode":"bus","arr":["32","52","83"],"angle":80.6,"extra":1}},{"type":"Feature","geometry":{"type":"Point","coordinates":[20.72848,52.028546]},"properties":{"lines":"32, 52, 83","color":"#0059a9","mode":"bus","arr":["32","52","83"],"angle":84.2,"extra":1}},{"type":"Feature","geometry":{"type":"Point","coordinates":[20.728319,52.03043]},"properties":{"lines":"32, 52, 83","color":"#0059a9","mode":"bus","arr":["32","52","83"],"angle":-90,"extra":1}},{"type":"Feature","geometry":{"type":"Point","coordinates":[20.729089,52.034159]},"properties":{"lines":"32, 52, 83","color":"#0059a9","mode":"bus","arr":["32","52","83"],"angle":-79.5,"extra":1}},{"type":"Feature","geometry":{"type":"Point","coordinates":[20.729317,52.036038]},"properties":{"lines":"32, 52, 83","color":"#0059a9","mode":"bus","arr":["32","52","83"],"angle":86.2,"extra":1}},{"type":"Feature","geometry":{"type":"Point","coordinates":[20.727946,52.037709]},"properties":{"lines":"32, 52, 83","color":"#0059a9","mode":"bus","arr":["32","52","83"],"angle":60.1,"extra":1}},{"type":"Feature","geometry":{"type":"Point","coordinates":[20.72641,52.039345]},"properties":{"lines":"32, 52, 83","color":"#0059a9","mode":"bus","arr":["32","52","83"],"angle":59.9,"extra":1}},{"type":"Feature","geometry":{"type":"Point","coordinates":[20.7249,52.04099]},"properties":{"lines":"32, 52, 83","color":"#0059a9","mode":"bus","arr":["32","52","83"],"angle":61.2,"extra":1}},{"type":"Feature","geometry":{"type":"Point","coordinates":[20.723423,52.042647]},"properties":{"lines":"32, 52, 83","color":"#0059a9","mode":"bus","arr":["32","52","83"],"angle":64.7,"extra":1}},{"type":"Feature","geometry":{"type":"Point","coordinates":[20.722816,52.044957]},"properties":{"lines":"32, 33, 83","color":"#0059a9","mode":"bus","arr":["32","33","83"],"angle":88.5}},{"type":"Feature","geometry":{"type":"Point","coordinates":[20.722068,52.047886]},"properties":{"lines":"32, 33, 83","color":"#0059a9","mode":"bus","arr":["32","33","83"],"angle":70.9}},{"type":"Feature","geometry":{"type":"Point","coordinates":[20.721387,52.052463]},"properties":{"lines":"32, 33, 63, 83","color":"#0059a9","mode":"bus","arr":["32","33","63","83"],"angle":-51.6}},{"type":"Feature","geometry":{"type":"Point","coordinates":[20.721941,52.04969]},"properties":{"lines":"32, 33, 63, 83","color":"#0059a9","mode":"bus","arr":["32","33","63","83"],"angle":-88.3,"extra":1}},{"type":"Feature","geometry":{"type":"Point","coordinates":[20.724745,52.054203]},"properties":{"lines":"32, 33, 63, 83","color":"#0059a9","mode":"bus","arr":["32","33","63","83"],"angle":-38.7,"extra":1}},{"type":"Feature","geometry":{"type":"Point","coordinates":[20.719468,52.056183]},"properties":{"lines":"32, 33, 51","color":"#0059a9","mode":"bus","arr":["32","33","51"],"angle":41.9}},{"type":"Feature","geometry":{"type":"Point","coordinates":[20.716434,52.055601]},"properties":{"lines":"51","color":"#0059a9","mode":"bus","arr":["51"],"angle":-60.7}},{"type":"Feature","geometry":{"type":"Point","coordinates":[20.722186,52.054508]},"properties":{"lines":"51","color":"#0059a9","mode":"bus","arr":["51"],"angle":39.9}},{"type":"Feature","geometry":{"type":"Point","coordinates":[20.715744,52.058211]},"properties":{"lines":"32, 33","color":"#0059a9","mode":"bus","arr":["32","33"],"angle":42.2}},{"type":"Feature","geometry":{"type":"Point","coordinates":[20.716892,52.057171]},"properties":{"lines":"32, 33","color":"#0059a9","mode":"bus","arr":["32","33"],"angle":74.7,"extra":1}},{"type":"Feature","geometry":{"type":"Point","coordinates":[20.706917,52.065601]},"properties":{"lines":"32, 33","color":"#0059a9","mode":"bus","arr":["32","33"],"angle":58}},{"type":"Feature","geometry":{"type":"Point","coordinates":[20.712871,52.059972]},"properties":{"lines":"32, 33","color":"#0059a9","mode":"bus","arr":["32","33"],"angle":52.6,"extra":1}},{"type":"Feature","geometry":{"type":"Point","coordinates":[20.711117,52.061522]},"properties":{"lines":"32, 33","color":"#0059a9","mode":"bus","arr":["32","33"],"angle":56,"extra":1}},{"type":"Feature","geometry":{"type":"Point","coordinates":[20.709456,52.063112]},"properties":{"lines":"32, 33","color":"#0059a9","mode":"bus","arr":["32","33"],"angle":58,"extra":1}},{"type":"Feature","geometry":{"type":"Point","coordinates":[20.70455,52.06791]},"properties":{"lines":"32, 33","color":"#0059a9","mode":"bus","arr":["32","33"],"angle":58.4,"extra":1}},{"type":"Feature","geometry":{"type":"Point","coordinates":[20.702908,52.069506]},"properties":{"lines":"32, 33","color":"#0059a9","mode":"bus","arr":["32","33"],"angle":56.2,"extra":1}},{"type":"Feature","geometry":{"type":"Point","coordinates":[20.701083,52.071026]},"properties":{"lines":"32, 33","color":"#0059a9","mode":"bus","arr":["32","33"],"angle":53.2,"extra":1}},{"type":"Feature","geometry":{"type":"Point","coordinates":[20.638996,52.102047]},"properties":{"lines":"32, 33, 34","color":"#0059a9","mode":"bus","arr":["32","33","34"],"angle":37.9}},{"type":"Feature","geometry":{"type":"Point","coordinates":[20.64219,52.10062]},"properties":{"lines":"32, 33, 34","color":"#0059a9","mode":"bus","arr":["32","33","34"],"angle":32.3,"extra":1}},{"type":"Feature","geometry":{"type":"Point","coordinates":[20.637375,52.102953]},"properties":{"lines":"32, 33, 34","color":"#0059a9","mode":"bus","arr":["32","33","34"],"angle":46.5,"extra":1}},{"type":"Feature","geometry":{"type":"Point","coordinates":[20.635253,52.10432]},"properties":{"lines":"32, 33, 34","color":"#0059a9","mode":"bus","arr":["32","33","34"],"angle":46.8,"extra":1}},{"type":"Feature","geometry":{"type":"Point","coordinates":[20.753139,52.008865]},"properties":{"lines":"33","color":"#0059a9","mode":"bus","arr":["33"],"angle":39}},{"type":"Feature","geometry":{"type":"Point","coordinates":[20.767667,52.005298]},"properties":{"lines":"33","color":"#0059a9","mode":"bus","arr":["33"],"angle":10.9,"extra":1}},{"type":"Feature","geometry":{"type":"Point","coordinates":[20.764651,52.005669]},"properties":{"lines":"33","color":"#0059a9","mode":"bus","arr":["33"],"angle":11.7,"extra":1}},{"type":"Feature","geometry":{"type":"Point","coordinates":[20.761639,52.006049]},"properties":{"lines":"33","color":"#0059a9","mode":"bus","arr":["33"],"angle":11.1,"extra":1}},{"type":"Feature","geometry":{"type":"Point","coordinates":[20.758721,52.006583]},"properties":{"lines":"33","color":"#0059a9","mode":"bus","arr":["33"],"angle":31.5,"extra":1}},{"type":"Feature","geometry":{"type":"Point","coordinates":[20.756023,52.007489]},"properties":{"lines":"33","color":"#0059a9","mode":"bus","arr":["33"],"angle":30.2,"extra":1}},{"type":"Feature","geometry":{"type":"Point","coordinates":[20.751178,52.00981]},"properties":{"lines":"33","color":"#0059a9","mode":"bus","arr":["33"],"angle":27.5,"extra":1}},{"type":"Feature","geometry":{"type":"Point","coordinates":[20.748157,52.010119]},"properties":{"lines":"33","color":"#0059a9","mode":"bus","arr":["33"],"angle":7.3,"extra":1}},{"type":"Feature","geometry":{"type":"Point","coordinates":[20.745097,52.010288]},"properties":{"lines":"33","color":"#0059a9","mode":"bus","arr":["33"],"angle":1.8,"extra":1}},{"type":"Feature","geometry":{"type":"Point","coordinates":[20.742023,52.010296]},"properties":{"lines":"33","color":"#0059a9","mode":"bus","arr":["33"],"angle":-6.1,"extra":1}},{"type":"Feature","geometry":{"type":"Point","coordinates":[20.739018,52.009989]},"properties":{"lines":"33","color":"#0059a9","mode":"bus","arr":["33"],"angle":2.2,"extra":1}},{"type":"Feature","geometry":{"type":"Point","coordinates":[20.744761,52.020034]},"properties":{"lines":"33, 52","color":"#0059a9","mode":"bus","arr":["33","52"],"angle":0.9}},{"type":"Feature","geometry":{"type":"Point","coordinates":[20.732066,52.020135]},"properties":{"lines":"33, 52","color":"#0059a9","mode":"bus","arr":["33","52"],"angle":0.4,"extra":1}},{"type":"Feature","geometry":{"type":"Point","coordinates":[20.735141,52.020116]},"properties":{"lines":"33, 52","color":"#0059a9","mode":"bus","arr":["33","52"],"angle":0.7,"extra":1}},{"type":"Feature","geometry":{"type":"Point","coordinates":[20.738216,52.020092]},"properties":{"lines":"33, 52","color":"#0059a9","mode":"bus","arr":["33","52"],"angle":0.7,"extra":1}},{"type":"Feature","geometry":{"type":"Point","coordinates":[20.741291,52.020056]},"properties":{"lines":"33, 52","color":"#0059a9","mode":"bus","arr":["33","52"],"angle":0.7,"extra":1}},{"type":"Feature","geometry":{"type":"Point","coordinates":[20.74744,52.019998]},"properties":{"lines":"33, 52","color":"#0059a9","mode":"bus","arr":["33","52"],"angle":1.5,"extra":1}},{"type":"Feature","geometry":{"type":"Point","coordinates":[20.750515,52.019976]},"properties":{"lines":"33, 52","color":"#0059a9","mode":"bus","arr":["33","52"],"angle":0.9,"extra":1}},{"type":"Feature","geometry":{"type":"Point","coordinates":[20.753589,52.019934]},"properties":{"lines":"33, 52","color":"#0059a9","mode":"bus","arr":["33","52"],"angle":1.4,"extra":1}},{"type":"Feature","geometry":{"type":"Point","coordinates":[20.756617,52.020235]},"properties":{"lines":"33, 52","color":"#0059a9","mode":"bus","arr":["33","52"],"angle":-11.7,"extra":1}},{"type":"Feature","geometry":{"type":"Point","coordinates":[20.744394,52.034895]},"properties":{"lines":"33, 52","color":"#0059a9","mode":"bus","arr":["33","52"],"angle":63.4}},{"type":"Feature","geometry":{"type":"Point","coordinates":[20.758356,52.021394]},"properties":{"lines":"33, 52","color":"#0059a9","mode":"bus","arr":["33","52"],"angle":69.7,"extra":1}},{"type":"Feature","geometry":{"type":"Point","coordinates":[20.756791,52.022999]},"properties":{"lines":"33, 52","color":"#0059a9","mode":"bus","arr":["33","52"],"angle":45.2,"extra":1}},{"type":"Feature","geometry":{"type":"Point","coordinates":[20.754685,52.024375]},"properties":{"lines":"33, 52","color":"#0059a9","mode":"bus","arr":["33","52"],"angle":48.4,"extra":1}},{"type":"Feature","geometry":{"type":"Point","coordinates":[20.752962,52.025919]},"properties":{"lines":"33, 52","color":"#0059a9","mode":"bus","arr":["33","52"],"angle":52.9,"extra":1}},{"type":"Feature","geometry":{"type":"Point","coordinates":[20.751226,52.02745]},"properties":{"lines":"33, 52","color":"#0059a9","mode":"bus","arr":["33","52"],"angle":54.5,"extra":1}},{"type":"Feature","geometry":{"type":"Point","coordinates":[20.749768,52.029098]},"properties":{"lines":"33, 52","color":"#0059a9","mode":"bus","arr":["33","52"],"angle":64.3,"extra":1}},{"type":"Feature","geometry":{"type":"Point","coordinates":[20.748451,52.030803]},"properties":{"lines":"33, 52","color":"#0059a9","mode":"bus","arr":["33","52"],"angle":59.6,"extra":1}},{"type":"Feature","geometry":{"type":"Point","coordinates":[20.746947,52.03245]},"properties":{"lines":"33, 52","color":"#0059a9","mode":"bus","arr":["33","52"],"angle":60.3,"extra":1}},{"type":"Feature","geometry":{"type":"Point","coordinates":[20.74272,52.03738]},"properties":{"lines":"33, 52","color":"#0059a9","mode":"bus","arr":["33","52"],"angle":73.9,"extra":1}},{"type":"Feature","geometry":{"type":"Point","coordinates":[20.741395,52.039075]},"properties":{"lines":"33, 52","color":"#0059a9","mode":"bus","arr":["33","52"],"angle":56.3,"extra":1}},{"type":"Feature","geometry":{"type":"Point","coordinates":[20.738998,52.040205]},"properties":{"lines":"33, 52","color":"#0059a9","mode":"bus","arr":["33","52"],"angle":30.2,"extra":1}},{"type":"Feature","geometry":{"type":"Point","coordinates":[20.736346,52.04116]},"properties":{"lines":"33, 52","color":"#0059a9","mode":"bus","arr":["33","52"],"angle":29.3,"extra":1}},{"type":"Feature","geometry":{"type":"Point","coordinates":[20.733672,52.042092]},"properties":{"lines":"33, 52","color":"#0059a9","mode":"bus","arr":["33","52"],"angle":26,"extra":1}},{"type":"Feature","geometry":{"type":"Point","coordinates":[20.73089,52.04289]},"properties":{"lines":"33, 52","color":"#0059a9","mode":"bus","arr":["33","52"],"angle":26.8,"extra":1}},{"type":"Feature","geometry":{"type":"Point","coordinates":[20.728019,52.043552]},"properties":{"lines":"33, 52","color":"#0059a9","mode":"bus","arr":["33","52"],"angle":12.1,"extra":1}},{"type":"Feature","geometry":{"type":"Point","coordinates":[20.724985,52.043462]},"properties":{"lines":"33, 52","color":"#0059a9","mode":"bus","arr":["33","52"],"angle":-14.4,"extra":1}},{"type":"Feature","geometry":{"type":"Point","coordinates":[20.761989,52.006139]},"properties":{"lines":"33","color":"#0059a9","mode":"bus","arr":["33"],"angle":11}},{"type":"Feature","geometry":{"type":"Point","coordinates":[20.645724,52.096695]},"properties":{"lines":"34","color":"#0059a9","mode":"bus","arr":["34"],"angle":65.2}},{"type":"Feature","geometry":{"type":"Point","coordinates":[20.64712,52.094793]},"properties":{"lines":"34","color":"#0059a9","mode":"bus","arr":["34"],"angle":68.1,"extra":1}},{"type":"Feature","geometry":{"type":"Point","coordinates":[20.644571,52.09823]},"properties":{"lines":"34","color":"#0059a9","mode":"bus","arr":["34"],"angle":65.2,"extra":1}},{"type":"Feature","geometry":{"type":"Point","coordinates":[20.648681,52.091406]},"properties":{"lines":"34","color":"#0059a9","mode":"bus","arr":["34"],"angle":73.7}},{"type":"Feature","geometry":{"type":"Point","coordinates":[20.649558,52.089852]},"properties":{"lines":"34","color":"#0059a9","mode":"bus","arr":["34"],"angle":71.6,"extra":1}},{"type":"Feature","geometry":{"type":"Point","coordinates":[20.647927,52.093485]},"properties":{"lines":"34","color":"#0059a9","mode":"bus","arr":["34"],"angle":78.3,"extra":1}},{"type":"Feature","geometry":{"type":"Point","coordinates":[20.652912,52.086111]},"properties":{"lines":"34, 50","color":"#0059a9","mode":"bus","arr":["34","50"],"angle":66}},{"type":"Feature","geometry":{"type":"Point","coordinates":[20.650982,52.088205]},"properties":{"lines":"34, 50","color":"#0059a9","mode":"bus","arr":["34","50"],"angle":50,"extra":1}},{"type":"Feature","geometry":{"type":"Point","coordinates":[20.651862,52.085103]},"properties":{"lines":"34, 50","color":"#0059a9","mode":"bus","arr":["34","50"],"angle":-44.3,"extra":1}},{"type":"Feature","geometry":{"type":"Point","coordinates":[20.64978,52.083718]},"properties":{"lines":"34, 50","color":"#0059a9","mode":"bus","arr":["34","50"],"angle":-53,"extra":1}},{"type":"Feature","geometry":{"type":"Point","coordinates":[20.657906,52.092905]},"properties":{"lines":"34, 50","color":"#0059a9","mode":"bus","arr":["34","50"],"angle":-56}},{"type":"Feature","geometry":{"type":"Point","coordinates":[20.653112,52.090036]},"properties":{"lines":"34, 50","color":"#0059a9","mode":"bus","arr":["34","50"],"angle":-29.9}},{"type":"Feature","geometry":{"type":"Point","coordinates":[20.651413,52.089426]},"properties":{"lines":"34, 50","color":"#0059a9","mode":"bus","arr":["34","50"],"angle":-30,"extra":1}},{"type":"Feature","geometry":{"type":"Point","coordinates":[20.706419,52.085457]},"properties":{"lines":"35","color":"#0059a9","mode":"bus","arr":["35"],"angle":25.3}},{"type":"Feature","geometry":{"type":"Point","coordinates":[20.704492,52.086016]},"properties":{"lines":"35","color":"#0059a9","mode":"bus","arr":["35"],"angle":25.3,"extra":1}},{"type":"Feature","geometry":{"type":"Point","coordinates":[20.705436,52.089655]},"properties":{"lines":"35","color":"#0059a9","mode":"bus","arr":["35"],"angle":-65.8}},{"type":"Feature","geometry":{"type":"Point","coordinates":[20.70721,52.092011]},"properties":{"lines":"35","color":"#0059a9","mode":"bus","arr":["35"],"angle":-64.7,"extra":1}},{"type":"Feature","geometry":{"type":"Point","coordinates":[20.704647,52.088578]},"properties":{"lines":"35","color":"#0059a9","mode":"bus","arr":["35"],"angle":-65.8,"extra":1}},{"type":"Feature","geometry":{"type":"Point","coordinates":[20.703427,52.086846]},"properties":{"lines":"35","color":"#0059a9","mode":"bus","arr":["35"],"angle":-64.9,"extra":1}},{"type":"Feature","geometry":{"type":"Point","coordinates":[20.705132,52.102249]},"properties":{"lines":"35, 55","color":"#0059a9","mode":"bus","arr":["35","55"],"angle":82.8}},{"type":"Feature","geometry":{"type":"Point","coordinates":[20.707004,52.094649]},"properties":{"lines":"35, 55","color":"#0059a9","mode":"bus","arr":["35","55"],"angle":73.8,"extra":1}},{"type":"Feature","geometry":{"type":"Point","coordinates":[20.706228,52.096476]},"properties":{"lines":"35, 55","color":"#0059a9","mode":"bus","arr":["35","55"],"angle":72.7,"extra":1}},{"type":"Feature","geometry":{"type":"Point","coordinates":[20.705518,52.098309]},"properties":{"lines":"35, 55","color":"#0059a9","mode":"bus","arr":["35","55"],"angle":81.1,"extra":1}},{"type":"Feature","geometry":{"type":"Point","coordinates":[20.70514,52.100176]},"properties":{"lines":"35, 55","color":"#0059a9","mode":"bus","arr":["35","55"],"angle":-87.9,"extra":1}},{"type":"Feature","geometry":{"type":"Point","coordinates":[20.704767,52.103929]},"properties":{"lines":"35, 55","color":"#0059a9","mode":"bus","arr":["35","55"],"angle":-89.7,"extra":1}},{"type":"Feature","geometry":{"type":"Point","coordinates":[20.70477,52.105818]},"properties":{"lines":"35, 55","color":"#0059a9","mode":"bus","arr":["35","55"],"angle":89.7,"extra":1}},{"type":"Feature","geometry":{"type":"Point","coordinates":[20.704745,52.107706]},"properties":{"lines":"35, 55","color":"#0059a9","mode":"bus","arr":["35","55"],"angle":89.7,"extra":1}},{"type":"Feature","geometry":{"type":"Point","coordinates":[20.70473,52.109595]},"properties":{"lines":"35, 55","color":"#0059a9","mode":"bus","arr":["35","55"],"angle":89.9,"extra":1}},{"type":"Feature","geometry":{"type":"Point","coordinates":[20.707669,52.093304]},"properties":{"lines":"35","color":"#0059a9","mode":"bus","arr":["35"],"angle":73.3}},{"type":"Feature","geometry":{"type":"Point","coordinates":[20.708841,52.11623]},"properties":{"lines":"35, 55","color":"#0059a9","mode":"bus","arr":["35","55"],"angle":58.7}},{"type":"Feature","geometry":{"type":"Point","coordinates":[20.710376,52.114687]},"properties":{"lines":"35, 55","color":"#0059a9","mode":"bus","arr":["35","55"],"angle":59,"extra":1}},{"type":"Feature","geometry":{"type":"Point","coordinates":[20.707184,52.117915]},"properties":{"lines":"35, 55","color":"#0059a9","mode":"bus","arr":["35","55"],"angle":57.9,"extra":1}},{"type":"Feature","geometry":{"type":"Point","coordinates":[20.70472,52.119809]},"properties":{"lines":"35, 55","color":"#0059a9","mode":"bus","arr":["35","55"],"angle":46.7}},{"type":"Feature","geometry":{"type":"Point","coordinates":[20.703383,52.120657]},"properties":{"lines":"35, 55","color":"#0059a9","mode":"bus","arr":["35","55"],"angle":30.3,"extra":1}},{"type":"Feature","geometry":{"type":"Point","coordinates":[20.701179,52.121039]},"properties":{"lines":"35","color":"#0059a9","mode":"bus","arr":["35"],"angle":14.7}},{"type":"Feature","geometry":{"type":"Point","coordinates":[20.699793,52.121786]},"properties":{"lines":"35","color":"#0059a9","mode":"bus","arr":["35"],"angle":-85.4}},{"type":"Feature","geometry":{"type":"Point","coordinates":[20.699498,52.122968]},"properties":{"lines":"35","color":"#0059a9","mode":"bus","arr":["35"],"angle":62.3}},{"type":"Feature","geometry":{"type":"Point","coordinates":[20.70083,52.126545]},"properties":{"lines":"35","color":"#0059a9","mode":"bus","arr":["35"],"angle":-63.4}},{"type":"Feature","geometry":{"type":"Point","coordinates":[20.69936,52.124415]},"properties":{"lines":"35","color":"#0059a9","mode":"bus","arr":["35"],"angle":-69.6,"extra":1}},{"type":"Feature","geometry":{"type":"Point","coordinates":[20.701415,52.127952]},"properties":{"lines":"35","color":"#0059a9","mode":"bus","arr":["35"],"angle":-79.2,"extra":1}},{"type":"Feature","geometry":{"type":"Point","coordinates":[20.613001,52.198674]},"properties":{"lines":"40","color":"#0059a9","mode":"bus","arr":["40"],"angle":3.8}},{"type":"Feature","geometry":{"type":"Point","coordinates":[20.610599,52.198777]},"properties":{"lines":"40","color":"#0059a9","mode":"bus","arr":["40"],"angle":4.4,"extra":1}},{"type":"Feature","geometry":{"type":"Point","coordinates":[20.616735,52.198521]},"properties":{"lines":"40","color":"#0059a9","mode":"bus","arr":["40"],"angle":4,"extra":1}},{"type":"Feature","geometry":{"type":"Point","coordinates":[20.613268,52.20531]},"properties":{"lines":"40, 42","color":"#0059a9","mode":"bus","arr":["40","42"],"angle":66.9}},{"type":"Feature","geometry":{"type":"Point","coordinates":[20.616545,52.199425]},"properties":{"lines":"40, 42","color":"#0059a9","mode":"bus","arr":["40","42"],"angle":75.7,"extra":1}},{"type":"Feature","geometry":{"type":"Point","coordinates":[20.615742,52.201248]},"properties":{"lines":"40, 42","color":"#0059a9","mode":"bus","arr":["40","42"],"angle":73.1,"extra":1}},{"type":"Feature","geometry":{"type":"Point","coordinates":[20.614718,52.203028]},"properties":{"lines":"40, 42","color":"#0059a9","mode":"bus","arr":["40","42"],"angle":69.6,"extra":1}},{"type":"Feature","geometry":{"type":"Point","coordinates":[20.612313,52.2065]},"properties":{"lines":"40, 42","color":"#0059a9","mode":"bus","arr":["40","42"],"angle":63.6,"extra":1}},{"type":"Feature","geometry":{"type":"Point","coordinates":[20.610933,52.208187]},"properties":{"lines":"40, 42","color":"#0059a9","mode":"bus","arr":["40","42"],"angle":63.1,"extra":1}},{"type":"Feature","geometry":{"type":"Point","coordinates":[20.609543,52.209872]},"properties":{"lines":"40, 42","color":"#0059a9","mode":"bus","arr":["40","42"],"angle":63,"extra":1}},{"type":"Feature","geometry":{"type":"Point","coordinates":[20.608068,52.211529]},"properties":{"lines":"40, 42","color":"#0059a9","mode":"bus","arr":["40","42"],"angle":62,"extra":1}},{"type":"Feature","geometry":{"type":"Point","coordinates":[20.607591,52.212225]},"properties":{"lines":"40, 42, 92, 93","color":"#0059a9","mode":"bus","arr":["40","42","92","93"],"angle":-81.3}},{"type":"Feature","geometry":{"type":"Point","coordinates":[20.605344,52.218449]},"properties":{"lines":"40, 42, 92, 93","color":"#0059a9","mode":"bus","arr":["40","42","92","93"],"angle":72.8}},{"type":"Feature","geometry":{"type":"Point","coordinates":[20.607749,52.213688]},"properties":{"lines":"40, 42, 92, 93","color":"#0059a9","mode":"bus","arr":["40","42","92","93"],"angle":79.8,"extra":1}},{"type":"Feature","geometry":{"type":"Point","coordinates":[20.606853,52.215494]},"properties":{"lines":"40, 42, 92, 93","color":"#0059a9","mode":"bus","arr":["40","42","92","93"],"angle":72.2,"extra":1}},{"type":"Feature","geometry":{"type":"Point","coordinates":[20.605928,52.217295]},"properties":{"lines":"40, 42, 92, 93","color":"#0059a9","mode":"bus","arr":["40","42","92","93"],"angle":72.8,"extra":1}},{"type":"Feature","geometry":{"type":"Point","coordinates":[20.604104,52.220903]},"properties":{"lines":"40, 42, 92, 93","color":"#0059a9","mode":"bus","arr":["40","42","92","93"],"angle":72.8,"extra":1}},{"type":"Feature","geometry":{"type":"Point","coordinates":[20.603193,52.222706]},"properties":{"lines":"40, 42, 92, 93","color":"#0059a9","mode":"bus","arr":["40","42","92","93"],"angle":72.5,"extra":1}},{"type":"Feature","geometry":{"type":"Point","coordinates":[20.599812,52.224094]},"properties":{"lines":"40","color":"#0059a9","mode":"bus","arr":["40"],"angle":-0.6}},{"type":"Feature","geometry":{"type":"Point","coordinates":[20.605764,52.21514]},"properties":{"lines":"40","color":"#0059a9","mode":"bus","arr":["40"],"angle":25.8,"extra":1}},{"type":"Feature","geometry":{"type":"Point","coordinates":[20.602915,52.215811]},"properties":{"lines":"40","color":"#0059a9","mode":"bus","arr":["40"],"angle":6.7,"extra":1}},{"type":"Feature","geometry":{"type":"Point","coordinates":[20.599847,52.215877]},"properties":{"lines":"40","color":"#0059a9","mode":"bus","arr":["40"],"angle":-0.6,"extra":1}},{"type":"Feature","geometry":{"type":"Point","coordinates":[20.596773,52.215882]},"properties":{"lines":"40","color":"#0059a9","mode":"bus","arr":["40"],"angle":1,"extra":1}},{"type":"Feature","geometry":{"type":"Point","coordinates":[20.593712,52.216022]},"properties":{"lines":"40","color":"#0059a9","mode":"bus","arr":["40"],"angle":9.8,"extra":1}},{"type":"Feature","geometry":{"type":"Point","coordinates":[20.590682,52.216342]},"properties":{"lines":"40","color":"#0059a9","mode":"bus","arr":["40"],"angle":9.8,"extra":1}},{"type":"Feature","geometry":{"type":"Point","coordinates":[20.587851,52.216706]},"properties":{"lines":"40","color":"#0059a9","mode":"bus","arr":["40"],"angle":85.6,"extra":1}},{"type":"Feature","geometry":{"type":"Point","coordinates":[20.588979,52.218462]},"properties":{"lines":"40","color":"#0059a9","mode":"bus","arr":["40"],"angle":-69.3,"extra":1}},{"type":"Feature","geometry":{"type":"Point","coordinates":[20.590066,52.220228]},"properties":{"lines":"40","color":"#0059a9","mode":"bus","arr":["40"],"angle":-69.3,"extra":1}},{"type":"Feature","geometry":{"type":"Point","coordinates":[20.591153,52.221995]},"properties":{"lines":"40","color":"#0059a9","mode":"bus","arr":["40"],"angle":-69.3,"extra":1}},{"type":"Feature","geometry":{"type":"Point","coordinates":[20.592205,52.223768]},"properties":{"lines":"40","color":"#0059a9","mode":"bus","arr":["40"],"angle":-68.2,"extra":1}},{"type":"Feature","geometry":{"type":"Point","coordinates":[20.594979,52.224072]},"properties":{"lines":"40","color":"#0059a9","mode":"bus","arr":["40"],"angle":-0.3,"extra":1}},{"type":"Feature","geometry":{"type":"Point","coordinates":[20.604202,52.224111]},"properties":{"lines":"40","color":"#0059a9","mode":"bus","arr":["40"],"angle":0.1,"extra":1}},{"type":"Feature","geometry":{"type":"Point","coordinates":[20.607181,52.224215]},"properties":{"lines":"40","color":"#0059a9","mode":"bus","arr":["40"],"angle":-58.3,"extra":1}},{"type":"Feature","geometry":{"type":"Point","coordinates":[20.607384,52.226099]},"properties":{"lines":"40","color":"#0059a9","mode":"bus","arr":["40"],"angle":-86.3,"extra":1}},{"type":"Feature","geometry":{"type":"Point","coordinates":[20.608034,52.227791]},"properties":{"lines":"40","color":"#0059a9","mode":"bus","arr":["40"],"angle":-14.6,"extra":1}},{"type":"Feature","geometry":{"type":"Point","coordinates":[20.611071,52.228084]},"properties":{"lines":"40","color":"#0059a9","mode":"bus","arr":["40"],"angle":-10.1,"extra":1}},{"type":"Feature","geometry":{"type":"Point","coordinates":[20.614054,52.228533]},"properties":{"lines":"40","color":"#0059a9","mode":"bus","arr":["40"],"angle":-18.4,"extra":1}},{"type":"Feature","geometry":{"type":"Point","coordinates":[20.616921,52.229214]},"properties":{"lines":"40","color":"#0059a9","mode":"bus","arr":["40"],"angle":-22,"extra":1}},{"type":"Feature","geometry":{"type":"Point","coordinates":[20.619773,52.229921]},"properties":{"lines":"40","color":"#0059a9","mode":"bus","arr":["40"],"angle":-22,"extra":1}},{"type":"Feature","geometry":{"type":"Point","coordinates":[20.622624,52.230628]},"properties":{"lines":"40","color":"#0059a9","mode":"bus","arr":["40"],"angle":-22,"extra":1}},{"type":"Feature","geometry":{"type":"Point","coordinates":[20.625475,52.231335]},"properties":{"lines":"40","color":"#0059a9","mode":"bus","arr":["40"],"angle":-22,"extra":1}},{"type":"Feature","geometry":{"type":"Point","coordinates":[20.628331,52.232036]},"properties":{"lines":"40","color":"#0059a9","mode":"bus","arr":["40"],"angle":-20.1,"extra":1}},{"type":"Feature","geometry":{"type":"Point","coordinates":[20.63131,52.232498]},"properties":{"lines":"40","color":"#0059a9","mode":"bus","arr":["40"],"angle":-12.6,"extra":1}},{"type":"Feature","geometry":{"type":"Point","coordinates":[20.624404,52.238493]},"properties":{"lines":"40","color":"#0059a9","mode":"bus","arr":["40"],"angle":43}},{"type":"Feature","geometry":{"type":"Point","coordinates":[20.647962,52.241266]},"properties":{"lines":"40","color":"#0059a9","mode":"bus","arr":["40"],"angle":77.8,"extra":1}},{"type":"Feature","geometry":{"type":"Point","coordinates":[20.64661,52.24255]},"properties":{"lines":"40","color":"#0059a9","mode":"bus","arr":["40"],"angle":5.1,"extra":1}},{"type":"Feature","geometry":{"type":"Point","coordinates":[20.643598,52.242919]},"properties":{"lines":"40","color":"#0059a9","mode":"bus","arr":["40"],"angle":12.8,"extra":1}},{"type":"Feature","geometry":{"type":"Point","coordinates":[20.640557,52.243173]},"properties":{"lines":"40","color":"#0059a9","mode":"bus","arr":["40"],"angle":4.2,"extra":1}},{"type":"Feature","geometry":{"type":"Point","coordinates":[20.63749,52.243311]},"properties":{"lines":"40","color":"#0059a9","mode":"bus","arr":["40"],"angle":4.6,"extra":1}},{"type":"Feature","geometry":{"type":"Point","coordinates":[20.634422,52.243288]},"properties":{"lines":"40","color":"#0059a9","mode":"bus","arr":["40"],"angle":-1.5,"extra":1}},{"type":"Feature","geometry":{"type":"Point","coordinates":[20.631347,52.243259]},"properties":{"lines":"40","color":"#0059a9","mode":"bus","arr":["40"],"angle":-0.9,"extra":1}},{"type":"Feature","geometry":{"type":"Point","coordinates":[20.628272,52.243231]},"properties":{"lines":"40","color":"#0059a9","mode":"bus","arr":["40"],"angle":-0.8,"extra":1}},{"type":"Feature","geometry":{"type":"Point","coordinates":[20.625197,52.243203]},"properties":{"lines":"40","color":"#0059a9","mode":"bus","arr":["40"],"angle":-0.8,"extra":1}},{"type":"Feature","geometry":{"type":"Point","coordinates":[20.622123,52.243173]},"properties":{"lines":"40","color":"#0059a9","mode":"bus","arr":["40"],"angle":-0.6,"extra":1}},{"type":"Feature","geometry":{"type":"Point","coordinates":[20.620921,52.242002]},"properties":{"lines":"40","color":"#0059a9","mode":"bus","arr":["40"],"angle":-89.3,"extra":1}},{"type":"Feature","geometry":{"type":"Point","coordinates":[20.621357,52.240237]},"properties":{"lines":"40","color":"#0059a9","mode":"bus","arr":["40"],"angle":43,"extra":1}},{"type":"Feature","geometry":{"type":"Point","coordinates":[20.625856,52.237661]},"properties":{"lines":"40","color":"#0059a9","mode":"bus","arr":["40"],"angle":43,"extra":1}},{"type":"Feature","geometry":{"type":"Point","coordinates":[20.628105,52.236373]},"properties":{"lines":"40","color":"#0059a9","mode":"bus","arr":["40"],"angle":43,"extra":1}},{"type":"Feature","geometry":{"type":"Point","coordinates":[20.630354,52.235086]},"properties":{"lines":"40","color":"#0059a9","mode":"bus","arr":["40"],"angle":43,"extra":1}},{"type":"Feature","geometry":{"type":"Point","coordinates":[20.632268,52.233629]},"properties":{"lines":"40","color":"#0059a9","mode":"bus","arr":["40"],"angle":58.7,"extra":1}},{"type":"Feature","geometry":{"type":"Point","coordinates":[20.63446,52.232417]},"properties":{"lines":"40","color":"#0059a9","mode":"bus","arr":["40"],"angle":15.6,"extra":1}},{"type":"Feature","geometry":{"type":"Point","coordinates":[20.637347,52.232015]},"properties":{"lines":"40","color":"#0059a9","mode":"bus","arr":["40"],"angle":61.2,"extra":1}},{"type":"Feature","geometry":{"type":"Point","coordinates":[20.638898,52.230738]},"properties":{"lines":"40","color":"#0059a9","mode":"bus","arr":["40"],"angle":49.7,"extra":1}},{"type":"Feature","geometry":{"type":"Point","coordinates":[20.640753,52.229765]},"properties":{"lines":"40","color":"#0059a9","mode":"bus","arr":["40"],"angle":-87.3,"extra":1}},{"type":"Feature","geometry":{"type":"Point","coordinates":[20.642065,52.228267]},"properties":{"lines":"40","color":"#0059a9","mode":"bus","arr":["40"],"angle":48.1,"extra":1}},{"type":"Feature","geometry":{"type":"Point","coordinates":[20.644259,52.226961]},"properties":{"lines":"40","color":"#0059a9","mode":"bus","arr":["40"],"angle":54.2,"extra":1}},{"type":"Feature","geometry":{"type":"Point","coordinates":[20.645999,52.225439]},"properties":{"lines":"40","color":"#0059a9","mode":"bus","arr":["40"],"angle":51,"extra":1}},{"type":"Feature","geometry":{"type":"Point","coordinates":[20.647652,52.223852]},"properties":{"lines":"40","color":"#0059a9","mode":"bus","arr":["40"],"angle":62.7,"extra":1}},{"type":"Feature","geometry":{"type":"Point","coordinates":[20.649808,52.222835]},"properties":{"lines":"40","color":"#0059a9","mode":"bus","arr":["40"],"angle":3.5,"extra":1}},{"type":"Feature","geometry":{"type":"Point","coordinates":[20.647508,52.234811]},"properties":{"lines":"40","color":"#0059a9","mode":"bus","arr":["40"],"angle":-85.5}},{"type":"Feature","geometry":{"type":"Point","coordinates":[20.647895,52.230126]},"properties":{"lines":"40","color":"#0059a9","mode":"bus","arr":["40"],"angle":75.5,"extra":1}},{"type":"Feature","geometry":{"type":"Point","coordinates":[20.647322,52.231976]},"properties":{"lines":"40","color":"#0059a9","mode":"bus","arr":["40"],"angle":86.4,"extra":1}},{"type":"Feature","geometry":{"type":"Point","coordinates":[20.647634,52.237626]},"properties":{"lines":"40","color":"#0059a9","mode":"bus","arr":["40"],"angle":85.1,"extra":1}},{"type":"Feature","geometry":{"type":"Point","coordinates":[20.647534,52.239505]},"properties":{"lines":"40","color":"#0059a9","mode":"bus","arr":["40"],"angle":-76.5,"extra":1}},{"type":"Feature","geometry":{"type":"Point","coordinates":[20.649426,52.226034]},"properties":{"lines":"40, 49","color":"#0059a9","mode":"bus","arr":["40","49"],"angle":82.6}},{"type":"Feature","geometry":{"type":"Point","coordinates":[20.649943,52.223745]},"properties":{"lines":"40, 49","color":"#0059a9","mode":"bus","arr":["40","49"],"angle":69.8,"extra":1}},{"type":"Feature","geometry":{"type":"Point","coordinates":[20.649123,52.227464]},"properties":{"lines":"40, 49","color":"#0059a9","mode":"bus","arr":["40","49"],"angle":82.6,"extra":1}},{"type":"Feature","geometry":{"type":"Point","coordinates":[20.619954,52.198973]},"properties":{"lines":"40, 42","color":"#0059a9","mode":"bus","arr":["40","42"],"angle":-21.6}},{"type":"Feature","geometry":{"type":"Point","coordinates":[20.467501,52.242061]},"properties":{"lines":"41","color":"#0059a9","mode":"bus","arr":["41"],"angle":-5}},{"type":"Feature","geometry":{"type":"Point","coordinates":[20.455341,52.24208]},"properties":{"lines":"41","color":"#0059a9","mode":"bus","arr":["41"],"angle":4.4,"extra":1}},{"type":"Feature","geometry":{"type":"Point","coordinates":[20.458408,52.241945]},"properties":{"lines":"41","color":"#0059a9","mode":"bus","arr":["41"],"angle":3.5,"extra":1}},{"type":"Feature","geometry":{"type":"Point","coordinates":[20.461478,52.241945]},"properties":{"lines":"41","color":"#0059a9","mode":"bus","arr":["41"],"angle":3,"extra":1}},{"type":"Feature","geometry":{"type":"Point","coordinates":[20.464546,52.241898]},"properties":{"lines":"41","color":"#0059a9","mode":"bus","arr":["41"],"angle":-5.1,"extra":1}},{"type":"Feature","geometry":{"type":"Point","coordinates":[20.470672,52.24223]},"properties":{"lines":"41","color":"#0059a9","mode":"bus","arr":["41"],"angle":-4.6,"extra":1}},{"type":"Feature","geometry":{"type":"Point","coordinates":[20.473737,52.242382]},"properties":{"lines":"41","color":"#0059a9","mode":"bus","arr":["41"],"angle":-4.3,"extra":1}},{"type":"Feature","geometry":{"type":"Point","coordinates":[20.476803,52.242534]},"properties":{"lines":"41","color":"#0059a9","mode":"bus","arr":["41"],"angle":-4.7,"extra":1}},{"type":"Feature","geometry":{"type":"Point","coordinates":[20.479867,52.242689]},"properties":{"lines":"41","color":"#0059a9","mode":"bus","arr":["41"],"angle":-4.8,"extra":1}},{"type":"Feature","geometry":{"type":"Point","coordinates":[20.52275,52.248609]},"properties":{"lines":"41","color":"#0059a9","mode":"bus","arr":["41"],"angle":15.3}},{"type":"Feature","geometry":{"type":"Point","coordinates":[20.515762,52.249771]},"properties":{"lines":"41","color":"#0059a9","mode":"bus","arr":["41"],"angle":13.6,"extra":1}},{"type":"Feature","geometry":{"type":"Point","coordinates":[20.518731,52.249279]},"properties":{"lines":"41","color":"#0059a9","mode":"bus","arr":["41"],"angle":15.2,"extra":1}},{"type":"Feature","geometry":{"type":"Point","coordinates":[20.524666,52.248288]},"properties":{"lines":"41","color":"#0059a9","mode":"bus","arr":["41"],"angle":15.3,"extra":1}},{"type":"Feature","geometry":{"type":"Point","coordinates":[20.527632,52.24779]},"properties":{"lines":"41","color":"#0059a9","mode":"bus","arr":["41"],"angle":15.9,"extra":1}},{"type":"Feature","geometry":{"type":"Point","coordinates":[20.530583,52.247259]},"properties":{"lines":"41","color":"#0059a9","mode":"bus","arr":["41"],"angle":15.8,"extra":1}},{"type":"Feature","geometry":{"type":"Point","coordinates":[20.495573,52.242361]},"properties":{"lines":"41","color":"#0059a9","mode":"bus","arr":["41"],"angle":16.4}},{"type":"Feature","geometry":{"type":"Point","coordinates":[20.482708,52.242887]},"properties":{"lines":"41","color":"#0059a9","mode":"bus","arr":["41"],"angle":-7.3,"extra":1}},{"type":"Feature","geometry":{"type":"Point","coordinates":[20.485756,52.243135]},"properties":{"lines":"41","color":"#0059a9","mode":"bus","arr":["41"],"angle":-7.4,"extra":1}},{"type":"Feature","geometry":{"type":"Point","coordinates":[20.488805,52.243382]},"properties":{"lines":"41","color":"#0059a9","mode":"bus","arr":["41"],"angle":-7.6,"extra":1}},{"type":"Feature","geometry":{"type":"Point","coordinates":[20.491846,52.243457]},"properties":{"lines":"41","color":"#0059a9","mode":"bus","arr":["41"],"angle":20.5,"extra":1}},{"type":"Feature","geometry":{"type":"Point","coordinates":[20.497468,52.242025]},"properties":{"lines":"41","color":"#0059a9","mode":"bus","arr":["41"],"angle":15.4,"extra":1}},{"type":"Feature","geometry":{"type":"Point","coordinates":[20.500432,52.241521]},"properties":{"lines":"41","color":"#0059a9","mode":"bus","arr":["41"],"angle":15.5,"extra":1}},{"type":"Feature","geometry":{"type":"Point","coordinates":[20.503395,52.241017]},"properties":{"lines":"41","color":"#0059a9","mode":"bus","arr":["41"],"angle":15.5,"extra":1}},{"type":"Feature","geometry":{"type":"Point","coordinates":[20.506361,52.240518]},"properties":{"lines":"41","color":"#0059a9","mode":"bus","arr":["41"],"angle":14,"extra":1}},{"type":"Feature","geometry":{"type":"Point","coordinates":[20.509365,52.240135]},"properties":{"lines":"41","color":"#0059a9","mode":"bus","arr":["41"],"angle":5.7,"extra":1}},{"type":"Feature","geometry":{"type":"Point","coordinates":[20.511705,52.245155]},"properties":{"lines":"41","color":"#0059a9","mode":"bus","arr":["41"],"angle":-83.8}},{"type":"Feature","geometry":{"type":"Point","coordinates":[20.510331,52.241026]},"properties":{"lines":"41","color":"#0059a9","mode":"bus","arr":["41"],"angle":-78.7,"extra":1}},{"type":"Feature","geometry":{"type":"Point","coordinates":[20.511034,52.24286]},"properties":{"lines":"41","color":"#0059a9","mode":"bus","arr":["41"],"angle":-68.5,"extra":1}},{"type":"Feature","geometry":{"type":"Point","coordinates":[20.511957,52.246579]},"properties":{"lines":"41","color":"#0059a9","mode":"bus","arr":["41"],"angle":-83.5,"extra":1}},{"type":"Feature","geometry":{"type":"Point","coordinates":[20.512543,52.248424]},"properties":{"lines":"41","color":"#0059a9","mode":"bus","arr":["41"],"angle":-68.4,"extra":1}},{"type":"Feature","geometry":{"type":"Point","coordinates":[20.540178,52.24591]},"properties":{"lines":"41, 43","color":"#0059a9","mode":"bus","arr":["41","43"],"angle":14.3}},{"type":"Feature","geometry":{"type":"Point","coordinates":[20.532672,52.246878]},"properties":{"lines":"41, 43","color":"#0059a9","mode":"bus","arr":["41","43"],"angle":17.6,"extra":1}},{"type":"Feature","geometry":{"type":"Point","coordinates":[20.535553,52.246219]},"properties":{"lines":"41, 43","color":"#0059a9","mode":"bus","arr":["41","43"],"angle":21.4,"extra":1}},{"type":"Feature","geometry":{"type":"Point","coordinates":[20.544427,52.244944]},"properties":{"lines":"41, 43","color":"#0059a9","mode":"bus","arr":["41","43"],"angle":21.6,"extra":1}},{"type":"Feature","geometry":{"type":"Point","coordinates":[20.547289,52.244268]},"properties":{"lines":"41, 43","color":"#0059a9","mode":"bus","arr":["41","43"],"angle":14.4,"extra":1}},{"type":"Feature","geometry":{"type":"Point","coordinates":[20.55891,52.249308]},"properties":{"lines":"41","color":"#0059a9","mode":"bus","arr":["41"],"angle":-29.3}},{"type":"Feature","geometry":{"type":"Point","coordinates":[20.569883,52.252954]},"properties":{"lines":"41","color":"#0059a9","mode":"bus","arr":["41"],"angle":-29.2,"extra":1}},{"type":"Feature","geometry":{"type":"Point","coordinates":[20.567119,52.252142]},"properties":{"lines":"41","color":"#0059a9","mode":"bus","arr":["41"],"angle":-29.5,"extra":1}},{"type":"Feature","geometry":{"type":"Point","coordinates":[20.564444,52.251211]},"properties":{"lines":"41","color":"#0059a9","mode":"bus","arr":["41"],"angle":-29.5,"extra":1}},{"type":"Feature","geometry":{"type":"Point","coordinates":[20.561763,52.250286]},"properties":{"lines":"41","color":"#0059a9","mode":"bus","arr":["41"],"angle":-29.1,"extra":1}},{"type":"Feature","geometry":{"type":"Point","coordinates":[20.556401,52.248436]},"properties":{"lines":"41","color":"#0059a9","mode":"bus","arr":["41"],"angle":-29.5,"extra":1}},{"type":"Feature","geometry":{"type":"Point","coordinates":[20.553726,52.247505]},"properties":{"lines":"41","color":"#0059a9","mode":"bus","arr":["41"],"angle":-29.5,"extra":1}},{"type":"Feature","geometry":{"type":"Point","coordinates":[20.551042,52.246583]},"properties":{"lines":"41","color":"#0059a9","mode":"bus","arr":["41"],"angle":-28.5,"extra":1}},{"type":"Feature","geometry":{"type":"Point","coordinates":[20.549381,52.245156]},"properties":{"lines":"41","color":"#0059a9","mode":"bus","arr":["41"],"angle":-76.9,"extra":1}},{"type":"Feature","geometry":{"type":"Point","coordinates":[20.579616,52.253195]},"properties":{"lines":"41","color":"#0059a9","mode":"bus","arr":["41"],"angle":6.9}},{"type":"Feature","geometry":{"type":"Point","coordinates":[20.572273,52.253627]},"properties":{"lines":"41","color":"#0059a9","mode":"bus","arr":["41"],"angle":2.6,"extra":1}},{"type":"Feature","geometry":{"type":"Point","coordinates":[20.575341,52.253513]},"properties":{"lines":"41","color":"#0059a9","mode":"bus","arr":["41"],"angle":6.1,"extra":1}},{"type":"Feature","geometry":{"type":"Point","coordinates":[20.584486,52.252772]},"properties":{"lines":"41","color":"#0059a9","mode":"bus","arr":["41"],"angle":8.7,"extra":1}},{"type":"Feature","geometry":{"type":"Point","coordinates":[20.587503,52.252409]},"properties":{"lines":"41","color":"#0059a9","mode":"bus","arr":["41"],"angle":11.8,"extra":1}},{"type":"Feature","geometry":{"type":"Point","coordinates":[20.589676,52.254594]},"properties":{"lines":"41, 42, 92, 93","color":"#0059a9","mode":"bus","arr":["41","42","92","93"],"angle":-69.7}},{"type":"Feature","geometry":{"type":"Point","coordinates":[20.590513,52.255981]},"properties":{"lines":"41, 42, 92, 93","color":"#0059a9","mode":"bus","arr":["41","42","92","93"],"angle":-71,"extra":1}},{"type":"Feature","geometry":{"type":"Point","coordinates":[20.588434,52.252428]},"properties":{"lines":"41, 42, 92, 93","color":"#0059a9","mode":"bus","arr":["41","42","92","93"],"angle":-77.5,"extra":1}},{"type":"Feature","geometry":{"type":"Point","coordinates":[20.589057,52.256968]},"properties":{"lines":"41, 42, 92, 93","color":"#0059a9","mode":"bus","arr":["41","42","92","93"],"angle":3.7}},{"type":"Feature","geometry":{"type":"Point","coordinates":[20.587296,52.257439]},"properties":{"lines":"41, 42, 92, 93","color":"#0059a9","mode":"bus","arr":["41","42","92","93"],"angle":-80.4}},{"type":"Feature","geometry":{"type":"Point","coordinates":[20.589306,52.257931]},"properties":{"lines":"43, 93","color":"#0059a9","mode":"bus","arr":["43","93"],"angle":-3.8}},{"type":"Feature","geometry":{"type":"Point","coordinates":[20.586986,52.257821]},"properties":{"lines":"41, 42, 43, 92, 93","color":"#0059a9","mode":"bus","arr":["41","42","43","92","93"],"angle":-3.8}},{"type":"Feature","geometry":{"type":"Point","coordinates":[20.58602,52.257586]},"properties":{"lines":"41, 42, 43, 44, 92","color":"#0059a9","mode":"bus","arr":["41","42","43","44","92"],"angle":32.7}},{"type":"Feature","geometry":{"type":"Point","coordinates":[20.582787,52.257643]},"properties":{"lines":"41, 42, 43, 44, 92","color":"#0059a9","mode":"bus","arr":["41","42","43","44","92"],"angle":-3.8}},{"type":"Feature","geometry":{"type":"Point","coordinates":[20.580271,52.25998]},"properties":{"lines":"41","color":"#0059a9","mode":"bus","arr":["41"],"angle":-81.3}},{"type":"Feature","geometry":{"type":"Point","coordinates":[20.580662,52.261505]},"properties":{"lines":"41","color":"#0059a9","mode":"bus","arr":["41"],"angle":-81.1,"extra":1}},{"type":"Feature","geometry":{"type":"Point","coordinates":[20.579706,52.257774]},"properties":{"lines":"41","color":"#0059a9","mode":"bus","arr":["41"],"angle":-85.1,"extra":1}},{"type":"Feature","geometry":{"type":"Point","coordinates":[20.577081,52.262675]},"properties":{"lines":"41","color":"#0059a9","mode":"bus","arr":["41"],"angle":-12.2}},{"type":"Feature","geometry":{"type":"Point","coordinates":[20.579423,52.262671]},"properties":{"lines":"41","color":"#0059a9","mode":"bus","arr":["41"],"angle":23.9,"extra":1}},{"type":"Feature","geometry":{"type":"Point","coordinates":[20.573468,52.262492]},"properties":{"lines":"41","color":"#0059a9","mode":"bus","arr":["41"],"angle":5.1,"extra":1}},{"type":"Feature","geometry":{"type":"Point","coordinates":[20.572907,52.261528]},"properties":{"lines":"41","color":"#0059a9","mode":"bus","arr":["41"],"angle":-82}},{"type":"Feature","geometry":{"type":"Point","coordinates":[20.573251,52.263441]},"properties":{"lines":"41","color":"#0059a9","mode":"bus","arr":["41"],"angle":-84.2,"extra":1}},{"type":"Feature","geometry":{"type":"Point","coordinates":[20.572513,52.259691]},"properties":{"lines":"41","color":"#0059a9","mode":"bus","arr":["41"],"angle":-80.9,"extra":1}},{"type":"Feature","geometry":{"type":"Point","coordinates":[20.563306,52.264716]},"properties":{"lines":"41","color":"#0059a9","mode":"bus","arr":["41"],"angle":0.5}},{"type":"Feature","geometry":{"type":"Point","coordinates":[20.571874,52.264458]},"properties":{"lines":"41","color":"#0059a9","mode":"bus","arr":["41"],"angle":4.2,"extra":1}},{"type":"Feature","geometry":{"type":"Point","coordinates":[20.568805,52.264577]},"properties":{"lines":"41","color":"#0059a9","mode":"bus","arr":["41"],"angle":4.4,"extra":1}},{"type":"Feature","geometry":{"type":"Point","coordinates":[20.565736,52.264678]},"properties":{"lines":"41","color":"#0059a9","mode":"bus","arr":["41"],"angle":1.1,"extra":1}},{"type":"Feature","geometry":{"type":"Point","coordinates":[20.559586,52.264698]},"properties":{"lines":"41","color":"#0059a9","mode":"bus","arr":["41"],"angle":-0.6,"extra":1}},{"type":"Feature","geometry":{"type":"Point","coordinates":[20.556512,52.264677]},"properties":{"lines":"41","color":"#0059a9","mode":"bus","arr":["41"],"angle":-0.5,"extra":1}},{"type":"Feature","geometry":{"type":"Point","coordinates":[20.553437,52.264662]},"properties":{"lines":"41","color":"#0059a9","mode":"bus","arr":["41"],"angle":-5.2,"extra":1}},{"type":"Feature","geometry":{"type":"Point","coordinates":[20.557227,52.261812]},"properties":{"lines":"41","color":"#0059a9","mode":"bus","arr":["41"],"angle":47.6}},{"type":"Feature","geometry":{"type":"Point","coordinates":[20.554211,52.263918]},"properties":{"lines":"41","color":"#0059a9","mode":"bus","arr":["41"],"angle":48.7,"extra":1}},{"type":"Feature","geometry":{"type":"Point","coordinates":[20.560422,52.259734]},"properties":{"lines":"41","color":"#0059a9","mode":"bus","arr":["41"],"angle":42,"extra":1}},{"type":"Feature","geometry":{"type":"Point","coordinates":[20.566629,52.259493]},"properties":{"lines":"41","color":"#0059a9","mode":"bus","arr":["41"],"angle":2.3}},{"type":"Feature","geometry":{"type":"Point","coordinates":[20.563025,52.259272]},"properties":{"lines":"41","color":"#0059a9","mode":"bus","arr":["41"],"angle":-6,"extra":1}},{"type":"Feature","geometry":{"type":"Point","coordinates":[20.569138,52.25941]},"properties":{"lines":"41","color":"#0059a9","mode":"bus","arr":["41"],"angle":7.2,"extra":1}},{"type":"Feature","geometry":{"type":"Point","coordinates":[20.24131,52.217147]},"properties":{"lines":"42","color":"#0059a9","mode":"bus","arr":["42"],"angle":-38.8}},{"type":"Feature","geometry":{"type":"Point","coordinates":[20.241085,52.218684]},"properties":{"lines":"42","color":"#0059a9","mode":"bus","arr":["42"],"angle":54.2}},{"type":"Feature","geometry":{"type":"Point","coordinates":[20.237337,52.220751]},"properties":{"lines":"42","color":"#0059a9","mode":"bus","arr":["42"],"angle":52.9}},{"type":"Feature","geometry":{"type":"Point","coordinates":[20.23715,52.225821]},"properties":{"lines":"42","color":"#0059a9","mode":"bus","arr":["42"],"angle":-78.3}},{"type":"Feature","geometry":{"type":"Point","coordinates":[20.236232,52.223238]},"properties":{"lines":"42","color":"#0059a9","mode":"bus","arr":["42"],"angle":-77.5,"extra":1}},{"type":"Feature","geometry":{"type":"Point","coordinates":[20.23815,52.22878]},"properties":{"lines":"42","color":"#0059a9","mode":"bus","arr":["42"],"angle":-77.7,"extra":1}},{"type":"Feature","geometry":{"type":"Point","coordinates":[20.23913,52.229247]},"properties":{"lines":"42","color":"#0059a9","mode":"bus","arr":["42"],"angle":9.4}},{"type":"Feature","geometry":{"type":"Point","coordinates":[20.241403,52.230899]},"properties":{"lines":"42","color":"#0059a9","mode":"bus","arr":["42"],"angle":-66.1}},{"type":"Feature","geometry":{"type":"Point","coordinates":[20.244317,52.232472]},"properties":{"lines":"42","color":"#0059a9","mode":"bus","arr":["42"],"angle":7.9}},{"type":"Feature","geometry":{"type":"Point","coordinates":[20.250523,52.241056]},"properties":{"lines":"42","color":"#0059a9","mode":"bus","arr":["42"],"angle":-71.6}},{"type":"Feature","geometry":{"type":"Point","coordinates":[20.246661,52.233181]},"properties":{"lines":"42","color":"#0059a9","mode":"bus","arr":["42"],"angle":-60.2,"extra":1}},{"type":"Feature","geometry":{"type":"Point","coordinates":[20.248088,52.234853]},"properties":{"lines":"42","color":"#0059a9","mode":"bus","arr":["42"],"angle":-64.1,"extra":1}},{"type":"Feature","geometry":{"type":"Point","coordinates":[20.248786,52.236675]},"properties":{"lines":"42","color":"#0059a9","mode":"bus","arr":["42"],"angle":-83.2,"extra":1}},{"type":"Feature","geometry":{"type":"Point","coordinates":[20.249282,52.238537]},"properties":{"lines":"42","color":"#0059a9","mode":"bus","arr":["42"],"angle":-76.4,"extra":1}},{"type":"Feature","geometry":{"type":"Point","coordinates":[20.251819,52.243976]},"properties":{"lines":"42","color":"#0059a9","mode":"bus","arr":["42"],"angle":-75.7,"extra":1}},{"type":"Feature","geometry":{"type":"Point","coordinates":[20.252842,52.245751]},"properties":{"lines":"42","color":"#0059a9","mode":"bus","arr":["42"],"angle":-56.7,"extra":1}},{"type":"Feature","geometry":{"type":"Point","coordinates":[20.254882,52.247163]},"properties":{"lines":"42","color":"#0059a9","mode":"bus","arr":["42"],"angle":-47.5,"extra":1}},{"type":"Feature","geometry":{"type":"Point","coordinates":[20.256963,52.248553]},"properties":{"lines":"42","color":"#0059a9","mode":"bus","arr":["42"],"angle":-47.5,"extra":1}},{"type":"Feature","geometry":{"type":"Point","coordinates":[20.265866,52.252001]},"properties":{"lines":"42","color":"#0059a9","mode":"bus","arr":["42"],"angle":-24}},{"type":"Feature","geometry":{"type":"Point","coordinates":[20.450325,52.268982]},"properties":{"lines":"42","color":"#0059a9","mode":"bus","arr":["42"],"angle":5.3}},{"type":"Feature","geometry":{"type":"Point","coordinates":[20.283269,52.255083]},"properties":{"lines":"42","color":"#0059a9","mode":"bus","arr":["42"],"angle":-25}},{"type":"Feature","geometry":{"type":"Point","coordinates":[20.258663,52.24961]},"properties":{"lines":"42","color":"#0059a9","mode":"bus","arr":["42"],"angle":-34.1,"extra":1}},{"type":"Feature","geometry":{"type":"Point","coordinates":[20.261313,52.250568]},"properties":{"lines":"42","color":"#0059a9","mode":"bus","arr":["42"],"angle":-27.7,"extra":1}},{"type":"Feature","geometry":{"type":"Point","coordinates":[20.264043,52.251437]},"properties":{"lines":"42","color":"#0059a9","mode":"bus","arr":["42"],"angle":-27.7,"extra":1}},{"type":"Feature","geometry":{"type":"Point","coordinates":[20.269535,52.253123]},"properties":{"lines":"42","color":"#0059a9","mode":"bus","arr":["42"],"angle":-33.2,"extra":1}},{"type":"Feature","geometry":{"type":"Point","coordinates":[20.27227,52.253901]},"properties":{"lines":"42","color":"#0059a9","mode":"bus","arr":["42"],"angle":-2.2,"extra":1}},{"type":"Feature","geometry":{"type":"Point","coordinates":[20.276637,52.253945]},"properties":{"lines":"42","color":"#0059a9","mode":"bus","arr":["42"],"angle":-1.7,"extra":1}},{"type":"Feature","geometry":{"type":"Point","coordinates":[20.279669,52.254248]},"properties":{"lines":"42","color":"#0059a9","mode":"bus","arr":["42"],"angle":-10.6,"extra":1}},{"type":"Feature","geometry":{"type":"Point","coordinates":[20.285327,52.255696]},"properties":{"lines":"42","color":"#0059a9","mode":"bus","arr":["42"],"angle":-25.6,"extra":1}},{"type":"Feature","geometry":{"type":"Point","coordinates":[20.288092,52.256522]},"properties":{"lines":"42","color":"#0059a9","mode":"bus","arr":["42"],"angle":-26,"extra":1}},{"type":"Feature","geometry":{"type":"Point","coordinates":[20.290855,52.257351]},"properties":{"lines":"42","color":"#0059a9","mode":"bus","arr":["42"],"angle":-26.1,"extra":1}},{"type":"Feature","geometry":{"type":"Point","coordinates":[20.443055,52.269397]},"properties":{"lines":"42","color":"#0059a9","mode":"bus","arr":["42"],"angle":5.2,"extra":1}},{"type":"Feature","geometry":{"type":"Point","coordinates":[20.446117,52.26922]},"properties":{"lines":"42","color":"#0059a9","mode":"bus","arr":["42"],"angle":5.3,"extra":1}},{"type":"Feature","geometry":{"type":"Point","coordinates":[20.452241,52.268873]},"properties":{"lines":"42","color":"#0059a9","mode":"bus","arr":["42"],"angle":5.3,"extra":1}},{"type":"Feature","geometry":{"type":"Point","coordinates":[20.455303,52.268699]},"properties":{"lines":"42","color":"#0059a9","mode":"bus","arr":["42"],"angle":5.3,"extra":1}},{"type":"Feature","geometry":{"type":"Point","coordinates":[20.458365,52.268522]},"properties":{"lines":"42","color":"#0059a9","mode":"bus","arr":["42"],"angle":4.9,"extra":1}},{"type":"Feature","geometry":{"type":"Point","coordinates":[20.365059,52.263609]},"properties":{"lines":"42","color":"#0059a9","mode":"bus","arr":["42"],"angle":-35}},{"type":"Feature","geometry":{"type":"Point","coordinates":[20.292273,52.257774]},"properties":{"lines":"42","color":"#0059a9","mode":"bus","arr":["42"],"angle":-26.1,"extra":1}},{"type":"Feature","geometry":{"type":"Point","coordinates":[20.295038,52.258601]},"properties":{"lines":"42","color":"#0059a9","mode":"bus","arr":["42"],"angle":-26.2,"extra":1}},{"type":"Feature","geometry":{"type":"Point","coordinates":[20.297793,52.25944]},"properties":{"lines":"42","color":"#0059a9","mode":"bus","arr":["42"],"angle":-26.4,"extra":1}},{"type":"Feature","geometry":{"type":"Point","coordinates":[20.300755,52.259656]},"properties":{"lines":"42","color":"#0059a9","mode":"bus","arr":["42"],"angle":10,"extra":1}},{"type":"Feature","geometry":{"type":"Point","coordinates":[20.303783,52.259328]},"properties":{"lines":"42","color":"#0059a9","mode":"bus","arr":["42"],"angle":10,"extra":1}},{"type":"Feature","geometry":{"type":"Point","coordinates":[20.306812,52.259]},"properties":{"lines":"42","color":"#0059a9","mode":"bus","arr":["42"],"angle":10.1,"extra":1}},{"type":"Feature","geometry":{"type":"Point","coordinates":[20.309768,52.258501]},"properties":{"lines":"42","color":"#0059a9","mode":"bus","arr":["42"],"angle":19.2,"extra":1}},{"type":"Feature","geometry":{"type":"Point","coordinates":[20.312338,52.257558]},"properties":{"lines":"42","color":"#0059a9","mode":"bus","arr":["42"],"angle":47.6,"extra":1}},{"type":"Feature","geometry":{"type":"Point","coordinates":[20.314802,52.256549]},"properties":{"lines":"42","color":"#0059a9","mode":"bus","arr":["42"],"angle":0.9,"extra":1}},{"type":"Feature","geometry":{"type":"Point","coordinates":[20.317864,52.256723]},"properties":{"lines":"42","color":"#0059a9","mode":"bus","arr":["42"],"angle":-5.5,"extra":1}},{"type":"Feature","geometry":{"type":"Point","coordinates":[20.32092,52.256933]},"properties":{"lines":"42","color":"#0059a9","mode":"bus","arr":["42"],"angle":-6.8,"extra":1}},{"type":"Feature","geometry":{"type":"Point","coordinates":[20.323973,52.257158]},"properties":{"lines":"42","color":"#0059a9","mode":"bus","arr":["42"],"angle":-7.2,"extra":1}},{"type":"Feature","geometry":{"type":"Point","coordinates":[20.327024,52.257393]},"properties":{"lines":"42","color":"#0059a9","mode":"bus","arr":["42"],"angle":-7,"extra":1}},{"type":"Feature","geometry":{"type":"Point","coordinates":[20.330075,52.257628]},"properties":{"lines":"42","color":"#0059a9","mode":"bus","arr":["42"],"angle":-7.2,"extra":1}},{"type":"Feature","geometry":{"type":"Point","coordinates":[20.333115,52.25791]},"properties":{"lines":"42","color":"#0059a9","mode":"bus","arr":["42"],"angle":-10.7,"extra":1}},{"type":"Feature","geometry":{"type":"Point","coordinates":[20.336137,52.25826]},"properties":{"lines":"42","color":"#0059a9","mode":"bus","arr":["42"],"angle":-10.7,"extra":1}},{"type":"Feature","geometry":{"type":"Point","coordinates":[20.339158,52.258609]},"properties":{"lines":"42","color":"#0059a9","mode":"bus","arr":["42"],"angle":-10.7,"extra":1}},{"type":"Feature","geometry":{"type":"Point","coordinates":[20.34218,52.25896]},"properties":{"lines":"42","color":"#0059a9","mode":"bus","arr":["42"],"angle":-10.8,"extra":1}},{"type":"Feature","geometry":{"type":"Point","coordinates":[20.345201,52.259314]},"properties":{"lines":"42","color":"#0059a9","mode":"bus","arr":["42"],"angle":-10.8,"extra":1}},{"type":"Feature","geometry":{"type":"Point","coordinates":[20.348222,52.259666]},"properties":{"lines":"42","color":"#0059a9","mode":"bus","arr":["42"],"angle":-10.7,"extra":1}},{"type":"Feature","geometry":{"type":"Point","coordinates":[20.351244,52.260016]},"properties":{"lines":"42","color":"#0059a9","mode":"bus","arr":["42"],"angle":-10.7,"extra":1}},{"type":"Feature","geometry":{"type":"Point","coordinates":[20.354267,52.260362]},"properties":{"lines":"42","color":"#0059a9","mode":"bus","arr":["42"],"angle":-10.5,"extra":1}},{"type":"Feature","geometry":{"type":"Point","coordinates":[20.357289,52.260712]},"properties":{"lines":"42","color":"#0059a9","mode":"bus","arr":["42"],"angle":-11,"extra":1}},{"type":"Feature","geometry":{"type":"Point","coordinates":[20.360075,52.261459]},"properties":{"lines":"42","color":"#0059a9","mode":"bus","arr":["42"],"angle":-35.1,"extra":1}},{"type":"Feature","geometry":{"type":"Point","coordinates":[20.362592,52.262544]},"properties":{"lines":"42","color":"#0059a9","mode":"bus","arr":["42"],"angle":-35.1,"extra":1}},{"type":"Feature","geometry":{"type":"Point","coordinates":[20.367677,52.264664]},"properties":{"lines":"42","color":"#0059a9","mode":"bus","arr":["42"],"angle":-26,"extra":1}},{"type":"Feature","geometry":{"type":"Point","coordinates":[20.37063,52.265159]},"properties":{"lines":"42","color":"#0059a9","mode":"bus","arr":["42"],"angle":-9.6,"extra":1}},{"type":"Feature","geometry":{"type":"Point","coordinates":[20.37367,52.265441]},"properties":{"lines":"42","color":"#0059a9","mode":"bus","arr":["42"],"angle":-6.9,"extra":1}},{"type":"Feature","geometry":{"type":"Point","coordinates":[20.376723,52.265667]},"properties":{"lines":"42","color":"#0059a9","mode":"bus","arr":["42"],"angle":-6.9,"extra":1}},{"type":"Feature","geometry":{"type":"Point","coordinates":[20.379775,52.265894]},"properties":{"lines":"42","color":"#0059a9","mode":"bus","arr":["42"],"angle":-6.9,"extra":1}},{"type":"Feature","geometry":{"type":"Point","coordinates":[20.382788,52.266258]},"properties":{"lines":"42","color":"#0059a9","mode":"bus","arr":["42"],"angle":-17.3,"extra":1}},{"type":"Feature","geometry":{"type":"Point","coordinates":[20.385682,52.266897]},"properties":{"lines":"42","color":"#0059a9","mode":"bus","arr":["42"],"angle":-20.1,"extra":1}},{"type":"Feature","geometry":{"type":"Point","coordinates":[20.388569,52.267546]},"properties":{"lines":"42","color":"#0059a9","mode":"bus","arr":["42"],"angle":-20.1,"extra":1}},{"type":"Feature","geometry":{"type":"Point","coordinates":[20.391457,52.268194]},"properties":{"lines":"42","color":"#0059a9","mode":"bus","arr":["42"],"angle":-20.1,"extra":1}},{"type":"Feature","geometry":{"type":"Point","coordinates":[20.394345,52.268843]},"properties":{"lines":"42","color":"#0059a9","mode":"bus","arr":["42"],"angle":-20.1,"extra":1}},{"type":"Feature","geometry":{"type":"Point","coordinates":[20.397238,52.269484]},"properties":{"lines":"42","color":"#0059a9","mode":"bus","arr":["42"],"angle":-19.8,"extra":1}},{"type":"Feature","geometry":{"type":"Point","coordinates":[20.400184,52.270014]},"properties":{"lines":"42","color":"#0059a9","mode":"bus","arr":["42"],"angle":-9.7,"extra":1}},{"type":"Feature","geometry":{"type":"Point","coordinates":[20.403249,52.270081]},"properties":{"lines":"42","color":"#0059a9","mode":"bus","arr":["42"],"angle":3.1,"extra":1}},{"type":"Feature","geometry":{"type":"Point","coordinates":[20.406316,52.269944]},"properties":{"lines":"42","color":"#0059a9","mode":"bus","arr":["42"],"angle":4.4,"extra":1}},{"type":"Feature","geometry":{"type":"Point","coordinates":[20.409381,52.269795]},"properties":{"lines":"42","color":"#0059a9","mode":"bus","arr":["42"],"angle":4.7,"extra":1}},{"type":"Feature","geometry":{"type":"Point","coordinates":[20.412447,52.269648]},"properties":{"lines":"42","color":"#0059a9","mode":"bus","arr":["42"],"angle":3,"extra":1}},{"type":"Feature","geometry":{"type":"Point","coordinates":[20.415521,52.269638]},"properties":{"lines":"42","color":"#0059a9","mode":"bus","arr":["42"],"angle":-0.1,"extra":1}},{"type":"Feature","geometry":{"type":"Point","coordinates":[20.418596,52.26965]},"properties":{"lines":"42","color":"#0059a9","mode":"bus","arr":["42"],"angle":-0.1,"extra":1}},{"type":"Feature","geometry":{"type":"Point","coordinates":[20.421667,52.269738]},"properties":{"lines":"42","color":"#0059a9","mode":"bus","arr":["42"],"angle":-4.2,"extra":1}},{"type":"Feature","geometry":{"type":"Point","coordinates":[20.424741,52.269787]},"properties":{"lines":"42","color":"#0059a9","mode":"bus","arr":["42"],"angle":-0.9,"extra":1}},{"type":"Feature","geometry":{"type":"Point","coordinates":[20.427815,52.269804]},"properties":{"lines":"42","color":"#0059a9","mode":"bus","arr":["42"],"angle":0.9,"extra":1}},{"type":"Feature","geometry":{"type":"Point","coordinates":[20.430886,52.269711]},"properties":{"lines":"42","color":"#0059a9","mode":"bus","arr":["42"],"angle":3.2,"extra":1}},{"type":"Feature","geometry":{"type":"Point","coordinates":[20.433956,52.2696]},"properties":{"lines":"42","color":"#0059a9","mode":"bus","arr":["42"],"angle":3.4,"extra":1}},{"type":"Feature","geometry":{"type":"Point","coordinates":[20.437029,52.269529]},"properties":{"lines":"42","color":"#0059a9","mode":"bus","arr":["42"],"angle":1.3,"extra":1}},{"type":"Feature","geometry":{"type":"Point","coordinates":[20.440103,52.269486]},"properties":{"lines":"42","color":"#0059a9","mode":"bus","arr":["42"],"angle":1.3,"extra":1}},{"type":"Feature","geometry":{"type":"Point","coordinates":[20.461178,52.268357]},"properties":{"lines":"42, 92","color":"#0059a9","mode":"bus","arr":["42","92"],"angle":5.2}},{"type":"Feature","geometry":{"type":"Point","coordinates":[20.463123,52.267993]},"properties":{"lines":"42, 44, 92","color":"#0059a9","mode":"bus","arr":["42","44","92"],"angle":-71.8}},{"type":"Feature","geometry":{"type":"Point","coordinates":[20.448994,52.226621]},"properties":{"lines":"44","color":"#0059a9","mode":"bus","arr":["44"],"angle":-80.3}},{"type":"Feature","geometry":{"type":"Point","coordinates":[20.434938,52.216344]},"properties":{"lines":"44","color":"#0059a9","mode":"bus","arr":["44"],"angle":-25.6,"extra":1}},{"type":"Feature","geometry":{"type":"Point","coordinates":[20.437714,52.217156]},"properties":{"lines":"44","color":"#0059a9","mode":"bus","arr":["44"],"angle":-25.4,"extra":1}},{"type":"Feature","geometry":{"type":"Point","coordinates":[20.440491,52.217968]},"properties":{"lines":"44","color":"#0059a9","mode":"bus","arr":["44"],"angle":-25.2,"extra":1}},{"type":"Feature","geometry":{"type":"Point","coordinates":[20.443186,52.218868]},"properties":{"lines":"44","color":"#0059a9","mode":"bus","arr":["44"],"angle":-34.2,"extra":1}},{"type":"Feature","geometry":{"type":"Point","coordinates":[20.445627,52.220007]},"properties":{"lines":"44","color":"#0059a9","mode":"bus","arr":["44"],"angle":-53.9,"extra":1}},{"type":"Feature","geometry":{"type":"Point","coordinates":[20.446188,52.221845]},"properties":{"lines":"44","color":"#0059a9","mode":"bus","arr":["44"],"angle":-82.2,"extra":1}},{"type":"Feature","geometry":{"type":"Point","coordinates":[20.447392,52.223565]},"properties":{"lines":"44","color":"#0059a9","mode":"bus","arr":["44"],"angle":-61.5,"extra":1}},{"type":"Feature","geometry":{"type":"Point","coordinates":[20.448621,52.225279]},"properties":{"lines":"44","color":"#0059a9","mode":"bus","arr":["44"],"angle":-80.3,"extra":1}},{"type":"Feature","geometry":{"type":"Point","coordinates":[20.449655,52.229003]},"properties":{"lines":"44","color":"#0059a9","mode":"bus","arr":["44"],"angle":-80.3,"extra":1}},{"type":"Feature","geometry":{"type":"Point","coordinates":[20.450154,52.230866]},"properties":{"lines":"44","color":"#0059a9","mode":"bus","arr":["44"],"angle":-83.7,"extra":1}},{"type":"Feature","geometry":{"type":"Point","coordinates":[20.450432,52.232747]},"properties":{"lines":"44","color":"#0059a9","mode":"bus","arr":["44"],"angle":-85.3,"extra":1}},{"type":"Feature","geometry":{"type":"Point","coordinates":[20.450677,52.234629]},"properties":{"lines":"44","color":"#0059a9","mode":"bus","arr":["44"],"angle":-85.3,"extra":1}},{"type":"Feature","geometry":{"type":"Point","coordinates":[20.450932,52.236511]},"properties":{"lines":"44","color":"#0059a9","mode":"bus","arr":["44"],"angle":-85.2,"extra":1}},{"type":"Feature","geometry":{"type":"Point","coordinates":[20.451195,52.238393]},"properties":{"lines":"44","color":"#0059a9","mode":"bus","arr":["44"],"angle":-81.8,"extra":1}},{"type":"Feature","geometry":{"type":"Point","coordinates":[20.452044,52.240206]},"properties":{"lines":"44","color":"#0059a9","mode":"bus","arr":["44"],"angle":-72.9,"extra":1}},{"type":"Feature","geometry":{"type":"Point","coordinates":[20.452772,52.241931]},"properties":{"lines":"44","color":"#0059a9","mode":"bus","arr":["44"],"angle":16.9}},{"type":"Feature","geometry":{"type":"Point","coordinates":[20.455508,52.249248]},"properties":{"lines":"44","color":"#0059a9","mode":"bus","arr":["44"],"angle":-77.1}},{"type":"Feature","geometry":{"type":"Point","coordinates":[20.457754,52.25525]},"properties":{"lines":"44","color":"#0059a9","mode":"bus","arr":["44"],"angle":-77.1,"extra":1}},{"type":"Feature","geometry":{"type":"Point","coordinates":[20.457068,52.253409]},"properties":{"lines":"44","color":"#0059a9","mode":"bus","arr":["44"],"angle":-77.1,"extra":1}},{"type":"Feature","geometry":{"type":"Point","coordinates":[20.45638,52.251569]},"properties":{"lines":"44","color":"#0059a9","mode":"bus","arr":["44"],"angle":-77,"extra":1}},{"type":"Feature","geometry":{"type":"Point","coordinates":[20.455001,52.247888]},"properties":{"lines":"44","color":"#0059a9","mode":"bus","arr":["44"],"angle":-77.1,"extra":1}},{"type":"Feature","geometry":{"type":"Point","coordinates":[20.454314,52.246047]},"properties":{"lines":"44","color":"#0059a9","mode":"bus","arr":["44"],"angle":-77,"extra":1}},{"type":"Feature","geometry":{"type":"Point","coordinates":[20.453629,52.244206]},"properties":{"lines":"44","color":"#0059a9","mode":"bus","arr":["44"],"angle":-77.1,"extra":1}},{"type":"Feature","geometry":{"type":"Point","coordinates":[20.45288,52.24238]},"properties":{"lines":"44","color":"#0059a9","mode":"bus","arr":["44"],"angle":-68.6,"extra":1}},{"type":"Feature","geometry":{"type":"Point","coordinates":[20.528517,52.258825]},"properties":{"lines":"42, 44, 92","color":"#0059a9","mode":"bus","arr":["42","44","92"],"angle":6.2}},{"type":"Feature","geometry":{"type":"Point","coordinates":[20.466177,52.267712]},"properties":{"lines":"42, 44, 92","color":"#0059a9","mode":"bus","arr":["42","44","92"],"angle":18.6}},{"type":"Feature","geometry":{"type":"Point","coordinates":[20.534211,52.25847]},"properties":{"lines":"42, 44, 92","color":"#0059a9","mode":"bus","arr":["42","44","92"],"angle":4.4,"extra":1}},{"type":"Feature","geometry":{"type":"Point","coordinates":[20.53115,52.258652]},"properties":{"lines":"42, 44, 92","color":"#0059a9","mode":"bus","arr":["42","44","92"],"angle":6.1,"extra":1}},{"type":"Feature","geometry":{"type":"Point","coordinates":[20.525034,52.259052]},"properties":{"lines":"42, 44, 92","color":"#0059a9","mode":"bus","arr":["42","44","92"],"angle":6.4,"extra":1}},{"type":"Feature","geometry":{"type":"Point","coordinates":[20.521978,52.259263]},"properties":{"lines":"42, 44, 92","color":"#0059a9","mode":"bus","arr":["42","44","92"],"angle":6.4,"extra":1}},{"type":"Feature","geometry":{"type":"Point","coordinates":[20.494743,52.26216]},"properties":{"lines":"42, 44, 92","color":"#0059a9","mode":"bus","arr":["42","44","92"],"angle":16.5}},{"type":"Feature","geometry":{"type":"Point","coordinates":[20.470527,52.266802]},"properties":{"lines":"42, 44, 92","color":"#0059a9","mode":"bus","arr":["42","44","92"],"angle":18.9,"extra":1}},{"type":"Feature","geometry":{"type":"Point","coordinates":[20.473427,52.266175]},"properties":{"lines":"42, 44, 92","color":"#0059a9","mode":"bus","arr":["42","44","92"],"angle":20.8,"extra":1}},{"type":"Feature","geometry":{"type":"Point","coordinates":[20.476288,52.265482]},"properties":{"lines":"42, 44, 92","color":"#0059a9","mode":"bus","arr":["42","44","92"],"angle":21.7,"extra":1}},{"type":"Feature","geometry":{"type":"Point","coordinates":[20.479145,52.264784]},"properties":{"lines":"42, 44, 92","color":"#0059a9","mode":"bus","arr":["42","44","92"],"angle":21.6,"extra":1}},{"type":"Feature","geometry":{"type":"Point","coordinates":[20.482004,52.264089]},"properties":{"lines":"42, 44, 92","color":"#0059a9","mode":"bus","arr":["42","44","92"],"angle":21.6,"extra":1}},{"type":"Feature","geometry":{"type":"Point","coordinates":[20.484948,52.263567]},"properties":{"lines":"42, 44, 92","color":"#0059a9","mode":"bus","arr":["42","44","92"],"angle":8,"extra":1}},{"type":"Feature","geometry":{"type":"Point","coordinates":[20.487995,52.263312]},"properties":{"lines":"42, 44, 92","color":"#0059a9","mode":"bus","arr":["42","44","92"],"angle":8.4,"extra":1}},{"type":"Feature","geometry":{"type":"Point","coordinates":[20.49097,52.262845]},"properties":{"lines":"42, 44, 92","color":"#0059a9","mode":"bus","arr":["42","44","92"],"angle":16.4,"extra":1}},{"type":"Feature","geometry":{"type":"Point","coordinates":[20.496868,52.261774]},"properties":{"lines":"42, 44, 92","color":"#0059a9","mode":"bus","arr":["42","44","92"],"angle":16.5,"extra":1}},{"type":"Feature","geometry":{"type":"Point","coordinates":[20.499829,52.261269]},"properties":{"lines":"42, 44, 92","color":"#0059a9","mode":"bus","arr":["42","44","92"],"angle":11.5,"extra":1}},{"type":"Feature","geometry":{"type":"Point","coordinates":[20.502867,52.260977]},"properties":{"lines":"42, 44, 92","color":"#0059a9","mode":"bus","arr":["42","44","92"],"angle":8.2,"extra":1}},{"type":"Feature","geometry":{"type":"Point","coordinates":[20.50591,52.260704]},"properties":{"lines":"42, 44, 92","color":"#0059a9","mode":"bus","arr":["42","44","92"],"angle":8.6,"extra":1}},{"type":"Feature","geometry":{"type":"Point","coordinates":[20.508951,52.260425]},"properties":{"lines":"42, 44, 92","color":"#0059a9","mode":"bus","arr":["42","44","92"],"angle":8.4,"extra":1}},{"type":"Feature","geometry":{"type":"Point","coordinates":[20.511992,52.260145]},"properties":{"lines":"42, 44, 92","color":"#0059a9","mode":"bus","arr":["42","44","92"],"angle":8.4,"extra":1}},{"type":"Feature","geometry":{"type":"Point","coordinates":[20.515035,52.25987]},"properties":{"lines":"42, 44, 92","color":"#0059a9","mode":"bus","arr":["42","44","92"],"angle":8.3,"extra":1}},{"type":"Feature","geometry":{"type":"Point","coordinates":[20.518077,52.259594]},"properties":{"lines":"42, 44, 92","color":"#0059a9","mode":"bus","arr":["42","44","92"],"angle":8.5,"extra":1}},{"type":"Feature","geometry":{"type":"Point","coordinates":[20.52112,52.259325]},"properties":{"lines":"42, 44, 92","color":"#0059a9","mode":"bus","arr":["42","44","92"],"angle":8.1,"extra":1}},{"type":"Feature","geometry":{"type":"Point","coordinates":[20.55366,52.257279]},"properties":{"lines":"42, 43, 44, 92","color":"#0059a9","mode":"bus","arr":["42","43","44","92"],"angle":10.2}},{"type":"Feature","geometry":{"type":"Point","coordinates":[20.53728,52.258353]},"properties":{"lines":"42, 43, 44, 92","color":"#0059a9","mode":"bus","arr":["42","43","44","92"],"angle":2.9,"extra":1}},{"type":"Feature","geometry":{"type":"Point","coordinates":[20.540351,52.258256]},"properties":{"lines":"42, 43, 44, 92","color":"#0059a9","mode":"bus","arr":["42","43","44","92"],"angle":2.7,"extra":1}},{"type":"Feature","geometry":{"type":"Point","coordinates":[20.543423,52.258276]},"properties":{"lines":"42, 43, 44, 92","color":"#0059a9","mode":"bus","arr":["42","43","44","92"],"angle":-3,"extra":1}},{"type":"Feature","geometry":{"type":"Point","coordinates":[20.546474,52.258123]},"properties":{"lines":"42, 43, 44, 92","color":"#0059a9","mode":"bus","arr":["42","43","44","92"],"angle":11.7,"extra":1}},{"type":"Feature","geometry":{"type":"Point","coordinates":[20.549488,52.257747]},"properties":{"lines":"42, 43, 44, 92","color":"#0059a9","mode":"bus","arr":["42","43","44","92"],"angle":10.5,"extra":1}},{"type":"Feature","geometry":{"type":"Point","coordinates":[20.555539,52.257072]},"properties":{"lines":"42, 43, 44, 92","color":"#0059a9","mode":"bus","arr":["42","43","44","92"],"angle":9.7,"extra":1}},{"type":"Feature","geometry":{"type":"Point","coordinates":[20.558572,52.25676]},"properties":{"lines":"42, 43, 44, 92","color":"#0059a9","mode":"bus","arr":["42","43","44","92"],"angle":9.9,"extra":1}},{"type":"Feature","geometry":{"type":"Point","coordinates":[20.561605,52.256451]},"properties":{"lines":"42, 43, 44, 92","color":"#0059a9","mode":"bus","arr":["42","43","44","92"],"angle":9.5,"extra":1}},{"type":"Feature","geometry":{"type":"Point","coordinates":[20.564637,52.256135]},"properties":{"lines":"42, 43, 44, 92","color":"#0059a9","mode":"bus","arr":["42","43","44","92"],"angle":9.6,"extra":1}},{"type":"Feature","geometry":{"type":"Point","coordinates":[20.567687,52.256137]},"properties":{"lines":"42, 43, 44, 92","color":"#0059a9","mode":"bus","arr":["42","43","44","92"],"angle":-8.3,"extra":1}},{"type":"Feature","geometry":{"type":"Point","coordinates":[20.570681,52.256545]},"properties":{"lines":"42, 43, 44, 92","color":"#0059a9","mode":"bus","arr":["42","43","44","92"],"angle":-20.5,"extra":1}},{"type":"Feature","geometry":{"type":"Point","coordinates":[20.575481,52.257352]},"properties":{"lines":"42, 43, 44, 92","color":"#0059a9","mode":"bus","arr":["42","43","44","92"],"angle":-3.7}},{"type":"Feature","geometry":{"type":"Point","coordinates":[20.578163,52.257456]},"properties":{"lines":"42, 43, 44, 92","color":"#0059a9","mode":"bus","arr":["42","43","44","92"],"angle":-3.4,"extra":1}},{"type":"Feature","geometry":{"type":"Point","coordinates":[20.57213,52.256895]},"properties":{"lines":"42, 43, 44, 92","color":"#0059a9","mode":"bus","arr":["42","43","44","92"],"angle":-21.5,"extra":1}},{"type":"Feature","geometry":{"type":"Point","coordinates":[20.593123,52.242603]},"properties":{"lines":"42, 92, 93","color":"#0059a9","mode":"bus","arr":["42","92","93"],"angle":72.8}},{"type":"Feature","geometry":{"type":"Point","coordinates":[20.588703,52.251385]},"properties":{"lines":"42, 92, 93","color":"#0059a9","mode":"bus","arr":["42","92","93"],"angle":72.8,"extra":1}},{"type":"Feature","geometry":{"type":"Point","coordinates":[20.589607,52.24958]},"properties":{"lines":"42, 92, 93","color":"#0059a9","mode":"bus","arr":["42","92","93"],"angle":73,"extra":1}},{"type":"Feature","geometry":{"type":"Point","coordinates":[20.590506,52.247774]},"properties":{"lines":"42, 92, 93","color":"#0059a9","mode":"bus","arr":["42","92","93"],"angle":72.8,"extra":1}},{"type":"Feature","geometry":{"type":"Point","coordinates":[20.591419,52.24597]},"properties":{"lines":"42, 92, 93","color":"#0059a9","mode":"bus","arr":["42","92","93"],"angle":72.7,"extra":1}},{"type":"Feature","geometry":{"type":"Point","coordinates":[20.592332,52.244167]},"properties":{"lines":"42, 92, 93","color":"#0059a9","mode":"bus","arr":["42","92","93"],"angle":72.7,"extra":1}},{"type":"Feature","geometry":{"type":"Point","coordinates":[20.594155,52.240559]},"properties":{"lines":"42, 92, 93","color":"#0059a9","mode":"bus","arr":["42","92","93"],"angle":72.8,"extra":1}},{"type":"Feature","geometry":{"type":"Point","coordinates":[20.595067,52.238756]},"properties":{"lines":"42, 92, 93","color":"#0059a9","mode":"bus","arr":["42","92","93"],"angle":72.7,"extra":1}},{"type":"Feature","geometry":{"type":"Point","coordinates":[20.595981,52.236953]},"properties":{"lines":"42, 92, 93","color":"#0059a9","mode":"bus","arr":["42","92","93"],"angle":72.7,"extra":1}},{"type":"Feature","geometry":{"type":"Point","coordinates":[20.596896,52.23515]},"properties":{"lines":"42, 92, 93","color":"#0059a9","mode":"bus","arr":["42","92","93"],"angle":72.7,"extra":1}},{"type":"Feature","geometry":{"type":"Point","coordinates":[20.597811,52.233346]},"properties":{"lines":"42, 92, 93","color":"#0059a9","mode":"bus","arr":["42","92","93"],"angle":72.7,"extra":1}},{"type":"Feature","geometry":{"type":"Point","coordinates":[20.600249,52.228517]},"properties":{"lines":"42, 92, 93","color":"#0059a9","mode":"bus","arr":["42","92","93"],"angle":72.8}},{"type":"Feature","geometry":{"type":"Point","coordinates":[20.59848,52.232022]},"properties":{"lines":"42, 92, 93","color":"#0059a9","mode":"bus","arr":["42","92","93"],"angle":72.8,"extra":1}},{"type":"Feature","geometry":{"type":"Point","coordinates":[20.599391,52.230218]},"properties":{"lines":"42, 92, 93","color":"#0059a9","mode":"bus","arr":["42","92","93"],"angle":72.8,"extra":1}},{"type":"Feature","geometry":{"type":"Point","coordinates":[20.601212,52.226611]},"properties":{"lines":"42, 92, 93","color":"#0059a9","mode":"bus","arr":["42","92","93"],"angle":72.8,"extra":1}},{"type":"Feature","geometry":{"type":"Point","coordinates":[20.602128,52.224808]},"properties":{"lines":"42, 92, 93","color":"#0059a9","mode":"bus","arr":["42","92","93"],"angle":72.7,"extra":1}},{"type":"Feature","geometry":{"type":"Point","coordinates":[20.586224,52.257791]},"properties":{"lines":"42, 43, 92","color":"#0059a9","mode":"bus","arr":["42","43","92"],"angle":-3.8}},{"type":"Feature","geometry":{"type":"Point","coordinates":[20.238536,52.218338]},"properties":{"lines":"42","color":"#0059a9","mode":"bus","arr":["42"],"angle":-70.5}},{"type":"Feature","geometry":{"type":"Point","coordinates":[20.238492,52.217305]},"properties":{"lines":"42","color":"#0059a9","mode":"bus","arr":["42"],"angle":-13.8}},{"type":"Feature","geometry":{"type":"Point","coordinates":[20.239669,52.217151]},"properties":{"lines":"42","color":"#0059a9","mode":"bus","arr":["42"],"angle":50.3}},{"type":"Feature","geometry":{"type":"Point","coordinates":[20.61233,52.309564]},"properties":{"lines":"43","color":"#0059a9","mode":"bus","arr":["43"],"angle":-60.3}},{"type":"Feature","geometry":{"type":"Point","coordinates":[20.61357,52.310896]},"properties":{"lines":"43","color":"#0059a9","mode":"bus","arr":["43"],"angle":-60.2,"extra":1}},{"type":"Feature","geometry":{"type":"Point","coordinates":[20.610519,52.307617]},"properties":{"lines":"43","color":"#0059a9","mode":"bus","arr":["43"],"angle":-60.1,"extra":1}},{"type":"Feature","geometry":{"type":"Point","coordinates":[20.598134,52.276894]},"properties":{"lines":"43, 93","color":"#0059a9","mode":"bus","arr":["43","93"],"angle":-71.1}},{"type":"Feature","geometry":{"type":"Point","coordinates":[20.604326,52.300579]},"properties":{"lines":"43, 93","color":"#0059a9","mode":"bus","arr":["43","93"],"angle":-77.4}},{"type":"Feature","geometry":{"type":"Point","coordinates":[20.609542,52.306599]},"properties":{"lines":"43, 93","color":"#0059a9","mode":"bus","arr":["43","93"],"angle":-58.7,"extra":1}},{"type":"Feature","geometry":{"type":"Point","coordinates":[20.607911,52.304999]},"properties":{"lines":"43, 93","color":"#0059a9","mode":"bus","arr":["43","93"],"angle":-57.6,"extra":1}},{"type":"Feature","geometry":{"type":"Point","coordinates":[20.606266,52.303403]},"properties":{"lines":"43, 93","color":"#0059a9","mode":"bus","arr":["43","93"],"angle":-58.3,"extra":1}},{"type":"Feature","geometry":{"type":"Point","coordinates":[20.604895,52.301716]},"properties":{"lines":"43, 93","color":"#0059a9","mode":"bus","arr":["43","93"],"angle":-69.3,"extra":1}},{"type":"Feature","geometry":{"type":"Point","coordinates":[20.603627,52.298029]},"properties":{"lines":"43, 93","color":"#0059a9","mode":"bus","arr":["43","93"],"angle":-81.1,"extra":1}},{"type":"Feature","geometry":{"type":"Point","coordinates":[20.60315,52.296163]},"properties":{"lines":"43, 93","color":"#0059a9","mode":"bus","arr":["43","93"],"angle":-81.1,"extra":1}},{"type":"Feature","geometry":{"type":"Point","coordinates":[20.602674,52.294298]},"properties":{"lines":"43, 93","color":"#0059a9","mode":"bus","arr":["43","93"],"angle":-81.1,"extra":1}},{"type":"Feature","geometry":{"type":"Point","coordinates":[20.601059,52.286567]},"properties":{"lines":"43, 93","color":"#0059a9","mode":"bus","arr":["43","93"],"angle":-83.2,"extra":1}},{"type":"Feature","geometry":{"type":"Point","coordinates":[20.600701,52.284692]},"properties":{"lines":"43, 93","color":"#0059a9","mode":"bus","arr":["43","93"],"angle":-83.2,"extra":1}},{"type":"Feature","geometry":{"type":"Point","coordinates":[20.600337,52.282816]},"properties":{"lines":"43, 93","color":"#0059a9","mode":"bus","arr":["43","93"],"angle":-83.2,"extra":1}},{"type":"Feature","geometry":{"type":"Point","coordinates":[20.599974,52.280941]},"properties":{"lines":"43, 93","color":"#0059a9","mode":"bus","arr":["43","93"],"angle":-83.1,"extra":1}},{"type":"Feature","geometry":{"type":"Point","coordinates":[20.599351,52.279096]},"properties":{"lines":"43, 93","color":"#0059a9","mode":"bus","arr":["43","93"],"angle":-72.3,"extra":1}},{"type":"Feature","geometry":{"type":"Point","coordinates":[20.597369,52.27552]},"properties":{"lines":"43, 93","color":"#0059a9","mode":"bus","arr":["43","93"],"angle":-71.1,"extra":1}},{"type":"Feature","geometry":{"type":"Point","coordinates":[20.596379,52.273732]},"properties":{"lines":"43, 93","color":"#0059a9","mode":"bus","arr":["43","93"],"angle":-71.4,"extra":1}},{"type":"Feature","geometry":{"type":"Point","coordinates":[20.595553,52.271915]},"properties":{"lines":"43, 93","color":"#0059a9","mode":"bus","arr":["43","93"],"angle":-77.5,"extra":1}},{"type":"Feature","geometry":{"type":"Point","coordinates":[20.594905,52.270068]},"properties":{"lines":"43, 93","color":"#0059a9","mode":"bus","arr":["43","93"],"angle":-78,"extra":1}},{"type":"Feature","geometry":{"type":"Point","coordinates":[20.594367,52.26821]},"properties":{"lines":"43, 93","color":"#0059a9","mode":"bus","arr":["43","93"],"angle":-81.4,"extra":1}},{"type":"Feature","geometry":{"type":"Point","coordinates":[20.613755,52.288479]},"properties":{"lines":"43","color":"#0059a9","mode":"bus","arr":["43"],"angle":-84.8}},{"type":"Feature","geometry":{"type":"Point","coordinates":[20.603833,52.292719]},"properties":{"lines":"43","color":"#0059a9","mode":"bus","arr":["43"],"angle":9.7,"extra":1}},{"type":"Feature","geometry":{"type":"Point","coordinates":[20.606858,52.292383]},"properties":{"lines":"43","color":"#0059a9","mode":"bus","arr":["43"],"angle":17.2,"extra":1}},{"type":"Feature","geometry":{"type":"Point","coordinates":[20.609771,52.291781]},"properties":{"lines":"43","color":"#0059a9","mode":"bus","arr":["43"],"angle":17.3,"extra":1}},{"type":"Feature","geometry":{"type":"Point","coordinates":[20.612694,52.291196]},"properties":{"lines":"43","color":"#0059a9","mode":"bus","arr":["43"],"angle":20.5,"extra":1}},{"type":"Feature","geometry":{"type":"Point","coordinates":[20.613967,52.289915]},"properties":{"lines":"43","color":"#0059a9","mode":"bus","arr":["43"],"angle":-84.8,"extra":1}},{"type":"Feature","geometry":{"type":"Point","coordinates":[20.613368,52.286156]},"properties":{"lines":"43","color":"#0059a9","mode":"bus","arr":["43"],"angle":-44.8,"extra":1}},{"type":"Feature","geometry":{"type":"Point","coordinates":[20.61038,52.286426]},"properties":{"lines":"43","color":"#0059a9","mode":"bus","arr":["43"],"angle":11.7,"extra":1}},{"type":"Feature","geometry":{"type":"Point","coordinates":[20.607362,52.286788]},"properties":{"lines":"43","color":"#0059a9","mode":"bus","arr":["43"],"angle":11,"extra":1}},{"type":"Feature","geometry":{"type":"Point","coordinates":[20.604344,52.28715]},"properties":{"lines":"43","color":"#0059a9","mode":"bus","arr":["43"],"angle":11,"extra":1}},{"type":"Feature","geometry":{"type":"Point","coordinates":[20.601322,52.287499]},"properties":{"lines":"43","color":"#0059a9","mode":"bus","arr":["43"],"angle":8.6,"extra":1}},{"type":"Feature","geometry":{"type":"Point","coordinates":[20.558874,52.232682]},"properties":{"lines":"43","color":"#0059a9","mode":"bus","arr":["43"],"angle":62.8}},{"type":"Feature","geometry":{"type":"Point","coordinates":[20.550093,52.243451]},"properties":{"lines":"43","color":"#0059a9","mode":"bus","arr":["43"],"angle":63,"extra":1}},{"type":"Feature","geometry":{"type":"Point","coordinates":[20.551428,52.24175]},"properties":{"lines":"43","color":"#0059a9","mode":"bus","arr":["43"],"angle":63.8,"extra":1}},{"type":"Feature","geometry":{"type":"Point","coordinates":[20.552783,52.240054]},"properties":{"lines":"43","color":"#0059a9","mode":"bus","arr":["43"],"angle":63.8,"extra":1}},{"type":"Feature","geometry":{"type":"Point","coordinates":[20.554139,52.238359]},"properties":{"lines":"43","color":"#0059a9","mode":"bus","arr":["43"],"angle":63.8,"extra":1}},{"type":"Feature","geometry":{"type":"Point","coordinates":[20.555535,52.236676]},"properties":{"lines":"43","color":"#0059a9","mode":"bus","arr":["43"],"angle":62.8,"extra":1}},{"type":"Feature","geometry":{"type":"Point","coordinates":[20.556939,52.234996]},"properties":{"lines":"43","color":"#0059a9","mode":"bus","arr":["43"],"angle":62.8,"extra":1}},{"type":"Feature","geometry":{"type":"Point","coordinates":[20.559765,52.231642]},"properties":{"lines":"43","color":"#0059a9","mode":"bus","arr":["43"],"angle":57,"extra":1}},{"type":"Feature","geometry":{"type":"Point","coordinates":[20.562276,52.230582]},"properties":{"lines":"43","color":"#0059a9","mode":"bus","arr":["43"],"angle":31.5,"extra":1}},{"type":"Feature","geometry":{"type":"Point","coordinates":[20.564898,52.229596]},"properties":{"lines":"43","color":"#0059a9","mode":"bus","arr":["43"],"angle":31.8,"extra":1}},{"type":"Feature","geometry":{"type":"Point","coordinates":[20.567513,52.228602]},"properties":{"lines":"43","color":"#0059a9","mode":"bus","arr":["43"],"angle":31.4,"extra":1}},{"type":"Feature","geometry":{"type":"Point","coordinates":[20.570042,52.227541]},"properties":{"lines":"43","color":"#0059a9","mode":"bus","arr":["43"],"angle":46.7,"extra":1}},{"type":"Feature","geometry":{"type":"Point","coordinates":[20.572118,52.226148]},"properties":{"lines":"43","color":"#0059a9","mode":"bus","arr":["43"],"angle":47.5,"extra":1}},{"type":"Feature","geometry":{"type":"Point","coordinates":[20.574194,52.224755]},"properties":{"lines":"43","color":"#0059a9","mode":"bus","arr":["43"],"angle":47.5,"extra":1}},{"type":"Feature","geometry":{"type":"Point","coordinates":[20.601757,52.290192]},"properties":{"lines":"93","color":"#0059a9","mode":"bus","arr":["93"],"angle":-83.3}},{"type":"Feature","geometry":{"type":"Point","coordinates":[20.601421,52.288443]},"properties":{"lines":"93","color":"#0059a9","mode":"bus","arr":["93"],"angle":-83.2,"extra":1}},{"type":"Feature","geometry":{"type":"Point","coordinates":[20.602159,52.292192]},"properties":{"lines":"93","color":"#0059a9","mode":"bus","arr":["93"],"angle":-81.7,"extra":1}},{"type":"Feature","geometry":{"type":"Point","coordinates":[20.592926,52.262089]},"properties":{"lines":"43, 93","color":"#0059a9","mode":"bus","arr":["43","93"],"angle":-83}},{"type":"Feature","geometry":{"type":"Point","coordinates":[20.593713,52.265478]},"properties":{"lines":"43, 93","color":"#0059a9","mode":"bus","arr":["43","93"],"angle":-81.6,"extra":1}},{"type":"Feature","geometry":{"type":"Point","coordinates":[20.593267,52.263609]},"properties":{"lines":"43, 93","color":"#0059a9","mode":"bus","arr":["43","93"],"angle":-81.7,"extra":1}},{"type":"Feature","geometry":{"type":"Point","coordinates":[20.592358,52.25988]},"properties":{"lines":"43, 93","color":"#0059a9","mode":"bus","arr":["43","93"],"angle":-69.7,"extra":1}},{"type":"Feature","geometry":{"type":"Point","coordinates":[20.591283,52.258114]},"properties":{"lines":"43, 93","color":"#0059a9","mode":"bus","arr":["43","93"],"angle":-77.9,"extra":1}},{"type":"Feature","geometry":{"type":"Point","coordinates":[20.533757,52.252733]},"properties":{"lines":"43","color":"#0059a9","mode":"bus","arr":["43"],"angle":-77}},{"type":"Feature","geometry":{"type":"Point","coordinates":[20.535454,52.257474]},"properties":{"lines":"43","color":"#0059a9","mode":"bus","arr":["43"],"angle":-79.1,"extra":1}},{"type":"Feature","geometry":{"type":"Point","coordinates":[20.534836,52.255624]},"properties":{"lines":"43","color":"#0059a9","mode":"bus","arr":["43"],"angle":-77.9,"extra":1}},{"type":"Feature","geometry":{"type":"Point","coordinates":[20.532579,52.250132]},"properties":{"lines":"43","color":"#0059a9","mode":"bus","arr":["43"],"angle":-74.2,"extra":1}},{"type":"Feature","geometry":{"type":"Point","coordinates":[20.531739,52.248315]},"properties":{"lines":"43","color":"#0059a9","mode":"bus","arr":["43"],"angle":-74.2,"extra":1}},{"type":"Feature","geometry":{"type":"Point","coordinates":[20.419622,52.201576]},"properties":{"lines":"44","color":"#0059a9","mode":"bus","arr":["44"],"angle":-59.1}},{"type":"Feature","geometry":{"type":"Point","coordinates":[20.424907,52.206789]},"properties":{"lines":"44","color":"#0059a9","mode":"bus","arr":["44"],"angle":-57.9}},{"type":"Feature","geometry":{"type":"Point","coordinates":[20.429756,52.211544]},"properties":{"lines":"44","color":"#0059a9","mode":"bus","arr":["44"],"angle":8.8}},{"type":"Feature","geometry":{"type":"Point","coordinates":[20.420891,52.202847]},"properties":{"lines":"44","color":"#0059a9","mode":"bus","arr":["44"],"angle":-57.7,"extra":1}},{"type":"Feature","geometry":{"type":"Point","coordinates":[20.422524,52.204447]},"properties":{"lines":"44","color":"#0059a9","mode":"bus","arr":["44"],"angle":-58,"extra":1}},{"type":"Feature","geometry":{"type":"Point","coordinates":[20.427414,52.209251]},"properties":{"lines":"44","color":"#0059a9","mode":"bus","arr":["44"],"angle":-58.2,"extra":1}},{"type":"Feature","geometry":{"type":"Point","coordinates":[20.431237,52.21183]},"properties":{"lines":"44","color":"#0059a9","mode":"bus","arr":["44"],"angle":8.7}},{"type":"Feature","geometry":{"type":"Point","coordinates":[20.432953,52.213756]},"properties":{"lines":"44","color":"#0059a9","mode":"bus","arr":["44"],"angle":-79.7}},{"type":"Feature","geometry":{"type":"Point","coordinates":[20.432623,52.212599]},"properties":{"lines":"44","color":"#0059a9","mode":"bus","arr":["44"],"angle":-79,"extra":1}},{"type":"Feature","geometry":{"type":"Point","coordinates":[20.459763,52.262073]},"properties":{"lines":"44","color":"#0059a9","mode":"bus","arr":["44"],"angle":-70.5}},{"type":"Feature","geometry":{"type":"Point","coordinates":[20.458066,52.257118]},"properties":{"lines":"44","color":"#0059a9","mode":"bus","arr":["44"],"angle":89.1,"extra":1}},{"type":"Feature","geometry":{"type":"Point","coordinates":[20.458052,52.259005]},"properties":{"lines":"44","color":"#0059a9","mode":"bus","arr":["44"],"angle":-80,"extra":1}},{"type":"Feature","geometry":{"type":"Point","coordinates":[20.459041,52.260793]},"properties":{"lines":"44","color":"#0059a9","mode":"bus","arr":["44"],"angle":-71.1,"extra":1}},{"type":"Feature","geometry":{"type":"Point","coordinates":[20.461075,52.264357]},"properties":{"lines":"44","color":"#0059a9","mode":"bus","arr":["44"],"angle":-70.8,"extra":1}},{"type":"Feature","geometry":{"type":"Point","coordinates":[20.46208,52.266142]},"properties":{"lines":"44","color":"#0059a9","mode":"bus","arr":["44"],"angle":-70.8,"extra":1}},{"type":"Feature","geometry":{"type":"Point","coordinates":[20.799091,52.167843]},"properties":{"lines":"48, 60, 65, 66, 77, 78, Z67","color":"#0059a9","mode":"bus","arr":["48","60","65","66","77","78","Z67"],"angle":-26.1}},{"type":"Feature","geometry":{"type":"Point","coordinates":[20.804668,52.166041]},"properties":{"lines":"48, 77, 78, Z67","color":"#0059a9","mode":"bus","arr":["48","77","78","Z67"],"angle":29.1}},{"type":"Feature","geometry":{"type":"Point","coordinates":[20.80102,52.16761]},"properties":{"lines":"48, 60, 65, 66, 77, 78, Z67","color":"#0059a9","mode":"bus","arr":["48","60","65","66","77","78","Z67"],"angle":39.4}},{"type":"Feature","geometry":{"type":"Point","coordinates":[20.80941,52.167461]},"properties":{"lines":"48, 62, 77","color":"#0059a9","mode":"bus","arr":["48","62","77"],"angle":-64.8}},{"type":"Feature","geometry":{"type":"Point","coordinates":[20.808528,52.16636]},"properties":{"lines":"48, 62, 77","color":"#0059a9","mode":"bus","arr":["48","62","77"],"angle":-63.9,"extra":1}},{"type":"Feature","geometry":{"type":"Point","coordinates":[20.807677,52.165287]},"properties":{"lines":"48, 62, 77, 78","color":"#0059a9","mode":"bus","arr":["48","62","77","78"],"angle":-64.9}},{"type":"Feature","geometry":{"type":"Point","coordinates":[20.806597,52.170595]},"properties":{"lines":"48, 77","color":"#0059a9","mode":"bus","arr":["48","77"],"angle":40.6}},{"type":"Feature","geometry":{"type":"Point","coordinates":[20.80449,52.171716]},"properties":{"lines":"48, 77","color":"#0059a9","mode":"bus","arr":["48","77"],"angle":41,"extra":1}},{"type":"Feature","geometry":{"type":"Point","coordinates":[20.809603,52.169715]},"properties":{"lines":"48, 77","color":"#0059a9","mode":"bus","arr":["48","77"],"angle":18.7,"extra":1}},{"type":"Feature","geometry":{"type":"Point","coordinates":[20.804665,52.173093]},"properties":{"lines":"48, 77","color":"#0059a9","mode":"bus","arr":["48","77"],"angle":-37}},{"type":"Feature","geometry":{"type":"Point","coordinates":[20.805248,52.17408]},"properties":{"lines":"48, 77","color":"#0059a9","mode":"bus","arr":["48","77"],"angle":44.2}},{"type":"Feature","geometry":{"type":"Point","coordinates":[20.782547,52.18254]},"properties":{"lines":"48, 77","color":"#0059a9","mode":"bus","arr":["48","77"],"angle":63.1}},{"type":"Feature","geometry":{"type":"Point","coordinates":[20.784675,52.180391]},"properties":{"lines":"48, 77","color":"#0059a9","mode":"bus","arr":["48","77"],"angle":21.1}},{"type":"Feature","geometry":{"type":"Point","coordinates":[20.795295,52.178318]},"properties":{"lines":"48, 68, 77","color":"#0059a9","mode":"bus","arr":["48","68","77"],"angle":21.7}},{"type":"Feature","geometry":{"type":"Point","coordinates":[20.783235,52.181655]},"properties":{"lines":"48, 68, 77","color":"#0059a9","mode":"bus","arr":["48","68","77"],"angle":62.3}},{"type":"Feature","geometry":{"type":"Point","coordinates":[20.803473,52.17514]},"properties":{"lines":"48, 68, 77","color":"#0059a9","mode":"bus","arr":["48","68","77"],"angle":44.1,"extra":1}},{"type":"Feature","geometry":{"type":"Point","coordinates":[20.80128,52.176463]},"properties":{"lines":"48, 68, 77","color":"#0059a9","mode":"bus","arr":["48","68","77"],"angle":43.5,"extra":1}},{"type":"Feature","geometry":{"type":"Point","coordinates":[20.798683,52.177457]},"properties":{"lines":"48, 68, 77","color":"#0059a9","mode":"bus","arr":["48","68","77"],"angle":23.6,"extra":1}},{"type":"Feature","geometry":{"type":"Point","coordinates":[20.792993,52.17889]},"properties":{"lines":"48, 68, 77","color":"#0059a9","mode":"bus","arr":["48","68","77"],"angle":22,"extra":1}},{"type":"Feature","geometry":{"type":"Point","coordinates":[20.790074,52.179466]},"properties":{"lines":"48, 68, 77","color":"#0059a9","mode":"bus","arr":["48","68","77"],"angle":12.5,"extra":1}},{"type":"Feature","geometry":{"type":"Point","coordinates":[20.787074,52.179881]},"properties":{"lines":"48, 68, 77","color":"#0059a9","mode":"bus","arr":["48","68","77"],"angle":14.1,"extra":1}},{"type":"Feature","geometry":{"type":"Point","coordinates":[20.781084,52.182753]},"properties":{"lines":"48, 77","color":"#0059a9","mode":"bus","arr":["48","77"],"angle":-2.2}},{"type":"Feature","geometry":{"type":"Point","coordinates":[20.775767,52.18439]},"properties":{"lines":"48, 64, 68, 77","color":"#0059a9","mode":"bus","arr":["48","64","68","77"],"angle":31.5}},{"type":"Feature","geometry":{"type":"Point","coordinates":[20.771689,52.185372]},"properties":{"lines":"48, 64, 68, 77","color":"#0059a9","mode":"bus","arr":["48","64","68","77"],"angle":20.1,"extra":1}},{"type":"Feature","geometry":{"type":"Point","coordinates":[20.779833,52.182841]},"properties":{"lines":"48, 64, 68, 77","color":"#0059a9","mode":"bus","arr":["48","64","68","77"],"angle":22.6,"extra":1}},{"type":"Feature","geometry":{"type":"Point","coordinates":[20.756818,52.189535]},"properties":{"lines":"48, 64, 68, 77","color":"#0059a9","mode":"bus","arr":["48","64","68","77"],"angle":25.6}},{"type":"Feature","geometry":{"type":"Point","coordinates":[20.768782,52.185987]},"properties":{"lines":"48, 64, 68, 77","color":"#0059a9","mode":"bus","arr":["48","64","68","77"],"angle":19.6,"extra":1}},{"type":"Feature","geometry":{"type":"Point","coordinates":[20.765982,52.186765]},"properties":{"lines":"48, 64, 68, 77","color":"#0059a9","mode":"bus","arr":["48","64","68","77"],"angle":26.1,"extra":1}},{"type":"Feature","geometry":{"type":"Point","coordinates":[20.763212,52.187586]},"properties":{"lines":"48, 64, 68, 77","color":"#0059a9","mode":"bus","arr":["48","64","68","77"],"angle":26.3,"extra":1}},{"type":"Feature","geometry":{"type":"Point","coordinates":[20.7605,52.188473]},"properties":{"lines":"48, 64, 68, 77","color":"#0059a9","mode":"bus","arr":["48","64","68","77"],"angle":25.4,"extra":1}},{"type":"Feature","geometry":{"type":"Point","coordinates":[20.755055,52.190204]},"properties":{"lines":"48, 64, 68, 77","color":"#0059a9","mode":"bus","arr":["48","64","68","77"],"angle":20.8,"extra":1}},{"type":"Feature","geometry":{"type":"Point","coordinates":[20.752032,52.190519]},"properties":{"lines":"48, 64, 68, 77","color":"#0059a9","mode":"bus","arr":["48","64","68","77"],"angle":18.8,"extra":1}},{"type":"Feature","geometry":{"type":"Point","coordinates":[20.749031,52.190905]},"properties":{"lines":"48, 64, 68, 77","color":"#0059a9","mode":"bus","arr":["48","64","68","77"],"angle":11.1,"extra":1}},{"type":"Feature","geometry":{"type":"Point","coordinates":[20.746028,52.191311]},"properties":{"lines":"48, 64, 68, 77","color":"#0059a9","mode":"bus","arr":["48","64","68","77"],"angle":11.4,"extra":1}},{"type":"Feature","geometry":{"type":"Point","coordinates":[20.743005,52.191658]},"properties":{"lines":"48, 64, 68, 77","color":"#0059a9","mode":"bus","arr":["48","64","68","77"],"angle":10.4,"extra":1}},{"type":"Feature","geometry":{"type":"Point","coordinates":[20.75257,52.188115]},"properties":{"lines":"48, 64, 68","color":"#0059a9","mode":"bus","arr":["48","64","68"],"angle":-66}},{"type":"Feature","geometry":{"type":"Point","coordinates":[20.751617,52.186799]},"properties":{"lines":"48, 64, 68","color":"#0059a9","mode":"bus","arr":["48","64","68"],"angle":-66,"extra":1}},{"type":"Feature","geometry":{"type":"Point","coordinates":[20.754155,52.190239]},"properties":{"lines":"48, 64, 68","color":"#0059a9","mode":"bus","arr":["48","64","68"],"angle":-64.9,"extra":1}},{"type":"Feature","geometry":{"type":"Point","coordinates":[20.750264,52.183377]},"properties":{"lines":"48, 64, 68","color":"#0059a9","mode":"bus","arr":["48","64","68"],"angle":-81.2}},{"type":"Feature","geometry":{"type":"Point","coordinates":[20.750756,52.184996]},"properties":{"lines":"48, 64, 68","color":"#0059a9","mode":"bus","arr":["48","64","68"],"angle":-79.4,"extra":1}},{"type":"Feature","geometry":{"type":"Point","coordinates":[20.750057,52.181251]},"properties":{"lines":"48, 64, 68","color":"#0059a9","mode":"bus","arr":["48","64","68"],"angle":66.9,"extra":1}},{"type":"Feature","geometry":{"type":"Point","coordinates":[20.753669,52.178901]},"properties":{"lines":"48, 64, 68","color":"#0059a9","mode":"bus","arr":["48","64","68"],"angle":10.3}},{"type":"Feature","geometry":{"type":"Point","coordinates":[20.755701,52.178902]},"properties":{"lines":"48, 64, 68","color":"#0059a9","mode":"bus","arr":["48","64","68"],"angle":-35.4,"extra":1}},{"type":"Feature","geometry":{"type":"Point","coordinates":[20.753376,52.18045]},"properties":{"lines":"48, 64, 68, 78","color":"#0059a9","mode":"bus","arr":["48","64","68","78"],"angle":16.6}},{"type":"Feature","geometry":{"type":"Point","coordinates":[20.750175,52.178355]},"properties":{"lines":"48, 64, 68, 78","color":"#0059a9","mode":"bus","arr":["48","64","68","78"],"angle":89.9}},{"type":"Feature","geometry":{"type":"Point","coordinates":[20.756774,52.179635]},"properties":{"lines":"64, 68, 78","color":"#0059a9","mode":"bus","arr":["64","68","78"],"angle":27}},{"type":"Feature","geometry":{"type":"Point","coordinates":[20.760888,52.178531]},"properties":{"lines":"64, 68, 78","color":"#0059a9","mode":"bus","arr":["64","68","78"],"angle":23.5}},{"type":"Feature","geometry":{"type":"Point","coordinates":[20.763052,52.177943]},"properties":{"lines":"64, 68, 78","color":"#0059a9","mode":"bus","arr":["64","68","78"],"angle":23.7,"extra":1}},{"type":"Feature","geometry":{"type":"Point","coordinates":[20.757403,52.179381]},"properties":{"lines":"64, 68, 78","color":"#0059a9","mode":"bus","arr":["64","68","78"],"angle":2.1,"extra":1}},{"type":"Feature","geometry":{"type":"Point","coordinates":[20.743038,52.168497]},"properties":{"lines":"48, 64","color":"#0059a9","mode":"bus","arr":["48","64"],"angle":-2.3}},{"type":"Feature","geometry":{"type":"Point","coordinates":[20.750192,52.176453]},"properties":{"lines":"48, 64","color":"#0059a9","mode":"bus","arr":["48","64"],"angle":89.9,"extra":1}},{"type":"Feature","geometry":{"type":"Point","coordinates":[20.750198,52.174564]},"properties":{"lines":"48, 64","color":"#0059a9","mode":"bus","arr":["48","64"],"angle":89.8,"extra":1}},{"type":"Feature","geometry":{"type":"Point","coordinates":[20.750208,52.172676]},"properties":{"lines":"48, 64","color":"#0059a9","mode":"bus","arr":["48","64"],"angle":89.7,"extra":1}},{"type":"Feature","geometry":{"type":"Point","coordinates":[20.749947,52.17081]},"properties":{"lines":"48, 64","color":"#0059a9","mode":"bus","arr":["48","64"],"angle":-66.5,"extra":1}},{"type":"Feature","geometry":{"type":"Point","coordinates":[20.747758,52.169543]},"properties":{"lines":"48, 64","color":"#0059a9","mode":"bus","arr":["48","64"],"angle":-30.4,"extra":1}},{"type":"Feature","geometry":{"type":"Point","coordinates":[20.745071,52.168631]},"properties":{"lines":"48, 64","color":"#0059a9","mode":"bus","arr":["48","64"],"angle":-17.9,"extra":1}},{"type":"Feature","geometry":{"type":"Point","coordinates":[20.739245,52.168551]},"properties":{"lines":"48, 64","color":"#0059a9","mode":"bus","arr":["48","64"],"angle":17.9,"extra":1}},{"type":"Feature","geometry":{"type":"Point","coordinates":[20.736318,52.169131]},"properties":{"lines":"48, 64","color":"#0059a9","mode":"bus","arr":["48","64"],"angle":17.9,"extra":1}},{"type":"Feature","geometry":{"type":"Point","coordinates":[20.733437,52.169787]},"properties":{"lines":"48, 64","color":"#0059a9","mode":"bus","arr":["48","64"],"angle":22.9,"extra":1}},{"type":"Feature","geometry":{"type":"Point","coordinates":[20.730465,52.170211]},"properties":{"lines":"48, 64","color":"#0059a9","mode":"bus","arr":["48","64"],"angle":19.4,"extra":1}},{"type":"Feature","geometry":{"type":"Point","coordinates":[20.727552,52.170815]},"properties":{"lines":"48, 64","color":"#0059a9","mode":"bus","arr":["48","64"],"angle":15.3,"extra":1}},{"type":"Feature","geometry":{"type":"Point","coordinates":[20.721711,52.170804]},"properties":{"lines":"48, 64","color":"#0059a9","mode":"bus","arr":["48","64"],"angle":-8}},{"type":"Feature","geometry":{"type":"Point","coordinates":[20.711199,52.166392]},"properties":{"lines":"48, 64","color":"#0059a9","mode":"bus","arr":["48","64"],"angle":-34.3}},{"type":"Feature","geometry":{"type":"Point","coordinates":[20.71777,52.17046]},"properties":{"lines":"48, 64","color":"#0059a9","mode":"bus","arr":["48","64"],"angle":-64.7,"extra":1}},{"type":"Feature","geometry":{"type":"Point","coordinates":[20.716444,52.168756]},"properties":{"lines":"48, 64","color":"#0059a9","mode":"bus","arr":["48","64"],"angle":-58.9,"extra":1}},{"type":"Feature","geometry":{"type":"Point","coordinates":[20.714061,52.167589]},"properties":{"lines":"48, 64","color":"#0059a9","mode":"bus","arr":["48","64"],"angle":-34.3,"extra":1}},{"type":"Feature","geometry":{"type":"Point","coordinates":[20.708978,52.165463]},"properties":{"lines":"48, 64","color":"#0059a9","mode":"bus","arr":["48","64"],"angle":-34.3,"extra":1}},{"type":"Feature","geometry":{"type":"Point","coordinates":[20.706431,52.164405]},"properties":{"lines":"48, 64","color":"#0059a9","mode":"bus","arr":["48","64"],"angle":-34.1,"extra":1}},{"type":"Feature","geometry":{"type":"Point","coordinates":[20.703884,52.163347]},"properties":{"lines":"48, 64","color":"#0059a9","mode":"bus","arr":["48","64"],"angle":-34.1,"extra":1}},{"type":"Feature","geometry":{"type":"Point","coordinates":[20.701546,52.162374]},"properties":{"lines":"48, 64, 69","color":"#0059a9","mode":"bus","arr":["48","64","69"],"angle":-40.2}},{"type":"Feature","geometry":{"type":"Point","coordinates":[20.709965,52.152271]},"properties":{"lines":"48, 64, 67, 69","color":"#0059a9","mode":"bus","arr":["48","64","67","69"],"angle":72.6}},{"type":"Feature","geometry":{"type":"Point","coordinates":[20.713963,52.143878]},"properties":{"lines":"48, 64, 67, 69","color":"#0059a9","mode":"bus","arr":["48","64","67","69"],"angle":-86}},{"type":"Feature","geometry":{"type":"Point","coordinates":[20.701611,52.161954]},"properties":{"lines":"48, 64, 67, 69","color":"#0059a9","mode":"bus","arr":["48","64","67","69"],"angle":49.9}},{"type":"Feature","geometry":{"type":"Point","coordinates":[20.704548,52.158315]},"properties":{"lines":"48, 64, 67, 69","color":"#0059a9","mode":"bus","arr":["48","64","67","69"],"angle":65.2,"extra":1}},{"type":"Feature","geometry":{"type":"Point","coordinates":[20.706298,52.156781]},"properties":{"lines":"48, 64, 67, 69","color":"#0059a9","mode":"bus","arr":["48","64","67","69"],"angle":47,"extra":1}},{"type":"Feature","geometry":{"type":"Point","coordinates":[20.708006,52.155218]},"properties":{"lines":"48, 64, 67, 69","color":"#0059a9","mode":"bus","arr":["48","64","67","69"],"angle":59.7,"extra":1}},{"type":"Feature","geometry":{"type":"Point","coordinates":[20.709334,52.153524]},"properties":{"lines":"48, 64, 67, 69","color":"#0059a9","mode":"bus","arr":["48","64","67","69"],"angle":73.7,"extra":1}},{"type":"Feature","geometry":{"type":"Point","coordinates":[20.711157,52.149917]},"properties":{"lines":"48, 64, 67, 69","color":"#0059a9","mode":"bus","arr":["48","64","67","69"],"angle":72.6,"extra":1}},{"type":"Feature","geometry":{"type":"Point","coordinates":[20.712067,52.148113]},"properties":{"lines":"48, 64, 67, 69","color":"#0059a9","mode":"bus","arr":["48","64","67","69"],"angle":72.8,"extra":1}},{"type":"Feature","geometry":{"type":"Point","coordinates":[20.712983,52.146311]},"properties":{"lines":"48, 64, 67, 69","color":"#0059a9","mode":"bus","arr":["48","64","67","69"],"angle":71.7,"extra":1}},{"type":"Feature","geometry":{"type":"Point","coordinates":[20.702959,52.160454]},"properties":{"lines":"48, 64, 67, 69","color":"#0059a9","mode":"bus","arr":["48","64","67","69"],"angle":65}},{"type":"Feature","geometry":{"type":"Point","coordinates":[20.710999,52.144634]},"properties":{"lines":"48, 67, 69","color":"#0059a9","mode":"bus","arr":["48","67","69"],"angle":7.5}},{"type":"Feature","geometry":{"type":"Point","coordinates":[20.713038,52.144476]},"properties":{"lines":"48, 69","color":"#0059a9","mode":"bus","arr":["48","69"],"angle":7}},{"type":"Feature","geometry":{"type":"Point","coordinates":[20.709359,52.144867]},"properties":{"lines":"48","color":"#0059a9","mode":"bus","arr":["48"],"angle":19.1}},{"type":"Feature","geometry":{"type":"Point","coordinates":[20.715658,52.142941]},"properties":{"lines":"48, 64, 67, 69","color":"#0059a9","mode":"bus","arr":["48","64","67","69"],"angle":20.9}},{"type":"Feature","geometry":{"type":"Point","coordinates":[20.717133,52.142641]},"properties":{"lines":"48, 64, 67, 69","color":"#0059a9","mode":"bus","arr":["48","64","67","69"],"angle":4.6}},{"type":"Feature","geometry":{"type":"Point","coordinates":[20.712453,52.143677]},"properties":{"lines":"48, 67","color":"#0059a9","mode":"bus","arr":["48","67"],"angle":33.9}},{"type":"Feature","geometry":{"type":"Point","coordinates":[20.71109,52.145381]},"properties":{"lines":"48, 67","color":"#0059a9","mode":"bus","arr":["48","67"],"angle":-16.3}},{"type":"Feature","geometry":{"type":"Point","coordinates":[20.781514,52.182685]},"properties":{"lines":"48, 68, 77","color":"#0059a9","mode":"bus","arr":["48","68","77"],"angle":-10.5}},{"type":"Feature","geometry":{"type":"Point","coordinates":[20.803948,52.173533]},"properties":{"lines":"48, 68, 77","color":"#0059a9","mode":"bus","arr":["48","68","77"],"angle":-70.7}},{"type":"Feature","geometry":{"type":"Point","coordinates":[20.810663,52.169332]},"properties":{"lines":"48, 77","color":"#0059a9","mode":"bus","arr":["48","77"],"angle":70.4}},{"type":"Feature","geometry":{"type":"Point","coordinates":[20.595757,52.175681]},"properties":{"lines":"49","color":"#0059a9","mode":"bus","arr":["49"],"angle":-0.8}},{"type":"Feature","geometry":{"type":"Point","coordinates":[20.656258,52.230212]},"properties":{"lines":"49","color":"#0059a9","mode":"bus","arr":["49"],"angle":-11.5}},{"type":"Feature","geometry":{"type":"Point","coordinates":[20.649785,52.229401]},"properties":{"lines":"49","color":"#0059a9","mode":"bus","arr":["49"],"angle":-11.6,"extra":1}},{"type":"Feature","geometry":{"type":"Point","coordinates":[20.652798,52.229779]},"properties":{"lines":"49","color":"#0059a9","mode":"bus","arr":["49"],"angle":-11.5,"extra":1}},{"type":"Feature","geometry":{"type":"Point","coordinates":[20.658824,52.230534]},"properties":{"lines":"49","color":"#0059a9","mode":"bus","arr":["49"],"angle":-11.5,"extra":1}},{"type":"Feature","geometry":{"type":"Point","coordinates":[20.661839,52.230907]},"properties":{"lines":"49","color":"#0059a9","mode":"bus","arr":["49"],"angle":-11.2,"extra":1}},{"type":"Feature","geometry":{"type":"Point","coordinates":[20.668059,52.220022]},"properties":{"lines":"49","color":"#0059a9","mode":"bus","arr":["49"],"angle":66.9}},{"type":"Feature","geometry":{"type":"Point","coordinates":[20.601511,52.178785]},"properties":{"lines":"49","color":"#0059a9","mode":"bus","arr":["49"],"angle":-82.3}},{"type":"Feature","geometry":{"type":"Point","coordinates":[20.600367,52.17608]},"properties":{"lines":"49","color":"#0059a9","mode":"bus","arr":["49"],"angle":-34.3,"extra":1}},{"type":"Feature","geometry":{"type":"Point","coordinates":[20.602157,52.181519]},"properties":{"lines":"49","color":"#0059a9","mode":"bus","arr":["49"],"angle":-82,"extra":1}},{"type":"Feature","geometry":{"type":"Point","coordinates":[20.605958,52.183491]},"properties":{"lines":"49","color":"#0059a9","mode":"bus","arr":["49"],"angle":-22.8}},{"type":"Feature","geometry":{"type":"Point","coordinates":[20.603871,52.182953]},"properties":{"lines":"49","color":"#0059a9","mode":"bus","arr":["49"],"angle":-22.9,"extra":1}},{"type":"Feature","geometry":{"type":"Point","coordinates":[20.609671,52.185079]},"properties":{"lines":"49","color":"#0059a9","mode":"bus","arr":["49"],"angle":-82.7}},{"type":"Feature","geometry":{"type":"Point","coordinates":[20.610796,52.185866]},"properties":{"lines":"49","color":"#0059a9","mode":"bus","arr":["49"],"angle":0.1}},{"type":"Feature","geometry":{"type":"Point","coordinates":[20.652172,52.219392]},"properties":{"lines":"49","color":"#0059a9","mode":"bus","arr":["49"],"angle":73.9}},{"type":"Feature","geometry":{"type":"Point","coordinates":[20.652707,52.21676]},"properties":{"lines":"49","color":"#0059a9","mode":"bus","arr":["49"],"angle":81.5,"extra":1}},{"type":"Feature","geometry":{"type":"Point","coordinates":[20.650735,52.222248]},"properties":{"lines":"49","color":"#0059a9","mode":"bus","arr":["49"],"angle":73.5,"extra":1}},{"type":"Feature","geometry":{"type":"Point","coordinates":[20.665937,52.225905]},"properties":{"lines":"49","color":"#0059a9","mode":"bus","arr":["49"],"angle":79.3}},{"type":"Feature","geometry":{"type":"Point","coordinates":[20.664539,52.230274]},"properties":{"lines":"49","color":"#0059a9","mode":"bus","arr":["49"],"angle":78.8,"extra":1}},{"type":"Feature","geometry":{"type":"Point","coordinates":[20.665144,52.228422]},"properties":{"lines":"49","color":"#0059a9","mode":"bus","arr":["49"],"angle":78.5,"extra":1}},{"type":"Feature","geometry":{"type":"Point","coordinates":[20.666301,52.224712]},"properties":{"lines":"49","color":"#0059a9","mode":"bus","arr":["49"],"angle":79.4,"extra":1}},{"type":"Feature","geometry":{"type":"Point","coordinates":[20.666914,52.222862]},"properties":{"lines":"49","color":"#0059a9","mode":"bus","arr":["49"],"angle":78.4,"extra":1}},{"type":"Feature","geometry":{"type":"Point","coordinates":[20.667531,52.221012]},"properties":{"lines":"49","color":"#0059a9","mode":"bus","arr":["49"],"angle":78.4,"extra":1}},{"type":"Feature","geometry":{"type":"Point","coordinates":[20.669442,52.219538]},"properties":{"lines":"49","color":"#0059a9","mode":"bus","arr":["49"],"angle":-9.9}},{"type":"Feature","geometry":{"type":"Point","coordinates":[20.672071,52.21489]},"properties":{"lines":"49","color":"#0059a9","mode":"bus","arr":["49"],"angle":79.6}},{"type":"Feature","geometry":{"type":"Point","coordinates":[20.670544,52.218702]},"properties":{"lines":"49","color":"#0059a9","mode":"bus","arr":["49"],"angle":85.2,"extra":1}},{"type":"Feature","geometry":{"type":"Point","coordinates":[20.671459,52.216937]},"properties":{"lines":"49","color":"#0059a9","mode":"bus","arr":["49"],"angle":79.6,"extra":1}},{"type":"Feature","geometry":{"type":"Point","coordinates":[20.672571,52.213222]},"properties":{"lines":"49","color":"#0059a9","mode":"bus","arr":["49"],"angle":79.6,"extra":1}},{"type":"Feature","geometry":{"type":"Point","coordinates":[20.673133,52.211365]},"properties":{"lines":"49","color":"#0059a9","mode":"bus","arr":["49"],"angle":79.4,"extra":1}},{"type":"Feature","geometry":{"type":"Point","coordinates":[20.672948,52.206383]},"properties":{"lines":"49","color":"#0059a9","mode":"bus","arr":["49"],"angle":-0.2}},{"type":"Feature","geometry":{"type":"Point","coordinates":[20.664774,52.208056]},"properties":{"lines":"49","color":"#0059a9","mode":"bus","arr":["49"],"angle":71.9,"extra":1}},{"type":"Feature","geometry":{"type":"Point","coordinates":[20.667331,52.207109]},"properties":{"lines":"49","color":"#0059a9","mode":"bus","arr":["49"],"angle":24.9,"extra":1}},{"type":"Feature","geometry":{"type":"Point","coordinates":[20.670143,52.206376]},"properties":{"lines":"49","color":"#0059a9","mode":"bus","arr":["49"],"angle":5.4,"extra":1}},{"type":"Feature","geometry":{"type":"Point","coordinates":[20.676293,52.206386]},"properties":{"lines":"49","color":"#0059a9","mode":"bus","arr":["49"],"angle":0.2,"extra":1}},{"type":"Feature","geometry":{"type":"Point","coordinates":[20.679368,52.206388]},"properties":{"lines":"49","color":"#0059a9","mode":"bus","arr":["49"],"angle":-0.3,"extra":1}},{"type":"Feature","geometry":{"type":"Point","coordinates":[20.682443,52.206379]},"properties":{"lines":"49","color":"#0059a9","mode":"bus","arr":["49"],"angle":0.3,"extra":1}},{"type":"Feature","geometry":{"type":"Point","coordinates":[20.695879,52.204515]},"properties":{"lines":"49, 94","color":"#0059a9","mode":"bus","arr":["49","94"],"angle":-78.7}},{"type":"Feature","geometry":{"type":"Point","coordinates":[20.696865,52.206178]},"properties":{"lines":"49, 94","color":"#0059a9","mode":"bus","arr":["49","94"],"angle":-69.1,"extra":1}},{"type":"Feature","geometry":{"type":"Point","coordinates":[20.696516,52.202562]},"properties":{"lines":"49, 94","color":"#0059a9","mode":"bus","arr":["49","94"],"angle":76.4,"extra":1}},{"type":"Feature","geometry":{"type":"Point","coordinates":[20.698563,52.201951]},"properties":{"lines":"49, 94","color":"#0059a9","mode":"bus","arr":["49","94"],"angle":-3.4}},{"type":"Feature","geometry":{"type":"Point","coordinates":[20.701237,52.202051]},"properties":{"lines":"49","color":"#0059a9","mode":"bus","arr":["49"],"angle":-3}},{"type":"Feature","geometry":{"type":"Point","coordinates":[20.702225,52.201209]},"properties":{"lines":"49","color":"#0059a9","mode":"bus","arr":["49"],"angle":86.1}},{"type":"Feature","geometry":{"type":"Point","coordinates":[20.701252,52.200213]},"properties":{"lines":"49, 94","color":"#0059a9","mode":"bus","arr":["49","94"],"angle":-10.8}},{"type":"Feature","geometry":{"type":"Point","coordinates":[20.700464,52.201079]},"properties":{"lines":"49, 94","color":"#0059a9","mode":"bus","arr":["49","94"],"angle":85.5}},{"type":"Feature","geometry":{"type":"Point","coordinates":[20.723976,52.05447]},"properties":{"lines":"51","color":"#0059a9","mode":"bus","arr":["51"],"angle":-37}},{"type":"Feature","geometry":{"type":"Point","coordinates":[20.715994,52.05165]},"properties":{"lines":"51, 63","color":"#0059a9","mode":"bus","arr":["51","63"],"angle":44.5}},{"type":"Feature","geometry":{"type":"Point","coordinates":[20.704552,52.045112]},"properties":{"lines":"51, 63","color":"#0059a9","mode":"bus","arr":["51","63"],"angle":-49.6}},{"type":"Feature","geometry":{"type":"Point","coordinates":[20.714854,52.053766]},"properties":{"lines":"51, 63","color":"#0059a9","mode":"bus","arr":["51","63"],"angle":88.6,"extra":1}},{"type":"Feature","geometry":{"type":"Point","coordinates":[20.71553,52.050482]},"properties":{"lines":"51, 63","color":"#0059a9","mode":"bus","arr":["51","63"],"angle":-38.6,"extra":1}},{"type":"Feature","geometry":{"type":"Point","coordinates":[20.709058,52.050517]},"properties":{"lines":"51, 63","color":"#0059a9","mode":"bus","arr":["51","63"],"angle":49.1}},{"type":"Feature","geometry":{"type":"Point","coordinates":[20.711976,52.049022]},"properties":{"lines":"51, 63","color":"#0059a9","mode":"bus","arr":["51","63"],"angle":-43.7,"extra":1}},{"type":"Feature","geometry":{"type":"Point","coordinates":[20.705832,52.052837]},"properties":{"lines":"51, 63","color":"#0059a9","mode":"bus","arr":["51","63"],"angle":50,"extra":1}},{"type":"Feature","geometry":{"type":"Point","coordinates":[20.688511,52.036304]},"properties":{"lines":"51, 63","color":"#0059a9","mode":"bus","arr":["51","63"],"angle":51.1}},{"type":"Feature","geometry":{"type":"Point","coordinates":[20.704017,52.053568]},"properties":{"lines":"51, 63","color":"#0059a9","mode":"bus","arr":["51","63"],"angle":15.5}},{"type":"Feature","geometry":{"type":"Point","coordinates":[20.700006,52.051699]},"properties":{"lines":"51, 63","color":"#0059a9","mode":"bus","arr":["51","63"],"angle":-68.1}},{"type":"Feature","geometry":{"type":"Point","coordinates":[20.70133,52.053865]},"properties":{"lines":"51, 63","color":"#0059a9","mode":"bus","arr":["51","63"],"angle":-55,"extra":1}},{"type":"Feature","geometry":{"type":"Point","coordinates":[20.699203,52.050322]},"properties":{"lines":"51, 63","color":"#0059a9","mode":"bus","arr":["51","63"],"angle":-71.7,"extra":1}},{"type":"Feature","geometry":{"type":"Point","coordinates":[20.702009,52.046942]},"properties":{"lines":"51, 63","color":"#0059a9","mode":"bus","arr":["51","63"],"angle":29.6}},{"type":"Feature","geometry":{"type":"Point","coordinates":[20.699923,52.047807]},"properties":{"lines":"51, 63","color":"#0059a9","mode":"bus","arr":["51","63"],"angle":54,"extra":1}},{"type":"Feature","geometry":{"type":"Point","coordinates":[20.705096,52.045795]},"properties":{"lines":"51, 63","color":"#0059a9","mode":"bus","arr":["51","63"],"angle":36.4,"extra":1}},{"type":"Feature","geometry":{"type":"Point","coordinates":[20.692844,52.03635]},"properties":{"lines":"51, 63","color":"#0059a9","mode":"bus","arr":["51","63"],"angle":-37}},{"type":"Feature","geometry":{"type":"Point","coordinates":[20.698905,52.040571]},"properties":{"lines":"51, 63","color":"#0059a9","mode":"bus","arr":["51","63"],"angle":-48.1}},{"type":"Feature","geometry":{"type":"Point","coordinates":[20.702474,52.043655]},"properties":{"lines":"51, 63","color":"#0059a9","mode":"bus","arr":["51","63"],"angle":-50.4,"extra":1}},{"type":"Feature","geometry":{"type":"Point","coordinates":[20.700593,52.042169]},"properties":{"lines":"51, 63","color":"#0059a9","mode":"bus","arr":["51","63"],"angle":-57,"extra":1}},{"type":"Feature","geometry":{"type":"Point","coordinates":[20.695995,52.040579]},"properties":{"lines":"51, 63","color":"#0059a9","mode":"bus","arr":["51","63"],"angle":-1.2,"extra":1}},{"type":"Feature","geometry":{"type":"Point","coordinates":[20.694721,52.039063]},"properties":{"lines":"51, 63","color":"#0059a9","mode":"bus","arr":["51","63"],"angle":-79.1,"extra":1}},{"type":"Feature","geometry":{"type":"Point","coordinates":[20.691316,52.034005]},"properties":{"lines":"51, 83","color":"#0059a9","mode":"bus","arr":["51","83"],"angle":50.8}},{"type":"Feature","geometry":{"type":"Point","coordinates":[20.693108,52.035745]},"properties":{"lines":"51, 83","color":"#0059a9","mode":"bus","arr":["51","83"],"angle":-33.8}},{"type":"Feature","geometry":{"type":"Point","coordinates":[20.702863,52.035945]},"properties":{"lines":"51","color":"#0059a9","mode":"bus","arr":["51"],"angle":12.9}},{"type":"Feature","geometry":{"type":"Point","coordinates":[20.697039,52.036762]},"properties":{"lines":"51","color":"#0059a9","mode":"bus","arr":["51"],"angle":12.9,"extra":1}},{"type":"Feature","geometry":{"type":"Point","coordinates":[20.700037,52.036342]},"properties":{"lines":"51","color":"#0059a9","mode":"bus","arr":["51"],"angle":12.9,"extra":1}},{"type":"Feature","geometry":{"type":"Point","coordinates":[20.706033,52.035501]},"properties":{"lines":"51","color":"#0059a9","mode":"bus","arr":["51"],"angle":12.9,"extra":1}},{"type":"Feature","geometry":{"type":"Point","coordinates":[20.708962,52.035721]},"properties":{"lines":"51","color":"#0059a9","mode":"bus","arr":["51"],"angle":-21.2,"extra":1}},{"type":"Feature","geometry":{"type":"Point","coordinates":[20.678993,52.02429]},"properties":{"lines":"51","color":"#0059a9","mode":"bus","arr":["51"],"angle":26.8}},{"type":"Feature","geometry":{"type":"Point","coordinates":[20.686953,52.021803]},"properties":{"lines":"51","color":"#0059a9","mode":"bus","arr":["51"],"angle":27,"extra":1}},{"type":"Feature","geometry":{"type":"Point","coordinates":[20.684227,52.022676]},"properties":{"lines":"51","color":"#0059a9","mode":"bus","arr":["51"],"angle":26.9,"extra":1}},{"type":"Feature","geometry":{"type":"Point","coordinates":[20.681479,52.023524]},"properties":{"lines":"51","color":"#0059a9","mode":"bus","arr":["51"],"angle":26.7,"extra":1}},{"type":"Feature","geometry":{"type":"Point","coordinates":[20.675992,52.02523]},"properties":{"lines":"51","color":"#0059a9","mode":"bus","arr":["51"],"angle":26.9,"extra":1}},{"type":"Feature","geometry":{"type":"Point","coordinates":[20.67325,52.026084]},"properties":{"lines":"51","color":"#0059a9","mode":"bus","arr":["51"],"angle":26.9,"extra":1}},{"type":"Feature","geometry":{"type":"Point","coordinates":[20.670526,52.026952]},"properties":{"lines":"51","color":"#0059a9","mode":"bus","arr":["51"],"angle":64.2,"extra":1}},{"type":"Feature","geometry":{"type":"Point","coordinates":[20.688399,52.02395]},"properties":{"lines":"51","color":"#0059a9","mode":"bus","arr":["51"],"angle":10.8}},{"type":"Feature","geometry":{"type":"Point","coordinates":[20.688489,52.026581]},"properties":{"lines":"51","color":"#0059a9","mode":"bus","arr":["51"],"angle":-79}},{"type":"Feature","geometry":{"type":"Point","coordinates":[20.688012,52.024956]},"properties":{"lines":"51","color":"#0059a9","mode":"bus","arr":["51"],"angle":-79.3,"extra":1}},{"type":"Feature","geometry":{"type":"Point","coordinates":[20.689106,52.028672]},"properties":{"lines":"51","color":"#0059a9","mode":"bus","arr":["51"],"angle":-84.8,"extra":1}},{"type":"Feature","geometry":{"type":"Point","coordinates":[20.689191,52.030103]},"properties":{"lines":"51","color":"#0059a9","mode":"bus","arr":["51"],"angle":-79.6}},{"type":"Feature","geometry":{"type":"Point","coordinates":[20.70355,52.026725]},"properties":{"lines":"52, 83","color":"#0059a9","mode":"bus","arr":["52","83"],"angle":35.8}},{"type":"Feature","geometry":{"type":"Point","coordinates":[20.692175,52.029053]},"properties":{"lines":"52, 83","color":"#0059a9","mode":"bus","arr":["52","83"],"angle":12.2,"extra":1}},{"type":"Feature","geometry":{"type":"Point","coordinates":[20.695174,52.028637]},"properties":{"lines":"52, 83","color":"#0059a9","mode":"bus","arr":["52","83"],"angle":13.4,"extra":1}},{"type":"Feature","geometry":{"type":"Point","coordinates":[20.69817,52.028212]},"properties":{"lines":"52, 83","color":"#0059a9","mode":"bus","arr":["52","83"],"angle":13.4,"extra":1}},{"type":"Feature","geometry":{"type":"Point","coordinates":[20.701062,52.02758]},"properties":{"lines":"52, 83","color":"#0059a9","mode":"bus","arr":["52","83"],"angle":22,"extra":1}},{"type":"Feature","geometry":{"type":"Point","coordinates":[20.706187,52.02553]},"properties":{"lines":"52, 83","color":"#0059a9","mode":"bus","arr":["52","83"],"angle":36.1,"extra":1}},{"type":"Feature","geometry":{"type":"Point","coordinates":[20.708838,52.024577]},"properties":{"lines":"52, 83","color":"#0059a9","mode":"bus","arr":["52","83"],"angle":28.7,"extra":1}},{"type":"Feature","geometry":{"type":"Point","coordinates":[20.711531,52.023665]},"properties":{"lines":"52, 83","color":"#0059a9","mode":"bus","arr":["52","83"],"angle":29.1,"extra":1}},{"type":"Feature","geometry":{"type":"Point","coordinates":[20.714235,52.022767]},"properties":{"lines":"52, 83","color":"#0059a9","mode":"bus","arr":["52","83"],"angle":28.1,"extra":1}},{"type":"Feature","geometry":{"type":"Point","coordinates":[20.709964,52.026761]},"properties":{"lines":"52","color":"#0059a9","mode":"bus","arr":["52"],"angle":-47}},{"type":"Feature","geometry":{"type":"Point","coordinates":[20.708107,52.025822]},"properties":{"lines":"52","color":"#0059a9","mode":"bus","arr":["52"],"angle":-39.3,"extra":1}},{"type":"Feature","geometry":{"type":"Point","coordinates":[20.711406,52.028739]},"properties":{"lines":"52","color":"#0059a9","mode":"bus","arr":["52"],"angle":-26.2,"extra":1}},{"type":"Feature","geometry":{"type":"Point","coordinates":[20.722367,52.019784]},"properties":{"lines":"52, 83","color":"#0059a9","mode":"bus","arr":["52","83"],"angle":35}},{"type":"Feature","geometry":{"type":"Point","coordinates":[20.716574,52.021975]},"properties":{"lines":"52, 83","color":"#0059a9","mode":"bus","arr":["52","83"],"angle":29.2,"extra":1}},{"type":"Feature","geometry":{"type":"Point","coordinates":[20.719262,52.021058]},"properties":{"lines":"52, 83","color":"#0059a9","mode":"bus","arr":["52","83"],"angle":30.3,"extra":1}},{"type":"Feature","geometry":{"type":"Point","coordinates":[20.724648,52.019658]},"properties":{"lines":"52, 83","color":"#0059a9","mode":"bus","arr":["52","83"],"angle":-7.7,"extra":1}},{"type":"Feature","geometry":{"type":"Point","coordinates":[20.727695,52.019913]},"properties":{"lines":"52, 83","color":"#0059a9","mode":"bus","arr":["52","83"],"angle":-7.8,"extra":1}},{"type":"Feature","geometry":{"type":"Point","coordinates":[20.737159,52.106639]},"properties":{"lines":"55","color":"#0059a9","mode":"bus","arr":["55"],"angle":9.9}},{"type":"Feature","geometry":{"type":"Point","coordinates":[20.725137,52.107498]},"properties":{"lines":"55","color":"#0059a9","mode":"bus","arr":["55"],"angle":2.9}},{"type":"Feature","geometry":{"type":"Point","coordinates":[20.735054,52.106864]},"properties":{"lines":"55","color":"#0059a9","mode":"bus","arr":["55"],"angle":9.8,"extra":1}},{"type":"Feature","geometry":{"type":"Point","coordinates":[20.734913,52.107544]},"properties":{"lines":"55","color":"#0059a9","mode":"bus","arr":["55"],"angle":-80.9}},{"type":"Feature","geometry":{"type":"Point","coordinates":[20.737517,52.108017]},"properties":{"lines":"55","color":"#0059a9","mode":"bus","arr":["55"],"angle":8.1}},{"type":"Feature","geometry":{"type":"Point","coordinates":[20.739664,52.10783]},"properties":{"lines":"55","color":"#0059a9","mode":"bus","arr":["55"],"angle":8.1,"extra":1}},{"type":"Feature","geometry":{"type":"Point","coordinates":[20.740225,52.109152]},"properties":{"lines":"55","color":"#0059a9","mode":"bus","arr":["55"],"angle":-82.2}},{"type":"Feature","geometry":{"type":"Point","coordinates":[20.740643,52.110989]},"properties":{"lines":"55","color":"#0059a9","mode":"bus","arr":["55"],"angle":-82,"extra":1}},{"type":"Feature","geometry":{"type":"Point","coordinates":[20.7398,52.107248]},"properties":{"lines":"55","color":"#0059a9","mode":"bus","arr":["55"],"angle":-81.5,"extra":1}},{"type":"Feature","geometry":{"type":"Point","coordinates":[20.620526,52.077048]},"properties":{"lines":"58","color":"#0059a9","mode":"bus","arr":["58"],"angle":-7.3}},{"type":"Feature","geometry":{"type":"Point","coordinates":[20.614186,52.076549]},"properties":{"lines":"58","color":"#0059a9","mode":"bus","arr":["58"],"angle":-7.3,"extra":1}},{"type":"Feature","geometry":{"type":"Point","coordinates":[20.617236,52.07679]},"properties":{"lines":"58","color":"#0059a9","mode":"bus","arr":["58"],"angle":-7.3,"extra":1}},{"type":"Feature","geometry":{"type":"Point","coordinates":[20.623335,52.077272]},"properties":{"lines":"58","color":"#0059a9","mode":"bus","arr":["58"],"angle":-6.6,"extra":1}},{"type":"Feature","geometry":{"type":"Point","coordinates":[20.626395,52.077318]},"properties":{"lines":"58","color":"#0059a9","mode":"bus","arr":["58"],"angle":-16.8,"extra":1}},{"type":"Feature","geometry":{"type":"Point","coordinates":[20.792279,52.165765]},"properties":{"lines":"60, 65, 66, 77","color":"#0059a9","mode":"bus","arr":["60","65","66","77"],"angle":-30.9}},{"type":"Feature","geometry":{"type":"Point","coordinates":[20.796387,52.166961]},"properties":{"lines":"60, 65, 66, 77","color":"#0059a9","mode":"bus","arr":["60","65","66","77"],"angle":-28}},{"type":"Feature","geometry":{"type":"Point","coordinates":[20.790527,52.165006]},"properties":{"lines":"60, 65, 66, 77","color":"#0059a9","mode":"bus","arr":["60","65","66","77"],"angle":-26.6,"extra":1}},{"type":"Feature","geometry":{"type":"Point","coordinates":[20.789996,52.164721]},"properties":{"lines":"60, 65, 66","color":"#0059a9","mode":"bus","arr":["60","65","66"],"angle":-74.1}},{"type":"Feature","geometry":{"type":"Point","coordinates":[20.788289,52.162501]},"properties":{"lines":"60, 65, 66, 77","color":"#0059a9","mode":"bus","arr":["60","65","66","77"],"angle":-64.8}},{"type":"Feature","geometry":{"type":"Point","coordinates":[20.789217,52.163706]},"properties":{"lines":"60, 65, 66, 77","color":"#0059a9","mode":"bus","arr":["60","65","66","77"],"angle":-64.8,"extra":1}},{"type":"Feature","geometry":{"type":"Point","coordinates":[20.78832,52.16005]},"properties":{"lines":"60, 65, 66, 77, 78","color":"#0059a9","mode":"bus","arr":["60","65","66","77","78"],"angle":15.4}},{"type":"Feature","geometry":{"type":"Point","coordinates":[20.791965,52.158217]},"properties":{"lines":"60, 62, 65, Z67","color":"#0059a9","mode":"bus","arr":["60","62","65","Z67"],"angle":52.6}},{"type":"Feature","geometry":{"type":"Point","coordinates":[20.79315,52.155412]},"properties":{"lines":"60, 62, 65, Z67","color":"#0059a9","mode":"bus","arr":["60","62","65","Z67"],"angle":81.3}},{"type":"Feature","geometry":{"type":"Point","coordinates":[20.792473,52.153516]},"properties":{"lines":"60, 62, 65, Z67","color":"#0059a9","mode":"bus","arr":["60","62","65","Z67"],"angle":-41.1}},{"type":"Feature","geometry":{"type":"Point","coordinates":[20.790683,52.152525]},"properties":{"lines":"60, 62, 65, Z67","color":"#0059a9","mode":"bus","arr":["60","62","65","Z67"],"angle":-42.8}},{"type":"Feature","geometry":{"type":"Point","coordinates":[20.789887,52.151121]},"properties":{"lines":"60, 62, 65, Z67","color":"#0059a9","mode":"bus","arr":["60","62","65","Z67"],"angle":-87.2}},{"type":"Feature","geometry":{"type":"Point","coordinates":[20.797011,52.149689]},"properties":{"lines":"60, 62, 65","color":"#0059a9","mode":"bus","arr":["60","62","65"],"angle":7.3}},{"type":"Feature","geometry":{"type":"Point","coordinates":[20.791387,52.150078]},"properties":{"lines":"60, 62, 65","color":"#0059a9","mode":"bus","arr":["60","62","65"],"angle":6.7,"extra":1}},{"type":"Feature","geometry":{"type":"Point","coordinates":[20.794443,52.149867]},"properties":{"lines":"60, 62, 65","color":"#0059a9","mode":"bus","arr":["60","62","65"],"angle":6.3,"extra":1}},{"type":"Feature","geometry":{"type":"Point","coordinates":[20.800532,52.149343]},"properties":{"lines":"60, 62, 65","color":"#0059a9","mode":"bus","arr":["60","62","65"],"angle":9.2,"extra":1}},{"type":"Feature","geometry":{"type":"Point","coordinates":[20.803565,52.149033]},"properties":{"lines":"60, 62, 65","color":"#0059a9","mode":"bus","arr":["60","62","65"],"angle":13.4,"extra":1}},{"type":"Feature","geometry":{"type":"Point","coordinates":[20.805265,52.146885]},"properties":{"lines":"60, 65","color":"#0059a9","mode":"bus","arr":["60","65"],"angle":68.9}},{"type":"Feature","geometry":{"type":"Point","coordinates":[20.801924,52.106693]},"properties":{"lines":"60, 65","color":"#0059a9","mode":"bus","arr":["60","65"],"angle":73.3}},{"type":"Feature","geometry":{"type":"Point","coordinates":[20.804853,52.137416]},"properties":{"lines":"60, 65","color":"#0059a9","mode":"bus","arr":["60","65"],"angle":-84.1}},{"type":"Feature","geometry":{"type":"Point","coordinates":[20.798779,52.124751]},"properties":{"lines":"60, 65","color":"#0059a9","mode":"bus","arr":["60","65"],"angle":-79.3}},{"type":"Feature","geometry":{"type":"Point","coordinates":[20.805926,52.143943]},"properties":{"lines":"60, 65","color":"#0059a9","mode":"bus","arr":["60","65"],"angle":-89,"extra":1}},{"type":"Feature","geometry":{"type":"Point","coordinates":[20.805663,52.142064]},"properties":{"lines":"60, 65","color":"#0059a9","mode":"bus","arr":["60","65"],"angle":-80.8,"extra":1}},{"type":"Feature","geometry":{"type":"Point","coordinates":[20.804812,52.140325]},"properties":{"lines":"60, 65","color":"#0059a9","mode":"bus","arr":["60","65"],"angle":77.1,"extra":1}},{"type":"Feature","geometry":{"type":"Point","coordinates":[20.804259,52.13471]},"properties":{"lines":"60, 65","color":"#0059a9","mode":"bus","arr":["60","65"],"angle":-74.2,"extra":1}},{"type":"Feature","geometry":{"type":"Point","coordinates":[20.80335,52.132906]},"properties":{"lines":"60, 65","color":"#0059a9","mode":"bus","arr":["60","65"],"angle":-73.1,"extra":1}},{"type":"Feature","geometry":{"type":"Point","coordinates":[20.801804,52.131299]},"properties":{"lines":"60, 65","color":"#0059a9","mode":"bus","arr":["60","65"],"angle":-50.4,"extra":1}},{"type":"Feature","geometry":{"type":"Point","coordinates":[20.79997,52.129418]},"properties":{"lines":"60, 65","color":"#0059a9","mode":"bus","arr":["60","65"],"angle":-80.6,"extra":1}},{"type":"Feature","geometry":{"type":"Point","coordinates":[20.799503,52.127552]},"properties":{"lines":"60, 65","color":"#0059a9","mode":"bus","arr":["60","65"],"angle":-81.2,"extra":1}},{"type":"Feature","geometry":{"type":"Point","coordinates":[20.797975,52.121968]},"properties":{"lines":"60, 65","color":"#0059a9","mode":"bus","arr":["60","65"],"angle":-82.9,"extra":1}},{"type":"Feature","geometry":{"type":"Point","coordinates":[20.796739,52.12027]},"properties":{"lines":"60, 65","color":"#0059a9","mode":"bus","arr":["60","65"],"angle":-57.9,"extra":1}},{"type":"Feature","geometry":{"type":"Point","coordinates":[20.807679,52.095016]},"properties":{"lines":"60, 65","color":"#0059a9","mode":"bus","arr":["60","65"],"angle":76.5,"extra":1}},{"type":"Feature","geometry":{"type":"Point","coordinates":[20.806797,52.096826]},"properties":{"lines":"60, 65","color":"#0059a9","mode":"bus","arr":["60","65"],"angle":73.3,"extra":1}},{"type":"Feature","geometry":{"type":"Point","coordinates":[20.805906,52.098633]},"properties":{"lines":"60, 65","color":"#0059a9","mode":"bus","arr":["60","65"],"angle":73.4,"extra":1}},{"type":"Feature","geometry":{"type":"Point","coordinates":[20.805011,52.100439]},"properties":{"lines":"60, 65","color":"#0059a9","mode":"bus","arr":["60","65"],"angle":73,"extra":1}},{"type":"Feature","geometry":{"type":"Point","coordinates":[20.80413,52.102248]},"properties":{"lines":"60, 65","color":"#0059a9","mode":"bus","arr":["60","65"],"angle":72.2,"extra":1}},{"type":"Feature","geometry":{"type":"Point","coordinates":[20.803226,52.104053]},"properties":{"lines":"60, 65","color":"#0059a9","mode":"bus","arr":["60","65"],"angle":73.2,"extra":1}},{"type":"Feature","geometry":{"type":"Point","coordinates":[20.800579,52.109481]},"properties":{"lines":"60, 65","color":"#0059a9","mode":"bus","arr":["60","65"],"angle":74,"extra":1}},{"type":"Feature","geometry":{"type":"Point","coordinates":[20.799727,52.111295]},"properties":{"lines":"60, 65","color":"#0059a9","mode":"bus","arr":["60","65"],"angle":74,"extra":1}},{"type":"Feature","geometry":{"type":"Point","coordinates":[20.798749,52.113085]},"properties":{"lines":"60, 65","color":"#0059a9","mode":"bus","arr":["60","65"],"angle":70.9,"extra":1}},{"type":"Feature","geometry":{"type":"Point","coordinates":[20.797996,52.114914]},"properties":{"lines":"60, 65","color":"#0059a9","mode":"bus","arr":["60","65"],"angle":75.5,"extra":1}},{"type":"Feature","geometry":{"type":"Point","coordinates":[20.796951,52.116686]},"properties":{"lines":"60, 65","color":"#0059a9","mode":"bus","arr":["60","65"],"angle":74.5,"extra":1}},{"type":"Feature","geometry":{"type":"Point","coordinates":[20.795871,52.118453]},"properties":{"lines":"60, 65","color":"#0059a9","mode":"bus","arr":["60","65"],"angle":68.2,"extra":1}},{"type":"Feature","geometry":{"type":"Point","coordinates":[20.806728,52.09379]},"properties":{"lines":"60, 63, 65","color":"#0059a9","mode":"bus","arr":["60","63","65"],"angle":-33.8}},{"type":"Feature","geometry":{"type":"Point","coordinates":[20.847956,52.083253]},"properties":{"lines":"60","color":"#0059a9","mode":"bus","arr":["60"],"angle":-85.6}},{"type":"Feature","geometry":{"type":"Point","coordinates":[20.847116,52.075396]},"properties":{"lines":"60","color":"#0059a9","mode":"bus","arr":["60"],"angle":-88.1,"extra":1}},{"type":"Feature","geometry":{"type":"Point","coordinates":[20.847255,52.077283]},"properties":{"lines":"60","color":"#0059a9","mode":"bus","arr":["60"],"angle":-88,"extra":1}},{"type":"Feature","geometry":{"type":"Point","coordinates":[20.84738,52.07917]},"properties":{"lines":"60","color":"#0059a9","mode":"bus","arr":["60"],"angle":-87.6,"extra":1}},{"type":"Feature","geometry":{"type":"Point","coordinates":[20.847672,52.081044]},"properties":{"lines":"60","color":"#0059a9","mode":"bus","arr":["60"],"angle":-79.9,"extra":1}},{"type":"Feature","geometry":{"type":"Point","coordinates":[20.848151,52.084809]},"properties":{"lines":"60","color":"#0059a9","mode":"bus","arr":["60"],"angle":-86.5,"extra":1}},{"type":"Feature","geometry":{"type":"Point","coordinates":[20.847618,52.086659]},"properties":{"lines":"60","color":"#0059a9","mode":"bus","arr":["60"],"angle":78,"extra":1}},{"type":"Feature","geometry":{"type":"Point","coordinates":[20.846944,52.088502]},"properties":{"lines":"60","color":"#0059a9","mode":"bus","arr":["60"],"angle":76.7,"extra":1}},{"type":"Feature","geometry":{"type":"Point","coordinates":[20.846236,52.090339]},"properties":{"lines":"60","color":"#0059a9","mode":"bus","arr":["60"],"angle":76.7,"extra":1}},{"type":"Feature","geometry":{"type":"Point","coordinates":[20.830474,52.093001]},"properties":{"lines":"60","color":"#0059a9","mode":"bus","arr":["60"],"angle":-2.3}},{"type":"Feature","geometry":{"type":"Point","coordinates":[20.844292,52.092346]},"properties":{"lines":"60","color":"#0059a9","mode":"bus","arr":["60"],"angle":28.3,"extra":1}},{"type":"Feature","geometry":{"type":"Point","coordinates":[20.841319,52.0927]},"properties":{"lines":"60","color":"#0059a9","mode":"bus","arr":["60"],"angle":4.4,"extra":1}},{"type":"Feature","geometry":{"type":"Point","coordinates":[20.838251,52.092829]},"properties":{"lines":"60","color":"#0059a9","mode":"bus","arr":["60"],"angle":3.7,"extra":1}},{"type":"Feature","geometry":{"type":"Point","coordinates":[20.835183,52.092951]},"properties":{"lines":"60","color":"#0059a9","mode":"bus","arr":["60"],"angle":3.7,"extra":1}},{"type":"Feature","geometry":{"type":"Point","coordinates":[20.82597,52.092869]},"properties":{"lines":"60","color":"#0059a9","mode":"bus","arr":["60"],"angle":-2.3,"extra":1}},{"type":"Feature","geometry":{"type":"Point","coordinates":[20.822897,52.092787]},"properties":{"lines":"60","color":"#0059a9","mode":"bus","arr":["60"],"angle":-2.7,"extra":1}},{"type":"Feature","geometry":{"type":"Point","coordinates":[20.819825,52.092702]},"properties":{"lines":"60","color":"#0059a9","mode":"bus","arr":["60"],"angle":-2.6,"extra":1}},{"type":"Feature","geometry":{"type":"Point","coordinates":[20.816753,52.092618]},"properties":{"lines":"60","color":"#0059a9","mode":"bus","arr":["60"],"angle":-2.6,"extra":1}},{"type":"Feature","geometry":{"type":"Point","coordinates":[20.814209,52.092414]},"properties":{"lines":"60","color":"#0059a9","mode":"bus","arr":["60"],"angle":51}},{"type":"Feature","geometry":{"type":"Point","coordinates":[20.819888,52.098899]},"properties":{"lines":"60","color":"#0059a9","mode":"bus","arr":["60"],"angle":-32}},{"type":"Feature","geometry":{"type":"Point","coordinates":[20.830914,52.101357]},"properties":{"lines":"60","color":"#0059a9","mode":"bus","arr":["60"],"angle":-17.9,"extra":1}},{"type":"Feature","geometry":{"type":"Point","coordinates":[20.827864,52.101367]},"properties":{"lines":"60","color":"#0059a9","mode":"bus","arr":["60"],"angle":4.4,"extra":1}},{"type":"Feature","geometry":{"type":"Point","coordinates":[20.825008,52.100946]},"properties":{"lines":"60","color":"#0059a9","mode":"bus","arr":["60"],"angle":-33,"extra":1}},{"type":"Feature","geometry":{"type":"Point","coordinates":[20.822432,52.099915]},"properties":{"lines":"60","color":"#0059a9","mode":"bus","arr":["60"],"angle":-33.4,"extra":1}},{"type":"Feature","geometry":{"type":"Point","coordinates":[20.817334,52.09781]},"properties":{"lines":"60","color":"#0059a9","mode":"bus","arr":["60"],"angle":-41.6,"extra":1}},{"type":"Feature","geometry":{"type":"Point","coordinates":[20.815108,52.096509]},"properties":{"lines":"60","color":"#0059a9","mode":"bus","arr":["60"],"angle":-49.9,"extra":1}},{"type":"Feature","geometry":{"type":"Point","coordinates":[20.814853,52.0949]},"properties":{"lines":"60","color":"#0059a9","mode":"bus","arr":["60"],"angle":51,"extra":1}},{"type":"Feature","geometry":{"type":"Point","coordinates":[20.814228,52.093375]},"properties":{"lines":"60","color":"#0059a9","mode":"bus","arr":["60"],"angle":-33.1,"extra":1}},{"type":"Feature","geometry":{"type":"Point","coordinates":[20.820505,52.098083]},"properties":{"lines":"60","color":"#0059a9","mode":"bus","arr":["60"],"angle":-88.5}},{"type":"Feature","geometry":{"type":"Point","coordinates":[20.821539,52.096771]},"properties":{"lines":"60","color":"#0059a9","mode":"bus","arr":["60"],"angle":2.6}},{"type":"Feature","geometry":{"type":"Point","coordinates":[20.830835,52.104346]},"properties":{"lines":"60","color":"#0059a9","mode":"bus","arr":["60"],"angle":52.4}},{"type":"Feature","geometry":{"type":"Point","coordinates":[20.831845,52.102579]},"properties":{"lines":"60","color":"#0059a9","mode":"bus","arr":["60"],"angle":77.5,"extra":1}},{"type":"Feature","geometry":{"type":"Point","coordinates":[20.822374,52.1005]},"properties":{"lines":"60, 63","color":"#0059a9","mode":"bus","arr":["60","63"],"angle":-33}},{"type":"Feature","geometry":{"type":"Point","coordinates":[20.830274,52.103665]},"properties":{"lines":"60, 63","color":"#0059a9","mode":"bus","arr":["60","63"],"angle":-33.5,"extra":1}},{"type":"Feature","geometry":{"type":"Point","coordinates":[20.827709,52.102623]},"properties":{"lines":"60, 63","color":"#0059a9","mode":"bus","arr":["60","63"],"angle":-33.4,"extra":1}},{"type":"Feature","geometry":{"type":"Point","coordinates":[20.825133,52.101592]},"properties":{"lines":"60, 63","color":"#0059a9","mode":"bus","arr":["60","63"],"angle":-32.8,"extra":1}},{"type":"Feature","geometry":{"type":"Point","coordinates":[20.819977,52.099533]},"properties":{"lines":"60, 63","color":"#0059a9","mode":"bus","arr":["60","63"],"angle":-33.2,"extra":1}},{"type":"Feature","geometry":{"type":"Point","coordinates":[20.817402,52.0985]},"properties":{"lines":"60, 63","color":"#0059a9","mode":"bus","arr":["60","63"],"angle":-33.2,"extra":1}},{"type":"Feature","geometry":{"type":"Point","coordinates":[20.814965,52.097356]},"properties":{"lines":"60, 63","color":"#0059a9","mode":"bus","arr":["60","63"],"angle":-44.9,"extra":1}},{"type":"Feature","geometry":{"type":"Point","coordinates":[20.76168,52.071345]},"properties":{"lines":"63","color":"#0059a9","mode":"bus","arr":["63"],"angle":-22.7}},{"type":"Feature","geometry":{"type":"Point","coordinates":[20.781607,52.076911]},"properties":{"lines":"63","color":"#0059a9","mode":"bus","arr":["63"],"angle":-28.6}},{"type":"Feature","geometry":{"type":"Point","coordinates":[20.83471,52.105468]},"properties":{"lines":"63","color":"#0059a9","mode":"bus","arr":["63"],"angle":-34.1}},{"type":"Feature","geometry":{"type":"Point","coordinates":[20.812496,52.095088]},"properties":{"lines":"63","color":"#0059a9","mode":"bus","arr":["63"],"angle":-69.4}},{"type":"Feature","geometry":{"type":"Point","coordinates":[20.811808,52.093881]},"properties":{"lines":"63","color":"#0059a9","mode":"bus","arr":["63"],"angle":-69.7,"extra":1}},{"type":"Feature","geometry":{"type":"Point","coordinates":[20.835296,52.106638]},"properties":{"lines":"63","color":"#0059a9","mode":"bus","arr":["63"],"angle":89.8,"extra":1}},{"type":"Feature","geometry":{"type":"Point","coordinates":[20.772962,52.076762]},"properties":{"lines":"63","color":"#0059a9","mode":"bus","arr":["63"],"angle":65.7,"extra":1}},{"type":"Feature","geometry":{"type":"Point","coordinates":[20.773571,52.074982]},"properties":{"lines":"63","color":"#0059a9","mode":"bus","arr":["63"],"angle":28.5,"extra":1}},{"type":"Feature","geometry":{"type":"Point","coordinates":[20.776427,52.075525]},"properties":{"lines":"63","color":"#0059a9","mode":"bus","arr":["63"],"angle":-17.6,"extra":1}},{"type":"Feature","geometry":{"type":"Point","coordinates":[20.779275,52.076231]},"properties":{"lines":"63","color":"#0059a9","mode":"bus","arr":["63"],"angle":-23.8,"extra":1}},{"type":"Feature","geometry":{"type":"Point","coordinates":[20.784546,52.078141]},"properties":{"lines":"63","color":"#0059a9","mode":"bus","arr":["63"],"angle":-40.4,"extra":1}},{"type":"Feature","geometry":{"type":"Point","coordinates":[20.786831,52.079396]},"properties":{"lines":"63","color":"#0059a9","mode":"bus","arr":["63"],"angle":-48,"extra":1}},{"type":"Feature","geometry":{"type":"Point","coordinates":[20.788898,52.080793]},"properties":{"lines":"63","color":"#0059a9","mode":"bus","arr":["63"],"angle":-43.7,"extra":1}},{"type":"Feature","geometry":{"type":"Point","coordinates":[20.791247,52.082009]},"properties":{"lines":"63","color":"#0059a9","mode":"bus","arr":["63"],"angle":-43,"extra":1}},{"type":"Feature","geometry":{"type":"Point","coordinates":[20.769653,52.075717]},"properties":{"lines":"63","color":"#0059a9","mode":"bus","arr":["63"],"angle":77.8,"extra":1}},{"type":"Feature","geometry":{"type":"Point","coordinates":[20.770003,52.073879]},"properties":{"lines":"63","color":"#0059a9","mode":"bus","arr":["63"],"angle":-59.5,"extra":1}},{"type":"Feature","geometry":{"type":"Point","coordinates":[20.767384,52.072928]},"properties":{"lines":"63","color":"#0059a9","mode":"bus","arr":["63"],"angle":-24.7,"extra":1}},{"type":"Feature","geometry":{"type":"Point","coordinates":[20.764588,52.072141]},"properties":{"lines":"63","color":"#0059a9","mode":"bus","arr":["63"],"angle":-24.4,"extra":1}},{"type":"Feature","geometry":{"type":"Point","coordinates":[20.759,52.070568]},"properties":{"lines":"63","color":"#0059a9","mode":"bus","arr":["63"],"angle":-23.2,"extra":1}},{"type":"Feature","geometry":{"type":"Point","coordinates":[20.756211,52.069775]},"properties":{"lines":"63","color":"#0059a9","mode":"bus","arr":["63"],"angle":-26.4,"extra":1}},{"type":"Feature","geometry":{"type":"Point","coordinates":[20.753581,52.068802]},"properties":{"lines":"63","color":"#0059a9","mode":"bus","arr":["63"],"angle":-36.7,"extra":1}},{"type":"Feature","geometry":{"type":"Point","coordinates":[20.751144,52.067651]},"properties":{"lines":"63","color":"#0059a9","mode":"bus","arr":["63"],"angle":-38.7,"extra":1}},{"type":"Feature","geometry":{"type":"Point","coordinates":[20.81062,52.09536]},"properties":{"lines":"60, 63","color":"#0059a9","mode":"bus","arr":["60","63"],"angle":-33.4}},{"type":"Feature","geometry":{"type":"Point","coordinates":[20.812389,52.096085]},"properties":{"lines":"60, 63","color":"#0059a9","mode":"bus","arr":["60","63"],"angle":-33.4,"extra":1}},{"type":"Feature","geometry":{"type":"Point","coordinates":[20.808109,52.093818]},"properties":{"lines":"60, 63, 65","color":"#0059a9","mode":"bus","arr":["60","63","65"],"angle":31.3}},{"type":"Feature","geometry":{"type":"Point","coordinates":[20.809252,52.093455]},"properties":{"lines":"63","color":"#0059a9","mode":"bus","arr":["63"],"angle":17.2}},{"type":"Feature","geometry":{"type":"Point","coordinates":[20.794205,52.150099]},"properties":{"lines":"60, 62, 65","color":"#0059a9","mode":"bus","arr":["60","62","65"],"angle":-82.9}},{"type":"Feature","geometry":{"type":"Point","coordinates":[20.792671,52.150377]},"properties":{"lines":"60, 62, 65","color":"#0059a9","mode":"bus","arr":["60","62","65"],"angle":7}},{"type":"Feature","geometry":{"type":"Point","coordinates":[20.791167,52.151279]},"properties":{"lines":"60, 62, 65","color":"#0059a9","mode":"bus","arr":["60","62","65"],"angle":-83.8}},{"type":"Feature","geometry":{"type":"Point","coordinates":[20.791118,52.152138]},"properties":{"lines":"60, 62, 65","color":"#0059a9","mode":"bus","arr":["60","62","65"],"angle":62.3}},{"type":"Feature","geometry":{"type":"Point","coordinates":[20.791435,52.152615]},"properties":{"lines":"60, 62, 65","color":"#0059a9","mode":"bus","arr":["60","62","65"],"angle":-67.2}},{"type":"Feature","geometry":{"type":"Point","coordinates":[20.790989,52.152633]},"properties":{"lines":"Z67","color":"#0059a9","mode":"bus","arr":["Z67"],"angle":-49.7}},{"type":"Feature","geometry":{"type":"Point","coordinates":[20.793445,52.159816]},"properties":{"lines":"60, 62, 65, 66, 78, Z67","color":"#0059a9","mode":"bus","arr":["60","62","65","66","78","Z67"],"angle":1.4}},{"type":"Feature","geometry":{"type":"Point","coordinates":[20.799115,52.163339]},"properties":{"lines":"60, 65, 66, 78, Z67","color":"#0059a9","mode":"bus","arr":["60","65","66","78","Z67"],"angle":-65.3}},{"type":"Feature","geometry":{"type":"Point","coordinates":[20.796899,52.160403]},"properties":{"lines":"60, 65, 66, 78, Z67","color":"#0059a9","mode":"bus","arr":["60","65","66","78","Z67"],"angle":-65.3,"extra":1}},{"type":"Feature","geometry":{"type":"Point","coordinates":[20.798194,52.162116]},"properties":{"lines":"60, 65, 66, 78, Z67","color":"#0059a9","mode":"bus","arr":["60","65","66","78","Z67"],"angle":-65.3,"extra":1}},{"type":"Feature","geometry":{"type":"Point","coordinates":[20.800741,52.165552]},"properties":{"lines":"60, 65, 66, 78, Z67","color":"#0059a9","mode":"bus","arr":["60","65","66","78","Z67"],"angle":-65.2,"extra":1}},{"type":"Feature","geometry":{"type":"Point","coordinates":[20.906511,52.179747]},"properties":{"lines":"61","color":"#0059a9","mode":"bus","arr":["61"],"angle":66}},{"type":"Feature","geometry":{"type":"Point","coordinates":[20.905273,52.180825]},"properties":{"lines":"61","color":"#0059a9","mode":"bus","arr":["61"],"angle":54.7,"extra":1}},{"type":"Feature","geometry":{"type":"Point","coordinates":[20.904282,52.178307]},"properties":{"lines":"61","color":"#0059a9","mode":"bus","arr":["61"],"angle":8.8}},{"type":"Feature","geometry":{"type":"Point","coordinates":[20.901561,52.174578]},"properties":{"lines":"61","color":"#0059a9","mode":"bus","arr":["61"],"angle":-83}},{"type":"Feature","geometry":{"type":"Point","coordinates":[20.901857,52.177582]},"properties":{"lines":"61","color":"#0059a9","mode":"bus","arr":["61"],"angle":-81.5,"extra":1}},{"type":"Feature","geometry":{"type":"Point","coordinates":[20.900888,52.171956]},"properties":{"lines":"61","color":"#0059a9","mode":"bus","arr":["61"],"angle":-81,"extra":1}},{"type":"Feature","geometry":{"type":"Point","coordinates":[20.899154,52.170858]},"properties":{"lines":"61","color":"#0059a9","mode":"bus","arr":["61"],"angle":10.3}},{"type":"Feature","geometry":{"type":"Point","coordinates":[20.895914,52.171459]},"properties":{"lines":"61","color":"#0059a9","mode":"bus","arr":["61"],"angle":10.4}},{"type":"Feature","geometry":{"type":"Point","coordinates":[20.891733,52.170227]},"properties":{"lines":"61","color":"#0059a9","mode":"bus","arr":["61"],"angle":-45.2}},{"type":"Feature","geometry":{"type":"Point","coordinates":[20.888721,52.168256]},"properties":{"lines":"61","color":"#0059a9","mode":"bus","arr":["61"],"angle":-45}},{"type":"Feature","geometry":{"type":"Point","coordinates":[20.890266,52.166458]},"properties":{"lines":"61","color":"#0059a9","mode":"bus","arr":["61"],"angle":45.5}},{"type":"Feature","geometry":{"type":"Point","coordinates":[20.890438,52.163403]},"properties":{"lines":"61","color":"#0059a9","mode":"bus","arr":["61"],"angle":-54.1}},{"type":"Feature","geometry":{"type":"Point","coordinates":[20.882833,52.165139]},"properties":{"lines":"61","color":"#0059a9","mode":"bus","arr":["61"],"angle":45.2}},{"type":"Feature","geometry":{"type":"Point","coordinates":[20.887346,52.16235]},"properties":{"lines":"61","color":"#0059a9","mode":"bus","arr":["61"],"angle":45,"extra":1}},{"type":"Feature","geometry":{"type":"Point","coordinates":[20.88517,52.163684]},"properties":{"lines":"61","color":"#0059a9","mode":"bus","arr":["61"],"angle":45.4,"extra":1}},{"type":"Feature","geometry":{"type":"Point","coordinates":[20.880848,52.166371]},"properties":{"lines":"61","color":"#0059a9","mode":"bus","arr":["61"],"angle":45.1,"extra":1}},{"type":"Feature","geometry":{"type":"Point","coordinates":[20.878705,52.167725]},"properties":{"lines":"61","color":"#0059a9","mode":"bus","arr":["61"],"angle":45.8,"extra":1}},{"type":"Feature","geometry":{"type":"Point","coordinates":[20.875008,52.166257]},"properties":{"lines":"61","color":"#0059a9","mode":"bus","arr":["61"],"angle":21.1}},{"type":"Feature","geometry":{"type":"Point","coordinates":[20.87646,52.167654]},"properties":{"lines":"61","color":"#0059a9","mode":"bus","arr":["61"],"angle":-64.8,"extra":1}},{"type":"Feature","geometry":{"type":"Point","coordinates":[20.873261,52.165404]},"properties":{"lines":"61","color":"#0059a9","mode":"bus","arr":["61"],"angle":-69.3,"extra":1}},{"type":"Feature","geometry":{"type":"Point","coordinates":[20.868002,52.166206]},"properties":{"lines":"61","color":"#0059a9","mode":"bus","arr":["61"],"angle":30.8}},{"type":"Feature","geometry":{"type":"Point","coordinates":[20.871381,52.164982]},"properties":{"lines":"61","color":"#0059a9","mode":"bus","arr":["61"],"angle":30.6,"extra":1}},{"type":"Feature","geometry":{"type":"Point","coordinates":[20.866088,52.166906]},"properties":{"lines":"61","color":"#0059a9","mode":"bus","arr":["61"],"angle":30.7,"extra":1}},{"type":"Feature","geometry":{"type":"Point","coordinates":[20.864268,52.168131]},"properties":{"lines":"61","color":"#0059a9","mode":"bus","arr":["61"],"angle":-81.7,"extra":1}},{"type":"Feature","geometry":{"type":"Point","coordinates":[20.861867,52.169204]},"properties":{"lines":"61","color":"#0059a9","mode":"bus","arr":["61"],"angle":30.3}},{"type":"Feature","geometry":{"type":"Point","coordinates":[20.859933,52.169912]},"properties":{"lines":"61","color":"#0059a9","mode":"bus","arr":["61"],"angle":-84.4}},{"type":"Feature","geometry":{"type":"Point","coordinates":[20.879727,52.129151]},"properties":{"lines":"61","color":"#0059a9","mode":"bus","arr":["61"],"angle":7.7}},{"type":"Feature","geometry":{"type":"Point","coordinates":[20.876324,52.129436]},"properties":{"lines":"61","color":"#0059a9","mode":"bus","arr":["61"],"angle":8.3,"extra":1}},{"type":"Feature","geometry":{"type":"Point","coordinates":[20.88243,52.129023]},"properties":{"lines":"61","color":"#0059a9","mode":"bus","arr":["61"],"angle":1.2,"extra":1}},{"type":"Feature","geometry":{"type":"Point","coordinates":[20.893137,52.133282]},"properties":{"lines":"61","color":"#0059a9","mode":"bus","arr":["61"],"angle":-35.8}},{"type":"Feature","geometry":{"type":"Point","coordinates":[20.886779,52.130404]},"properties":{"lines":"61","color":"#0059a9","mode":"bus","arr":["61"],"angle":-44.1}},{"type":"Feature","geometry":{"type":"Point","coordinates":[20.888216,52.131258]},"properties":{"lines":"61","color":"#0059a9","mode":"bus","arr":["61"],"angle":-44.3,"extra":1}},{"type":"Feature","geometry":{"type":"Point","coordinates":[20.855696,52.163229]},"properties":{"lines":"61","color":"#0059a9","mode":"bus","arr":["61"],"angle":-74.1}},{"type":"Feature","geometry":{"type":"Point","coordinates":[20.858674,52.168943]},"properties":{"lines":"61","color":"#0059a9","mode":"bus","arr":["61"],"angle":-71.7,"extra":1}},{"type":"Feature","geometry":{"type":"Point","coordinates":[20.857704,52.167151]},"properties":{"lines":"61","color":"#0059a9","mode":"bus","arr":["61"],"angle":-71.6,"extra":1}},{"type":"Feature","geometry":{"type":"Point","coordinates":[20.856762,52.165353]},"properties":{"lines":"61","color":"#0059a9","mode":"bus","arr":["61"],"angle":-72.8,"extra":1}},{"type":"Feature","geometry":{"type":"Point","coordinates":[20.854497,52.16189]},"properties":{"lines":"61","color":"#0059a9","mode":"bus","arr":["61"],"angle":-49.6,"extra":1}},{"type":"Feature","geometry":{"type":"Point","coordinates":[20.852497,52.160456]},"properties":{"lines":"61","color":"#0059a9","mode":"bus","arr":["61"],"angle":-49.4,"extra":1}},{"type":"Feature","geometry":{"type":"Point","coordinates":[20.850501,52.159019]},"properties":{"lines":"61","color":"#0059a9","mode":"bus","arr":["61"],"angle":-49.8,"extra":1}},{"type":"Feature","geometry":{"type":"Point","coordinates":[20.848961,52.157316]},"properties":{"lines":"61","color":"#0059a9","mode":"bus","arr":["61"],"angle":43.9}},{"type":"Feature","geometry":{"type":"Point","coordinates":[20.846169,52.140319]},"properties":{"lines":"61","color":"#0059a9","mode":"bus","arr":["61"],"angle":-78.3}},{"type":"Feature","geometry":{"type":"Point","coordinates":[20.848741,52.147789]},"properties":{"lines":"61","color":"#0059a9","mode":"bus","arr":["61"],"angle":-84.6}},{"type":"Feature","geometry":{"type":"Point","coordinates":[20.848068,52.154356]},"properties":{"lines":"61","color":"#0059a9","mode":"bus","arr":["61"],"angle":79}},{"type":"Feature","geometry":{"type":"Point","coordinates":[20.84905,52.156266]},"properties":{"lines":"61","color":"#0059a9","mode":"bus","arr":["61"],"angle":-66.8,"extra":1}},{"type":"Feature","geometry":{"type":"Point","coordinates":[20.848667,52.152668]},"properties":{"lines":"61","color":"#0059a9","mode":"bus","arr":["61"],"angle":77.9,"extra":1}},{"type":"Feature","geometry":{"type":"Point","coordinates":[20.84719,52.143341]},"properties":{"lines":"61","color":"#0059a9","mode":"bus","arr":["61"],"angle":-78.2,"extra":1}},{"type":"Feature","geometry":{"type":"Point","coordinates":[20.846565,52.141492]},"properties":{"lines":"61","color":"#0059a9","mode":"bus","arr":["61"],"angle":-78.2,"extra":1}},{"type":"Feature","geometry":{"type":"Point","coordinates":[20.845111,52.137828]},"properties":{"lines":"61","color":"#0059a9","mode":"bus","arr":["61"],"angle":-70.3,"extra":1}},{"type":"Feature","geometry":{"type":"Point","coordinates":[20.847902,52.14536]},"properties":{"lines":"61","color":"#0059a9","mode":"bus","arr":["61"],"angle":-75.7,"extra":1}},{"type":"Feature","geometry":{"type":"Point","coordinates":[20.848787,52.149069]},"properties":{"lines":"61","color":"#0059a9","mode":"bus","arr":["61"],"angle":83.2,"extra":1}},{"type":"Feature","geometry":{"type":"Point","coordinates":[20.84848,52.150936]},"properties":{"lines":"61","color":"#0059a9","mode":"bus","arr":["61"],"angle":-61.7,"extra":1}},{"type":"Feature","geometry":{"type":"Point","coordinates":[20.852955,52.13462]},"properties":{"lines":"61","color":"#0059a9","mode":"bus","arr":["61"],"angle":27.4}},{"type":"Feature","geometry":{"type":"Point","coordinates":[20.846019,52.136304]},"properties":{"lines":"61","color":"#0059a9","mode":"bus","arr":["61"],"angle":7.8,"extra":1}},{"type":"Feature","geometry":{"type":"Point","coordinates":[20.848979,52.135865]},"properties":{"lines":"61","color":"#0059a9","mode":"bus","arr":["61"],"angle":26.4,"extra":1}},{"type":"Feature","geometry":{"type":"Point","coordinates":[20.857271,52.133387]},"properties":{"lines":"61","color":"#0059a9","mode":"bus","arr":["61"],"angle":24.1,"extra":1}},{"type":"Feature","geometry":{"type":"Point","coordinates":[20.860098,52.132643]},"properties":{"lines":"61","color":"#0059a9","mode":"bus","arr":["61"],"angle":22.7,"extra":1}},{"type":"Feature","geometry":{"type":"Point","coordinates":[20.868024,52.130966]},"properties":{"lines":"61","color":"#0059a9","mode":"bus","arr":["61"],"angle":19}},{"type":"Feature","geometry":{"type":"Point","coordinates":[20.862702,52.132056]},"properties":{"lines":"61","color":"#0059a9","mode":"bus","arr":["61"],"angle":18,"extra":1}},{"type":"Feature","geometry":{"type":"Point","coordinates":[20.865624,52.131469]},"properties":{"lines":"61","color":"#0059a9","mode":"bus","arr":["61"],"angle":18.2,"extra":1}},{"type":"Feature","geometry":{"type":"Point","coordinates":[20.871448,52.130255]},"properties":{"lines":"61","color":"#0059a9","mode":"bus","arr":["61"],"angle":18.9,"extra":1}},{"type":"Feature","geometry":{"type":"Point","coordinates":[20.874362,52.129652]},"properties":{"lines":"61","color":"#0059a9","mode":"bus","arr":["61"],"angle":16.9,"extra":1}},{"type":"Feature","geometry":{"type":"Point","coordinates":[20.8874,52.130473]},"properties":{"lines":"61, 63, 83","color":"#0059a9","mode":"bus","arr":["61","63","83"],"angle":-43.6}},{"type":"Feature","geometry":{"type":"Point","coordinates":[20.885636,52.129431]},"properties":{"lines":"61, 63, 83","color":"#0059a9","mode":"bus","arr":["61","63","83"],"angle":-44,"extra":1}},{"type":"Feature","geometry":{"type":"Point","coordinates":[20.890092,52.132034]},"properties":{"lines":"61, 63, 83","color":"#0059a9","mode":"bus","arr":["61","63","83"],"angle":-43.4,"extra":1}},{"type":"Feature","geometry":{"type":"Point","coordinates":[20.891518,52.132708]},"properties":{"lines":"61, 63, 83","color":"#0059a9","mode":"bus","arr":["61","63","83"],"angle":-37.9}},{"type":"Feature","geometry":{"type":"Point","coordinates":[20.891201,52.133023]},"properties":{"lines":"61, 63, 83","color":"#0059a9","mode":"bus","arr":["61","63","83"],"angle":-47.4}},{"type":"Feature","geometry":{"type":"Point","coordinates":[20.893719,52.132694]},"properties":{"lines":"61, 62","color":"#0059a9","mode":"bus","arr":["61","62"],"angle":31.5}},{"type":"Feature","geometry":{"type":"Point","coordinates":[20.88354,52.128346]},"properties":{"lines":"63, 83","color":"#0059a9","mode":"bus","arr":["63","83"],"angle":-43.6}},{"type":"Feature","geometry":{"type":"Point","coordinates":[20.899906,52.13784]},"properties":{"lines":"63, 83","color":"#0059a9","mode":"bus","arr":["63","83"],"angle":-53.1}},{"type":"Feature","geometry":{"type":"Point","coordinates":[20.88829,52.131144]},"properties":{"lines":"63, 83","color":"#0059a9","mode":"bus","arr":["63","83"],"angle":-44.1,"extra":1}},{"type":"Feature","geometry":{"type":"Point","coordinates":[20.886069,52.129838]},"properties":{"lines":"63, 83","color":"#0059a9","mode":"bus","arr":["63","83"],"angle":-44.4,"extra":1}},{"type":"Feature","geometry":{"type":"Point","coordinates":[20.88165,52.127212]},"properties":{"lines":"63, 83","color":"#0059a9","mode":"bus","arr":["63","83"],"angle":-44.3,"extra":1}},{"type":"Feature","geometry":{"type":"Point","coordinates":[20.879434,52.125902]},"properties":{"lines":"63, 83","color":"#0059a9","mode":"bus","arr":["63","83"],"angle":-43.8,"extra":1}},{"type":"Feature","geometry":{"type":"Point","coordinates":[20.875253,52.123312]},"properties":{"lines":"63, 83","color":"#0059a9","mode":"bus","arr":["63","83"],"angle":-43,"extra":1}},{"type":"Feature","geometry":{"type":"Point","coordinates":[20.8775,52.124601]},"properties":{"lines":"63, 83","color":"#0059a9","mode":"bus","arr":["63","83"],"angle":-43.8,"extra":1}},{"type":"Feature","geometry":{"type":"Point","coordinates":[20.890198,52.167344]},"properties":{"lines":"61","color":"#0059a9","mode":"bus","arr":["61"],"angle":-45}},{"type":"Feature","geometry":{"type":"Point","coordinates":[20.890189,52.168203]},"properties":{"lines":"61","color":"#0059a9","mode":"bus","arr":["61"],"angle":45.6}},{"type":"Feature","geometry":{"type":"Point","coordinates":[20.922787,52.156303]},"properties":{"lines":"62, 63, 83","color":"#0059a9","mode":"bus","arr":["62","63","83"],"angle":-57.4}},{"type":"Feature","geometry":{"type":"Point","coordinates":[20.942825,52.175345]},"properties":{"lines":"62, 63, 83","color":"#0059a9","mode":"bus","arr":["62","63","83"],"angle":-57.2,"extra":1}},{"type":"Feature","geometry":{"type":"Point","coordinates":[20.941152,52.173761]},"properties":{"lines":"62, 63, 83","color":"#0059a9","mode":"bus","arr":["62","63","83"],"angle":-57,"extra":1}},{"type":"Feature","geometry":{"type":"Point","coordinates":[20.939457,52.172185]},"properties":{"lines":"62, 63, 83","color":"#0059a9","mode":"bus","arr":["62","63","83"],"angle":-56.4,"extra":1}},{"type":"Feature","geometry":{"type":"Point","coordinates":[20.937732,52.170623]},"properties":{"lines":"62, 63, 83","color":"#0059a9","mode":"bus","arr":["62","63","83"],"angle":-56.2,"extra":1}},{"type":"Feature","geometry":{"type":"Point","coordinates":[20.936029,52.16905]},"properties":{"lines":"62, 63, 83","color":"#0059a9","mode":"bus","arr":["62","63","83"],"angle":-56.4,"extra":1}},{"type":"Feature","geometry":{"type":"Point","coordinates":[20.934369,52.167461]},"properties":{"lines":"62, 63, 83","color":"#0059a9","mode":"bus","arr":["62","63","83"],"angle":-56.4,"extra":1}},{"type":"Feature","geometry":{"type":"Point","coordinates":[20.932667,52.165889]},"properties":{"lines":"62, 63, 83","color":"#0059a9","mode":"bus","arr":["62","63","83"],"angle":-56.8,"extra":1}},{"type":"Feature","geometry":{"type":"Point","coordinates":[20.931002,52.164302]},"properties":{"lines":"62, 63, 83","color":"#0059a9","mode":"bus","arr":["62","63","83"],"angle":-57.7,"extra":1}},{"type":"Feature","geometry":{"type":"Point","coordinates":[20.929342,52.162713]},"properties":{"lines":"62, 63, 83","color":"#0059a9","mode":"bus","arr":["62","63","83"],"angle":-57.2,"extra":1}},{"type":"Feature","geometry":{"type":"Point","coordinates":[20.927671,52.161127]},"properties":{"lines":"62, 63, 83","color":"#0059a9","mode":"bus","arr":["62","63","83"],"angle":-57.5,"extra":1}},{"type":"Feature","geometry":{"type":"Point","coordinates":[20.92598,52.15955]},"properties":{"lines":"62, 63, 83","color":"#0059a9","mode":"bus","arr":["62","63","83"],"angle":-57.1,"extra":1}},{"type":"Feature","geometry":{"type":"Point","coordinates":[20.924344,52.157952]},"properties":{"lines":"62, 63, 83","color":"#0059a9","mode":"bus","arr":["62","63","83"],"angle":-56.7,"extra":1}},{"type":"Feature","geometry":{"type":"Point","coordinates":[20.921017,52.154776]},"properties":{"lines":"62, 63, 83","color":"#0059a9","mode":"bus","arr":["62","63","83"],"angle":-56.9,"extra":1}},{"type":"Feature","geometry":{"type":"Point","coordinates":[20.919354,52.153187]},"properties":{"lines":"62, 63, 83","color":"#0059a9","mode":"bus","arr":["62","63","83"],"angle":-58,"extra":1}},{"type":"Feature","geometry":{"type":"Point","coordinates":[20.917698,52.151596]},"properties":{"lines":"62, 63, 83","color":"#0059a9","mode":"bus","arr":["62","63","83"],"angle":-57.2,"extra":1}},{"type":"Feature","geometry":{"type":"Point","coordinates":[20.91597,52.150035]},"properties":{"lines":"62, 63, 83","color":"#0059a9","mode":"bus","arr":["62","63","83"],"angle":-51.7,"extra":1}},{"type":"Feature","geometry":{"type":"Point","coordinates":[20.914038,52.148566]},"properties":{"lines":"62, 63, 83","color":"#0059a9","mode":"bus","arr":["62","63","83"],"angle":-51,"extra":1}},{"type":"Feature","geometry":{"type":"Point","coordinates":[20.912102,52.147098]},"properties":{"lines":"62, 63, 83","color":"#0059a9","mode":"bus","arr":["62","63","83"],"angle":-51,"extra":1}},{"type":"Feature","geometry":{"type":"Point","coordinates":[20.910159,52.145635]},"properties":{"lines":"62, 63, 83","color":"#0059a9","mode":"bus","arr":["62","63","83"],"angle":-50.6,"extra":1}},{"type":"Feature","geometry":{"type":"Point","coordinates":[20.908206,52.144176]},"properties":{"lines":"62, 63, 83","color":"#0059a9","mode":"bus","arr":["62","63","83"],"angle":-51.3,"extra":1}},{"type":"Feature","geometry":{"type":"Point","coordinates":[20.906296,52.142696]},"properties":{"lines":"62, 63, 83","color":"#0059a9","mode":"bus","arr":["62","63","83"],"angle":-51.2,"extra":1}},{"type":"Feature","geometry":{"type":"Point","coordinates":[20.904357,52.141231]},"properties":{"lines":"62, 63, 83","color":"#0059a9","mode":"bus","arr":["62","63","83"],"angle":-50.6,"extra":1}},{"type":"Feature","geometry":{"type":"Point","coordinates":[20.902406,52.13977]},"properties":{"lines":"62, 63, 83","color":"#0059a9","mode":"bus","arr":["62","63","83"],"angle":-50.6,"extra":1}},{"type":"Feature","geometry":{"type":"Point","coordinates":[20.900483,52.138297]},"properties":{"lines":"62, 63, 83","color":"#0059a9","mode":"bus","arr":["62","63","83"],"angle":-52.8,"extra":1}},{"type":"Feature","geometry":{"type":"Point","coordinates":[20.899667,52.136817]},"properties":{"lines":"62","color":"#0059a9","mode":"bus","arr":["62"],"angle":-75.7}},{"type":"Feature","geometry":{"type":"Point","coordinates":[20.899159,52.135546]},"properties":{"lines":"62","color":"#0059a9","mode":"bus","arr":["62"],"angle":-76.9,"extra":1}},{"type":"Feature","geometry":{"type":"Point","coordinates":[20.898092,52.133753]},"properties":{"lines":"62","color":"#0059a9","mode":"bus","arr":["62"],"angle":-75.7}},{"type":"Feature","geometry":{"type":"Point","coordinates":[20.893221,52.133478]},"properties":{"lines":"62","color":"#0059a9","mode":"bus","arr":["62"],"angle":-86.3}},{"type":"Feature","geometry":{"type":"Point","coordinates":[20.899657,52.137504]},"properties":{"lines":"62","color":"#0059a9","mode":"bus","arr":["62"],"angle":4.7}},{"type":"Feature","geometry":{"type":"Point","coordinates":[20.898047,52.137066]},"properties":{"lines":"62","color":"#0059a9","mode":"bus","arr":["62"],"angle":-39.6}},{"type":"Feature","geometry":{"type":"Point","coordinates":[20.895619,52.132537]},"properties":{"lines":"62","color":"#0059a9","mode":"bus","arr":["62"],"angle":4}},{"type":"Feature","geometry":{"type":"Point","coordinates":[20.894468,52.134432]},"properties":{"lines":"62, 63, 83","color":"#0059a9","mode":"bus","arr":["62","63","83"],"angle":-48.2}},{"type":"Feature","geometry":{"type":"Point","coordinates":[20.894012,52.134696]},"properties":{"lines":"62, 63, 83","color":"#0059a9","mode":"bus","arr":["62","63","83"],"angle":-42.1}},{"type":"Feature","geometry":{"type":"Point","coordinates":[20.897705,52.136479]},"properties":{"lines":"62, 63, 83","color":"#0059a9","mode":"bus","arr":["62","63","83"],"angle":-44}},{"type":"Feature","geometry":{"type":"Point","coordinates":[20.89921,52.137199]},"properties":{"lines":"62, 63, 83","color":"#0059a9","mode":"bus","arr":["62","63","83"],"angle":-27.5,"extra":1}},{"type":"Feature","geometry":{"type":"Point","coordinates":[20.892912,52.137433]},"properties":{"lines":"62","color":"#0059a9","mode":"bus","arr":["62"],"angle":6.5}},{"type":"Feature","geometry":{"type":"Point","coordinates":[20.89652,52.137179]},"properties":{"lines":"62","color":"#0059a9","mode":"bus","arr":["62"],"angle":6.9,"extra":1}},{"type":"Feature","geometry":{"type":"Point","coordinates":[20.890412,52.13762]},"properties":{"lines":"62","color":"#0059a9","mode":"bus","arr":["62"],"angle":6.8,"extra":1}},{"type":"Feature","geometry":{"type":"Point","coordinates":[20.885037,52.141183]},"properties":{"lines":"62","color":"#0059a9","mode":"bus","arr":["62"],"angle":-82.2}},{"type":"Feature","geometry":{"type":"Point","coordinates":[20.886417,52.137328]},"properties":{"lines":"62","color":"#0059a9","mode":"bus","arr":["62"],"angle":-19.5,"extra":1}},{"type":"Feature","geometry":{"type":"Point","coordinates":[20.885036,52.138476]},"properties":{"lines":"62","color":"#0059a9","mode":"bus","arr":["62"],"angle":79.8,"extra":1}},{"type":"Feature","geometry":{"type":"Point","coordinates":[20.887787,52.143072]},"properties":{"lines":"62","color":"#0059a9","mode":"bus","arr":["62"],"angle":-35.6,"extra":1}},{"type":"Feature","geometry":{"type":"Point","coordinates":[20.890522,52.14257]},"properties":{"lines":"62","color":"#0059a9","mode":"bus","arr":["62"],"angle":22.6,"extra":1}},{"type":"Feature","geometry":{"type":"Point","coordinates":[20.865151,52.144054]},"properties":{"lines":"62","color":"#0059a9","mode":"bus","arr":["62"],"angle":0.4}},{"type":"Feature","geometry":{"type":"Point","coordinates":[20.887514,52.143384]},"properties":{"lines":"62","color":"#0059a9","mode":"bus","arr":["62"],"angle":9.2}},{"type":"Feature","geometry":{"type":"Point","coordinates":[20.883834,52.143734]},"properties":{"lines":"62","color":"#0059a9","mode":"bus","arr":["62"],"angle":-86.3}},{"type":"Feature","geometry":{"type":"Point","coordinates":[20.889666,52.143188]},"properties":{"lines":"62","color":"#0059a9","mode":"bus","arr":["62"],"angle":8.8,"extra":1}},{"type":"Feature","geometry":{"type":"Point","coordinates":[20.849202,52.14444]},"properties":{"lines":"62","color":"#0059a9","mode":"bus","arr":["62"],"angle":-7.3,"extra":1}},{"type":"Feature","geometry":{"type":"Point","coordinates":[20.852246,52.144706]},"properties":{"lines":"62","color":"#0059a9","mode":"bus","arr":["62"],"angle":-7.7,"extra":1}},{"type":"Feature","geometry":{"type":"Point","coordinates":[20.855308,52.144704]},"properties":{"lines":"62","color":"#0059a9","mode":"bus","arr":["62"],"angle":7.3,"extra":1}},{"type":"Feature","geometry":{"type":"Point","coordinates":[20.858357,52.14446]},"properties":{"lines":"62","color":"#0059a9","mode":"bus","arr":["62"],"angle":7.5,"extra":1}},{"type":"Feature","geometry":{"type":"Point","coordinates":[20.861406,52.144216]},"properties":{"lines":"62","color":"#0059a9","mode":"bus","arr":["62"],"angle":7.4,"extra":1}},{"type":"Feature","geometry":{"type":"Point","coordinates":[20.867515,52.143868]},"properties":{"lines":"62","color":"#0059a9","mode":"bus","arr":["62"],"angle":12.2,"extra":1}},{"type":"Feature","geometry":{"type":"Point","coordinates":[20.870523,52.143477]},"properties":{"lines":"62","color":"#0059a9","mode":"bus","arr":["62"],"angle":7.2,"extra":1}},{"type":"Feature","geometry":{"type":"Point","coordinates":[20.873577,52.14363]},"properties":{"lines":"62","color":"#0059a9","mode":"bus","arr":["62"],"angle":-7.7,"extra":1}},{"type":"Feature","geometry":{"type":"Point","coordinates":[20.87663,52.143856]},"properties":{"lines":"62","color":"#0059a9","mode":"bus","arr":["62"],"angle":-7.6,"extra":1}},{"type":"Feature","geometry":{"type":"Point","coordinates":[20.879686,52.144054]},"properties":{"lines":"62","color":"#0059a9","mode":"bus","arr":["62"],"angle":-0.7,"extra":1}},{"type":"Feature","geometry":{"type":"Point","coordinates":[20.840868,52.143997]},"properties":{"lines":"62","color":"#0059a9","mode":"bus","arr":["62"],"angle":-1.8}},{"type":"Feature","geometry":{"type":"Point","coordinates":[20.835793,52.143874]},"properties":{"lines":"62","color":"#0059a9","mode":"bus","arr":["62"],"angle":-3.5,"extra":1}},{"type":"Feature","geometry":{"type":"Point","coordinates":[20.838865,52.143957]},"properties":{"lines":"62","color":"#0059a9","mode":"bus","arr":["62"],"angle":-2.2,"extra":1}},{"type":"Feature","geometry":{"type":"Point","coordinates":[20.845007,52.144109]},"properties":{"lines":"62","color":"#0059a9","mode":"bus","arr":["62"],"angle":-7.4,"extra":1}},{"type":"Feature","geometry":{"type":"Point","coordinates":[20.831523,52.144969]},"properties":{"lines":"62","color":"#0059a9","mode":"bus","arr":["62"],"angle":1.6}},{"type":"Feature","geometry":{"type":"Point","coordinates":[20.82769,52.145128]},"properties":{"lines":"62","color":"#0059a9","mode":"bus","arr":["62"],"angle":-48.5}},{"type":"Feature","geometry":{"type":"Point","coordinates":[20.819036,52.146287]},"properties":{"lines":"62","color":"#0059a9","mode":"bus","arr":["62"],"angle":15.8}},{"type":"Feature","geometry":{"type":"Point","coordinates":[20.825347,52.145187]},"properties":{"lines":"62","color":"#0059a9","mode":"bus","arr":["62"],"angle":15.7,"extra":1}},{"type":"Feature","geometry":{"type":"Point","coordinates":[20.822388,52.145703]},"properties":{"lines":"62","color":"#0059a9","mode":"bus","arr":["62"],"angle":16,"extra":1}},{"type":"Feature","geometry":{"type":"Point","coordinates":[20.816508,52.146795]},"properties":{"lines":"62","color":"#0059a9","mode":"bus","arr":["62"],"angle":25.5,"extra":1}},{"type":"Feature","geometry":{"type":"Point","coordinates":[20.813613,52.147423]},"properties":{"lines":"62","color":"#0059a9","mode":"bus","arr":["62"],"angle":16.1,"extra":1}},{"type":"Feature","geometry":{"type":"Point","coordinates":[20.807797,52.148376]},"properties":{"lines":"62","color":"#0059a9","mode":"bus","arr":["62"],"angle":13.8}},{"type":"Feature","geometry":{"type":"Point","coordinates":[20.809849,52.148037]},"properties":{"lines":"62","color":"#0059a9","mode":"bus","arr":["62"],"angle":15.9,"extra":1}},{"type":"Feature","geometry":{"type":"Point","coordinates":[20.798699,52.159589]},"properties":{"lines":"62, 78, Z67","color":"#0059a9","mode":"bus","arr":["62","78","Z67"],"angle":5}},{"type":"Feature","geometry":{"type":"Point","coordinates":[20.800794,52.15932]},"properties":{"lines":"62, 78, Z67","color":"#0059a9","mode":"bus","arr":["62","78","Z67"],"angle":24.4,"extra":1}},{"type":"Feature","geometry":{"type":"Point","coordinates":[20.801675,52.159037]},"properties":{"lines":"62, 78, Z67","color":"#0059a9","mode":"bus","arr":["62","78","Z67"],"angle":35.6}},{"type":"Feature","geometry":{"type":"Point","coordinates":[20.805271,52.161724]},"properties":{"lines":"62, 78, Z67","color":"#0059a9","mode":"bus","arr":["62","78","Z67"],"angle":-68.1}},{"type":"Feature","geometry":{"type":"Point","coordinates":[20.803325,52.159375]},"properties":{"lines":"62, 78, Z67","color":"#0059a9","mode":"bus","arr":["62","78","Z67"],"angle":-41.9,"extra":1}},{"type":"Feature","geometry":{"type":"Point","coordinates":[20.807096,52.164507]},"properties":{"lines":"62, 78, Z67","color":"#0059a9","mode":"bus","arr":["62","78","Z67"],"angle":-66.1,"extra":1}},{"type":"Feature","geometry":{"type":"Point","coordinates":[20.814643,52.172733]},"properties":{"lines":"62","color":"#0059a9","mode":"bus","arr":["62"],"angle":-39}},{"type":"Feature","geometry":{"type":"Point","coordinates":[20.812356,52.171052]},"properties":{"lines":"62","color":"#0059a9","mode":"bus","arr":["62"],"angle":28.9}},{"type":"Feature","geometry":{"type":"Point","coordinates":[20.816232,52.173513]},"properties":{"lines":"62","color":"#0059a9","mode":"bus","arr":["62"],"angle":-34.6,"extra":1}},{"type":"Feature","geometry":{"type":"Point","coordinates":[20.820571,52.172949]},"properties":{"lines":"62","color":"#0059a9","mode":"bus","arr":["62"],"angle":21.8}},{"type":"Feature","geometry":{"type":"Point","coordinates":[20.823553,52.171651]},"properties":{"lines":"62","color":"#0059a9","mode":"bus","arr":["62"],"angle":58.7}},{"type":"Feature","geometry":{"type":"Point","coordinates":[20.825124,52.171253]},"properties":{"lines":"62","color":"#0059a9","mode":"bus","arr":["62"],"angle":18.5}},{"type":"Feature","geometry":{"type":"Point","coordinates":[20.832747,52.1697]},"properties":{"lines":"62","color":"#0059a9","mode":"bus","arr":["62"],"angle":18.5}},{"type":"Feature","geometry":{"type":"Point","coordinates":[20.827944,52.170681]},"properties":{"lines":"62","color":"#0059a9","mode":"bus","arr":["62"],"angle":18.2,"extra":1}},{"type":"Feature","geometry":{"type":"Point","coordinates":[20.830862,52.170086]},"properties":{"lines":"62","color":"#0059a9","mode":"bus","arr":["62"],"angle":18.5,"extra":1}},{"type":"Feature","geometry":{"type":"Point","coordinates":[20.836693,52.168884]},"properties":{"lines":"62","color":"#0059a9","mode":"bus","arr":["62"],"angle":18.8,"extra":1}},{"type":"Feature","geometry":{"type":"Point","coordinates":[20.839844,52.168225]},"properties":{"lines":"62, 97","color":"#0059a9","mode":"bus","arr":["62","97"],"angle":18.7}},{"type":"Feature","geometry":{"type":"Point","coordinates":[20.841199,52.16984]},"properties":{"lines":"62, 97","color":"#0059a9","mode":"bus","arr":["62","97"],"angle":-88.4}},{"type":"Feature","geometry":{"type":"Point","coordinates":[20.838093,52.17189]},"properties":{"lines":"62, 97","color":"#0059a9","mode":"bus","arr":["62","97"],"angle":41.5}},{"type":"Feature","geometry":{"type":"Point","coordinates":[20.837863,52.173141]},"properties":{"lines":"62, 97","color":"#0059a9","mode":"bus","arr":["62","97"],"angle":-70.6,"extra":1}},{"type":"Feature","geometry":{"type":"Point","coordinates":[20.841311,52.179769]},"properties":{"lines":"62, 97","color":"#0059a9","mode":"bus","arr":["62","97"],"angle":-80.1}},{"type":"Feature","geometry":{"type":"Point","coordinates":[20.839006,52.175327]},"properties":{"lines":"62, 97","color":"#0059a9","mode":"bus","arr":["62","97"],"angle":18.6}},{"type":"Feature","geometry":{"type":"Point","coordinates":[20.840367,52.183418]},"properties":{"lines":"62, 97","color":"#0059a9","mode":"bus","arr":["62","97"],"angle":77.4,"extra":1}},{"type":"Feature","geometry":{"type":"Point","coordinates":[20.841036,52.181574]},"properties":{"lines":"62, 97","color":"#0059a9","mode":"bus","arr":["62","97"],"angle":77.5,"extra":1}},{"type":"Feature","geometry":{"type":"Point","coordinates":[20.840383,52.17791]},"properties":{"lines":"62, 97","color":"#0059a9","mode":"bus","arr":["62","97"],"angle":-70.8,"extra":1}},{"type":"Feature","geometry":{"type":"Point","coordinates":[20.838478,52.174131]},"properties":{"lines":"62, 97","color":"#0059a9","mode":"bus","arr":["62","97"],"angle":-71.9,"extra":1}},{"type":"Feature","geometry":{"type":"Point","coordinates":[20.840993,52.192525]},"properties":{"lines":"62, 97","color":"#0059a9","mode":"bus","arr":["62","97"],"angle":0.9}},{"type":"Feature","geometry":{"type":"Point","coordinates":[20.840082,52.185523]},"properties":{"lines":"62, 97","color":"#0059a9","mode":"bus","arr":["62","97"],"angle":-84.6,"extra":1}},{"type":"Feature","geometry":{"type":"Point","coordinates":[20.840404,52.187401]},"properties":{"lines":"62, 97","color":"#0059a9","mode":"bus","arr":["62","97"],"angle":-86.8,"extra":1}},{"type":"Feature","geometry":{"type":"Point","coordinates":[20.840443,52.189284]},"properties":{"lines":"62, 97","color":"#0059a9","mode":"bus","arr":["62","97"],"angle":-84,"extra":1}},{"type":"Feature","geometry":{"type":"Point","coordinates":[20.840765,52.191162]},"properties":{"lines":"62, 97","color":"#0059a9","mode":"bus","arr":["62","97"],"angle":-84,"extra":1}},{"type":"Feature","geometry":{"type":"Point","coordinates":[20.834981,52.192929]},"properties":{"lines":"62, 97","color":"#0059a9","mode":"bus","arr":["62","97"],"angle":4.9}},{"type":"Feature","geometry":{"type":"Point","coordinates":[20.839468,52.192642]},"properties":{"lines":"62, 97","color":"#0059a9","mode":"bus","arr":["62","97"],"angle":7.1,"extra":1}},{"type":"Feature","geometry":{"type":"Point","coordinates":[20.83029,52.192991]},"properties":{"lines":"62, 97","color":"#0059a9","mode":"bus","arr":["62","97"],"angle":-7,"extra":1}},{"type":"Feature","geometry":{"type":"Point","coordinates":[20.87312,52.12292]},"properties":{"lines":"63, 83","color":"#0059a9","mode":"bus","arr":["63","83"],"angle":-42.1}},{"type":"Feature","geometry":{"type":"Point","coordinates":[20.876573,52.124241]},"properties":{"lines":"63, 83","color":"#0059a9","mode":"bus","arr":["63","83"],"angle":-38,"extra":1}},{"type":"Feature","geometry":{"type":"Point","coordinates":[20.871897,52.121901]},"properties":{"lines":"63, 83","color":"#0059a9","mode":"bus","arr":["63","83"],"angle":-60.4,"extra":1}},{"type":"Feature","geometry":{"type":"Point","coordinates":[20.869993,52.120432]},"properties":{"lines":"63, 83","color":"#0059a9","mode":"bus","arr":["63","83"],"angle":-45.3,"extra":1}},{"type":"Feature","geometry":{"type":"Point","coordinates":[20.873069,52.121912]},"properties":{"lines":"63, 83","color":"#0059a9","mode":"bus","arr":["63","83"],"angle":-44}},{"type":"Feature","geometry":{"type":"Point","coordinates":[20.854915,52.113323]},"properties":{"lines":"63, 83","color":"#0059a9","mode":"bus","arr":["63","83"],"angle":-33.6}},{"type":"Feature","geometry":{"type":"Point","coordinates":[20.868548,52.119579]},"properties":{"lines":"63, 83","color":"#0059a9","mode":"bus","arr":["63","83"],"angle":-42.9,"extra":1}},{"type":"Feature","geometry":{"type":"Point","coordinates":[20.866318,52.118279]},"properties":{"lines":"63, 83","color":"#0059a9","mode":"bus","arr":["63","83"],"angle":-42.9,"extra":1}},{"type":"Feature","geometry":{"type":"Point","coordinates":[20.86393,52.117092]},"properties":{"lines":"63, 83","color":"#0059a9","mode":"bus","arr":["63","83"],"angle":-34.2,"extra":1}},{"type":"Feature","geometry":{"type":"Point","coordinates":[20.861328,52.116086]},"properties":{"lines":"63, 83","color":"#0059a9","mode":"bus","arr":["63","83"],"angle":-32.2,"extra":1}},{"type":"Feature","geometry":{"type":"Point","coordinates":[20.858753,52.115053]},"properties":{"lines":"63, 83","color":"#0059a9","mode":"bus","arr":["63","83"],"angle":-33.5,"extra":1}},{"type":"Feature","geometry":{"type":"Point","coordinates":[20.85106,52.111926]},"properties":{"lines":"63, 83","color":"#0059a9","mode":"bus","arr":["63","83"],"angle":-33.5,"extra":1}},{"type":"Feature","geometry":{"type":"Point","coordinates":[20.848497,52.110883]},"properties":{"lines":"63, 83","color":"#0059a9","mode":"bus","arr":["63","83"],"angle":-33.5,"extra":1}},{"type":"Feature","geometry":{"type":"Point","coordinates":[20.845933,52.10984]},"properties":{"lines":"63, 83","color":"#0059a9","mode":"bus","arr":["63","83"],"angle":-33.5,"extra":1}},{"type":"Feature","geometry":{"type":"Point","coordinates":[20.84337,52.108797]},"properties":{"lines":"63, 83","color":"#0059a9","mode":"bus","arr":["63","83"],"angle":-33.5,"extra":1}},{"type":"Feature","geometry":{"type":"Point","coordinates":[20.840808,52.107752]},"properties":{"lines":"63, 83","color":"#0059a9","mode":"bus","arr":["63","83"],"angle":-33.6,"extra":1}},{"type":"Feature","geometry":{"type":"Point","coordinates":[20.838377,52.106597]},"properties":{"lines":"63, 83","color":"#0059a9","mode":"bus","arr":["63","83"],"angle":-33.8,"extra":1}},{"type":"Feature","geometry":{"type":"Point","coordinates":[20.870959,52.120735]},"properties":{"lines":"63, 83","color":"#0059a9","mode":"bus","arr":["63","83"],"angle":-43.2,"extra":1}},{"type":"Feature","geometry":{"type":"Point","coordinates":[20.837936,52.107381]},"properties":{"lines":"63","color":"#0059a9","mode":"bus","arr":["63"],"angle":37.2}},{"type":"Feature","geometry":{"type":"Point","coordinates":[20.810853,52.093478]},"properties":{"lines":"63","color":"#0059a9","mode":"bus","arr":["63"],"angle":-0.5}},{"type":"Feature","geometry":{"type":"Point","coordinates":[20.744704,52.065899]},"properties":{"lines":"63","color":"#0059a9","mode":"bus","arr":["63"],"angle":-81.5}},{"type":"Feature","geometry":{"type":"Point","coordinates":[20.716583,52.051744]},"properties":{"lines":"63","color":"#0059a9","mode":"bus","arr":["63"],"angle":35.3}},{"type":"Feature","geometry":{"type":"Point","coordinates":[20.718691,52.051623]},"properties":{"lines":"63","color":"#0059a9","mode":"bus","arr":["63"],"angle":37}},{"type":"Feature","geometry":{"type":"Point","coordinates":[20.744583,52.064697]},"properties":{"lines":"63","color":"#0059a9","mode":"bus","arr":["63"],"angle":72.4}},{"type":"Feature","geometry":{"type":"Point","coordinates":[20.745527,52.062855]},"properties":{"lines":"63","color":"#0059a9","mode":"bus","arr":["63"],"angle":83.7,"extra":1}},{"type":"Feature","geometry":{"type":"Point","coordinates":[20.74471,52.066489]},"properties":{"lines":"63","color":"#0059a9","mode":"bus","arr":["63"],"angle":-64.7,"extra":1}},{"type":"Feature","geometry":{"type":"Point","coordinates":[20.836547,52.105155]},"properties":{"lines":"63","color":"#0059a9","mode":"bus","arr":["63"],"angle":56.3}},{"type":"Feature","geometry":{"type":"Point","coordinates":[20.770473,52.076935]},"properties":{"lines":"63","color":"#0059a9","mode":"bus","arr":["63"],"angle":-5}},{"type":"Feature","geometry":{"type":"Point","coordinates":[20.747598,52.067039]},"properties":{"lines":"63","color":"#0059a9","mode":"bus","arr":["63"],"angle":16.1}},{"type":"Feature","geometry":{"type":"Point","coordinates":[20.745407,52.067427]},"properties":{"lines":"63","color":"#0059a9","mode":"bus","arr":["63"],"angle":15.7,"extra":1}},{"type":"Feature","geometry":{"type":"Point","coordinates":[20.731781,52.058063]},"properties":{"lines":"63","color":"#0059a9","mode":"bus","arr":["63"],"angle":-38.6}},{"type":"Feature","geometry":{"type":"Point","coordinates":[20.74362,52.063762]},"properties":{"lines":"63","color":"#0059a9","mode":"bus","arr":["63"],"angle":-39.1,"extra":1}},{"type":"Feature","geometry":{"type":"Point","coordinates":[20.741203,52.062595]},"properties":{"lines":"63","color":"#0059a9","mode":"bus","arr":["63"],"angle":-38,"extra":1}},{"type":"Feature","geometry":{"type":"Point","coordinates":[20.738781,52.061431]},"properties":{"lines":"63","color":"#0059a9","mode":"bus","arr":["63"],"angle":-38,"extra":1}},{"type":"Feature","geometry":{"type":"Point","coordinates":[20.736358,52.060268]},"properties":{"lines":"63","color":"#0059a9","mode":"bus","arr":["63"],"angle":-38.1,"extra":1}},{"type":"Feature","geometry":{"type":"Point","coordinates":[20.733937,52.059104]},"properties":{"lines":"63","color":"#0059a9","mode":"bus","arr":["63"],"angle":-38,"extra":1}},{"type":"Feature","geometry":{"type":"Point","coordinates":[20.729118,52.056757]},"properties":{"lines":"63","color":"#0059a9","mode":"bus","arr":["63"],"angle":-38.6,"extra":1}},{"type":"Feature","geometry":{"type":"Point","coordinates":[20.726708,52.055584]},"properties":{"lines":"63","color":"#0059a9","mode":"bus","arr":["63"],"angle":-37.1,"extra":1}},{"type":"Feature","geometry":{"type":"Point","coordinates":[20.72427,52.054434]},"properties":{"lines":"63","color":"#0059a9","mode":"bus","arr":["63"],"angle":-38.4,"extra":1}},{"type":"Feature","geometry":{"type":"Point","coordinates":[20.721871,52.053252]},"properties":{"lines":"63","color":"#0059a9","mode":"bus","arr":["63"],"angle":-38.8,"extra":1}},{"type":"Feature","geometry":{"type":"Point","coordinates":[20.719467,52.052075]},"properties":{"lines":"63","color":"#0059a9","mode":"bus","arr":["63"],"angle":-37.4,"extra":1}},{"type":"Feature","geometry":{"type":"Point","coordinates":[20.717301,52.05227]},"properties":{"lines":"63","color":"#0059a9","mode":"bus","arr":["63"],"angle":39.2}},{"type":"Feature","geometry":{"type":"Point","coordinates":[20.715878,52.053706]},"properties":{"lines":"63","color":"#0059a9","mode":"bus","arr":["63"],"angle":76.7}},{"type":"Feature","geometry":{"type":"Point","coordinates":[20.656612,52.033747]},"properties":{"lines":"63","color":"#0059a9","mode":"bus","arr":["63"],"angle":16.8}},{"type":"Feature","geometry":{"type":"Point","coordinates":[20.646698,52.035647]},"properties":{"lines":"63","color":"#0059a9","mode":"bus","arr":["63"],"angle":17.4,"extra":1}},{"type":"Feature","geometry":{"type":"Point","coordinates":[20.649643,52.035104]},"properties":{"lines":"63","color":"#0059a9","mode":"bus","arr":["63"],"angle":17.3,"extra":1}},{"type":"Feature","geometry":{"type":"Point","coordinates":[20.652567,52.03452]},"properties":{"lines":"63","color":"#0059a9","mode":"bus","arr":["63"],"angle":18,"extra":1}},{"type":"Feature","geometry":{"type":"Point","coordinates":[20.658443,52.033404]},"properties":{"lines":"63","color":"#0059a9","mode":"bus","arr":["63"],"angle":17.1,"extra":1}},{"type":"Feature","geometry":{"type":"Point","coordinates":[20.661379,52.032844]},"properties":{"lines":"63","color":"#0059a9","mode":"bus","arr":["63"],"angle":17.4,"extra":1}},{"type":"Feature","geometry":{"type":"Point","coordinates":[20.664318,52.032288]},"properties":{"lines":"63","color":"#0059a9","mode":"bus","arr":["63"],"angle":17.1,"extra":1}},{"type":"Feature","geometry":{"type":"Point","coordinates":[20.66726,52.03174]},"properties":{"lines":"63","color":"#0059a9","mode":"bus","arr":["63"],"angle":16.5,"extra":1}},{"type":"Feature","geometry":{"type":"Point","coordinates":[20.647628,52.040967]},"properties":{"lines":"63","color":"#0059a9","mode":"bus","arr":["63"],"angle":-77.1}},{"type":"Feature","geometry":{"type":"Point","coordinates":[20.649185,52.045154]},"properties":{"lines":"63","color":"#0059a9","mode":"bus","arr":["63"],"angle":-77.5,"extra":1}},{"type":"Feature","geometry":{"type":"Point","coordinates":[20.648512,52.043311]},"properties":{"lines":"63","color":"#0059a9","mode":"bus","arr":["63"],"angle":-76.1,"extra":1}},{"type":"Feature","geometry":{"type":"Point","coordinates":[20.647127,52.039631]},"properties":{"lines":"63","color":"#0059a9","mode":"bus","arr":["63"],"angle":-76.9,"extra":1}},{"type":"Feature","geometry":{"type":"Point","coordinates":[20.646223,52.037827]},"properties":{"lines":"63","color":"#0059a9","mode":"bus","arr":["63"],"angle":-72,"extra":1}},{"type":"Feature","geometry":{"type":"Point","coordinates":[20.645281,52.036029]},"properties":{"lines":"63","color":"#0059a9","mode":"bus","arr":["63"],"angle":-72.9,"extra":1}},{"type":"Feature","geometry":{"type":"Point","coordinates":[20.720013,52.050951]},"properties":{"lines":"63","color":"#0059a9","mode":"bus","arr":["63"],"angle":49.5}},{"type":"Feature","geometry":{"type":"Point","coordinates":[20.720945,52.049694]},"properties":{"lines":"63","color":"#0059a9","mode":"bus","arr":["63"],"angle":62.3}},{"type":"Feature","geometry":{"type":"Point","coordinates":[20.721284,52.049203]},"properties":{"lines":"63, 83","color":"#0059a9","mode":"bus","arr":["63","83"],"angle":69.7}},{"type":"Feature","geometry":{"type":"Point","coordinates":[20.728843,52.056176]},"properties":{"lines":"63, 83","color":"#0059a9","mode":"bus","arr":["63","83"],"angle":-37.7}},{"type":"Feature","geometry":{"type":"Point","coordinates":[20.727266,52.055434]},"properties":{"lines":"63, 83","color":"#0059a9","mode":"bus","arr":["63","83"],"angle":-38}},{"type":"Feature","geometry":{"type":"Point","coordinates":[20.736662,52.059984]},"properties":{"lines":"63, 83","color":"#0059a9","mode":"bus","arr":["63","83"],"angle":-35.8}},{"type":"Feature","geometry":{"type":"Point","coordinates":[20.730807,52.057081]},"properties":{"lines":"63, 83","color":"#0059a9","mode":"bus","arr":["63","83"],"angle":-35.8,"extra":1}},{"type":"Feature","geometry":{"type":"Point","coordinates":[20.733167,52.058291]},"properties":{"lines":"63, 83","color":"#0059a9","mode":"bus","arr":["63","83"],"angle":-38.4,"extra":1}},{"type":"Feature","geometry":{"type":"Point","coordinates":[20.740409,52.061794]},"properties":{"lines":"63, 83","color":"#0059a9","mode":"bus","arr":["63","83"],"angle":-38.2,"extra":1}},{"type":"Feature","geometry":{"type":"Point","coordinates":[20.742829,52.062959]},"properties":{"lines":"63, 83","color":"#0059a9","mode":"bus","arr":["63","83"],"angle":-38.1,"extra":1}},{"type":"Feature","geometry":{"type":"Point","coordinates":[20.744512,52.062679]},"properties":{"lines":"63","color":"#0059a9","mode":"bus","arr":["63"],"angle":79.2}},{"type":"Feature","geometry":{"type":"Point","coordinates":[20.837181,52.10622]},"properties":{"lines":"63","color":"#0059a9","mode":"bus","arr":["63"],"angle":61.6}},{"type":"Feature","geometry":{"type":"Point","coordinates":[20.77725,52.181093]},"properties":{"lines":"64","color":"#0059a9","mode":"bus","arr":["64"],"angle":-31.2}},{"type":"Feature","geometry":{"type":"Point","coordinates":[20.779829,52.18202]},"properties":{"lines":"64","color":"#0059a9","mode":"bus","arr":["64"],"angle":-30.4,"extra":1}},{"type":"Feature","geometry":{"type":"Point","coordinates":[20.774483,52.180184]},"properties":{"lines":"64","color":"#0059a9","mode":"bus","arr":["64"],"angle":-13.5,"extra":1}},{"type":"Feature","geometry":{"type":"Point","coordinates":[20.772607,52.177389]},"properties":{"lines":"64","color":"#0059a9","mode":"bus","arr":["64"],"angle":-70.6}},{"type":"Feature","geometry":{"type":"Point","coordinates":[20.773324,52.178819]},"properties":{"lines":"64","color":"#0059a9","mode":"bus","arr":["64"],"angle":-88.7,"extra":1}},{"type":"Feature","geometry":{"type":"Point","coordinates":[20.771386,52.175246]},"properties":{"lines":"64","color":"#0059a9","mode":"bus","arr":["64"],"angle":-73.9,"extra":1}},{"type":"Feature","geometry":{"type":"Point","coordinates":[20.767696,52.176171]},"properties":{"lines":"64, 68, 78","color":"#0059a9","mode":"bus","arr":["64","68","78"],"angle":42.4}},{"type":"Feature","geometry":{"type":"Point","coordinates":[20.769807,52.175368]},"properties":{"lines":"64, 68, 78","color":"#0059a9","mode":"bus","arr":["64","68","78"],"angle":22.3,"extra":1}},{"type":"Feature","geometry":{"type":"Point","coordinates":[20.764866,52.177554]},"properties":{"lines":"64, 68, 78","color":"#0059a9","mode":"bus","arr":["64","68","78"],"angle":19.5,"extra":1}},{"type":"Feature","geometry":{"type":"Point","coordinates":[20.742264,52.181113]},"properties":{"lines":"64","color":"#0059a9","mode":"bus","arr":["64"],"angle":0.5}},{"type":"Feature","geometry":{"type":"Point","coordinates":[20.748522,52.181047]},"properties":{"lines":"64","color":"#0059a9","mode":"bus","arr":["64"],"angle":1,"extra":1}},{"type":"Feature","geometry":{"type":"Point","coordinates":[20.745447,52.181086]},"properties":{"lines":"64","color":"#0059a9","mode":"bus","arr":["64"],"angle":0.7,"extra":1}},{"type":"Feature","geometry":{"type":"Point","coordinates":[20.739297,52.18112]},"properties":{"lines":"64","color":"#0059a9","mode":"bus","arr":["64"],"angle":0.2,"extra":1}},{"type":"Feature","geometry":{"type":"Point","coordinates":[20.736222,52.181128]},"properties":{"lines":"64","color":"#0059a9","mode":"bus","arr":["64"],"angle":0.2,"extra":1}},{"type":"Feature","geometry":{"type":"Point","coordinates":[20.719882,52.182318]},"properties":{"lines":"64","color":"#0059a9","mode":"bus","arr":["64"],"angle":26.1}},{"type":"Feature","geometry":{"type":"Point","coordinates":[20.73293,52.181133]},"properties":{"lines":"64","color":"#0059a9","mode":"bus","arr":["64"],"angle":0,"extra":1}},{"type":"Feature","geometry":{"type":"Point","coordinates":[20.729855,52.181132]},"properties":{"lines":"64","color":"#0059a9","mode":"bus","arr":["64"],"angle":0.1,"extra":1}},{"type":"Feature","geometry":{"type":"Point","coordinates":[20.72678,52.181135]},"properties":{"lines":"64","color":"#0059a9","mode":"bus","arr":["64"],"angle":0,"extra":1}},{"type":"Feature","geometry":{"type":"Point","coordinates":[20.723712,52.181199]},"properties":{"lines":"64","color":"#0059a9","mode":"bus","arr":["64"],"angle":14.3,"extra":1}},{"type":"Feature","geometry":{"type":"Point","coordinates":[20.718173,52.182833]},"properties":{"lines":"64","color":"#0059a9","mode":"bus","arr":["64"],"angle":26.2,"extra":1}},{"type":"Feature","geometry":{"type":"Point","coordinates":[20.715285,52.183329]},"properties":{"lines":"64","color":"#0059a9","mode":"bus","arr":["64"],"angle":-0.6,"extra":1}},{"type":"Feature","geometry":{"type":"Point","coordinates":[20.71221,52.183317]},"properties":{"lines":"64","color":"#0059a9","mode":"bus","arr":["64"],"angle":-0.3,"extra":1}},{"type":"Feature","geometry":{"type":"Point","coordinates":[20.709135,52.183309]},"properties":{"lines":"64","color":"#0059a9","mode":"bus","arr":["64"],"angle":-0.3,"extra":1}},{"type":"Feature","geometry":{"type":"Point","coordinates":[20.706166,52.183545]},"properties":{"lines":"64","color":"#0059a9","mode":"bus","arr":["64"],"angle":36,"extra":1}},{"type":"Feature","geometry":{"type":"Point","coordinates":[20.705997,52.175373]},"properties":{"lines":"64","color":"#0059a9","mode":"bus","arr":["64"],"angle":86.5}},{"type":"Feature","geometry":{"type":"Point","coordinates":[20.704773,52.183032]},"properties":{"lines":"64","color":"#0059a9","mode":"bus","arr":["64"],"angle":-79.4,"extra":1}},{"type":"Feature","geometry":{"type":"Point","coordinates":[20.704192,52.181178]},"properties":{"lines":"64","color":"#0059a9","mode":"bus","arr":["64"],"angle":-78.9,"extra":1}},{"type":"Feature","geometry":{"type":"Point","coordinates":[20.703602,52.179324]},"properties":{"lines":"64","color":"#0059a9","mode":"bus","arr":["64"],"angle":-78.9,"extra":1}},{"type":"Feature","geometry":{"type":"Point","coordinates":[20.703991,52.177495]},"properties":{"lines":"64","color":"#0059a9","mode":"bus","arr":["64"],"angle":71,"extra":1}},{"type":"Feature","geometry":{"type":"Point","coordinates":[20.706599,52.174228]},"properties":{"lines":"64","color":"#0059a9","mode":"bus","arr":["64"],"angle":38.5,"extra":1}},{"type":"Feature","geometry":{"type":"Point","coordinates":[20.709223,52.173249]},"properties":{"lines":"64","color":"#0059a9","mode":"bus","arr":["64"],"angle":22.6,"extra":1}},{"type":"Feature","geometry":{"type":"Point","coordinates":[20.712129,52.172634]},"properties":{"lines":"64","color":"#0059a9","mode":"bus","arr":["64"],"angle":18.6,"extra":1}},{"type":"Feature","geometry":{"type":"Point","coordinates":[20.715034,52.172015]},"properties":{"lines":"64","color":"#0059a9","mode":"bus","arr":["64"],"angle":18.6,"extra":1}},{"type":"Feature","geometry":{"type":"Point","coordinates":[20.717949,52.171413]},"properties":{"lines":"64","color":"#0059a9","mode":"bus","arr":["64"],"angle":18.7,"extra":1}},{"type":"Feature","geometry":{"type":"Point","coordinates":[20.761228,52.123346]},"properties":{"lines":"65, Z67","color":"#0059a9","mode":"bus","arr":["65","Z67"],"angle":-77.6}},{"type":"Feature","geometry":{"type":"Point","coordinates":[20.760292,52.122678]},"properties":{"lines":"65, Z67","color":"#0059a9","mode":"bus","arr":["65","Z67"],"angle":12.3}},{"type":"Feature","geometry":{"type":"Point","coordinates":[20.71765,52.135118]},"properties":{"lines":"65, 66, Z67","color":"#0059a9","mode":"bus","arr":["65","66","Z67"],"angle":-85}},{"type":"Feature","geometry":{"type":"Point","coordinates":[20.717067,52.130875]},"properties":{"lines":"65, 66, Z67","color":"#0059a9","mode":"bus","arr":["65","66","Z67"],"angle":-85.3,"extra":1}},{"type":"Feature","geometry":{"type":"Point","coordinates":[20.71732,52.132757]},"properties":{"lines":"65, 66, Z67","color":"#0059a9","mode":"bus","arr":["65","66","Z67"],"angle":-85.3,"extra":1}},{"type":"Feature","geometry":{"type":"Point","coordinates":[20.717844,52.136521]},"properties":{"lines":"65, 66, Z67","color":"#0059a9","mode":"bus","arr":["65","66","Z67"],"angle":-85.3,"extra":1}},{"type":"Feature","geometry":{"type":"Point","coordinates":[20.718095,52.138403]},"properties":{"lines":"65, 66, Z67","color":"#0059a9","mode":"bus","arr":["65","66","Z67"],"angle":-85.3,"extra":1}},{"type":"Feature","geometry":{"type":"Point","coordinates":[20.718277,52.140282]},"properties":{"lines":"65, 66, Z67","color":"#0059a9","mode":"bus","arr":["65","66","Z67"],"angle":88.4,"extra":1}},{"type":"Feature","geometry":{"type":"Point","coordinates":[20.784772,52.1597]},"properties":{"lines":"66, 77, 78","color":"#0059a9","mode":"bus","arr":["66","77","78"],"angle":-29.7}},{"type":"Feature","geometry":{"type":"Point","coordinates":[20.781441,52.158512]},"properties":{"lines":"66","color":"#0059a9","mode":"bus","arr":["66"],"angle":-30.4}},{"type":"Feature","geometry":{"type":"Point","coordinates":[20.778679,52.159448]},"properties":{"lines":"66","color":"#0059a9","mode":"bus","arr":["66"],"angle":59.2}},{"type":"Feature","geometry":{"type":"Point","coordinates":[20.777688,52.160473]},"properties":{"lines":"66","color":"#0059a9","mode":"bus","arr":["66"],"angle":59.3,"extra":1}},{"type":"Feature","geometry":{"type":"Point","coordinates":[20.770911,52.158751]},"properties":{"lines":"66","color":"#0059a9","mode":"bus","arr":["66"],"angle":-28.2}},{"type":"Feature","geometry":{"type":"Point","coordinates":[20.764035,52.155343]},"properties":{"lines":"66","color":"#0059a9","mode":"bus","arr":["66"],"angle":-76.9,"extra":1}},{"type":"Feature","geometry":{"type":"Point","coordinates":[20.765424,52.156938]},"properties":{"lines":"66","color":"#0059a9","mode":"bus","arr":["66"],"angle":-30.8,"extra":1}},{"type":"Feature","geometry":{"type":"Point","coordinates":[20.768126,52.15784]},"properties":{"lines":"66","color":"#0059a9","mode":"bus","arr":["66"],"angle":-28.1,"extra":1}},{"type":"Feature","geometry":{"type":"Point","coordinates":[20.773549,52.159621]},"properties":{"lines":"66","color":"#0059a9","mode":"bus","arr":["66"],"angle":-28.2,"extra":1}},{"type":"Feature","geometry":{"type":"Point","coordinates":[20.77626,52.160513]},"properties":{"lines":"66","color":"#0059a9","mode":"bus","arr":["66"],"angle":-28.2,"extra":1}},{"type":"Feature","geometry":{"type":"Point","coordinates":[20.778971,52.161404]},"properties":{"lines":"66","color":"#0059a9","mode":"bus","arr":["66"],"angle":-27.4,"extra":1}},{"type":"Feature","geometry":{"type":"Point","coordinates":[20.763147,52.152895]},"properties":{"lines":"66","color":"#0059a9","mode":"bus","arr":["66"],"angle":-77.9}},{"type":"Feature","geometry":{"type":"Point","coordinates":[20.759104,52.152311]},"properties":{"lines":"66","color":"#0059a9","mode":"bus","arr":["66"],"angle":5.4}},{"type":"Feature","geometry":{"type":"Point","coordinates":[20.761113,52.151975]},"properties":{"lines":"66","color":"#0059a9","mode":"bus","arr":["66"],"angle":20,"extra":1}},{"type":"Feature","geometry":{"type":"Point","coordinates":[20.757966,52.152499]},"properties":{"lines":"66","color":"#0059a9","mode":"bus","arr":["66"],"angle":2.6}},{"type":"Feature","geometry":{"type":"Point","coordinates":[20.781297,52.16134]},"properties":{"lines":"66","color":"#0059a9","mode":"bus","arr":["66"],"angle":-45.7}},{"type":"Feature","geometry":{"type":"Point","coordinates":[20.744298,52.149927]},"properties":{"lines":"66","color":"#0059a9","mode":"bus","arr":["66"],"angle":-21}},{"type":"Feature","geometry":{"type":"Point","coordinates":[20.755155,52.15152]},"properties":{"lines":"66","color":"#0059a9","mode":"bus","arr":["66"],"angle":-77,"extra":1}},{"type":"Feature","geometry":{"type":"Point","coordinates":[20.75416,52.149769]},"properties":{"lines":"66","color":"#0059a9","mode":"bus","arr":["66"],"angle":-33.9,"extra":1}},{"type":"Feature","geometry":{"type":"Point","coordinates":[20.751254,52.150091]},"properties":{"lines":"66","color":"#0059a9","mode":"bus","arr":["66"],"angle":2.9,"extra":1}},{"type":"Feature","geometry":{"type":"Point","coordinates":[20.748181,52.150164]},"properties":{"lines":"66","color":"#0059a9","mode":"bus","arr":["66"],"angle":2.3,"extra":1}},{"type":"Feature","geometry":{"type":"Point","coordinates":[20.742289,52.14939]},"properties":{"lines":"66","color":"#0059a9","mode":"bus","arr":["66"],"angle":-28.2,"extra":1}},{"type":"Feature","geometry":{"type":"Point","coordinates":[20.739633,52.148441]},"properties":{"lines":"66","color":"#0059a9","mode":"bus","arr":["66"],"angle":-35.7,"extra":1}},{"type":"Feature","geometry":{"type":"Point","coordinates":[20.737004,52.147471]},"properties":{"lines":"66","color":"#0059a9","mode":"bus","arr":["66"],"angle":-26.7,"extra":1}},{"type":"Feature","geometry":{"type":"Point","coordinates":[20.734258,52.146621]},"properties":{"lines":"66","color":"#0059a9","mode":"bus","arr":["66"],"angle":-26.7,"extra":1}},{"type":"Feature","geometry":{"type":"Point","coordinates":[20.7315,52.145786]},"properties":{"lines":"66","color":"#0059a9","mode":"bus","arr":["66"],"angle":-26.1,"extra":1}},{"type":"Feature","geometry":{"type":"Point","coordinates":[20.728123,52.142722]},"properties":{"lines":"66","color":"#0059a9","mode":"bus","arr":["66"],"angle":-60.3}},{"type":"Feature","geometry":{"type":"Point","coordinates":[20.726327,52.140809]},"properties":{"lines":"66","color":"#0059a9","mode":"bus","arr":["66"],"angle":-60.1,"extra":1}},{"type":"Feature","geometry":{"type":"Point","coordinates":[20.729399,52.144081]},"properties":{"lines":"66","color":"#0059a9","mode":"bus","arr":["66"],"angle":-59.8,"extra":1}},{"type":"Feature","geometry":{"type":"Point","coordinates":[20.781187,52.161791]},"properties":{"lines":"66","color":"#0059a9","mode":"bus","arr":["66"],"angle":19.7}},{"type":"Feature","geometry":{"type":"Point","coordinates":[20.781478,52.160526]},"properties":{"lines":"66, 78","color":"#0059a9","mode":"bus","arr":["66","78"],"angle":58.2}},{"type":"Feature","geometry":{"type":"Point","coordinates":[20.782455,52.159531]},"properties":{"lines":"66, 77, 78","color":"#0059a9","mode":"bus","arr":["66","77","78"],"angle":59.3}},{"type":"Feature","geometry":{"type":"Point","coordinates":[20.623476,52.188366]},"properties":{"lines":"67, 77","color":"#0059a9","mode":"bus","arr":["67","77"],"angle":60}},{"type":"Feature","geometry":{"type":"Point","coordinates":[20.621877,52.193688]},"properties":{"lines":"67, 77","color":"#0059a9","mode":"bus","arr":["67","77"],"angle":-89.8}},{"type":"Feature","geometry":{"type":"Point","coordinates":[20.634157,52.186936]},"properties":{"lines":"67, 77","color":"#0059a9","mode":"bus","arr":["67","77"],"angle":-13.6}},{"type":"Feature","geometry":{"type":"Point","coordinates":[20.626564,52.186662]},"properties":{"lines":"67, 77","color":"#0059a9","mode":"bus","arr":["67","77"],"angle":0.5,"extra":1}},{"type":"Feature","geometry":{"type":"Point","coordinates":[20.629639,52.186692]},"properties":{"lines":"67, 77","color":"#0059a9","mode":"bus","arr":["67","77"],"angle":-1.2,"extra":1}},{"type":"Feature","geometry":{"type":"Point","coordinates":[20.638387,52.188115]},"properties":{"lines":"67, 77","color":"#0059a9","mode":"bus","arr":["67","77"],"angle":-30.2,"extra":1}},{"type":"Feature","geometry":{"type":"Point","coordinates":[20.641053,52.189057]},"properties":{"lines":"67, 77","color":"#0059a9","mode":"bus","arr":["67","77"],"angle":-29.2,"extra":1}},{"type":"Feature","geometry":{"type":"Point","coordinates":[20.64788,52.188093]},"properties":{"lines":"67, 77","color":"#0059a9","mode":"bus","arr":["67","77"],"angle":20.8}},{"type":"Feature","geometry":{"type":"Point","coordinates":[20.643712,52.18907]},"properties":{"lines":"67, 77","color":"#0059a9","mode":"bus","arr":["67","77"],"angle":20.9,"extra":1}},{"type":"Feature","geometry":{"type":"Point","coordinates":[20.652334,52.187055]},"properties":{"lines":"67, 77","color":"#0059a9","mode":"bus","arr":["67","77"],"angle":20.6,"extra":1}},{"type":"Feature","geometry":{"type":"Point","coordinates":[20.659902,52.18592]},"properties":{"lines":"67, 77","color":"#0059a9","mode":"bus","arr":["67","77"],"angle":12.3}},{"type":"Feature","geometry":{"type":"Point","coordinates":[20.65499,52.18658]},"properties":{"lines":"67, 77","color":"#0059a9","mode":"bus","arr":["67","77"],"angle":12.3,"extra":1}},{"type":"Feature","geometry":{"type":"Point","coordinates":[20.657994,52.186176]},"properties":{"lines":"67, 77","color":"#0059a9","mode":"bus","arr":["67","77"],"angle":12.3,"extra":1}},{"type":"Feature","geometry":{"type":"Point","coordinates":[20.664002,52.185369]},"properties":{"lines":"67, 77","color":"#0059a9","mode":"bus","arr":["67","77"],"angle":12.3,"extra":1}},{"type":"Feature","geometry":{"type":"Point","coordinates":[20.683815,52.167933]},"properties":{"lines":"67","color":"#0059a9","mode":"bus","arr":["67"],"angle":51.3}},{"type":"Feature","geometry":{"type":"Point","coordinates":[20.66678,52.179752]},"properties":{"lines":"67","color":"#0059a9","mode":"bus","arr":["67"],"angle":-85.1}},{"type":"Feature","geometry":{"type":"Point","coordinates":[20.666806,52.184244]},"properties":{"lines":"67","color":"#0059a9","mode":"bus","arr":["67"],"angle":76.5,"extra":1}},{"type":"Feature","geometry":{"type":"Point","coordinates":[20.667104,52.182367]},"properties":{"lines":"67","color":"#0059a9","mode":"bus","arr":["67"],"angle":88.6,"extra":1}},{"type":"Feature","geometry":{"type":"Point","coordinates":[20.668027,52.177434]},"properties":{"lines":"67","color":"#0059a9","mode":"bus","arr":["67"],"angle":1.6,"extra":1}},{"type":"Feature","geometry":{"type":"Point","coordinates":[20.671068,52.177567]},"properties":{"lines":"67","color":"#0059a9","mode":"bus","arr":["67"],"angle":-0.9,"extra":1}},{"type":"Feature","geometry":{"type":"Point","coordinates":[20.673652,52.175759]},"properties":{"lines":"67","color":"#0059a9","mode":"bus","arr":["67"],"angle":54.7,"extra":1}},{"type":"Feature","geometry":{"type":"Point","coordinates":[20.675551,52.174274]},"properties":{"lines":"67","color":"#0059a9","mode":"bus","arr":["67"],"angle":51.4,"extra":1}},{"type":"Feature","geometry":{"type":"Point","coordinates":[20.677471,52.172799]},"properties":{"lines":"67","color":"#0059a9","mode":"bus","arr":["67"],"angle":51.4,"extra":1}},{"type":"Feature","geometry":{"type":"Point","coordinates":[20.679391,52.171323]},"properties":{"lines":"67","color":"#0059a9","mode":"bus","arr":["67"],"angle":51.4,"extra":1}},{"type":"Feature","geometry":{"type":"Point","coordinates":[20.681316,52.16985]},"properties":{"lines":"67","color":"#0059a9","mode":"bus","arr":["67"],"angle":51.4,"extra":1}},{"type":"Feature","geometry":{"type":"Point","coordinates":[20.685599,52.167295]},"properties":{"lines":"67","color":"#0059a9","mode":"bus","arr":["67"],"angle":14.3,"extra":1}},{"type":"Feature","geometry":{"type":"Point","coordinates":[20.688578,52.166827]},"properties":{"lines":"67","color":"#0059a9","mode":"bus","arr":["67"],"angle":14.5,"extra":1}},{"type":"Feature","geometry":{"type":"Point","coordinates":[20.691555,52.166354]},"properties":{"lines":"67","color":"#0059a9","mode":"bus","arr":["67"],"angle":14.5,"extra":1}},{"type":"Feature","geometry":{"type":"Point","coordinates":[20.694532,52.165881]},"properties":{"lines":"67","color":"#0059a9","mode":"bus","arr":["67"],"angle":14.5,"extra":1}},{"type":"Feature","geometry":{"type":"Point","coordinates":[20.696212,52.164843]},"properties":{"lines":"67","color":"#0059a9","mode":"bus","arr":["67"],"angle":-79,"extra":1}},{"type":"Feature","geometry":{"type":"Point","coordinates":[20.695631,52.162989]},"properties":{"lines":"67","color":"#0059a9","mode":"bus","arr":["67"],"angle":90,"extra":1}},{"type":"Feature","geometry":{"type":"Point","coordinates":[20.672398,52.177046]},"properties":{"lines":"67","color":"#0059a9","mode":"bus","arr":["67"],"angle":59.6}},{"type":"Feature","geometry":{"type":"Point","coordinates":[20.698448,52.162448]},"properties":{"lines":"67, 69","color":"#0059a9","mode":"bus","arr":["67","69"],"angle":9.9}},{"type":"Feature","geometry":{"type":"Point","coordinates":[20.709694,52.143986]},"properties":{"lines":"67, 69","color":"#0059a9","mode":"bus","arr":["67","69"],"angle":-86.2}},{"type":"Feature","geometry":{"type":"Point","coordinates":[20.70778,52.143282]},"properties":{"lines":"67","color":"#0059a9","mode":"bus","arr":["67"],"angle":4.2}},{"type":"Feature","geometry":{"type":"Point","coordinates":[20.705637,52.142105]},"properties":{"lines":"67","color":"#0059a9","mode":"bus","arr":["67"],"angle":-88.7}},{"type":"Feature","geometry":{"type":"Point","coordinates":[20.704684,52.140834]},"properties":{"lines":"67, 69","color":"#0059a9","mode":"bus","arr":["67","69"],"angle":6.2}},{"type":"Feature","geometry":{"type":"Point","coordinates":[20.707401,52.140654]},"properties":{"lines":"69","color":"#0059a9","mode":"bus","arr":["69"],"angle":6.1}},{"type":"Feature","geometry":{"type":"Point","coordinates":[20.702425,52.140985]},"properties":{"lines":"69","color":"#0059a9","mode":"bus","arr":["69"],"angle":6.2}},{"type":"Feature","geometry":{"type":"Point","coordinates":[20.707944,52.144211]},"properties":{"lines":"67","color":"#0059a9","mode":"bus","arr":["67"],"angle":-85.9}},{"type":"Feature","geometry":{"type":"Point","coordinates":[20.708505,52.14505]},"properties":{"lines":"67","color":"#0059a9","mode":"bus","arr":["67"],"angle":19.3}},{"type":"Feature","geometry":{"type":"Point","coordinates":[20.747278,52.177095]},"properties":{"lines":"68, 78","color":"#0059a9","mode":"bus","arr":["68","78"],"angle":-89.6}},{"type":"Feature","geometry":{"type":"Point","coordinates":[20.750132,52.180257]},"properties":{"lines":"68, 78","color":"#0059a9","mode":"bus","arr":["68","78"],"angle":86.6}},{"type":"Feature","geometry":{"type":"Point","coordinates":[20.748729,52.177394]},"properties":{"lines":"68, 78","color":"#0059a9","mode":"bus","arr":["68","78"],"angle":-0.4}},{"type":"Feature","geometry":{"type":"Point","coordinates":[20.801436,52.17189]},"properties":{"lines":"68","color":"#0059a9","mode":"bus","arr":["68"],"angle":-23.7}},{"type":"Feature","geometry":{"type":"Point","coordinates":[20.798356,52.170019]},"properties":{"lines":"68","color":"#0059a9","mode":"bus","arr":["68"],"angle":-45}},{"type":"Feature","geometry":{"type":"Point","coordinates":[20.787198,52.17135]},"properties":{"lines":"68","color":"#0059a9","mode":"bus","arr":["68"],"angle":26.9}},{"type":"Feature","geometry":{"type":"Point","coordinates":[20.794735,52.168815]},"properties":{"lines":"68","color":"#0059a9","mode":"bus","arr":["68"],"angle":22.2,"extra":1}},{"type":"Feature","geometry":{"type":"Point","coordinates":[20.791987,52.169658]},"properties":{"lines":"68","color":"#0059a9","mode":"bus","arr":["68"],"angle":32,"extra":1}},{"type":"Feature","geometry":{"type":"Point","coordinates":[20.789357,52.170634]},"properties":{"lines":"68","color":"#0059a9","mode":"bus","arr":["68"],"angle":28.7,"extra":1}},{"type":"Feature","geometry":{"type":"Point","coordinates":[20.783678,52.172028]},"properties":{"lines":"68","color":"#0059a9","mode":"bus","arr":["68"],"angle":15.8,"extra":1}},{"type":"Feature","geometry":{"type":"Point","coordinates":[20.780743,52.172588]},"properties":{"lines":"68","color":"#0059a9","mode":"bus","arr":["68"],"angle":22,"extra":1}},{"type":"Feature","geometry":{"type":"Point","coordinates":[20.777901,52.173309]},"properties":{"lines":"68","color":"#0059a9","mode":"bus","arr":["68"],"angle":22.6,"extra":1}},{"type":"Feature","geometry":{"type":"Point","coordinates":[20.774594,52.174152]},"properties":{"lines":"68, 78","color":"#0059a9","mode":"bus","arr":["68","78"],"angle":22.7}},{"type":"Feature","geometry":{"type":"Point","coordinates":[20.769245,52.169393]},"properties":{"lines":"68","color":"#0059a9","mode":"bus","arr":["68"],"angle":-77.4}},{"type":"Feature","geometry":{"type":"Point","coordinates":[20.767521,52.164801]},"properties":{"lines":"68","color":"#0059a9","mode":"bus","arr":["68"],"angle":-77.9,"extra":1}},{"type":"Feature","geometry":{"type":"Point","coordinates":[20.768219,52.16664]},"properties":{"lines":"68","color":"#0059a9","mode":"bus","arr":["68"],"angle":-76.9,"extra":1}},{"type":"Feature","geometry":{"type":"Point","coordinates":[20.77024,52.172168]},"properties":{"lines":"68","color":"#0059a9","mode":"bus","arr":["68"],"angle":-77.7,"extra":1}},{"type":"Feature","geometry":{"type":"Point","coordinates":[20.770896,52.174013]},"properties":{"lines":"68","color":"#0059a9","mode":"bus","arr":["68"],"angle":-77.6,"extra":1}},{"type":"Feature","geometry":{"type":"Point","coordinates":[20.760877,52.164209]},"properties":{"lines":"68","color":"#0059a9","mode":"bus","arr":["68"],"angle":-0.1}},{"type":"Feature","geometry":{"type":"Point","coordinates":[20.76567,52.163961]},"properties":{"lines":"68","color":"#0059a9","mode":"bus","arr":["68"],"angle":5.1,"extra":1}},{"type":"Feature","geometry":{"type":"Point","coordinates":[20.757008,52.163051]},"properties":{"lines":"68","color":"#0059a9","mode":"bus","arr":["68"],"angle":-40.9,"extra":1}},{"type":"Feature","geometry":{"type":"Point","coordinates":[20.748646,52.15961]},"properties":{"lines":"68","color":"#0059a9","mode":"bus","arr":["68"],"angle":-31.7}},{"type":"Feature","geometry":{"type":"Point","coordinates":[20.754275,52.161746]},"properties":{"lines":"68","color":"#0059a9","mode":"bus","arr":["68"],"angle":-31.8,"extra":1}},{"type":"Feature","geometry":{"type":"Point","coordinates":[20.751658,52.160754]},"properties":{"lines":"68","color":"#0059a9","mode":"bus","arr":["68"],"angle":-31.7,"extra":1}},{"type":"Feature","geometry":{"type":"Point","coordinates":[20.746364,52.158837]},"properties":{"lines":"68","color":"#0059a9","mode":"bus","arr":["68"],"angle":-25.2,"extra":1}},{"type":"Feature","geometry":{"type":"Point","coordinates":[20.743371,52.158482]},"properties":{"lines":"68","color":"#0059a9","mode":"bus","arr":["68"],"angle":-4.1,"extra":1}},{"type":"Feature","geometry":{"type":"Point","coordinates":[20.690731,52.156916]},"properties":{"lines":"69","color":"#0059a9","mode":"bus","arr":["69"],"angle":-6.4}},{"type":"Feature","geometry":{"type":"Point","coordinates":[20.695401,52.161902]},"properties":{"lines":"69","color":"#0059a9","mode":"bus","arr":["69"],"angle":-84.3,"extra":1}},{"type":"Feature","geometry":{"type":"Point","coordinates":[20.695027,52.160037]},"properties":{"lines":"69","color":"#0059a9","mode":"bus","arr":["69"],"angle":-69,"extra":1}},{"type":"Feature","geometry":{"type":"Point","coordinates":[20.693303,52.158488]},"properties":{"lines":"69","color":"#0059a9","mode":"bus","arr":["69"],"angle":-46.2,"extra":1}},{"type":"Feature","geometry":{"type":"Point","coordinates":[20.688404,52.156732]},"properties":{"lines":"69","color":"#0059a9","mode":"bus","arr":["69"],"angle":-10.5,"extra":1}},{"type":"Feature","geometry":{"type":"Point","coordinates":[20.685378,52.156396]},"properties":{"lines":"69","color":"#0059a9","mode":"bus","arr":["69"],"angle":-10.2,"extra":1}},{"type":"Feature","geometry":{"type":"Point","coordinates":[20.682353,52.156061]},"properties":{"lines":"69","color":"#0059a9","mode":"bus","arr":["69"],"angle":-14.8,"extra":1}},{"type":"Feature","geometry":{"type":"Point","coordinates":[20.681149,52.155287]},"properties":{"lines":"69","color":"#0059a9","mode":"bus","arr":["69"],"angle":45.2}},{"type":"Feature","geometry":{"type":"Point","coordinates":[20.665471,52.164182]},"properties":{"lines":"69","color":"#0059a9","mode":"bus","arr":["69"],"angle":53.3,"extra":1}},{"type":"Feature","geometry":{"type":"Point","coordinates":[20.667308,52.162667]},"properties":{"lines":"69","color":"#0059a9","mode":"bus","arr":["69"],"angle":53.3,"extra":1}},{"type":"Feature","geometry":{"type":"Point","coordinates":[20.669123,52.161146]},"properties":{"lines":"69","color":"#0059a9","mode":"bus","arr":["69"],"angle":47.1,"extra":1}},{"type":"Feature","geometry":{"type":"Point","coordinates":[20.670969,52.159639]},"properties":{"lines":"69","color":"#0059a9","mode":"bus","arr":["69"],"angle":54.3,"extra":1}},{"type":"Feature","geometry":{"type":"Point","coordinates":[20.673417,52.158546]},"properties":{"lines":"69","color":"#0059a9","mode":"bus","arr":["69"],"angle":28.1,"extra":1}},{"type":"Feature","geometry":{"type":"Point","coordinates":[20.675964,52.157489]},"properties":{"lines":"69","color":"#0059a9","mode":"bus","arr":["69"],"angle":34.9,"extra":1}},{"type":"Feature","geometry":{"type":"Point","coordinates":[20.678494,52.156416]},"properties":{"lines":"69","color":"#0059a9","mode":"bus","arr":["69"],"angle":33.6,"extra":1}},{"type":"Feature","geometry":{"type":"Point","coordinates":[20.682694,52.153771]},"properties":{"lines":"69","color":"#0059a9","mode":"bus","arr":["69"],"angle":57.4,"extra":1}},{"type":"Feature","geometry":{"type":"Point","coordinates":[20.683056,52.152563]},"properties":{"lines":"69","color":"#0059a9","mode":"bus","arr":["69"],"angle":-2.5,"extra":1}},{"type":"Feature","geometry":{"type":"Point","coordinates":[20.680482,52.153501]},"properties":{"lines":"69","color":"#0059a9","mode":"bus","arr":["69"],"angle":12.4,"extra":1}},{"type":"Feature","geometry":{"type":"Point","coordinates":[20.677489,52.153163]},"properties":{"lines":"69","color":"#0059a9","mode":"bus","arr":["69"],"angle":-22.5,"extra":1}},{"type":"Feature","geometry":{"type":"Point","coordinates":[20.675541,52.151773]},"properties":{"lines":"69","color":"#0059a9","mode":"bus","arr":["69"],"angle":-64,"extra":1}},{"type":"Feature","geometry":{"type":"Point","coordinates":[20.674216,52.150069]},"properties":{"lines":"69","color":"#0059a9","mode":"bus","arr":["69"],"angle":-66.2,"extra":1}},{"type":"Feature","geometry":{"type":"Point","coordinates":[20.672971,52.148342]},"properties":{"lines":"69","color":"#0059a9","mode":"bus","arr":["69"],"angle":-66.1,"extra":1}},{"type":"Feature","geometry":{"type":"Point","coordinates":[20.695475,52.138906]},"properties":{"lines":"69","color":"#0059a9","mode":"bus","arr":["69"],"angle":-32.9}},{"type":"Feature","geometry":{"type":"Point","coordinates":[20.691266,52.137242]},"properties":{"lines":"69","color":"#0059a9","mode":"bus","arr":["69"],"angle":-34.5,"extra":1}},{"type":"Feature","geometry":{"type":"Point","coordinates":[20.693853,52.138263]},"properties":{"lines":"69","color":"#0059a9","mode":"bus","arr":["69"],"angle":-32.8,"extra":1}},{"type":"Feature","geometry":{"type":"Point","coordinates":[20.699012,52.140319]},"properties":{"lines":"69","color":"#0059a9","mode":"bus","arr":["69"],"angle":-33,"extra":1}},{"type":"Feature","geometry":{"type":"Point","coordinates":[20.680091,52.141137]},"properties":{"lines":"69","color":"#0059a9","mode":"bus","arr":["69"],"angle":54}},{"type":"Feature","geometry":{"type":"Point","coordinates":[20.673443,52.14676]},"properties":{"lines":"69","color":"#0059a9","mode":"bus","arr":["69"],"angle":37.7,"extra":1}},{"type":"Feature","geometry":{"type":"Point","coordinates":[20.675293,52.145263]},"properties":{"lines":"69","color":"#0059a9","mode":"bus","arr":["69"],"angle":55.9,"extra":1}},{"type":"Feature","geometry":{"type":"Point","coordinates":[20.677044,52.143711]},"properties":{"lines":"69","color":"#0059a9","mode":"bus","arr":["69"],"angle":54,"extra":1}},{"type":"Feature","geometry":{"type":"Point","coordinates":[20.678852,52.142183]},"properties":{"lines":"69","color":"#0059a9","mode":"bus","arr":["69"],"angle":54,"extra":1}},{"type":"Feature","geometry":{"type":"Point","coordinates":[20.682651,52.13924]},"properties":{"lines":"69","color":"#0059a9","mode":"bus","arr":["69"],"angle":31.1,"extra":1}},{"type":"Feature","geometry":{"type":"Point","coordinates":[20.685313,52.138295]},"properties":{"lines":"69","color":"#0059a9","mode":"bus","arr":["69"],"angle":30,"extra":1}},{"type":"Feature","geometry":{"type":"Point","coordinates":[20.687974,52.137349]},"properties":{"lines":"69","color":"#0059a9","mode":"bus","arr":["69"],"angle":29.7,"extra":1}},{"type":"Feature","geometry":{"type":"Point","coordinates":[20.709469,52.141861]},"properties":{"lines":"69","color":"#0059a9","mode":"bus","arr":["69"],"angle":-86.2}},{"type":"Feature","geometry":{"type":"Point","coordinates":[20.790088,52.16471]},"properties":{"lines":"77","color":"#0059a9","mode":"bus","arr":["77"],"angle":-62.6}},{"type":"Feature","geometry":{"type":"Point","coordinates":[20.731413,52.194491]},"properties":{"lines":"77","color":"#0059a9","mode":"bus","arr":["77"],"angle":29.2}},{"type":"Feature","geometry":{"type":"Point","coordinates":[20.740885,52.191956]},"properties":{"lines":"77","color":"#0059a9","mode":"bus","arr":["77"],"angle":15.4,"extra":1}},{"type":"Feature","geometry":{"type":"Point","coordinates":[20.737923,52.192463]},"properties":{"lines":"77","color":"#0059a9","mode":"bus","arr":["77"],"angle":15.8,"extra":1}},{"type":"Feature","geometry":{"type":"Point","coordinates":[20.735113,52.193182]},"properties":{"lines":"77","color":"#0059a9","mode":"bus","arr":["77"],"angle":34,"extra":1}},{"type":"Feature","geometry":{"type":"Point","coordinates":[20.727089,52.195975]},"properties":{"lines":"77","color":"#0059a9","mode":"bus","arr":["77"],"angle":29.2,"extra":1}},{"type":"Feature","geometry":{"type":"Point","coordinates":[20.724407,52.196899]},"properties":{"lines":"77","color":"#0059a9","mode":"bus","arr":["77"],"angle":29.9,"extra":1}},{"type":"Feature","geometry":{"type":"Point","coordinates":[20.721573,52.197596]},"properties":{"lines":"77","color":"#0059a9","mode":"bus","arr":["77"],"angle":12.4,"extra":1}},{"type":"Feature","geometry":{"type":"Point","coordinates":[20.720919,52.198821]},"properties":{"lines":"77","color":"#0059a9","mode":"bus","arr":["77"],"angle":-83.2}},{"type":"Feature","geometry":{"type":"Point","coordinates":[20.708951,52.198682]},"properties":{"lines":"77","color":"#0059a9","mode":"bus","arr":["77"],"angle":-14.7}},{"type":"Feature","geometry":{"type":"Point","coordinates":[20.719867,52.200284]},"properties":{"lines":"77","color":"#0059a9","mode":"bus","arr":["77"],"angle":5.4,"extra":1}},{"type":"Feature","geometry":{"type":"Point","coordinates":[20.716861,52.199939]},"properties":{"lines":"77","color":"#0059a9","mode":"bus","arr":["77"],"angle":-13.7,"extra":1}},{"type":"Feature","geometry":{"type":"Point","coordinates":[20.713882,52.199472]},"properties":{"lines":"77","color":"#0059a9","mode":"bus","arr":["77"],"angle":-14.4,"extra":1}},{"type":"Feature","geometry":{"type":"Point","coordinates":[20.710904,52.199001]},"properties":{"lines":"77","color":"#0059a9","mode":"bus","arr":["77"],"angle":-14.6,"extra":1}},{"type":"Feature","geometry":{"type":"Point","coordinates":[20.704953,52.198047]},"properties":{"lines":"77","color":"#0059a9","mode":"bus","arr":["77"],"angle":-14.4,"extra":1}},{"type":"Feature","geometry":{"type":"Point","coordinates":[20.701975,52.197576]},"properties":{"lines":"77","color":"#0059a9","mode":"bus","arr":["77"],"angle":-14.1,"extra":1}},{"type":"Feature","geometry":{"type":"Point","coordinates":[20.698996,52.197107]},"properties":{"lines":"77","color":"#0059a9","mode":"bus","arr":["77"],"angle":-14.6,"extra":1}},{"type":"Feature","geometry":{"type":"Point","coordinates":[20.696294,52.194958]},"properties":{"lines":"77","color":"#0059a9","mode":"bus","arr":["77"],"angle":-83.1}},{"type":"Feature","geometry":{"type":"Point","coordinates":[20.695046,52.193491]},"properties":{"lines":"77","color":"#0059a9","mode":"bus","arr":["77"],"angle":47.9}},{"type":"Feature","geometry":{"type":"Point","coordinates":[20.686593,52.191372]},"properties":{"lines":"77","color":"#0059a9","mode":"bus","arr":["77"],"angle":-56.6}},{"type":"Feature","geometry":{"type":"Point","coordinates":[20.693372,52.193846]},"properties":{"lines":"77","color":"#0059a9","mode":"bus","arr":["77"],"angle":-12.7,"extra":1}},{"type":"Feature","geometry":{"type":"Point","coordinates":[20.690797,52.192825]},"properties":{"lines":"77","color":"#0059a9","mode":"bus","arr":["77"],"angle":-31.8,"extra":1}},{"type":"Feature","geometry":{"type":"Point","coordinates":[20.684271,52.189213]},"properties":{"lines":"77","color":"#0059a9","mode":"bus","arr":["77"],"angle":-56.6,"extra":1}},{"type":"Feature","geometry":{"type":"Point","coordinates":[20.682133,52.187944]},"properties":{"lines":"77","color":"#0059a9","mode":"bus","arr":["77"],"angle":-23.4,"extra":1}},{"type":"Feature","geometry":{"type":"Point","coordinates":[20.675233,52.18655]},"properties":{"lines":"77","color":"#0059a9","mode":"bus","arr":["77"],"angle":-17}},{"type":"Feature","geometry":{"type":"Point","coordinates":[20.668241,52.185534]},"properties":{"lines":"77","color":"#0059a9","mode":"bus","arr":["77"],"angle":-10.5}},{"type":"Feature","geometry":{"type":"Point","coordinates":[20.678519,52.187113]},"properties":{"lines":"77","color":"#0059a9","mode":"bus","arr":["77"],"angle":-11.3,"extra":1}},{"type":"Feature","geometry":{"type":"Point","coordinates":[20.672619,52.186051]},"properties":{"lines":"77","color":"#0059a9","mode":"bus","arr":["77"],"angle":-17.8,"extra":1}},{"type":"Feature","geometry":{"type":"Point","coordinates":[20.793037,52.163257]},"properties":{"lines":"77","color":"#0059a9","mode":"bus","arr":["77"],"angle":-64.9}},{"type":"Feature","geometry":{"type":"Point","coordinates":[20.794979,52.165815]},"properties":{"lines":"77","color":"#0059a9","mode":"bus","arr":["77"],"angle":-65.1,"extra":1}},{"type":"Feature","geometry":{"type":"Point","coordinates":[20.791079,52.160681]},"properties":{"lines":"77","color":"#0059a9","mode":"bus","arr":["77"],"angle":-65,"extra":1}},{"type":"Feature","geometry":{"type":"Point","coordinates":[20.780263,52.161553]},"properties":{"lines":"78","color":"#0059a9","mode":"bus","arr":["78"],"angle":59.8}},{"type":"Feature","geometry":{"type":"Point","coordinates":[20.776418,52.168645]},"properties":{"lines":"78","color":"#0059a9","mode":"bus","arr":["78"],"angle":72.5}},{"type":"Feature","geometry":{"type":"Point","coordinates":[20.779432,52.162635]},"properties":{"lines":"78","color":"#0059a9","mode":"bus","arr":["78"],"angle":70.6}},{"type":"Feature","geometry":{"type":"Point","coordinates":[20.777012,52.172514]},"properties":{"lines":"78","color":"#0059a9","mode":"bus","arr":["78"],"angle":-66.3,"extra":1}},{"type":"Feature","geometry":{"type":"Point","coordinates":[20.775778,52.170784]},"properties":{"lines":"78","color":"#0059a9","mode":"bus","arr":["78"],"angle":-66.1,"extra":1}},{"type":"Feature","geometry":{"type":"Point","coordinates":[20.77716,52.167228]},"properties":{"lines":"78","color":"#0059a9","mode":"bus","arr":["78"],"angle":71.8,"extra":1}},{"type":"Feature","geometry":{"type":"Point","coordinates":[20.77811,52.165432]},"properties":{"lines":"78","color":"#0059a9","mode":"bus","arr":["78"],"angle":71.7,"extra":1}},{"type":"Feature","geometry":{"type":"Point","coordinates":[20.7394,52.175017]},"properties":{"lines":"78","color":"#0059a9","mode":"bus","arr":["78"],"angle":-0.5}},{"type":"Feature","geometry":{"type":"Point","coordinates":[20.746846,52.176129]},"properties":{"lines":"78","color":"#0059a9","mode":"bus","arr":["78"],"angle":-1.1,"extra":1}},{"type":"Feature","geometry":{"type":"Point","coordinates":[20.743776,52.176157]},"properties":{"lines":"78","color":"#0059a9","mode":"bus","arr":["78"],"angle":-36.1,"extra":1}},{"type":"Feature","geometry":{"type":"Point","coordinates":[20.742495,52.175017]},"properties":{"lines":"78","color":"#0059a9","mode":"bus","arr":["78"],"angle":0.2,"extra":1}},{"type":"Feature","geometry":{"type":"Point","coordinates":[20.73708,52.17558]},"properties":{"lines":"78","color":"#0059a9","mode":"bus","arr":["78"],"angle":37.9,"extra":1}},{"type":"Feature","geometry":{"type":"Point","coordinates":[20.734198,52.176228]},"properties":{"lines":"78","color":"#0059a9","mode":"bus","arr":["78"],"angle":24.7,"extra":1}},{"type":"Feature","geometry":{"type":"Point","coordinates":[20.73147,52.17709]},"properties":{"lines":"78","color":"#0059a9","mode":"bus","arr":["78"],"angle":18.4,"extra":1}},{"type":"Feature","geometry":{"type":"Point","coordinates":[20.757672,52.179333]},"properties":{"lines":"78","color":"#0059a9","mode":"bus","arr":["78"],"angle":-2.7}},{"type":"Feature","geometry":{"type":"Point","coordinates":[20.447633,52.052463]},"properties":{"lines":"80","color":"#0059a9","mode":"bus","arr":["80"],"angle":-36.6}},{"type":"Feature","geometry":{"type":"Point","coordinates":[20.448261,52.06646]},"properties":{"lines":"80","color":"#0059a9","mode":"bus","arr":["80"],"angle":48.9}},{"type":"Feature","geometry":{"type":"Point","coordinates":[20.454279,52.098435]},"properties":{"lines":"80","color":"#0059a9","mode":"bus","arr":["80"],"angle":73.5}},{"type":"Feature","geometry":{"type":"Point","coordinates":[20.454603,52.094892]},"properties":{"lines":"80","color":"#0059a9","mode":"bus","arr":["80"],"angle":42.8,"extra":1}},{"type":"Feature","geometry":{"type":"Point","coordinates":[20.453699,52.096641]},"properties":{"lines":"80","color":"#0059a9","mode":"bus","arr":["80"],"angle":84.1,"extra":1}},{"type":"Feature","geometry":{"type":"Point","coordinates":[20.454804,52.100203]},"properties":{"lines":"80","color":"#0059a9","mode":"bus","arr":["80"],"angle":-84.3,"extra":1}},{"type":"Feature","geometry":{"type":"Point","coordinates":[20.455484,52.102038]},"properties":{"lines":"80","color":"#0059a9","mode":"bus","arr":["80"],"angle":-72.8,"extra":1}},{"type":"Feature","geometry":{"type":"Point","coordinates":[20.484533,52.099039]},"properties":{"lines":"80","color":"#0059a9","mode":"bus","arr":["80"],"angle":-15.9}},{"type":"Feature","geometry":{"type":"Point","coordinates":[20.45412,52.103443]},"properties":{"lines":"80","color":"#0059a9","mode":"bus","arr":["80"],"angle":27.8,"extra":1}},{"type":"Feature","geometry":{"type":"Point","coordinates":[20.457071,52.102965]},"properties":{"lines":"80","color":"#0059a9","mode":"bus","arr":["80"],"angle":7.5,"extra":1}},{"type":"Feature","geometry":{"type":"Point","coordinates":[20.460136,52.102974]},"properties":{"lines":"80","color":"#0059a9","mode":"bus","arr":["80"],"angle":-1.7,"extra":1}},{"type":"Feature","geometry":{"type":"Point","coordinates":[20.462532,52.103595]},"properties":{"lines":"80","color":"#0059a9","mode":"bus","arr":["80"],"angle":-70.5,"extra":1}},{"type":"Feature","geometry":{"type":"Point","coordinates":[20.465243,52.104011]},"properties":{"lines":"80","color":"#0059a9","mode":"bus","arr":["80"],"angle":13.7,"extra":1}},{"type":"Feature","geometry":{"type":"Point","coordinates":[20.468039,52.103341]},"properties":{"lines":"80","color":"#0059a9","mode":"bus","arr":["80"],"angle":46.6,"extra":1}},{"type":"Feature","geometry":{"type":"Point","coordinates":[20.470232,52.102029]},"properties":{"lines":"80","color":"#0059a9","mode":"bus","arr":["80"],"angle":59.6,"extra":1}},{"type":"Feature","geometry":{"type":"Point","coordinates":[20.470866,52.100225]},"properties":{"lines":"80","color":"#0059a9","mode":"bus","arr":["80"],"angle":56.4,"extra":1}},{"type":"Feature","geometry":{"type":"Point","coordinates":[20.473631,52.09961]},"properties":{"lines":"80","color":"#0059a9","mode":"bus","arr":["80"],"angle":4.8,"extra":1}},{"type":"Feature","geometry":{"type":"Point","coordinates":[20.47667,52.09934]},"properties":{"lines":"80","color":"#0059a9","mode":"bus","arr":["80"],"angle":-0.2,"extra":1}},{"type":"Feature","geometry":{"type":"Point","coordinates":[20.47972,52.099226]},"properties":{"lines":"80","color":"#0059a9","mode":"bus","arr":["80"],"angle":7.7,"extra":1}},{"type":"Feature","geometry":{"type":"Point","coordinates":[20.483369,52.101385]},"properties":{"lines":"80","color":"#0059a9","mode":"bus","arr":["80"],"angle":75.1,"extra":1}},{"type":"Feature","geometry":{"type":"Point","coordinates":[20.482497,52.10319]},"properties":{"lines":"80","color":"#0059a9","mode":"bus","arr":["80"],"angle":61.6,"extra":1}},{"type":"Feature","geometry":{"type":"Point","coordinates":[20.481239,52.104908]},"properties":{"lines":"80","color":"#0059a9","mode":"bus","arr":["80"],"angle":73.2,"extra":1}},{"type":"Feature","geometry":{"type":"Point","coordinates":[20.479935,52.106607]},"properties":{"lines":"80","color":"#0059a9","mode":"bus","arr":["80"],"angle":59.3,"extra":1}},{"type":"Feature","geometry":{"type":"Point","coordinates":[20.477581,52.10775]},"properties":{"lines":"80","color":"#0059a9","mode":"bus","arr":["80"],"angle":29.8,"extra":1}},{"type":"Feature","geometry":{"type":"Point","coordinates":[20.475151,52.108894]},"properties":{"lines":"80","color":"#0059a9","mode":"bus","arr":["80"],"angle":59.1,"extra":1}},{"type":"Feature","geometry":{"type":"Point","coordinates":[20.47535,52.110754]},"properties":{"lines":"80","color":"#0059a9","mode":"bus","arr":["80"],"angle":-82.3,"extra":1}},{"type":"Feature","geometry":{"type":"Point","coordinates":[20.476344,52.112496]},"properties":{"lines":"80","color":"#0059a9","mode":"bus","arr":["80"],"angle":-45.2,"extra":1}},{"type":"Feature","geometry":{"type":"Point","coordinates":[20.479162,52.11315]},"properties":{"lines":"80","color":"#0059a9","mode":"bus","arr":["80"],"angle":-10.6,"extra":1}},{"type":"Feature","geometry":{"type":"Point","coordinates":[20.482183,52.113503]},"properties":{"lines":"80","color":"#0059a9","mode":"bus","arr":["80"],"angle":-10.4,"extra":1}},{"type":"Feature","geometry":{"type":"Point","coordinates":[20.485222,52.11343]},"properties":{"lines":"80","color":"#0059a9","mode":"bus","arr":["80"],"angle":10.6,"extra":1}},{"type":"Feature","geometry":{"type":"Point","coordinates":[20.44766,52.052715]},"properties":{"lines":"80","color":"#0059a9","mode":"bus","arr":["80"],"angle":-51.9}},{"type":"Feature","geometry":{"type":"Point","coordinates":[20.451377,52.054358]},"properties":{"lines":"80","color":"#0059a9","mode":"bus","arr":["80"],"angle":-31.6}},{"type":"Feature","geometry":{"type":"Point","coordinates":[20.449053,52.053578]},"properties":{"lines":"80","color":"#0059a9","mode":"bus","arr":["80"],"angle":-28.6,"extra":1}},{"type":"Feature","geometry":{"type":"Point","coordinates":[20.454107,52.055698]},"properties":{"lines":"80","color":"#0059a9","mode":"bus","arr":["80"],"angle":-41.4,"extra":1}},{"type":"Feature","geometry":{"type":"Point","coordinates":[20.449639,52.060454]},"properties":{"lines":"80","color":"#0059a9","mode":"bus","arr":["80"],"angle":56}},{"type":"Feature","geometry":{"type":"Point","coordinates":[20.453752,52.056755]},"properties":{"lines":"80","color":"#0059a9","mode":"bus","arr":["80"],"angle":55.6,"extra":1}},{"type":"Feature","geometry":{"type":"Point","coordinates":[20.452012,52.058313]},"properties":{"lines":"80","color":"#0059a9","mode":"bus","arr":["80"],"angle":55.6,"extra":1}},{"type":"Feature","geometry":{"type":"Point","coordinates":[20.448537,52.061429]},"properties":{"lines":"80","color":"#0059a9","mode":"bus","arr":["80"],"angle":54.2,"extra":1}},{"type":"Feature","geometry":{"type":"Point","coordinates":[20.44673,52.062957]},"properties":{"lines":"80","color":"#0059a9","mode":"bus","arr":["80"],"angle":55.7,"extra":1}},{"type":"Feature","geometry":{"type":"Point","coordinates":[20.4451,52.064558]},"properties":{"lines":"80","color":"#0059a9","mode":"bus","arr":["80"],"angle":58.2,"extra":1}},{"type":"Feature","geometry":{"type":"Point","coordinates":[20.446331,52.065812]},"properties":{"lines":"80","color":"#0059a9","mode":"bus","arr":["80"],"angle":-41.8}},{"type":"Feature","geometry":{"type":"Point","coordinates":[20.449167,52.066553]},"properties":{"lines":"80","color":"#0059a9","mode":"bus","arr":["80"],"angle":-43.2}},{"type":"Feature","geometry":{"type":"Point","coordinates":[20.450808,52.066006]},"properties":{"lines":"80","color":"#0059a9","mode":"bus","arr":["80"],"angle":44.2}},{"type":"Feature","geometry":{"type":"Point","coordinates":[20.454502,52.06679]},"properties":{"lines":"80","color":"#0059a9","mode":"bus","arr":["80"],"angle":-43.1}},{"type":"Feature","geometry":{"type":"Point","coordinates":[20.463153,52.0647]},"properties":{"lines":"80","color":"#0059a9","mode":"bus","arr":["80"],"angle":35.1}},{"type":"Feature","geometry":{"type":"Point","coordinates":[20.457647,52.067301]},"properties":{"lines":"80","color":"#0059a9","mode":"bus","arr":["80"],"angle":45.1,"extra":1}},{"type":"Feature","geometry":{"type":"Point","coordinates":[20.459992,52.066084]},"properties":{"lines":"80","color":"#0059a9","mode":"bus","arr":["80"],"angle":34.9,"extra":1}},{"type":"Feature","geometry":{"type":"Point","coordinates":[20.465257,52.064265]},"properties":{"lines":"80","color":"#0059a9","mode":"bus","arr":["80"],"angle":3.2,"extra":1}},{"type":"Feature","geometry":{"type":"Point","coordinates":[20.468049,52.064875]},"properties":{"lines":"80","color":"#0059a9","mode":"bus","arr":["80"],"angle":-38.3,"extra":1}},{"type":"Feature","geometry":{"type":"Point","coordinates":[20.471006,52.065189]},"properties":{"lines":"80","color":"#0059a9","mode":"bus","arr":["80"],"angle":-8.8,"extra":1}},{"type":"Feature","geometry":{"type":"Point","coordinates":[20.465698,52.076552]},"properties":{"lines":"80","color":"#0059a9","mode":"bus","arr":["80"],"angle":55.8}},{"type":"Feature","geometry":{"type":"Point","coordinates":[20.470374,52.066035]},"properties":{"lines":"80","color":"#0059a9","mode":"bus","arr":["80"],"angle":62.6,"extra":1}},{"type":"Feature","geometry":{"type":"Point","coordinates":[20.469009,52.067715]},"properties":{"lines":"80","color":"#0059a9","mode":"bus","arr":["80"],"angle":81.4,"extra":1}},{"type":"Feature","geometry":{"type":"Point","coordinates":[20.469765,52.069498]},"properties":{"lines":"80","color":"#0059a9","mode":"bus","arr":["80"],"angle":87.8,"extra":1}},{"type":"Feature","geometry":{"type":"Point","coordinates":[20.468858,52.071282]},"properties":{"lines":"80","color":"#0059a9","mode":"bus","arr":["80"],"angle":67.6,"extra":1}},{"type":"Feature","geometry":{"type":"Point","coordinates":[20.467721,52.073035]},"properties":{"lines":"80","color":"#0059a9","mode":"bus","arr":["80"],"angle":76.4,"extra":1}},{"type":"Feature","geometry":{"type":"Point","coordinates":[20.467137,52.074889]},"properties":{"lines":"80","color":"#0059a9","mode":"bus","arr":["80"],"angle":75.5,"extra":1}},{"type":"Feature","geometry":{"type":"Point","coordinates":[20.463983,52.078109]},"properties":{"lines":"80","color":"#0059a9","mode":"bus","arr":["80"],"angle":56.3,"extra":1}},{"type":"Feature","geometry":{"type":"Point","coordinates":[20.462277,52.079681]},"properties":{"lines":"80","color":"#0059a9","mode":"bus","arr":["80"],"angle":56.5,"extra":1}},{"type":"Feature","geometry":{"type":"Point","coordinates":[20.460556,52.081246]},"properties":{"lines":"80","color":"#0059a9","mode":"bus","arr":["80"],"angle":55.8,"extra":1}},{"type":"Feature","geometry":{"type":"Point","coordinates":[20.458768,52.082782]},"properties":{"lines":"80","color":"#0059a9","mode":"bus","arr":["80"],"angle":53.8,"extra":1}},{"type":"Feature","geometry":{"type":"Point","coordinates":[20.456967,52.084313]},"properties":{"lines":"80","color":"#0059a9","mode":"bus","arr":["80"],"angle":54.2,"extra":1}},{"type":"Feature","geometry":{"type":"Point","coordinates":[20.455145,52.085834]},"properties":{"lines":"80","color":"#0059a9","mode":"bus","arr":["80"],"angle":54.9,"extra":1}},{"type":"Feature","geometry":{"type":"Point","coordinates":[20.455211,52.086773]},"properties":{"lines":"80","color":"#0059a9","mode":"bus","arr":["80"],"angle":-28.2}},{"type":"Feature","geometry":{"type":"Point","coordinates":[20.456277,52.086774]},"properties":{"lines":"80","color":"#0059a9","mode":"bus","arr":["80"],"angle":59.7}},{"type":"Feature","geometry":{"type":"Point","coordinates":[20.458242,52.08709]},"properties":{"lines":"80","color":"#0059a9","mode":"bus","arr":["80"],"angle":-29}},{"type":"Feature","geometry":{"type":"Point","coordinates":[20.457967,52.091017]},"properties":{"lines":"80","color":"#0059a9","mode":"bus","arr":["80"],"angle":69.1}},{"type":"Feature","geometry":{"type":"Point","coordinates":[20.456588,52.093493]},"properties":{"lines":"80","color":"#0059a9","mode":"bus","arr":["80"],"angle":66.7,"extra":1}},{"type":"Feature","geometry":{"type":"Point","coordinates":[20.459668,52.088155]},"properties":{"lines":"80","color":"#0059a9","mode":"bus","arr":["80"],"angle":69.6,"extra":1}},{"type":"Feature","geometry":{"type":"Point","coordinates":[20.460086,51.987387]},"properties":{"lines":"82","color":"#0059a9","mode":"bus","arr":["82"],"angle":-38.9}},{"type":"Feature","geometry":{"type":"Point","coordinates":[20.459428,51.985187]},"properties":{"lines":"82","color":"#0059a9","mode":"bus","arr":["82"],"angle":-67}},{"type":"Feature","geometry":{"type":"Point","coordinates":[20.559843,52.001182]},"properties":{"lines":"82","color":"#0059a9","mode":"bus","arr":["82"],"angle":-34}},{"type":"Feature","geometry":{"type":"Point","coordinates":[20.586735,52.037003]},"properties":{"lines":"82","color":"#0059a9","mode":"bus","arr":["82"],"angle":-60.6}},{"type":"Feature","geometry":{"type":"Point","coordinates":[20.591487,52.045198]},"properties":{"lines":"82","color":"#0059a9","mode":"bus","arr":["82"],"angle":-55.3}},{"type":"Feature","geometry":{"type":"Point","coordinates":[20.584266,52.03604]},"properties":{"lines":"82","color":"#0059a9","mode":"bus","arr":["82"],"angle":-19.5}},{"type":"Feature","geometry":{"type":"Point","coordinates":[20.460682,51.989087]},"properties":{"lines":"82","color":"#0059a9","mode":"bus","arr":["82"],"angle":-8}},{"type":"Feature","geometry":{"type":"Point","coordinates":[20.467077,51.983503]},"properties":{"lines":"82","color":"#0059a9","mode":"bus","arr":["82"],"angle":10.6}},{"type":"Feature","geometry":{"type":"Point","coordinates":[20.47412,51.982476]},"properties":{"lines":"82","color":"#0059a9","mode":"bus","arr":["82"],"angle":16.8}},{"type":"Feature","geometry":{"type":"Point","coordinates":[20.460242,51.984264]},"properties":{"lines":"82","color":"#0059a9","mode":"bus","arr":["82"],"angle":18.4}},{"type":"Feature","geometry":{"type":"Point","coordinates":[20.477394,51.981638]},"properties":{"lines":"82","color":"#0059a9","mode":"bus","arr":["82"],"angle":24.3}},{"type":"Feature","geometry":{"type":"Point","coordinates":[20.463397,51.983899]},"properties":{"lines":"82","color":"#0059a9","mode":"bus","arr":["82"],"angle":7.2,"extra":1}},{"type":"Feature","geometry":{"type":"Point","coordinates":[20.469448,51.983224]},"properties":{"lines":"82","color":"#0059a9","mode":"bus","arr":["82"],"angle":10.9,"extra":1}},{"type":"Feature","geometry":{"type":"Point","coordinates":[20.486691,51.978748]},"properties":{"lines":"82","color":"#0059a9","mode":"bus","arr":["82"],"angle":33.3}},{"type":"Feature","geometry":{"type":"Point","coordinates":[20.500812,51.977601]},"properties":{"lines":"82","color":"#0059a9","mode":"bus","arr":["82"],"angle":22.1}},{"type":"Feature","geometry":{"type":"Point","coordinates":[20.479817,51.980961]},"properties":{"lines":"82","color":"#0059a9","mode":"bus","arr":["82"],"angle":24.2,"extra":1}},{"type":"Feature","geometry":{"type":"Point","coordinates":[20.482621,51.980185]},"properties":{"lines":"82","color":"#0059a9","mode":"bus","arr":["82"],"angle":24.3,"extra":1}},{"type":"Feature","geometry":{"type":"Point","coordinates":[20.491045,51.978274]},"properties":{"lines":"82","color":"#0059a9","mode":"bus","arr":["82"],"angle":-0.2,"extra":1}},{"type":"Feature","geometry":{"type":"Point","coordinates":[20.494114,51.978365]},"properties":{"lines":"82","color":"#0059a9","mode":"bus","arr":["82"],"angle":-4.9,"extra":1}},{"type":"Feature","geometry":{"type":"Point","coordinates":[20.50392,51.976984]},"properties":{"lines":"82","color":"#0059a9","mode":"bus","arr":["82"],"angle":0.9,"extra":1}},{"type":"Feature","geometry":{"type":"Point","coordinates":[20.498109,51.978195]},"properties":{"lines":"82","color":"#0059a9","mode":"bus","arr":["82"],"angle":18.2,"extra":1}},{"type":"Feature","geometry":{"type":"Point","coordinates":[20.50866,51.975625]},"properties":{"lines":"82","color":"#0059a9","mode":"bus","arr":["82"],"angle":32.4}},{"type":"Feature","geometry":{"type":"Point","coordinates":[20.506301,51.976491]},"properties":{"lines":"82","color":"#0059a9","mode":"bus","arr":["82"],"angle":43,"extra":1}},{"type":"Feature","geometry":{"type":"Point","coordinates":[20.5115,51.974496]},"properties":{"lines":"82","color":"#0059a9","mode":"bus","arr":["82"],"angle":18.5,"extra":1}},{"type":"Feature","geometry":{"type":"Point","coordinates":[20.513255,51.974383]},"properties":{"lines":"82","color":"#0059a9","mode":"bus","arr":["82"],"angle":4.8}},{"type":"Feature","geometry":{"type":"Point","coordinates":[20.515435,51.974175]},"properties":{"lines":"82, 83","color":"#0059a9","mode":"bus","arr":["82","83"],"angle":6.1}},{"type":"Feature","geometry":{"type":"Point","coordinates":[20.517849,51.974116]},"properties":{"lines":"82, 83","color":"#0059a9","mode":"bus","arr":["82","83"],"angle":-0.8}},{"type":"Feature","geometry":{"type":"Point","coordinates":[20.52069,51.97411]},"properties":{"lines":"82, 83","color":"#0059a9","mode":"bus","arr":["82","83"],"angle":1.9}},{"type":"Feature","geometry":{"type":"Point","coordinates":[20.522878,51.972911]},"properties":{"lines":"82","color":"#0059a9","mode":"bus","arr":["82"],"angle":88.6}},{"type":"Feature","geometry":{"type":"Point","coordinates":[20.525076,51.972724]},"properties":{"lines":"82","color":"#0059a9","mode":"bus","arr":["82"],"angle":-36.1}},{"type":"Feature","geometry":{"type":"Point","coordinates":[20.528246,51.974789]},"properties":{"lines":"82, 83","color":"#0059a9","mode":"bus","arr":["82","83"],"angle":-34.9}},{"type":"Feature","geometry":{"type":"Point","coordinates":[20.52873,51.9781]},"properties":{"lines":"82, 83","color":"#0059a9","mode":"bus","arr":["82","83"],"angle":80.3}},{"type":"Feature","geometry":{"type":"Point","coordinates":[20.527295,51.980558]},"properties":{"lines":"82, 83","color":"#0059a9","mode":"bus","arr":["82","83"],"angle":-3.6}},{"type":"Feature","geometry":{"type":"Point","coordinates":[20.529456,51.976325]},"properties":{"lines":"82, 83","color":"#0059a9","mode":"bus","arr":["82","83"],"angle":84.6,"extra":1}},{"type":"Feature","geometry":{"type":"Point","coordinates":[20.533609,51.984604]},"properties":{"lines":"82, 83","color":"#0059a9","mode":"bus","arr":["82","83"],"angle":-48.3}},{"type":"Feature","geometry":{"type":"Point","coordinates":[20.538677,51.987675]},"properties":{"lines":"82, 83","color":"#0059a9","mode":"bus","arr":["82","83"],"angle":-49.6,"extra":1}},{"type":"Feature","geometry":{"type":"Point","coordinates":[20.536603,51.986283]},"properties":{"lines":"82, 83","color":"#0059a9","mode":"bus","arr":["82","83"],"angle":-44.9,"extra":1}},{"type":"Feature","geometry":{"type":"Point","coordinates":[20.532213,51.98365]},"properties":{"lines":"82, 83","color":"#0059a9","mode":"bus","arr":["82","83"],"angle":-47.9,"extra":1}},{"type":"Feature","geometry":{"type":"Point","coordinates":[20.530175,51.982235]},"properties":{"lines":"82, 83","color":"#0059a9","mode":"bus","arr":["82","83"],"angle":-49.2,"extra":1}},{"type":"Feature","geometry":{"type":"Point","coordinates":[20.527609,51.981404]},"properties":{"lines":"82, 83","color":"#0059a9","mode":"bus","arr":["82","83"],"angle":-28.7,"extra":1}},{"type":"Feature","geometry":{"type":"Point","coordinates":[20.555057,51.998769]},"properties":{"lines":"82, 83","color":"#0059a9","mode":"bus","arr":["82","83"],"angle":-38.6}},{"type":"Feature","geometry":{"type":"Point","coordinates":[20.551757,51.996717]},"properties":{"lines":"82, 83","color":"#0059a9","mode":"bus","arr":["82","83"],"angle":-49.5,"extra":1}},{"type":"Feature","geometry":{"type":"Point","coordinates":[20.558392,52.000631]},"properties":{"lines":"82, 83","color":"#0059a9","mode":"bus","arr":["82","83"],"angle":-43.2,"extra":1}},{"type":"Feature","geometry":{"type":"Point","coordinates":[20.545182,51.992215]},"properties":{"lines":"82, 83","color":"#0059a9","mode":"bus","arr":["82","83"],"angle":-48.2}},{"type":"Feature","geometry":{"type":"Point","coordinates":[20.540705,51.989095]},"properties":{"lines":"82, 83","color":"#0059a9","mode":"bus","arr":["82","83"],"angle":-47.8,"extra":1}},{"type":"Feature","geometry":{"type":"Point","coordinates":[20.542752,51.990504]},"properties":{"lines":"82, 83","color":"#0059a9","mode":"bus","arr":["82","83"],"angle":-49.2,"extra":1}},{"type":"Feature","geometry":{"type":"Point","coordinates":[20.546818,51.993338]},"properties":{"lines":"82, 83","color":"#0059a9","mode":"bus","arr":["82","83"],"angle":-48.2,"extra":1}},{"type":"Feature","geometry":{"type":"Point","coordinates":[20.548868,51.994745]},"properties":{"lines":"82, 83","color":"#0059a9","mode":"bus","arr":["82","83"],"angle":-48.2,"extra":1}},{"type":"Feature","geometry":{"type":"Point","coordinates":[20.557503,52.002974]},"properties":{"lines":"82","color":"#0059a9","mode":"bus","arr":["82"],"angle":50.9}},{"type":"Feature","geometry":{"type":"Point","coordinates":[20.55884,52.001905]},"properties":{"lines":"82","color":"#0059a9","mode":"bus","arr":["82"],"angle":64.6,"extra":1}},{"type":"Feature","geometry":{"type":"Point","coordinates":[20.562571,52.016745]},"properties":{"lines":"82","color":"#0059a9","mode":"bus","arr":["82"],"angle":-65.9}},{"type":"Feature","geometry":{"type":"Point","coordinates":[20.570128,52.02806]},"properties":{"lines":"82","color":"#0059a9","mode":"bus","arr":["82"],"angle":-67.7,"extra":1}},{"type":"Feature","geometry":{"type":"Point","coordinates":[20.568963,52.026312]},"properties":{"lines":"82","color":"#0059a9","mode":"bus","arr":["82"],"angle":-67.7,"extra":1}},{"type":"Feature","geometry":{"type":"Point","coordinates":[20.567795,52.024565]},"properties":{"lines":"82","color":"#0059a9","mode":"bus","arr":["82"],"angle":-67.7,"extra":1}},{"type":"Feature","geometry":{"type":"Point","coordinates":[20.56664,52.022815]},"properties":{"lines":"82","color":"#0059a9","mode":"bus","arr":["82"],"angle":-68.1,"extra":1}},{"type":"Feature","geometry":{"type":"Point","coordinates":[20.565492,52.021063]},"properties":{"lines":"82","color":"#0059a9","mode":"bus","arr":["82"],"angle":-68.1,"extra":1}},{"type":"Feature","geometry":{"type":"Point","coordinates":[20.564345,52.019311]},"properties":{"lines":"82","color":"#0059a9","mode":"bus","arr":["82"],"angle":-68.1,"extra":1}},{"type":"Feature","geometry":{"type":"Point","coordinates":[20.561405,52.013973]},"properties":{"lines":"82","color":"#0059a9","mode":"bus","arr":["82"],"angle":-77.7,"extra":1}},{"type":"Feature","geometry":{"type":"Point","coordinates":[20.560556,52.012159]},"properties":{"lines":"82","color":"#0059a9","mode":"bus","arr":["82"],"angle":-72.2,"extra":1}},{"type":"Feature","geometry":{"type":"Point","coordinates":[20.559447,52.010398]},"properties":{"lines":"82","color":"#0059a9","mode":"bus","arr":["82"],"angle":-66.6,"extra":1}},{"type":"Feature","geometry":{"type":"Point","coordinates":[20.558234,52.008663]},"properties":{"lines":"82","color":"#0059a9","mode":"bus","arr":["82"],"angle":-66.9,"extra":1}},{"type":"Feature","geometry":{"type":"Point","coordinates":[20.557048,52.00692]},"properties":{"lines":"82","color":"#0059a9","mode":"bus","arr":["82"],"angle":-67.9,"extra":1}},{"type":"Feature","geometry":{"type":"Point","coordinates":[20.555898,52.005169]},"properties":{"lines":"82","color":"#0059a9","mode":"bus","arr":["82"],"angle":-70.7,"extra":1}},{"type":"Feature","geometry":{"type":"Point","coordinates":[20.572355,52.031406]},"properties":{"lines":"82","color":"#0059a9","mode":"bus","arr":["82"],"angle":-66.9}},{"type":"Feature","geometry":{"type":"Point","coordinates":[20.571286,52.029809]},"properties":{"lines":"82","color":"#0059a9","mode":"bus","arr":["82"],"angle":-68,"extra":1}},{"type":"Feature","geometry":{"type":"Point","coordinates":[20.573945,52.033201]},"properties":{"lines":"82","color":"#0059a9","mode":"bus","arr":["82"],"angle":-51.2,"extra":1}},{"type":"Feature","geometry":{"type":"Point","coordinates":[20.585613,52.036321]},"properties":{"lines":"82","color":"#0059a9","mode":"bus","arr":["82"],"angle":-39.3}},{"type":"Feature","geometry":{"type":"Point","coordinates":[20.590405,52.043031]},"properties":{"lines":"82","color":"#0059a9","mode":"bus","arr":["82"],"angle":23}},{"type":"Feature","geometry":{"type":"Point","coordinates":[20.59103,52.044387]},"properties":{"lines":"82","color":"#0059a9","mode":"bus","arr":["82"],"angle":-77}},{"type":"Feature","geometry":{"type":"Point","coordinates":[20.575791,52.034271]},"properties":{"lines":"82","color":"#0059a9","mode":"bus","arr":["82"],"angle":-35.3,"extra":1}},{"type":"Feature","geometry":{"type":"Point","coordinates":[20.578558,52.035071]},"properties":{"lines":"82","color":"#0059a9","mode":"bus","arr":["82"],"angle":-15.6,"extra":1}},{"type":"Feature","geometry":{"type":"Point","coordinates":[20.581559,52.035482]},"properties":{"lines":"82","color":"#0059a9","mode":"bus","arr":["82"],"angle":-11.7,"extra":1}},{"type":"Feature","geometry":{"type":"Point","coordinates":[20.587912,52.038933]},"properties":{"lines":"82","color":"#0059a9","mode":"bus","arr":["82"],"angle":-69.5,"extra":1}},{"type":"Feature","geometry":{"type":"Point","coordinates":[20.588985,52.040703]},"properties":{"lines":"82","color":"#0059a9","mode":"bus","arr":["82"],"angle":-69.8,"extra":1}},{"type":"Feature","geometry":{"type":"Point","coordinates":[20.592128,52.045563]},"properties":{"lines":"82","color":"#0059a9","mode":"bus","arr":["82"],"angle":-48}},{"type":"Feature","geometry":{"type":"Point","coordinates":[20.591897,52.047095]},"properties":{"lines":"82","color":"#0059a9","mode":"bus","arr":["82"],"angle":54.6}},{"type":"Feature","geometry":{"type":"Point","coordinates":[20.591982,52.048788]},"properties":{"lines":"82","color":"#0059a9","mode":"bus","arr":["82"],"angle":-48.3}},{"type":"Feature","geometry":{"type":"Point","coordinates":[20.591423,52.050048]},"properties":{"lines":"82","color":"#0059a9","mode":"bus","arr":["82"],"angle":61.5}},{"type":"Feature","geometry":{"type":"Point","coordinates":[20.591539,52.050785]},"properties":{"lines":"82","color":"#0059a9","mode":"bus","arr":["82"],"angle":-34.6}},{"type":"Feature","geometry":{"type":"Point","coordinates":[20.591131,52.052572]},"properties":{"lines":"82","color":"#0059a9","mode":"bus","arr":["82"],"angle":71.4}},{"type":"Feature","geometry":{"type":"Point","coordinates":[20.590511,52.053704]},"properties":{"lines":"82","color":"#0059a9","mode":"bus","arr":["82"],"angle":71.4,"extra":1}},{"type":"Feature","geometry":{"type":"Point","coordinates":[20.619764,52.103062]},"properties":{"lines":"82","color":"#0059a9","mode":"bus","arr":["82"],"angle":-54.6}},{"type":"Feature","geometry":{"type":"Point","coordinates":[20.470195,51.985561]},"properties":{"lines":"82","color":"#0059a9","mode":"bus","arr":["82"],"angle":63.7}},{"type":"Feature","geometry":{"type":"Point","coordinates":[20.471659,51.983772]},"properties":{"lines":"82","color":"#0059a9","mode":"bus","arr":["82"],"angle":61.1,"extra":1}},{"type":"Feature","geometry":{"type":"Point","coordinates":[20.468903,51.987148]},"properties":{"lines":"82","color":"#0059a9","mode":"bus","arr":["82"],"angle":63.3,"extra":1}},{"type":"Feature","geometry":{"type":"Point","coordinates":[20.466437,51.989779]},"properties":{"lines":"82","color":"#0059a9","mode":"bus","arr":["82"],"angle":38}},{"type":"Feature","geometry":{"type":"Point","coordinates":[20.462551,51.989907]},"properties":{"lines":"82","color":"#0059a9","mode":"bus","arr":["82"],"angle":-56.3}},{"type":"Feature","geometry":{"type":"Point","coordinates":[20.783858,52.077302]},"properties":{"lines":"83","color":"#0059a9","mode":"bus","arr":["83"],"angle":-34.8}},{"type":"Feature","geometry":{"type":"Point","coordinates":[20.83846,52.10679]},"properties":{"lines":"83","color":"#0059a9","mode":"bus","arr":["83"],"angle":-33.7,"extra":1}},{"type":"Feature","geometry":{"type":"Point","coordinates":[20.835897,52.105746]},"properties":{"lines":"83","color":"#0059a9","mode":"bus","arr":["83"],"angle":-33.4,"extra":1}},{"type":"Feature","geometry":{"type":"Point","coordinates":[20.833331,52.104706]},"properties":{"lines":"83","color":"#0059a9","mode":"bus","arr":["83"],"angle":-33.5,"extra":1}},{"type":"Feature","geometry":{"type":"Point","coordinates":[20.830761,52.103669]},"properties":{"lines":"83","color":"#0059a9","mode":"bus","arr":["83"],"angle":-33.9,"extra":1}},{"type":"Feature","geometry":{"type":"Point","coordinates":[20.828197,52.102626]},"properties":{"lines":"83","color":"#0059a9","mode":"bus","arr":["83"],"angle":-33.4,"extra":1}},{"type":"Feature","geometry":{"type":"Point","coordinates":[20.825629,52.101587]},"properties":{"lines":"83","color":"#0059a9","mode":"bus","arr":["83"],"angle":-33.3,"extra":1}},{"type":"Feature","geometry":{"type":"Point","coordinates":[20.823058,52.100551]},"properties":{"lines":"83","color":"#0059a9","mode":"bus","arr":["83"],"angle":-33.3,"extra":1}},{"type":"Feature","geometry":{"type":"Point","coordinates":[20.820487,52.099515]},"properties":{"lines":"83","color":"#0059a9","mode":"bus","arr":["83"],"angle":-33.3,"extra":1}},{"type":"Feature","geometry":{"type":"Point","coordinates":[20.817916,52.098479]},"properties":{"lines":"83","color":"#0059a9","mode":"bus","arr":["83"],"angle":-33.4,"extra":1}},{"type":"Feature","geometry":{"type":"Point","coordinates":[20.815458,52.097347]},"properties":{"lines":"83","color":"#0059a9","mode":"bus","arr":["83"],"angle":-42.6,"extra":1}},{"type":"Feature","geometry":{"type":"Point","coordinates":[20.813496,52.095901]},"properties":{"lines":"83","color":"#0059a9","mode":"bus","arr":["83"],"angle":-57.7,"extra":1}},{"type":"Feature","geometry":{"type":"Point","coordinates":[20.812244,52.094181]},"properties":{"lines":"83","color":"#0059a9","mode":"bus","arr":["83"],"angle":-72.3,"extra":1}},{"type":"Feature","geometry":{"type":"Point","coordinates":[20.811436,52.09236]},"properties":{"lines":"83","color":"#0059a9","mode":"bus","arr":["83"],"angle":-75.3,"extra":1}},{"type":"Feature","geometry":{"type":"Point","coordinates":[20.810665,52.090531]},"properties":{"lines":"83","color":"#0059a9","mode":"bus","arr":["83"],"angle":-75.3,"extra":1}},{"type":"Feature","geometry":{"type":"Point","coordinates":[20.809761,52.088728]},"properties":{"lines":"83","color":"#0059a9","mode":"bus","arr":["83"],"angle":-69.2,"extra":1}},{"type":"Feature","geometry":{"type":"Point","coordinates":[20.808366,52.08705]},"properties":{"lines":"83","color":"#0059a9","mode":"bus","arr":["83"],"angle":-55.2,"extra":1}},{"type":"Feature","geometry":{"type":"Point","coordinates":[20.80627,52.085677]},"properties":{"lines":"83","color":"#0059a9","mode":"bus","arr":["83"],"angle":-38.8,"extra":1}},{"type":"Feature","geometry":{"type":"Point","coordinates":[20.803632,52.084717]},"properties":{"lines":"83","color":"#0059a9","mode":"bus","arr":["83"],"angle":-23.9,"extra":1}},{"type":"Feature","geometry":{"type":"Point","coordinates":[20.80074,52.084078]},"properties":{"lines":"83","color":"#0059a9","mode":"bus","arr":["83"],"angle":-17.7,"extra":1}},{"type":"Feature","geometry":{"type":"Point","coordinates":[20.797805,52.083514]},"properties":{"lines":"83","color":"#0059a9","mode":"bus","arr":["83"],"angle":-16.5,"extra":1}},{"type":"Feature","geometry":{"type":"Point","coordinates":[20.7949,52.082897]},"properties":{"lines":"83","color":"#0059a9","mode":"bus","arr":["83"],"angle":-22.2,"extra":1}},{"type":"Feature","geometry":{"type":"Point","coordinates":[20.792149,52.082058]},"properties":{"lines":"83","color":"#0059a9","mode":"bus","arr":["83"],"angle":-31.5,"extra":1}},{"type":"Feature","geometry":{"type":"Point","coordinates":[20.789672,52.080942]},"properties":{"lines":"83","color":"#0059a9","mode":"bus","arr":["83"],"angle":-40.4,"extra":1}},{"type":"Feature","geometry":{"type":"Point","coordinates":[20.787501,52.079607]},"properties":{"lines":"83","color":"#0059a9","mode":"bus","arr":["83"],"angle":-47.2,"extra":1}},{"type":"Feature","geometry":{"type":"Point","coordinates":[20.785326,52.078274]},"properties":{"lines":"83","color":"#0059a9","mode":"bus","arr":["83"],"angle":-41.3,"extra":1}},{"type":"Feature","geometry":{"type":"Point","coordinates":[20.780142,52.076265]},"properties":{"lines":"83","color":"#0059a9","mode":"bus","arr":["83"],"angle":-24.9,"extra":1}},{"type":"Feature","geometry":{"type":"Point","coordinates":[20.722947,52.053551]},"properties":{"lines":"83","color":"#0059a9","mode":"bus","arr":["83"],"angle":-37.6,"extra":1}},{"type":"Feature","geometry":{"type":"Point","coordinates":[20.725377,52.054709]},"properties":{"lines":"83","color":"#0059a9","mode":"bus","arr":["83"],"angle":-37.8,"extra":1}},{"type":"Feature","geometry":{"type":"Point","coordinates":[20.7278,52.055872]},"properties":{"lines":"83","color":"#0059a9","mode":"bus","arr":["83"],"angle":-38.2,"extra":1}},{"type":"Feature","geometry":{"type":"Point","coordinates":[20.730216,52.05704]},"properties":{"lines":"83","color":"#0059a9","mode":"bus","arr":["83"],"angle":-38.4,"extra":1}},{"type":"Feature","geometry":{"type":"Point","coordinates":[20.732625,52.058214]},"properties":{"lines":"83","color":"#0059a9","mode":"bus","arr":["83"],"angle":-38.4,"extra":1}},{"type":"Feature","geometry":{"type":"Point","coordinates":[20.735038,52.059384]},"properties":{"lines":"83","color":"#0059a9","mode":"bus","arr":["83"],"angle":-38.5,"extra":1}},{"type":"Feature","geometry":{"type":"Point","coordinates":[20.737448,52.060557]},"properties":{"lines":"83","color":"#0059a9","mode":"bus","arr":["83"],"angle":-38.3,"extra":1}},{"type":"Feature","geometry":{"type":"Point","coordinates":[20.739856,52.061732]},"properties":{"lines":"83","color":"#0059a9","mode":"bus","arr":["83"],"angle":-38.5,"extra":1}},{"type":"Feature","geometry":{"type":"Point","coordinates":[20.742263,52.062908]},"properties":{"lines":"83","color":"#0059a9","mode":"bus","arr":["83"],"angle":-38.5,"extra":1}},{"type":"Feature","geometry":{"type":"Point","coordinates":[20.744678,52.064077]},"properties":{"lines":"83","color":"#0059a9","mode":"bus","arr":["83"],"angle":-38,"extra":1}},{"type":"Feature","geometry":{"type":"Point","coordinates":[20.747094,52.065245]},"properties":{"lines":"83","color":"#0059a9","mode":"bus","arr":["83"],"angle":-38,"extra":1}},{"type":"Feature","geometry":{"type":"Point","coordinates":[20.749507,52.066415]},"properties":{"lines":"83","color":"#0059a9","mode":"bus","arr":["83"],"angle":-38.9,"extra":1}},{"type":"Feature","geometry":{"type":"Point","coordinates":[20.75193,52.067578]},"properties":{"lines":"83","color":"#0059a9","mode":"bus","arr":["83"],"angle":-38.3,"extra":1}},{"type":"Feature","geometry":{"type":"Point","coordinates":[20.754383,52.068716]},"properties":{"lines":"83","color":"#0059a9","mode":"bus","arr":["83"],"angle":-34,"extra":1}},{"type":"Feature","geometry":{"type":"Point","coordinates":[20.757048,52.069654]},"properties":{"lines":"83","color":"#0059a9","mode":"bus","arr":["83"],"angle":-26.5,"extra":1}},{"type":"Feature","geometry":{"type":"Point","coordinates":[20.759836,52.07045]},"properties":{"lines":"83","color":"#0059a9","mode":"bus","arr":["83"],"angle":-23.8,"extra":1}},{"type":"Feature","geometry":{"type":"Point","coordinates":[20.762644,52.07122]},"properties":{"lines":"83","color":"#0059a9","mode":"bus","arr":["83"],"angle":-24.3,"extra":1}},{"type":"Feature","geometry":{"type":"Point","coordinates":[20.765448,52.071995]},"properties":{"lines":"83","color":"#0059a9","mode":"bus","arr":["83"],"angle":-24.2,"extra":1}},{"type":"Feature","geometry":{"type":"Point","coordinates":[20.768251,52.072772]},"properties":{"lines":"83","color":"#0059a9","mode":"bus","arr":["83"],"angle":-24.3,"extra":1}},{"type":"Feature","geometry":{"type":"Point","coordinates":[20.771058,52.073544]},"properties":{"lines":"83","color":"#0059a9","mode":"bus","arr":["83"],"angle":-24.1,"extra":1}},{"type":"Feature","geometry":{"type":"Point","coordinates":[20.77386,52.074322]},"properties":{"lines":"83","color":"#0059a9","mode":"bus","arr":["83"],"angle":-24.5,"extra":1}},{"type":"Feature","geometry":{"type":"Point","coordinates":[20.776663,52.075098]},"properties":{"lines":"83","color":"#0059a9","mode":"bus","arr":["83"],"angle":-24.3,"extra":1}},{"type":"Feature","geometry":{"type":"Point","coordinates":[20.775585,52.075136]},"properties":{"lines":"83","color":"#0059a9","mode":"bus","arr":["83"],"angle":-22.6}},{"type":"Feature","geometry":{"type":"Point","coordinates":[20.773554,52.074553]},"properties":{"lines":"83","color":"#0059a9","mode":"bus","arr":["83"],"angle":-34.5,"extra":1}},{"type":"Feature","geometry":{"type":"Point","coordinates":[20.587679,52.00332]},"properties":{"lines":"83","color":"#0059a9","mode":"bus","arr":["83"],"angle":77.3}},{"type":"Feature","geometry":{"type":"Point","coordinates":[20.606356,52.009333]},"properties":{"lines":"83","color":"#0059a9","mode":"bus","arr":["83"],"angle":-31.9,"extra":1}},{"type":"Feature","geometry":{"type":"Point","coordinates":[20.603775,52.008306]},"properties":{"lines":"83","color":"#0059a9","mode":"bus","arr":["83"],"angle":-34.5,"extra":1}},{"type":"Feature","geometry":{"type":"Point","coordinates":[20.601248,52.00723]},"properties":{"lines":"83","color":"#0059a9","mode":"bus","arr":["83"],"angle":-29.3,"extra":1}},{"type":"Feature","geometry":{"type":"Point","coordinates":[20.598397,52.006526]},"properties":{"lines":"83","color":"#0059a9","mode":"bus","arr":["83"],"angle":-20.9,"extra":1}},{"type":"Feature","geometry":{"type":"Point","coordinates":[20.595527,52.005849]},"properties":{"lines":"83","color":"#0059a9","mode":"bus","arr":["83"],"angle":-21.2,"extra":1}},{"type":"Feature","geometry":{"type":"Point","coordinates":[20.594964,52.00454]},"properties":{"lines":"83","color":"#0059a9","mode":"bus","arr":["83"],"angle":68.6,"extra":1}},{"type":"Feature","geometry":{"type":"Point","coordinates":[20.595406,52.002798]},"properties":{"lines":"83","color":"#0059a9","mode":"bus","arr":["83"],"angle":-39.2,"extra":1}},{"type":"Feature","geometry":{"type":"Point","coordinates":[20.59241,52.002431]},"properties":{"lines":"83","color":"#0059a9","mode":"bus","arr":["83"],"angle":-10.3,"extra":1}},{"type":"Feature","geometry":{"type":"Point","coordinates":[20.589384,52.002094]},"properties":{"lines":"83","color":"#0059a9","mode":"bus","arr":["83"],"angle":-9.9,"extra":1}},{"type":"Feature","geometry":{"type":"Point","coordinates":[20.585339,52.003892]},"properties":{"lines":"83","color":"#0059a9","mode":"bus","arr":["83"],"angle":-0.5,"extra":1}},{"type":"Feature","geometry":{"type":"Point","coordinates":[20.582267,52.003838]},"properties":{"lines":"83","color":"#0059a9","mode":"bus","arr":["83"],"angle":-3.7,"extra":1}},{"type":"Feature","geometry":{"type":"Point","coordinates":[20.579195,52.003751]},"properties":{"lines":"83","color":"#0059a9","mode":"bus","arr":["83"],"angle":-2.4,"extra":1}},{"type":"Feature","geometry":{"type":"Point","coordinates":[20.576122,52.003681]},"properties":{"lines":"83","color":"#0059a9","mode":"bus","arr":["83"],"angle":-1.9,"extra":1}},{"type":"Feature","geometry":{"type":"Point","coordinates":[20.573052,52.003669]},"properties":{"lines":"83","color":"#0059a9","mode":"bus","arr":["83"],"angle":-2.2,"extra":1}},{"type":"Feature","geometry":{"type":"Point","coordinates":[20.569981,52.003573]},"properties":{"lines":"83","color":"#0059a9","mode":"bus","arr":["83"],"angle":-3,"extra":1}},{"type":"Feature","geometry":{"type":"Point","coordinates":[20.566925,52.003387]},"properties":{"lines":"83","color":"#0059a9","mode":"bus","arr":["83"],"angle":-10.9,"extra":1}},{"type":"Feature","geometry":{"type":"Point","coordinates":[20.56399,52.002837]},"properties":{"lines":"83","color":"#0059a9","mode":"bus","arr":["83"],"angle":-22.7,"extra":1}},{"type":"Feature","geometry":{"type":"Point","coordinates":[20.561309,52.001919]},"properties":{"lines":"83","color":"#0059a9","mode":"bus","arr":["83"],"angle":-35.1,"extra":1}},{"type":"Feature","geometry":{"type":"Point","coordinates":[20.72089,52.051506]},"properties":{"lines":"83","color":"#0059a9","mode":"bus","arr":["83"],"angle":62.4}},{"type":"Feature","geometry":{"type":"Point","coordinates":[20.775137,52.073028]},"properties":{"lines":"83","color":"#0059a9","mode":"bus","arr":["83"],"angle":40.5}},{"type":"Feature","geometry":{"type":"Point","coordinates":[20.776284,52.071873]},"properties":{"lines":"83","color":"#0059a9","mode":"bus","arr":["83"],"angle":68.3,"extra":1}},{"type":"Feature","geometry":{"type":"Point","coordinates":[20.759051,52.070059]},"properties":{"lines":"83","color":"#0059a9","mode":"bus","arr":["83"],"angle":-24.2}},{"type":"Feature","geometry":{"type":"Point","coordinates":[20.774863,52.071568]},"properties":{"lines":"83","color":"#0059a9","mode":"bus","arr":["83"],"angle":6.8,"extra":1}},{"type":"Feature","geometry":{"type":"Point","coordinates":[20.771882,52.071561]},"properties":{"lines":"83","color":"#0059a9","mode":"bus","arr":["83"],"angle":-13.7,"extra":1}},{"type":"Feature","geometry":{"type":"Point","coordinates":[20.768894,52.071114]},"properties":{"lines":"83","color":"#0059a9","mode":"bus","arr":["83"],"angle":-12.2,"extra":1}},{"type":"Feature","geometry":{"type":"Point","coordinates":[20.766411,52.071924]},"properties":{"lines":"83","color":"#0059a9","mode":"bus","arr":["83"],"angle":9.5,"extra":1}},{"type":"Feature","geometry":{"type":"Point","coordinates":[20.763551,52.071284]},"properties":{"lines":"83","color":"#0059a9","mode":"bus","arr":["83"],"angle":-23.7,"extra":1}},{"type":"Feature","geometry":{"type":"Point","coordinates":[20.755245,52.068829]},"properties":{"lines":"83","color":"#0059a9","mode":"bus","arr":["83"],"angle":-31.8,"extra":1}},{"type":"Feature","geometry":{"type":"Point","coordinates":[20.752751,52.067727]},"properties":{"lines":"83","color":"#0059a9","mode":"bus","arr":["83"],"angle":-37.6,"extra":1}},{"type":"Feature","geometry":{"type":"Point","coordinates":[20.750324,52.066567]},"properties":{"lines":"83","color":"#0059a9","mode":"bus","arr":["83"],"angle":-38.1,"extra":1}},{"type":"Feature","geometry":{"type":"Point","coordinates":[20.747906,52.065401]},"properties":{"lines":"83","color":"#0059a9","mode":"bus","arr":["83"],"angle":-38.1,"extra":1}},{"type":"Feature","geometry":{"type":"Point","coordinates":[20.745483,52.064237]},"properties":{"lines":"83","color":"#0059a9","mode":"bus","arr":["83"],"angle":-37.9,"extra":1}},{"type":"Feature","geometry":{"type":"Point","coordinates":[20.650268,52.023855]},"properties":{"lines":"83","color":"#0059a9","mode":"bus","arr":["83"],"angle":-16.8}},{"type":"Feature","geometry":{"type":"Point","coordinates":[20.639734,52.021887]},"properties":{"lines":"83","color":"#0059a9","mode":"bus","arr":["83"],"angle":-16.4,"extra":1}},{"type":"Feature","geometry":{"type":"Point","coordinates":[20.642671,52.022448]},"properties":{"lines":"83","color":"#0059a9","mode":"bus","arr":["83"],"angle":-17,"extra":1}},{"type":"Feature","geometry":{"type":"Point","coordinates":[20.645628,52.022962]},"properties":{"lines":"83","color":"#0059a9","mode":"bus","arr":["83"],"angle":-18,"extra":1}},{"type":"Feature","geometry":{"type":"Point","coordinates":[20.654434,52.024652]},"properties":{"lines":"83","color":"#0059a9","mode":"bus","arr":["83"],"angle":-17.8,"extra":1}},{"type":"Feature","geometry":{"type":"Point","coordinates":[20.65732,52.025297]},"properties":{"lines":"83","color":"#0059a9","mode":"bus","arr":["83"],"angle":-18.6,"extra":1}},{"type":"Feature","geometry":{"type":"Point","coordinates":[20.658616,52.026736]},"properties":{"lines":"83","color":"#0059a9","mode":"bus","arr":["83"],"angle":-66.5,"extra":1}},{"type":"Feature","geometry":{"type":"Point","coordinates":[20.634205,52.020206]},"properties":{"lines":"83","color":"#0059a9","mode":"bus","arr":["83"],"angle":-33.4}},{"type":"Feature","geometry":{"type":"Point","coordinates":[20.636885,52.02119]},"properties":{"lines":"83","color":"#0059a9","mode":"bus","arr":["83"],"angle":-27.5,"extra":1}},{"type":"Feature","geometry":{"type":"Point","coordinates":[20.631656,52.019205]},"properties":{"lines":"83","color":"#0059a9","mode":"bus","arr":["83"],"angle":-30.3,"extra":1}},{"type":"Feature","geometry":{"type":"Point","coordinates":[20.712565,52.048234]},"properties":{"lines":"83","color":"#0059a9","mode":"bus","arr":["83"],"angle":-40.8}},{"type":"Feature","geometry":{"type":"Point","coordinates":[20.610024,52.010917]},"properties":{"lines":"83","color":"#0059a9","mode":"bus","arr":["83"],"angle":-38}},{"type":"Feature","geometry":{"type":"Point","coordinates":[20.705697,52.044789]},"properties":{"lines":"83","color":"#0059a9","mode":"bus","arr":["83"],"angle":-37.9,"extra":1}},{"type":"Feature","geometry":{"type":"Point","coordinates":[20.708015,52.046029]},"properties":{"lines":"83","color":"#0059a9","mode":"bus","arr":["83"],"angle":-39.1,"extra":1}},{"type":"Feature","geometry":{"type":"Point","coordinates":[20.71041,52.047213]},"properties":{"lines":"83","color":"#0059a9","mode":"bus","arr":["83"],"angle":-38.7,"extra":1}},{"type":"Feature","geometry":{"type":"Point","coordinates":[20.715359,52.049317]},"properties":{"lines":"83","color":"#0059a9","mode":"bus","arr":["83"],"angle":14.8,"extra":1}},{"type":"Feature","geometry":{"type":"Point","coordinates":[20.718181,52.04862]},"properties":{"lines":"83","color":"#0059a9","mode":"bus","arr":["83"],"angle":-8.9,"extra":1}},{"type":"Feature","geometry":{"type":"Point","coordinates":[20.720766,52.048967]},"properties":{"lines":"83","color":"#0059a9","mode":"bus","arr":["83"],"angle":40.9,"extra":1}},{"type":"Feature","geometry":{"type":"Point","coordinates":[20.524954,51.973987]},"properties":{"lines":"83","color":"#0059a9","mode":"bus","arr":["83"],"angle":2.1}},{"type":"Feature","geometry":{"type":"Point","coordinates":[20.699903,52.040517]},"properties":{"lines":"83","color":"#0059a9","mode":"bus","arr":["83"],"angle":-56.9}},{"type":"Feature","geometry":{"type":"Point","coordinates":[20.696548,52.037724]},"properties":{"lines":"83","color":"#0059a9","mode":"bus","arr":["83"],"angle":-49.1,"extra":1}},{"type":"Feature","geometry":{"type":"Point","coordinates":[20.698385,52.039237]},"properties":{"lines":"83","color":"#0059a9","mode":"bus","arr":["83"],"angle":-55.3,"extra":1}},{"type":"Feature","geometry":{"type":"Point","coordinates":[20.701862,52.04235]},"properties":{"lines":"83","color":"#0059a9","mode":"bus","arr":["83"],"angle":-56.1,"extra":1}},{"type":"Feature","geometry":{"type":"Point","coordinates":[20.703781,52.043817]},"properties":{"lines":"83","color":"#0059a9","mode":"bus","arr":["83"],"angle":-45.2,"extra":1}},{"type":"Feature","geometry":{"type":"Point","coordinates":[20.720991,52.049784]},"properties":{"lines":"83","color":"#0059a9","mode":"bus","arr":["83"],"angle":80.6}},{"type":"Feature","geometry":{"type":"Point","coordinates":[20.609701,52.140651]},"properties":{"lines":"92, 93","color":"#0059a9","mode":"bus","arr":["92","93"],"angle":82.1}},{"type":"Feature","geometry":{"type":"Point","coordinates":[20.611445,52.131127]},"properties":{"lines":"92, 93","color":"#0059a9","mode":"bus","arr":["92","93"],"angle":80.9}},{"type":"Feature","geometry":{"type":"Point","coordinates":[20.609528,52.148061]},"properties":{"lines":"92, 93","color":"#0059a9","mode":"bus","arr":["92","93"],"angle":-80.8}},{"type":"Feature","geometry":{"type":"Point","coordinates":[20.609493,52.144992]},"properties":{"lines":"92, 93","color":"#0059a9","mode":"bus","arr":["92","93"],"angle":87.3,"extra":1}},{"type":"Feature","geometry":{"type":"Point","coordinates":[20.609635,52.143105]},"properties":{"lines":"92, 93","color":"#0059a9","mode":"bus","arr":["92","93"],"angle":87.1,"extra":1}},{"type":"Feature","geometry":{"type":"Point","coordinates":[20.609867,52.139352]},"properties":{"lines":"92, 93","color":"#0059a9","mode":"bus","arr":["92","93"],"angle":86.9,"extra":1}},{"type":"Feature","geometry":{"type":"Point","coordinates":[20.610043,52.137467]},"properties":{"lines":"92, 93","color":"#0059a9","mode":"bus","arr":["92","93"],"angle":86.7,"extra":1}},{"type":"Feature","geometry":{"type":"Point","coordinates":[20.610177,52.135581]},"properties":{"lines":"92, 93","color":"#0059a9","mode":"bus","arr":["92","93"],"angle":-86.9,"extra":1}},{"type":"Feature","geometry":{"type":"Point","coordinates":[20.610615,52.134158]},"properties":{"lines":"92, 93","color":"#0059a9","mode":"bus","arr":["92","93"],"angle":77.5,"extra":1}},{"type":"Feature","geometry":{"type":"Point","coordinates":[20.611142,52.132298]},"properties":{"lines":"92, 93","color":"#0059a9","mode":"bus","arr":["92","93"],"angle":81,"extra":1}},{"type":"Feature","geometry":{"type":"Point","coordinates":[20.61212,52.128569]},"properties":{"lines":"92, 93","color":"#0059a9","mode":"bus","arr":["92","93"],"angle":80.8,"extra":1}},{"type":"Feature","geometry":{"type":"Point","coordinates":[20.611988,52.1911]},"properties":{"lines":"92, 93","color":"#0059a9","mode":"bus","arr":["92","93"],"angle":-89.1}},{"type":"Feature","geometry":{"type":"Point","coordinates":[20.611933,52.189843]},"properties":{"lines":"92, 93","color":"#0059a9","mode":"bus","arr":["92","93"],"angle":-88.2,"extra":1}},{"type":"Feature","geometry":{"type":"Point","coordinates":[20.606331,52.207061]},"properties":{"lines":"92, 93","color":"#0059a9","mode":"bus","arr":["92","93"],"angle":-83.3}},{"type":"Feature","geometry":{"type":"Point","coordinates":[20.607221,52.21077]},"properties":{"lines":"92, 93","color":"#0059a9","mode":"bus","arr":["92","93"],"angle":-80.7,"extra":1}},{"type":"Feature","geometry":{"type":"Point","coordinates":[20.606734,52.208905]},"properties":{"lines":"92, 93","color":"#0059a9","mode":"bus","arr":["92","93"],"angle":-82,"extra":1}},{"type":"Feature","geometry":{"type":"Point","coordinates":[20.606095,52.205151]},"properties":{"lines":"92, 93","color":"#0059a9","mode":"bus","arr":["92","93"],"angle":-86.1,"extra":1}},{"type":"Feature","geometry":{"type":"Point","coordinates":[20.605884,52.203266]},"properties":{"lines":"92, 93","color":"#0059a9","mode":"bus","arr":["92","93"],"angle":-86.1,"extra":1}},{"type":"Feature","geometry":{"type":"Point","coordinates":[20.459559,52.269808]},"properties":{"lines":"92","color":"#0059a9","mode":"bus","arr":["92"],"angle":-78.4}},{"type":"Feature","geometry":{"type":"Point","coordinates":[20.45136,52.272061]},"properties":{"lines":"92","color":"#0059a9","mode":"bus","arr":["92"],"angle":5}},{"type":"Feature","geometry":{"type":"Point","coordinates":[20.458555,52.271409]},"properties":{"lines":"92","color":"#0059a9","mode":"bus","arr":["92"],"angle":18.4,"extra":1}},{"type":"Feature","geometry":{"type":"Point","coordinates":[20.455578,52.271833]},"properties":{"lines":"92","color":"#0059a9","mode":"bus","arr":["92"],"angle":3.9,"extra":1}},{"type":"Feature","geometry":{"type":"Point","coordinates":[20.449452,52.272166]},"properties":{"lines":"92","color":"#0059a9","mode":"bus","arr":["92"],"angle":5.1,"extra":1}},{"type":"Feature","geometry":{"type":"Point","coordinates":[20.446389,52.272334]},"properties":{"lines":"92","color":"#0059a9","mode":"bus","arr":["92"],"angle":5.1,"extra":1}},{"type":"Feature","geometry":{"type":"Point","coordinates":[20.443328,52.272513]},"properties":{"lines":"92","color":"#0059a9","mode":"bus","arr":["92"],"angle":5.6,"extra":1}},{"type":"Feature","geometry":{"type":"Point","coordinates":[20.444913,52.279683]},"properties":{"lines":"92","color":"#0059a9","mode":"bus","arr":["92"],"angle":-78.7}},{"type":"Feature","geometry":{"type":"Point","coordinates":[20.442861,52.273485]},"properties":{"lines":"92","color":"#0059a9","mode":"bus","arr":["92"],"angle":-78.3,"extra":1}},{"type":"Feature","geometry":{"type":"Point","coordinates":[20.443486,52.275334]},"properties":{"lines":"92","color":"#0059a9","mode":"bus","arr":["92"],"angle":-78.2,"extra":1}},{"type":"Feature","geometry":{"type":"Point","coordinates":[20.444101,52.277184]},"properties":{"lines":"92","color":"#0059a9","mode":"bus","arr":["92"],"angle":-78.7,"extra":1}},{"type":"Feature","geometry":{"type":"Point","coordinates":[20.445306,52.280888]},"properties":{"lines":"92","color":"#0059a9","mode":"bus","arr":["92"],"angle":-78.7,"extra":1}},{"type":"Feature","geometry":{"type":"Point","coordinates":[20.445909,52.28274]},"properties":{"lines":"92","color":"#0059a9","mode":"bus","arr":["92"],"angle":-78.7,"extra":1}},{"type":"Feature","geometry":{"type":"Point","coordinates":[20.446512,52.284592]},"properties":{"lines":"92","color":"#0059a9","mode":"bus","arr":["92"],"angle":-78.7,"extra":1}},{"type":"Feature","geometry":{"type":"Point","coordinates":[20.447125,52.286443]},"properties":{"lines":"92","color":"#0059a9","mode":"bus","arr":["92"],"angle":-78.7,"extra":1}},{"type":"Feature","geometry":{"type":"Point","coordinates":[20.610674,52.307271]},"properties":{"lines":"93","color":"#0059a9","mode":"bus","arr":["93"],"angle":13.4}},{"type":"Feature","geometry":{"type":"Point","coordinates":[20.69615,52.21272]},"properties":{"lines":"94","color":"#0059a9","mode":"bus","arr":["94"],"angle":-8.9}},{"type":"Feature","geometry":{"type":"Point","coordinates":[20.692908,52.212357]},"properties":{"lines":"94","color":"#0059a9","mode":"bus","arr":["94"],"angle":-10.5,"extra":1}},{"type":"Feature","geometry":{"type":"Point","coordinates":[20.699,52.212744]},"properties":{"lines":"94","color":"#0059a9","mode":"bus","arr":["94"],"angle":0.8,"extra":1}},{"type":"Feature","geometry":{"type":"Point","coordinates":[20.692824,52.222286]},"properties":{"lines":"94","color":"#0059a9","mode":"bus","arr":["94"],"angle":-84.8}},{"type":"Feature","geometry":{"type":"Point","coordinates":[20.692212,52.238974]},"properties":{"lines":"94","color":"#0059a9","mode":"bus","arr":["94"],"angle":84.6}},{"type":"Feature","geometry":{"type":"Point","coordinates":[20.691524,52.213124]},"properties":{"lines":"94","color":"#0059a9","mode":"bus","arr":["94"],"angle":-85.2,"extra":1}},{"type":"Feature","geometry":{"type":"Point","coordinates":[20.691782,52.215006]},"properties":{"lines":"94","color":"#0059a9","mode":"bus","arr":["94"],"angle":-85.2,"extra":1}},{"type":"Feature","geometry":{"type":"Point","coordinates":[20.69204,52.216888]},"properties":{"lines":"94","color":"#0059a9","mode":"bus","arr":["94"],"angle":-85.2,"extra":1}},{"type":"Feature","geometry":{"type":"Point","coordinates":[20.692305,52.218769]},"properties":{"lines":"94","color":"#0059a9","mode":"bus","arr":["94"],"angle":-85,"extra":1}},{"type":"Feature","geometry":{"type":"Point","coordinates":[20.692582,52.22065]},"properties":{"lines":"94","color":"#0059a9","mode":"bus","arr":["94"],"angle":-84.8,"extra":1}},{"type":"Feature","geometry":{"type":"Point","coordinates":[20.693139,52.224412]},"properties":{"lines":"94","color":"#0059a9","mode":"bus","arr":["94"],"angle":-84.8,"extra":1}},{"type":"Feature","geometry":{"type":"Point","coordinates":[20.69341,52.226293]},"properties":{"lines":"94","color":"#0059a9","mode":"bus","arr":["94"],"angle":-85.5,"extra":1}},{"type":"Feature","geometry":{"type":"Point","coordinates":[20.6932,52.228122]},"properties":{"lines":"94","color":"#0059a9","mode":"bus","arr":["94"],"angle":57,"extra":1}},{"type":"Feature","geometry":{"type":"Point","coordinates":[20.692451,52.229851]},"properties":{"lines":"94","color":"#0059a9","mode":"bus","arr":["94"],"angle":-81.9,"extra":1}},{"type":"Feature","geometry":{"type":"Point","coordinates":[20.692852,52.231722]},"properties":{"lines":"94","color":"#0059a9","mode":"bus","arr":["94"],"angle":-86.8,"extra":1}},{"type":"Feature","geometry":{"type":"Point","coordinates":[20.691264,52.244393]},"properties":{"lines":"94","color":"#0059a9","mode":"bus","arr":["94"],"angle":83.3,"extra":1}},{"type":"Feature","geometry":{"type":"Point","coordinates":[20.691624,52.242518]},"properties":{"lines":"94","color":"#0059a9","mode":"bus","arr":["94"],"angle":83.3,"extra":1}},{"type":"Feature","geometry":{"type":"Point","coordinates":[20.691975,52.240642]},"properties":{"lines":"94","color":"#0059a9","mode":"bus","arr":["94"],"angle":84.5,"extra":1}},{"type":"Feature","geometry":{"type":"Point","coordinates":[20.692533,52.23688]},"properties":{"lines":"94","color":"#0059a9","mode":"bus","arr":["94"],"angle":84.6,"extra":1}},{"type":"Feature","geometry":{"type":"Point","coordinates":[20.692815,52.235]},"properties":{"lines":"94","color":"#0059a9","mode":"bus","arr":["94"],"angle":84.8,"extra":1}},{"type":"Feature","geometry":{"type":"Point","coordinates":[20.692995,52.233116]},"properties":{"lines":"94","color":"#0059a9","mode":"bus","arr":["94"],"angle":-87.1,"extra":1}},{"type":"Feature","geometry":{"type":"Point","coordinates":[20.684177,52.25369]},"properties":{"lines":"94, 96","color":"#0059a9","mode":"bus","arr":["94","96"],"angle":63.3}},{"type":"Feature","geometry":{"type":"Point","coordinates":[20.690442,52.246188]},"properties":{"lines":"94, 96","color":"#0059a9","mode":"bus","arr":["94","96"],"angle":62,"extra":1}},{"type":"Feature","geometry":{"type":"Point","coordinates":[20.688996,52.247854]},"properties":{"lines":"94, 96","color":"#0059a9","mode":"bus","arr":["94","96"],"angle":62.2,"extra":1}},{"type":"Feature","geometry":{"type":"Point","coordinates":[20.687549,52.249521]},"properties":{"lines":"94, 96","color":"#0059a9","mode":"bus","arr":["94","96"],"angle":62,"extra":1}},{"type":"Feature","geometry":{"type":"Point","coordinates":[20.686174,52.25121]},"properties":{"lines":"94, 96","color":"#0059a9","mode":"bus","arr":["94","96"],"angle":63.9,"extra":1}},{"type":"Feature","geometry":{"type":"Point","coordinates":[20.682091,52.25629]},"properties":{"lines":"94, 96","color":"#0059a9","mode":"bus","arr":["94","96"],"angle":64,"extra":1}},{"type":"Feature","geometry":{"type":"Point","coordinates":[20.680729,52.257984]},"properties":{"lines":"94, 96","color":"#0059a9","mode":"bus","arr":["94","96"],"angle":63.6,"extra":1}},{"type":"Feature","geometry":{"type":"Point","coordinates":[20.679367,52.259677]},"properties":{"lines":"94, 96","color":"#0059a9","mode":"bus","arr":["94","96"],"angle":63.7,"extra":1}},{"type":"Feature","geometry":{"type":"Point","coordinates":[20.678006,52.26137]},"properties":{"lines":"94, 96","color":"#0059a9","mode":"bus","arr":["94","96"],"angle":63.7,"extra":1}},{"type":"Feature","geometry":{"type":"Point","coordinates":[20.676784,52.262407]},"properties":{"lines":"94, 96","color":"#0059a9","mode":"bus","arr":["94","96"],"angle":9.3}},{"type":"Feature","geometry":{"type":"Point","coordinates":[20.664615,52.263379]},"properties":{"lines":"94","color":"#0059a9","mode":"bus","arr":["94"],"angle":-0.1}},{"type":"Feature","geometry":{"type":"Point","coordinates":[20.686826,52.260582]},"properties":{"lines":"94","color":"#0059a9","mode":"bus","arr":["94"],"angle":7.5}},{"type":"Feature","geometry":{"type":"Point","coordinates":[20.674901,52.262443]},"properties":{"lines":"94","color":"#0059a9","mode":"bus","arr":["94"],"angle":0.2,"extra":1}},{"type":"Feature","geometry":{"type":"Point","coordinates":[20.671862,52.262714]},"properties":{"lines":"94","color":"#0059a9","mode":"bus","arr":["94"],"angle":9.8,"extra":1}},{"type":"Feature","geometry":{"type":"Point","coordinates":[20.668832,52.263039]},"properties":{"lines":"94","color":"#0059a9","mode":"bus","arr":["94"],"angle":10,"extra":1}},{"type":"Feature","geometry":{"type":"Point","coordinates":[20.659651,52.263392]},"properties":{"lines":"94","color":"#0059a9","mode":"bus","arr":["94"],"angle":-2.7,"extra":1}},{"type":"Feature","geometry":{"type":"Point","coordinates":[20.656584,52.263255]},"properties":{"lines":"94","color":"#0059a9","mode":"bus","arr":["94"],"angle":-4.2,"extra":1}},{"type":"Feature","geometry":{"type":"Point","coordinates":[20.653517,52.263117]},"properties":{"lines":"94","color":"#0059a9","mode":"bus","arr":["94"],"angle":-4.2,"extra":1}},{"type":"Feature","geometry":{"type":"Point","coordinates":[20.695229,52.259867]},"properties":{"lines":"94","color":"#0059a9","mode":"bus","arr":["94"],"angle":8.3,"extra":1}},{"type":"Feature","geometry":{"type":"Point","coordinates":[20.692183,52.260126]},"properties":{"lines":"94","color":"#0059a9","mode":"bus","arr":["94"],"angle":7.8,"extra":1}},{"type":"Feature","geometry":{"type":"Point","coordinates":[20.689137,52.260384]},"properties":{"lines":"94","color":"#0059a9","mode":"bus","arr":["94"],"angle":8,"extra":1}},{"type":"Feature","geometry":{"type":"Point","coordinates":[20.683034,52.260848]},"properties":{"lines":"94","color":"#0059a9","mode":"bus","arr":["94"],"angle":6.4,"extra":1}},{"type":"Feature","geometry":{"type":"Point","coordinates":[20.680061,52.261298]},"properties":{"lines":"94","color":"#0059a9","mode":"bus","arr":["94"],"angle":20.1,"extra":1}},{"type":"Feature","geometry":{"type":"Point","coordinates":[20.677474,52.262294]},"properties":{"lines":"94","color":"#0059a9","mode":"bus","arr":["94"],"angle":43.3,"extra":1}},{"type":"Feature","geometry":{"type":"Point","coordinates":[20.650395,52.255564]},"properties":{"lines":"94","color":"#0059a9","mode":"bus","arr":["94"],"angle":-80.1}},{"type":"Feature","geometry":{"type":"Point","coordinates":[20.648517,52.248949]},"properties":{"lines":"94","color":"#0059a9","mode":"bus","arr":["94"],"angle":-80.1,"extra":1}},{"type":"Feature","geometry":{"type":"Point","coordinates":[20.649045,52.25081]},"properties":{"lines":"94","color":"#0059a9","mode":"bus","arr":["94"],"angle":-80.1,"extra":1}},{"type":"Feature","geometry":{"type":"Point","coordinates":[20.649573,52.25267]},"properties":{"lines":"94","color":"#0059a9","mode":"bus","arr":["94"],"angle":-80.1,"extra":1}},{"type":"Feature","geometry":{"type":"Point","coordinates":[20.651158,52.258252]},"properties":{"lines":"94","color":"#0059a9","mode":"bus","arr":["94"],"angle":-80.1,"extra":1}},{"type":"Feature","geometry":{"type":"Point","coordinates":[20.651686,52.260112]},"properties":{"lines":"94","color":"#0059a9","mode":"bus","arr":["94"],"angle":-80.1,"extra":1}},{"type":"Feature","geometry":{"type":"Point","coordinates":[20.652387,52.261949]},"properties":{"lines":"94","color":"#0059a9","mode":"bus","arr":["94"],"angle":-74.2,"extra":1}},{"type":"Feature","geometry":{"type":"Point","coordinates":[20.660392,52.247759]},"properties":{"lines":"94","color":"#0059a9","mode":"bus","arr":["94"],"angle":6.5}},{"type":"Feature","geometry":{"type":"Point","coordinates":[20.649778,52.247898]},"properties":{"lines":"94","color":"#0059a9","mode":"bus","arr":["94"],"angle":7.3,"extra":1}},{"type":"Feature","geometry":{"type":"Point","coordinates":[20.652845,52.2478]},"properties":{"lines":"94","color":"#0059a9","mode":"bus","arr":["94"],"angle":0.2,"extra":1}},{"type":"Feature","geometry":{"type":"Point","coordinates":[20.655921,52.247797]},"properties":{"lines":"94","color":"#0059a9","mode":"bus","arr":["94"],"angle":-0.4,"extra":1}},{"type":"Feature","geometry":{"type":"Point","coordinates":[20.665017,52.247123]},"properties":{"lines":"94","color":"#0059a9","mode":"bus","arr":["94"],"angle":8.5,"extra":1}},{"type":"Feature","geometry":{"type":"Point","coordinates":[20.668084,52.247011]},"properties":{"lines":"94","color":"#0059a9","mode":"bus","arr":["94"],"angle":6.5,"extra":1}},{"type":"Feature","geometry":{"type":"Point","coordinates":[20.671097,52.246641]},"properties":{"lines":"94","color":"#0059a9","mode":"bus","arr":["94"],"angle":8.4,"extra":1}},{"type":"Feature","geometry":{"type":"Point","coordinates":[20.674987,52.254242]},"properties":{"lines":"94","color":"#0059a9","mode":"bus","arr":["94"],"angle":-79.8}},{"type":"Feature","geometry":{"type":"Point","coordinates":[20.672858,52.247425]},"properties":{"lines":"94","color":"#0059a9","mode":"bus","arr":["94"],"angle":-79.1,"extra":1}},{"type":"Feature","geometry":{"type":"Point","coordinates":[20.673441,52.249279]},"properties":{"lines":"94","color":"#0059a9","mode":"bus","arr":["94"],"angle":-79,"extra":1}},{"type":"Feature","geometry":{"type":"Point","coordinates":[20.674029,52.251133]},"properties":{"lines":"94","color":"#0059a9","mode":"bus","arr":["94"],"angle":-79,"extra":1}},{"type":"Feature","geometry":{"type":"Point","coordinates":[20.674613,52.252987]},"properties":{"lines":"94","color":"#0059a9","mode":"bus","arr":["94"],"angle":-79.5,"extra":1}},{"type":"Feature","geometry":{"type":"Point","coordinates":[20.675702,52.256704]},"properties":{"lines":"94","color":"#0059a9","mode":"bus","arr":["94"],"angle":-80.1,"extra":1}},{"type":"Feature","geometry":{"type":"Point","coordinates":[20.676229,52.258565]},"properties":{"lines":"94","color":"#0059a9","mode":"bus","arr":["94"],"angle":-80.1,"extra":1}},{"type":"Feature","geometry":{"type":"Point","coordinates":[20.676746,52.260427]},"properties":{"lines":"94","color":"#0059a9","mode":"bus","arr":["94"],"angle":-80.4,"extra":1}},{"type":"Feature","geometry":{"type":"Point","coordinates":[20.688947,52.267759]},"properties":{"lines":"94","color":"#0059a9","mode":"bus","arr":["94"],"angle":11.7}},{"type":"Feature","geometry":{"type":"Point","coordinates":[20.679103,52.263012]},"properties":{"lines":"94","color":"#0059a9","mode":"bus","arr":["94"],"angle":2.3,"extra":1}},{"type":"Feature","geometry":{"type":"Point","coordinates":[20.681119,52.263834]},"properties":{"lines":"94","color":"#0059a9","mode":"bus","arr":["94"],"angle":-76.8,"extra":1}},{"type":"Feature","geometry":{"type":"Point","coordinates":[20.682986,52.265181]},"properties":{"lines":"94","color":"#0059a9","mode":"bus","arr":["94"],"angle":-49.2,"extra":1}},{"type":"Feature","geometry":{"type":"Point","coordinates":[20.685002,52.266604]},"properties":{"lines":"94","color":"#0059a9","mode":"bus","arr":["94"],"angle":-46.4,"extra":1}},{"type":"Feature","geometry":{"type":"Point","coordinates":[20.693445,52.267297]},"properties":{"lines":"94","color":"#0059a9","mode":"bus","arr":["94"],"angle":6.3,"extra":1}},{"type":"Feature","geometry":{"type":"Point","coordinates":[20.696477,52.267003]},"properties":{"lines":"94","color":"#0059a9","mode":"bus","arr":["94"],"angle":18,"extra":1}},{"type":"Feature","geometry":{"type":"Point","coordinates":[20.699365,52.266356]},"properties":{"lines":"94","color":"#0059a9","mode":"bus","arr":["94"],"angle":17.8,"extra":1}},{"type":"Feature","geometry":{"type":"Point","coordinates":[20.702298,52.265789]},"properties":{"lines":"94","color":"#0059a9","mode":"bus","arr":["94"],"angle":18.2,"extra":1}},{"type":"Feature","geometry":{"type":"Point","coordinates":[20.677469,52.262646]},"properties":{"lines":"94, 96","color":"#0059a9","mode":"bus","arr":["94","96"],"angle":-66.2}},{"type":"Feature","geometry":{"type":"Point","coordinates":[20.734329,52.252182]},"properties":{"lines":"96","color":"#0059a9","mode":"bus","arr":["96"],"angle":-1.1}},{"type":"Feature","geometry":{"type":"Point","coordinates":[20.753996,52.257637]},"properties":{"lines":"96","color":"#0059a9","mode":"bus","arr":["96"],"angle":-89.1}},{"type":"Feature","geometry":{"type":"Point","coordinates":[20.677301,52.26293]},"properties":{"lines":"94, 96","color":"#0059a9","mode":"bus","arr":["94","96"],"angle":4.2}},{"type":"Feature","geometry":{"type":"Point","coordinates":[20.700279,52.262611]},"properties":{"lines":"94","color":"#0059a9","mode":"bus","arr":["94"],"angle":-52.8}},{"type":"Feature","geometry":{"type":"Point","coordinates":[20.702912,52.26472]},"properties":{"lines":"94","color":"#0059a9","mode":"bus","arr":["94"],"angle":-52.5,"extra":1}},{"type":"Feature","geometry":{"type":"Point","coordinates":[20.697323,52.260213]},"properties":{"lines":"94","color":"#0059a9","mode":"bus","arr":["94"],"angle":-53.7,"extra":1}},{"type":"Feature","geometry":{"type":"Point","coordinates":[20.898206,52.258179]},"properties":{"lines":"95, 96","color":"#0059a9","mode":"bus","arr":["95","96"],"angle":-54.6}},{"type":"Feature","geometry":{"type":"Point","coordinates":[20.88801,52.263135]},"properties":{"lines":"95, 96","color":"#0059a9","mode":"bus","arr":["95","96"],"angle":27.4}},{"type":"Feature","geometry":{"type":"Point","coordinates":[20.898453,52.25878]},"properties":{"lines":"95, 96","color":"#0059a9","mode":"bus","arr":["95","96"],"angle":43.8}},{"type":"Feature","geometry":{"type":"Point","coordinates":[20.880019,52.266338]},"properties":{"lines":"95, 96","color":"#0059a9","mode":"bus","arr":["95","96"],"angle":44.1,"extra":1}},{"type":"Feature","geometry":{"type":"Point","coordinates":[20.882466,52.265283]},"properties":{"lines":"95, 96","color":"#0059a9","mode":"bus","arr":["95","96"],"angle":7.9,"extra":1}},{"type":"Feature","geometry":{"type":"Point","coordinates":[20.884889,52.264369]},"properties":{"lines":"95, 96","color":"#0059a9","mode":"bus","arr":["95","96"],"angle":54.3,"extra":1}},{"type":"Feature","geometry":{"type":"Point","coordinates":[20.890103,52.26246]},"properties":{"lines":"95, 96","color":"#0059a9","mode":"bus","arr":["95","96"],"angle":28,"extra":1}},{"type":"Feature","geometry":{"type":"Point","coordinates":[20.892818,52.261577]},"properties":{"lines":"95, 96","color":"#0059a9","mode":"bus","arr":["95","96"],"angle":35.3,"extra":1}},{"type":"Feature","geometry":{"type":"Point","coordinates":[20.895205,52.260387]},"properties":{"lines":"95, 96","color":"#0059a9","mode":"bus","arr":["95","96"],"angle":39.2,"extra":1}},{"type":"Feature","geometry":{"type":"Point","coordinates":[20.873598,52.270312]},"properties":{"lines":"95, 96","color":"#0059a9","mode":"bus","arr":["95","96"],"angle":82.6}},{"type":"Feature","geometry":{"type":"Point","coordinates":[20.877816,52.267655]},"properties":{"lines":"95, 96","color":"#0059a9","mode":"bus","arr":["95","96"],"angle":44,"extra":1}},{"type":"Feature","geometry":{"type":"Point","coordinates":[20.875605,52.268967]},"properties":{"lines":"95, 96","color":"#0059a9","mode":"bus","arr":["95","96"],"angle":44.2,"extra":1}},{"type":"Feature","geometry":{"type":"Point","coordinates":[20.874672,52.272077]},"properties":{"lines":"95, 96","color":"#0059a9","mode":"bus","arr":["95","96"],"angle":-74.4,"extra":1}},{"type":"Feature","geometry":{"type":"Point","coordinates":[20.875205,52.273927]},"properties":{"lines":"95, 96","color":"#0059a9","mode":"bus","arr":["95","96"],"angle":-86.2,"extra":1}},{"type":"Feature","geometry":{"type":"Point","coordinates":[20.870871,52.275081]},"properties":{"lines":"95, 96","color":"#0059a9","mode":"bus","arr":["95","96"],"angle":3.8}},{"type":"Feature","geometry":{"type":"Point","coordinates":[20.86761,52.275219]},"properties":{"lines":"95, 96","color":"#0059a9","mode":"bus","arr":["95","96"],"angle":3.9,"extra":1}},{"type":"Feature","geometry":{"type":"Point","coordinates":[20.873746,52.274958]},"properties":{"lines":"95, 96","color":"#0059a9","mode":"bus","arr":["95","96"],"angle":4.7,"extra":1}},{"type":"Feature","geometry":{"type":"Point","coordinates":[20.865589,52.27514]},"properties":{"lines":"95, 96","color":"#0059a9","mode":"bus","arr":["95","96"],"angle":-55}},{"type":"Feature","geometry":{"type":"Point","coordinates":[20.854071,52.274849]},"properties":{"lines":"95, 96","color":"#0059a9","mode":"bus","arr":["95","96"],"angle":0.7}},{"type":"Feature","geometry":{"type":"Point","coordinates":[20.863841,52.274909]},"properties":{"lines":"95, 96","color":"#0059a9","mode":"bus","arr":["95","96"],"angle":-0.8,"extra":1}},{"type":"Feature","geometry":{"type":"Point","coordinates":[20.860766,52.274886]},"properties":{"lines":"95, 96","color":"#0059a9","mode":"bus","arr":["95","96"],"angle":-0.5,"extra":1}},{"type":"Feature","geometry":{"type":"Point","coordinates":[20.857691,52.274857]},"properties":{"lines":"95, 96","color":"#0059a9","mode":"bus","arr":["95","96"],"angle":-0.9,"extra":1}},{"type":"Feature","geometry":{"type":"Point","coordinates":[20.851541,52.274849]},"properties":{"lines":"95, 96","color":"#0059a9","mode":"bus","arr":["95","96"],"angle":-0.7,"extra":1}},{"type":"Feature","geometry":{"type":"Point","coordinates":[20.848467,52.274822]},"properties":{"lines":"95, 96","color":"#0059a9","mode":"bus","arr":["95","96"],"angle":-2.2,"extra":1}},{"type":"Feature","geometry":{"type":"Point","coordinates":[20.845393,52.274792]},"properties":{"lines":"95, 96","color":"#0059a9","mode":"bus","arr":["95","96"],"angle":1.1,"extra":1}},{"type":"Feature","geometry":{"type":"Point","coordinates":[20.842661,52.278077]},"properties":{"lines":"95, 96","color":"#0059a9","mode":"bus","arr":["95","96"],"angle":-88.9}},{"type":"Feature","geometry":{"type":"Point","coordinates":[20.842814,52.276058]},"properties":{"lines":"95, 96","color":"#0059a9","mode":"bus","arr":["95","96"],"angle":81.6,"extra":1}},{"type":"Feature","geometry":{"type":"Point","coordinates":[20.842546,52.279821]},"properties":{"lines":"95, 96","color":"#0059a9","mode":"bus","arr":["95","96"],"angle":78.5,"extra":1}},{"type":"Feature","geometry":{"type":"Point","coordinates":[20.841898,52.282117]},"properties":{"lines":"95","color":"#0059a9","mode":"bus","arr":["95"],"angle":77.3}},{"type":"Feature","geometry":{"type":"Point","coordinates":[20.837943,52.282513]},"properties":{"lines":"95","color":"#0059a9","mode":"bus","arr":["95"],"angle":-20.4}},{"type":"Feature","geometry":{"type":"Point","coordinates":[20.840346,52.282825]},"properties":{"lines":"95","color":"#0059a9","mode":"bus","arr":["95"],"angle":-19.1,"extra":1}},{"type":"Feature","geometry":{"type":"Point","coordinates":[20.834631,52.281536]},"properties":{"lines":"95","color":"#0059a9","mode":"bus","arr":["95"],"angle":-11,"extra":1}},{"type":"Feature","geometry":{"type":"Point","coordinates":[20.82937,52.285715]},"properties":{"lines":"95, 98","color":"#0059a9","mode":"bus","arr":["95","98"],"angle":63}},{"type":"Feature","geometry":{"type":"Point","coordinates":[20.833541,52.282343]},"properties":{"lines":"95, 98","color":"#0059a9","mode":"bus","arr":["95","98"],"angle":53.1,"extra":1}},{"type":"Feature","geometry":{"type":"Point","coordinates":[20.831643,52.283829]},"properties":{"lines":"95, 98","color":"#0059a9","mode":"bus","arr":["95","98"],"angle":52.3,"extra":1}},{"type":"Feature","geometry":{"type":"Point","coordinates":[20.828622,52.287064]},"properties":{"lines":"95, 98","color":"#0059a9","mode":"bus","arr":["95","98"],"angle":73.3,"extra":1}},{"type":"Feature","geometry":{"type":"Point","coordinates":[20.827508,52.288817]},"properties":{"lines":"95, 98","color":"#0059a9","mode":"bus","arr":["95","98"],"angle":78.6,"extra":1}},{"type":"Feature","geometry":{"type":"Point","coordinates":[20.815352,52.29257]},"properties":{"lines":"95, 97, 98","color":"#0059a9","mode":"bus","arr":["95","97","98"],"angle":18.9}},{"type":"Feature","geometry":{"type":"Point","coordinates":[20.805137,52.294297]},"properties":{"lines":"95, 97, 98","color":"#0059a9","mode":"bus","arr":["95","97","98"],"angle":25.5,"extra":1}},{"type":"Feature","geometry":{"type":"Point","coordinates":[20.808116,52.293859]},"properties":{"lines":"95, 97, 98","color":"#0059a9","mode":"bus","arr":["95","97","98"],"angle":10.6,"extra":1}},{"type":"Feature","geometry":{"type":"Point","coordinates":[20.811133,52.293494]},"properties":{"lines":"95, 97, 98","color":"#0059a9","mode":"bus","arr":["95","97","98"],"angle":14,"extra":1}},{"type":"Feature","geometry":{"type":"Point","coordinates":[20.819907,52.291766]},"properties":{"lines":"95, 97, 98","color":"#0059a9","mode":"bus","arr":["95","97","98"],"angle":22.8,"extra":1}},{"type":"Feature","geometry":{"type":"Point","coordinates":[20.822565,52.290818]},"properties":{"lines":"95, 97, 98","color":"#0059a9","mode":"bus","arr":["95","97","98"],"angle":25.6,"extra":1}},{"type":"Feature","geometry":{"type":"Point","coordinates":[20.8256,52.290743]},"properties":{"lines":"95, 97, 98","color":"#0059a9","mode":"bus","arr":["95","97","98"],"angle":-2.3,"extra":1}},{"type":"Feature","geometry":{"type":"Point","coordinates":[20.802158,52.295258]},"properties":{"lines":"95, 97","color":"#0059a9","mode":"bus","arr":["95","97"],"angle":27.4}},{"type":"Feature","geometry":{"type":"Point","coordinates":[20.783093,52.300779]},"properties":{"lines":"95","color":"#0059a9","mode":"bus","arr":["95"],"angle":28.4}},{"type":"Feature","geometry":{"type":"Point","coordinates":[20.799193,52.296235]},"properties":{"lines":"95","color":"#0059a9","mode":"bus","arr":["95"],"angle":27.8,"extra":1}},{"type":"Feature","geometry":{"type":"Point","coordinates":[20.796467,52.29711]},"properties":{"lines":"95","color":"#0059a9","mode":"bus","arr":["95"],"angle":28,"extra":1}},{"type":"Feature","geometry":{"type":"Point","coordinates":[20.793762,52.298008]},"properties":{"lines":"95","color":"#0059a9","mode":"bus","arr":["95"],"angle":28.3,"extra":1}},{"type":"Feature","geometry":{"type":"Point","coordinates":[20.791037,52.298883]},"properties":{"lines":"95","color":"#0059a9","mode":"bus","arr":["95"],"angle":27.5,"extra":1}},{"type":"Feature","geometry":{"type":"Point","coordinates":[20.78831,52.299756]},"properties":{"lines":"95","color":"#0059a9","mode":"bus","arr":["95"],"angle":27.5,"extra":1}},{"type":"Feature","geometry":{"type":"Point","coordinates":[20.78538,52.300308]},"properties":{"lines":"95","color":"#0059a9","mode":"bus","arr":["95"],"angle":14.6,"extra":1}},{"type":"Feature","geometry":{"type":"Point","coordinates":[20.780048,52.3021]},"properties":{"lines":"95","color":"#0059a9","mode":"bus","arr":["95"],"angle":36.2,"extra":1}},{"type":"Feature","geometry":{"type":"Point","coordinates":[20.777568,52.303216]},"properties":{"lines":"95","color":"#0059a9","mode":"bus","arr":["95"],"angle":36.2,"extra":1}},{"type":"Feature","geometry":{"type":"Point","coordinates":[20.775087,52.304332]},"properties":{"lines":"95","color":"#0059a9","mode":"bus","arr":["95"],"angle":36.4,"extra":1}},{"type":"Feature","geometry":{"type":"Point","coordinates":[20.772604,52.305446]},"properties":{"lines":"95","color":"#0059a9","mode":"bus","arr":["95"],"angle":35.4,"extra":1}},{"type":"Feature","geometry":{"type":"Point","coordinates":[20.76986,52.306277]},"properties":{"lines":"95","color":"#0059a9","mode":"bus","arr":["95"],"angle":32.6,"extra":1}},{"type":"Feature","geometry":{"type":"Point","coordinates":[20.767502,52.307487]},"properties":{"lines":"95","color":"#0059a9","mode":"bus","arr":["95"],"angle":41.4,"extra":1}},{"type":"Feature","geometry":{"type":"Point","coordinates":[20.897668,52.258304]},"properties":{"lines":"95, 96","color":"#0059a9","mode":"bus","arr":["95","96"],"angle":-88.8}},{"type":"Feature","geometry":{"type":"Point","coordinates":[20.696903,52.24547]},"properties":{"lines":"96","color":"#0059a9","mode":"bus","arr":["96"],"angle":1}},{"type":"Feature","geometry":{"type":"Point","coordinates":[20.692591,52.245425]},"properties":{"lines":"96","color":"#0059a9","mode":"bus","arr":["96"],"angle":-1.2,"extra":1}},{"type":"Feature","geometry":{"type":"Point","coordinates":[20.701767,52.24506]},"properties":{"lines":"96","color":"#0059a9","mode":"bus","arr":["96"],"angle":4.9,"extra":1}},{"type":"Feature","geometry":{"type":"Point","coordinates":[20.717764,52.249598]},"properties":{"lines":"96","color":"#0059a9","mode":"bus","arr":["96"],"angle":-10.8}},{"type":"Feature","geometry":{"type":"Point","coordinates":[20.704043,52.245508]},"properties":{"lines":"96","color":"#0059a9","mode":"bus","arr":["96"],"angle":-40.2,"extra":1}},{"type":"Feature","geometry":{"type":"Point","coordinates":[20.706378,52.246728]},"properties":{"lines":"96","color":"#0059a9","mode":"bus","arr":["96"],"angle":-45.7,"extra":1}},{"type":"Feature","geometry":{"type":"Point","coordinates":[20.709002,52.247656]},"properties":{"lines":"96","color":"#0059a9","mode":"bus","arr":["96"],"angle":-22,"extra":1}},{"type":"Feature","geometry":{"type":"Point","coordinates":[20.711851,52.248368]},"properties":{"lines":"96","color":"#0059a9","mode":"bus","arr":["96"],"angle":-22.2,"extra":1}},{"type":"Feature","geometry":{"type":"Point","coordinates":[20.714663,52.249131]},"properties":{"lines":"96","color":"#0059a9","mode":"bus","arr":["96"],"angle":-23.3,"extra":1}},{"type":"Feature","geometry":{"type":"Point","coordinates":[20.720666,52.249912]},"properties":{"lines":"96","color":"#0059a9","mode":"bus","arr":["96"],"angle":-8.3,"extra":1}},{"type":"Feature","geometry":{"type":"Point","coordinates":[20.723697,52.250226]},"properties":{"lines":"96","color":"#0059a9","mode":"bus","arr":["96"],"angle":-11.3,"extra":1}},{"type":"Feature","geometry":{"type":"Point","coordinates":[20.726713,52.250595]},"properties":{"lines":"96","color":"#0059a9","mode":"bus","arr":["96"],"angle":-11.2,"extra":1}},{"type":"Feature","geometry":{"type":"Point","coordinates":[20.729729,52.250963]},"properties":{"lines":"96","color":"#0059a9","mode":"bus","arr":["96"],"angle":-11.1,"extra":1}},{"type":"Feature","geometry":{"type":"Point","coordinates":[20.732672,52.25144]},"properties":{"lines":"96","color":"#0059a9","mode":"bus","arr":["96"],"angle":-38,"extra":1}},{"type":"Feature","geometry":{"type":"Point","coordinates":[20.808607,52.252925]},"properties":{"lines":"96","color":"#0059a9","mode":"bus","arr":["96"],"angle":5.9}},{"type":"Feature","geometry":{"type":"Point","coordinates":[20.760958,52.256423]},"properties":{"lines":"96","color":"#0059a9","mode":"bus","arr":["96"],"angle":6.1}},{"type":"Feature","geometry":{"type":"Point","coordinates":[20.755498,52.256865]},"properties":{"lines":"96","color":"#0059a9","mode":"bus","arr":["96"],"angle":9.2,"extra":1}},{"type":"Feature","geometry":{"type":"Point","coordinates":[20.758542,52.256601]},"properties":{"lines":"96","color":"#0059a9","mode":"bus","arr":["96"],"angle":6,"extra":1}},{"type":"Feature","geometry":{"type":"Point","coordinates":[20.764667,52.256453]},"properties":{"lines":"96","color":"#0059a9","mode":"bus","arr":["96"],"angle":-2.7,"extra":1}},{"type":"Feature","geometry":{"type":"Point","coordinates":[20.767739,52.256543]},"properties":{"lines":"96","color":"#0059a9","mode":"bus","arr":["96"],"angle":-2.8,"extra":1}},{"type":"Feature","geometry":{"type":"Point","coordinates":[20.819731,52.25198]},"properties":{"lines":"96","color":"#0059a9","mode":"bus","arr":["96"],"angle":16.9,"extra":1}},{"type":"Feature","geometry":{"type":"Point","coordinates":[20.81674,52.252398]},"properties":{"lines":"96","color":"#0059a9","mode":"bus","arr":["96"],"angle":5.6,"extra":1}},{"type":"Feature","geometry":{"type":"Point","coordinates":[20.813682,52.252594]},"properties":{"lines":"96","color":"#0059a9","mode":"bus","arr":["96"],"angle":6.3,"extra":1}},{"type":"Feature","geometry":{"type":"Point","coordinates":[20.810624,52.252796]},"properties":{"lines":"96","color":"#0059a9","mode":"bus","arr":["96"],"angle":5.9,"extra":1}},{"type":"Feature","geometry":{"type":"Point","coordinates":[20.80453,52.253287]},"properties":{"lines":"96","color":"#0059a9","mode":"bus","arr":["96"],"angle":10.5,"extra":1}},{"type":"Feature","geometry":{"type":"Point","coordinates":[20.801498,52.253599]},"properties":{"lines":"96","color":"#0059a9","mode":"bus","arr":["96"],"angle":7.5,"extra":1}},{"type":"Feature","geometry":{"type":"Point","coordinates":[20.798446,52.253832]},"properties":{"lines":"96","color":"#0059a9","mode":"bus","arr":["96"],"angle":7.1,"extra":1}},{"type":"Feature","geometry":{"type":"Point","coordinates":[20.734484,52.25648]},"properties":{"lines":"96","color":"#0059a9","mode":"bus","arr":["96"],"angle":89.6}},{"type":"Feature","geometry":{"type":"Point","coordinates":[20.735009,52.2531]},"properties":{"lines":"96","color":"#0059a9","mode":"bus","arr":["96"],"angle":83.4,"extra":1}},{"type":"Feature","geometry":{"type":"Point","coordinates":[20.734657,52.254976]},"properties":{"lines":"96","color":"#0059a9","mode":"bus","arr":["96"],"angle":83.6,"extra":1}},{"type":"Feature","geometry":{"type":"Point","coordinates":[20.734926,52.258726]},"properties":{"lines":"96","color":"#0059a9","mode":"bus","arr":["96"],"angle":-79.7,"extra":1}},{"type":"Feature","geometry":{"type":"Point","coordinates":[20.735461,52.260586]},"properties":{"lines":"96","color":"#0059a9","mode":"bus","arr":["96"],"angle":-80.2,"extra":1}},{"type":"Feature","geometry":{"type":"Point","coordinates":[20.743488,52.260672]},"properties":{"lines":"96","color":"#0059a9","mode":"bus","arr":["96"],"angle":-0.4}},{"type":"Feature","geometry":{"type":"Point","coordinates":[20.773137,52.260013]},"properties":{"lines":"96","color":"#0059a9","mode":"bus","arr":["96"],"angle":-22.9}},{"type":"Feature","geometry":{"type":"Point","coordinates":[20.749779,52.260035]},"properties":{"lines":"96","color":"#0059a9","mode":"bus","arr":["96"],"angle":18.6,"extra":1}},{"type":"Feature","geometry":{"type":"Point","coordinates":[20.746848,52.260604]},"properties":{"lines":"96","color":"#0059a9","mode":"bus","arr":["96"],"angle":12,"extra":1}},{"type":"Feature","geometry":{"type":"Point","coordinates":[20.740708,52.260636]},"properties":{"lines":"96","color":"#0059a9","mode":"bus","arr":["96"],"angle":0.6,"extra":1}},{"type":"Feature","geometry":{"type":"Point","coordinates":[20.737638,52.260735]},"properties":{"lines":"96","color":"#0059a9","mode":"bus","arr":["96"],"angle":4.2,"extra":1}},{"type":"Feature","geometry":{"type":"Point","coordinates":[20.777765,52.260972]},"properties":{"lines":"96","color":"#0059a9","mode":"bus","arr":["96"],"angle":-22,"extra":1}},{"type":"Feature","geometry":{"type":"Point","coordinates":[20.768993,52.259268]},"properties":{"lines":"96","color":"#0059a9","mode":"bus","arr":["96"],"angle":-14.5,"extra":1}},{"type":"Feature","geometry":{"type":"Point","coordinates":[20.751131,52.258993]},"properties":{"lines":"96","color":"#0059a9","mode":"bus","arr":["96"],"angle":-88.6}},{"type":"Feature","geometry":{"type":"Point","coordinates":[20.752566,52.258281]},"properties":{"lines":"96","color":"#0059a9","mode":"bus","arr":["96"],"angle":3.9}},{"type":"Feature","geometry":{"type":"Point","coordinates":[20.767329,52.25778]},"properties":{"lines":"96","color":"#0059a9","mode":"bus","arr":["96"],"angle":72.1}},{"type":"Feature","geometry":{"type":"Point","coordinates":[20.788489,52.264779]},"properties":{"lines":"96","color":"#0059a9","mode":"bus","arr":["96"],"angle":-19.8}},{"type":"Feature","geometry":{"type":"Point","coordinates":[20.780579,52.261652]},"properties":{"lines":"96","color":"#0059a9","mode":"bus","arr":["96"],"angle":-21}},{"type":"Feature","geometry":{"type":"Point","coordinates":[20.794118,52.265587]},"properties":{"lines":"96","color":"#0059a9","mode":"bus","arr":["96"],"angle":-0.4,"extra":1}},{"type":"Feature","geometry":{"type":"Point","coordinates":[20.791097,52.265351]},"properties":{"lines":"96","color":"#0059a9","mode":"bus","arr":["96"],"angle":-19.7,"extra":1}},{"type":"Feature","geometry":{"type":"Point","coordinates":[20.785401,52.26396]},"properties":{"lines":"96","color":"#0059a9","mode":"bus","arr":["96"],"angle":-33.3,"extra":1}},{"type":"Feature","geometry":{"type":"Point","coordinates":[20.78299,52.262789]},"properties":{"lines":"96","color":"#0059a9","mode":"bus","arr":["96"],"angle":-40.3,"extra":1}},{"type":"Feature","geometry":{"type":"Point","coordinates":[20.795591,52.263958]},"properties":{"lines":"96","color":"#0059a9","mode":"bus","arr":["96"],"angle":-89.2}},{"type":"Feature","geometry":{"type":"Point","coordinates":[20.795551,52.262767]},"properties":{"lines":"96","color":"#0059a9","mode":"bus","arr":["96"],"angle":-88.6,"extra":1}},{"type":"Feature","geometry":{"type":"Point","coordinates":[20.79543,52.258206]},"properties":{"lines":"96","color":"#0059a9","mode":"bus","arr":["96"],"angle":-89.1}},{"type":"Feature","geometry":{"type":"Point","coordinates":[20.795511,52.261372]},"properties":{"lines":"96","color":"#0059a9","mode":"bus","arr":["96"],"angle":-89.1,"extra":1}},{"type":"Feature","geometry":{"type":"Point","coordinates":[20.795463,52.259483]},"properties":{"lines":"96","color":"#0059a9","mode":"bus","arr":["96"],"angle":-89.1,"extra":1}},{"type":"Feature","geometry":{"type":"Point","coordinates":[20.795366,52.255707]},"properties":{"lines":"96","color":"#0059a9","mode":"bus","arr":["96"],"angle":-89.1,"extra":1}},{"type":"Feature","geometry":{"type":"Point","coordinates":[20.818539,52.2427]},"properties":{"lines":"96, 97","color":"#0059a9","mode":"bus","arr":["96","97"],"angle":-79.5}},{"type":"Feature","geometry":{"type":"Point","coordinates":[20.820794,52.249994]},"properties":{"lines":"96, 97","color":"#0059a9","mode":"bus","arr":["96","97"],"angle":-78.8}},{"type":"Feature","geometry":{"type":"Point","coordinates":[20.821203,52.251233]},"properties":{"lines":"96, 97","color":"#0059a9","mode":"bus","arr":["96","97"],"angle":-77.4,"extra":1}},{"type":"Feature","geometry":{"type":"Point","coordinates":[20.819349,52.245381]},"properties":{"lines":"96, 97","color":"#0059a9","mode":"bus","arr":["96","97"],"angle":-79.4,"extra":1}},{"type":"Feature","geometry":{"type":"Point","coordinates":[20.817661,52.239811]},"properties":{"lines":"96, 97","color":"#0059a9","mode":"bus","arr":["96","97"],"angle":-79.4,"extra":1}},{"type":"Feature","geometry":{"type":"Point","coordinates":[20.819838,52.248513]},"properties":{"lines":"96, 97","color":"#0059a9","mode":"bus","arr":["96","97"],"angle":11.4}},{"type":"Feature","geometry":{"type":"Point","coordinates":[20.81893,52.247203]},"properties":{"lines":"96, 97","color":"#0059a9","mode":"bus","arr":["96","97"],"angle":-78.9}},{"type":"Feature","geometry":{"type":"Point","coordinates":[20.816371,52.235407]},"properties":{"lines":"96, 97","color":"#0059a9","mode":"bus","arr":["96","97"],"angle":-79.9}},{"type":"Feature","geometry":{"type":"Point","coordinates":[20.817173,52.238161]},"properties":{"lines":"96, 97","color":"#0059a9","mode":"bus","arr":["96","97"],"angle":-79.9,"extra":1}},{"type":"Feature","geometry":{"type":"Point","coordinates":[20.816391,52.232577]},"properties":{"lines":"96, 97","color":"#0059a9","mode":"bus","arr":["96","97"],"angle":75.5,"extra":1}},{"type":"Feature","geometry":{"type":"Point","coordinates":[20.825238,52.231111]},"properties":{"lines":"96","color":"#0059a9","mode":"bus","arr":["96"],"angle":8.3}},{"type":"Feature","geometry":{"type":"Point","coordinates":[20.832466,52.230457]},"properties":{"lines":"96","color":"#0059a9","mode":"bus","arr":["96"],"angle":7.3,"extra":1}},{"type":"Feature","geometry":{"type":"Point","coordinates":[20.829424,52.230733]},"properties":{"lines":"96","color":"#0059a9","mode":"bus","arr":["96"],"angle":8.4,"extra":1}},{"type":"Feature","geometry":{"type":"Point","coordinates":[20.823338,52.231276]},"properties":{"lines":"96","color":"#0059a9","mode":"bus","arr":["96"],"angle":4.2,"extra":1}},{"type":"Feature","geometry":{"type":"Point","coordinates":[20.820265,52.231337]},"properties":{"lines":"96","color":"#0059a9","mode":"bus","arr":["96"],"angle":1.4,"extra":1}},{"type":"Feature","geometry":{"type":"Point","coordinates":[20.817192,52.231398]},"properties":{"lines":"96","color":"#0059a9","mode":"bus","arr":["96"],"angle":2.9,"extra":1}},{"type":"Feature","geometry":{"type":"Point","coordinates":[20.836465,52.232762]},"properties":{"lines":"96","color":"#0059a9","mode":"bus","arr":["96"],"angle":-59.8}},{"type":"Feature","geometry":{"type":"Point","coordinates":[20.837997,52.234308]},"properties":{"lines":"96","color":"#0059a9","mode":"bus","arr":["96"],"angle":-56.2,"extra":1}},{"type":"Feature","geometry":{"type":"Point","coordinates":[20.834853,52.231062]},"properties":{"lines":"96","color":"#0059a9","mode":"bus","arr":["96"],"angle":-59.5,"extra":1}},{"type":"Feature","geometry":{"type":"Point","coordinates":[20.845552,52.240867]},"properties":{"lines":"96","color":"#0059a9","mode":"bus","arr":["96"],"angle":-54.9}},{"type":"Feature","geometry":{"type":"Point","coordinates":[20.847597,52.247353]},"properties":{"lines":"96","color":"#0059a9","mode":"bus","arr":["96"],"angle":-25}},{"type":"Feature","geometry":{"type":"Point","coordinates":[20.839769,52.235851]},"properties":{"lines":"96","color":"#0059a9","mode":"bus","arr":["96"],"angle":-54.4,"extra":1}},{"type":"Feature","geometry":{"type":"Point","coordinates":[20.841557,52.237388]},"properties":{"lines":"96","color":"#0059a9","mode":"bus","arr":["96"],"angle":-54.5,"extra":1}},{"type":"Feature","geometry":{"type":"Point","coordinates":[20.843329,52.238931]},"properties":{"lines":"96","color":"#0059a9","mode":"bus","arr":["96"],"angle":-55.9,"extra":1}},{"type":"Feature","geometry":{"type":"Point","coordinates":[20.846692,52.242087]},"properties":{"lines":"96","color":"#0059a9","mode":"bus","arr":["96"],"angle":-62.6,"extra":1}},{"type":"Feature","geometry":{"type":"Point","coordinates":[20.848095,52.243767]},"properties":{"lines":"96","color":"#0059a9","mode":"bus","arr":["96"],"angle":-63.8,"extra":1}},{"type":"Feature","geometry":{"type":"Point","coordinates":[20.848528,52.245533]},"properties":{"lines":"96","color":"#0059a9","mode":"bus","arr":["96"],"angle":73.5,"extra":1}},{"type":"Feature","geometry":{"type":"Point","coordinates":[20.845313,52.247763]},"properties":{"lines":"96, 97, 98","color":"#0059a9","mode":"bus","arr":["96","97","98"],"angle":-0.9}},{"type":"Feature","geometry":{"type":"Point","coordinates":[20.841914,52.247727]},"properties":{"lines":"96, 97, 98","color":"#0059a9","mode":"bus","arr":["96","97","98"],"angle":1.4}},{"type":"Feature","geometry":{"type":"Point","coordinates":[20.846178,52.249137]},"properties":{"lines":"96, 97, 98","color":"#0059a9","mode":"bus","arr":["96","97","98"],"angle":61.8}},{"type":"Feature","geometry":{"type":"Point","coordinates":[20.845081,52.250382]},"properties":{"lines":"96, 97, 98","color":"#0059a9","mode":"bus","arr":["96","97","98"],"angle":62.5,"extra":1}},{"type":"Feature","geometry":{"type":"Point","coordinates":[20.843149,52.250642]},"properties":{"lines":"96, 97, 98","color":"#0059a9","mode":"bus","arr":["96","97","98"],"angle":7.5}},{"type":"Feature","geometry":{"type":"Point","coordinates":[20.838249,52.253503]},"properties":{"lines":"96, 97, 98","color":"#0059a9","mode":"bus","arr":["96","97","98"],"angle":-67.2}},{"type":"Feature","geometry":{"type":"Point","coordinates":[20.84051,52.251618]},"properties":{"lines":"96, 97, 98","color":"#0059a9","mode":"bus","arr":["96","97","98"],"angle":40.8,"extra":1}},{"type":"Feature","geometry":{"type":"Point","coordinates":[20.838381,52.256328]},"properties":{"lines":"96, 97, 98","color":"#0059a9","mode":"bus","arr":["96","97","98"],"angle":66.4,"extra":1}},{"type":"Feature","geometry":{"type":"Point","coordinates":[20.841103,52.261327]},"properties":{"lines":"96","color":"#0059a9","mode":"bus","arr":["96"],"angle":-66.3}},{"type":"Feature","geometry":{"type":"Point","coordinates":[20.838654,52.257659]},"properties":{"lines":"96","color":"#0059a9","mode":"bus","arr":["96"],"angle":-69,"extra":1}},{"type":"Feature","geometry":{"type":"Point","coordinates":[20.839773,52.259417]},"properties":{"lines":"96","color":"#0059a9","mode":"bus","arr":["96"],"angle":-68.1,"extra":1}},{"type":"Feature","geometry":{"type":"Point","coordinates":[20.842231,52.262879]},"properties":{"lines":"96","color":"#0059a9","mode":"bus","arr":["96"],"angle":-66.4,"extra":1}},{"type":"Feature","geometry":{"type":"Point","coordinates":[20.843477,52.264606]},"properties":{"lines":"96","color":"#0059a9","mode":"bus","arr":["96"],"angle":-65.7,"extra":1}},{"type":"Feature","geometry":{"type":"Point","coordinates":[20.850579,52.264853]},"properties":{"lines":"96","color":"#0059a9","mode":"bus","arr":["96"],"angle":16.1}},{"type":"Feature","geometry":{"type":"Point","coordinates":[20.855402,52.264707]},"properties":{"lines":"96","color":"#0059a9","mode":"bus","arr":["96"],"angle":-3.3,"extra":1}},{"type":"Feature","geometry":{"type":"Point","coordinates":[20.846383,52.265506]},"properties":{"lines":"96","color":"#0059a9","mode":"bus","arr":["96"],"angle":13.7,"extra":1}},{"type":"Feature","geometry":{"type":"Point","coordinates":[20.861127,52.269783]},"properties":{"lines":"96","color":"#0059a9","mode":"bus","arr":["96"],"angle":-63.3}},{"type":"Feature","geometry":{"type":"Point","coordinates":[20.865978,52.276019]},"properties":{"lines":"96","color":"#0059a9","mode":"bus","arr":["96"],"angle":-85}},{"type":"Feature","geometry":{"type":"Point","coordinates":[20.857594,52.265476]},"properties":{"lines":"96","color":"#0059a9","mode":"bus","arr":["96"],"angle":-63.3,"extra":1}},{"type":"Feature","geometry":{"type":"Point","coordinates":[20.858979,52.267162]},"properties":{"lines":"96","color":"#0059a9","mode":"bus","arr":["96"],"angle":-63.3,"extra":1}},{"type":"Feature","geometry":{"type":"Point","coordinates":[20.863142,52.272218]},"properties":{"lines":"96","color":"#0059a9","mode":"bus","arr":["96"],"angle":-62.7,"extra":1}},{"type":"Feature","geometry":{"type":"Point","coordinates":[20.864535,52.273902]},"properties":{"lines":"96","color":"#0059a9","mode":"bus","arr":["96"],"angle":-63.3,"extra":1}},{"type":"Feature","geometry":{"type":"Point","coordinates":[20.854554,52.279837]},"properties":{"lines":"96","color":"#0059a9","mode":"bus","arr":["96"],"angle":13.1}},{"type":"Feature","geometry":{"type":"Point","coordinates":[20.843737,52.280932]},"properties":{"lines":"96","color":"#0059a9","mode":"bus","arr":["96"],"angle":7.5,"extra":1}},{"type":"Feature","geometry":{"type":"Point","coordinates":[20.846797,52.280923]},"properties":{"lines":"96","color":"#0059a9","mode":"bus","arr":["96"],"angle":-7.8,"extra":1}},{"type":"Feature","geometry":{"type":"Point","coordinates":[20.849764,52.280963]},"properties":{"lines":"96","color":"#0059a9","mode":"bus","arr":["96"],"angle":22.1,"extra":1}},{"type":"Feature","geometry":{"type":"Point","coordinates":[20.852621,52.280265]},"properties":{"lines":"96","color":"#0059a9","mode":"bus","arr":["96"],"angle":22.1,"extra":1}},{"type":"Feature","geometry":{"type":"Point","coordinates":[20.858477,52.279174]},"properties":{"lines":"96","color":"#0059a9","mode":"bus","arr":["96"],"angle":31.7,"extra":1}},{"type":"Feature","geometry":{"type":"Point","coordinates":[20.861068,52.278157]},"properties":{"lines":"96","color":"#0059a9","mode":"bus","arr":["96"],"angle":32.1,"extra":1}},{"type":"Feature","geometry":{"type":"Point","coordinates":[20.863741,52.277226]},"properties":{"lines":"96","color":"#0059a9","mode":"bus","arr":["96"],"angle":26.4,"extra":1}},{"type":"Feature","geometry":{"type":"Point","coordinates":[20.841085,52.249988]},"properties":{"lines":"96, 97, 98","color":"#0059a9","mode":"bus","arr":["96","97","98"],"angle":-81.4}},{"type":"Feature","geometry":{"type":"Point","coordinates":[20.840635,52.248497]},"properties":{"lines":"96, 97, 98","color":"#0059a9","mode":"bus","arr":["96","97","98"],"angle":-75.6}},{"type":"Feature","geometry":{"type":"Point","coordinates":[20.838455,52.167182]},"properties":{"lines":"97","color":"#0059a9","mode":"bus","arr":["97"],"angle":-75}},{"type":"Feature","geometry":{"type":"Point","coordinates":[20.839035,52.166154]},"properties":{"lines":"97","color":"#0059a9","mode":"bus","arr":["97"],"angle":18.9}},{"type":"Feature","geometry":{"type":"Point","coordinates":[20.840335,52.167003]},"properties":{"lines":"97","color":"#0059a9","mode":"bus","arr":["97"],"angle":-78.1}},{"type":"Feature","geometry":{"type":"Point","coordinates":[20.836456,52.194519]},"properties":{"lines":"97","color":"#0059a9","mode":"bus","arr":["97"],"angle":-84.1}},{"type":"Feature","geometry":{"type":"Point","coordinates":[20.836658,52.195684]},"properties":{"lines":"97","color":"#0059a9","mode":"bus","arr":["97"],"angle":-84.6,"extra":1}},{"type":"Feature","geometry":{"type":"Point","coordinates":[20.835958,52.196512]},"properties":{"lines":"97","color":"#0059a9","mode":"bus","arr":["97"],"angle":27.3}},{"type":"Feature","geometry":{"type":"Point","coordinates":[20.834853,52.207371]},"properties":{"lines":"97","color":"#0059a9","mode":"bus","arr":["97"],"angle":-58.6}},{"type":"Feature","geometry":{"type":"Point","coordinates":[20.833881,52.199409]},"properties":{"lines":"97","color":"#0059a9","mode":"bus","arr":["97"],"angle":-89.8}},{"type":"Feature","geometry":{"type":"Point","coordinates":[20.834045,52.198046]},"properties":{"lines":"97","color":"#0059a9","mode":"bus","arr":["97"],"angle":82.2,"extra":1}},{"type":"Feature","geometry":{"type":"Point","coordinates":[20.839327,52.210403]},"properties":{"lines":"97","color":"#0059a9","mode":"bus","arr":["97"],"angle":-68.6,"extra":1}},{"type":"Feature","geometry":{"type":"Point","coordinates":[20.838178,52.208651]},"properties":{"lines":"97","color":"#0059a9","mode":"bus","arr":["97"],"angle":-66.3,"extra":1}},{"type":"Feature","geometry":{"type":"Point","coordinates":[20.834454,52.206189]},"properties":{"lines":"97","color":"#0059a9","mode":"bus","arr":["97"],"angle":-83.4,"extra":1}},{"type":"Feature","geometry":{"type":"Point","coordinates":[20.834274,52.204312]},"properties":{"lines":"97","color":"#0059a9","mode":"bus","arr":["97"],"angle":77.3,"extra":1}},{"type":"Feature","geometry":{"type":"Point","coordinates":[20.834108,52.202503]},"properties":{"lines":"97","color":"#0059a9","mode":"bus","arr":["97"],"angle":-62.8,"extra":1}},{"type":"Feature","geometry":{"type":"Point","coordinates":[20.843868,52.210789]},"properties":{"lines":"97","color":"#0059a9","mode":"bus","arr":["97"],"angle":4.3}},{"type":"Feature","geometry":{"type":"Point","coordinates":[20.841243,52.211113]},"properties":{"lines":"97","color":"#0059a9","mode":"bus","arr":["97"],"angle":11.9,"extra":1}},{"type":"Feature","geometry":{"type":"Point","coordinates":[20.847324,52.210653]},"properties":{"lines":"97","color":"#0059a9","mode":"bus","arr":["97"],"angle":7.3,"extra":1}},{"type":"Feature","geometry":{"type":"Point","coordinates":[20.848992,52.212969]},"properties":{"lines":"97","color":"#0059a9","mode":"bus","arr":["97"],"angle":-76.6}},{"type":"Feature","geometry":{"type":"Point","coordinates":[20.848425,52.211513]},"properties":{"lines":"97","color":"#0059a9","mode":"bus","arr":["97"],"angle":-76.5,"extra":1}},{"type":"Feature","geometry":{"type":"Point","coordinates":[20.849829,52.215189]},"properties":{"lines":"97","color":"#0059a9","mode":"bus","arr":["97"],"angle":-85,"extra":1}},{"type":"Feature","geometry":{"type":"Point","coordinates":[20.801003,52.221574]},"properties":{"lines":"97","color":"#0059a9","mode":"bus","arr":["97"],"angle":-82.4}},{"type":"Feature","geometry":{"type":"Point","coordinates":[20.797611,52.211626]},"properties":{"lines":"97","color":"#0059a9","mode":"bus","arr":["97"],"angle":-80.5}},{"type":"Feature","geometry":{"type":"Point","coordinates":[20.799282,52.21373]},"properties":{"lines":"97","color":"#0059a9","mode":"bus","arr":["97"],"angle":-79.6,"extra":1}},{"type":"Feature","geometry":{"type":"Point","coordinates":[20.799699,52.215601]},"properties":{"lines":"97","color":"#0059a9","mode":"bus","arr":["97"],"angle":-82.1,"extra":1}},{"type":"Feature","geometry":{"type":"Point","coordinates":[20.800105,52.217473]},"properties":{"lines":"97","color":"#0059a9","mode":"bus","arr":["97"],"angle":-82.4,"extra":1}},{"type":"Feature","geometry":{"type":"Point","coordinates":[20.800513,52.219344]},"properties":{"lines":"97","color":"#0059a9","mode":"bus","arr":["97"],"angle":-82.4,"extra":1}},{"type":"Feature","geometry":{"type":"Point","coordinates":[20.801341,52.223087]},"properties":{"lines":"97","color":"#0059a9","mode":"bus","arr":["97"],"angle":-82.6,"extra":1}},{"type":"Feature","geometry":{"type":"Point","coordinates":[20.801748,52.224959]},"properties":{"lines":"97","color":"#0059a9","mode":"bus","arr":["97"],"angle":-82.5,"extra":1}},{"type":"Feature","geometry":{"type":"Point","coordinates":[20.802146,52.226832]},"properties":{"lines":"97","color":"#0059a9","mode":"bus","arr":["97"],"angle":-82.6,"extra":1}},{"type":"Feature","geometry":{"type":"Point","coordinates":[20.802446,52.228708]},"properties":{"lines":"97","color":"#0059a9","mode":"bus","arr":["97"],"angle":89,"extra":1}},{"type":"Feature","geometry":{"type":"Point","coordinates":[20.809261,52.23168]},"properties":{"lines":"97","color":"#0059a9","mode":"bus","arr":["97"],"angle":-12.3}},{"type":"Feature","geometry":{"type":"Point","coordinates":[20.814621,52.231438]},"properties":{"lines":"97","color":"#0059a9","mode":"bus","arr":["97"],"angle":11.3,"extra":1}},{"type":"Feature","geometry":{"type":"Point","coordinates":[20.811689,52.231989]},"properties":{"lines":"97","color":"#0059a9","mode":"bus","arr":["97"],"angle":-0.5,"extra":1}},{"type":"Feature","geometry":{"type":"Point","coordinates":[20.805671,52.231214]},"properties":{"lines":"97","color":"#0059a9","mode":"bus","arr":["97"],"angle":-11.9,"extra":1}},{"type":"Feature","geometry":{"type":"Point","coordinates":[20.802666,52.230816]},"properties":{"lines":"97","color":"#0059a9","mode":"bus","arr":["97"],"angle":-12.5,"extra":1}},{"type":"Feature","geometry":{"type":"Point","coordinates":[20.889317,52.340161]},"properties":{"lines":"97","color":"#0059a9","mode":"bus","arr":["97"],"angle":27.7}},{"type":"Feature","geometry":{"type":"Point","coordinates":[20.830871,52.249682]},"properties":{"lines":"97","color":"#0059a9","mode":"bus","arr":["97"],"angle":18}},{"type":"Feature","geometry":{"type":"Point","coordinates":[20.863989,52.348315]},"properties":{"lines":"97","color":"#0059a9","mode":"bus","arr":["97"],"angle":27.6}},{"type":"Feature","geometry":{"type":"Point","coordinates":[20.867841,52.347106]},"properties":{"lines":"97","color":"#0059a9","mode":"bus","arr":["97"],"angle":25.9}},{"type":"Feature","geometry":{"type":"Point","coordinates":[20.838909,52.248083]},"properties":{"lines":"97","color":"#0059a9","mode":"bus","arr":["97"],"angle":17.9,"extra":1}},{"type":"Feature","geometry":{"type":"Point","coordinates":[20.835983,52.248664]},"properties":{"lines":"97","color":"#0059a9","mode":"bus","arr":["97"],"angle":17.6,"extra":1}},{"type":"Feature","geometry":{"type":"Point","coordinates":[20.833058,52.249247]},"properties":{"lines":"97","color":"#0059a9","mode":"bus","arr":["97"],"angle":17.9,"extra":1}},{"type":"Feature","geometry":{"type":"Point","coordinates":[20.82721,52.250415]},"properties":{"lines":"97","color":"#0059a9","mode":"bus","arr":["97"],"angle":18,"extra":1}},{"type":"Feature","geometry":{"type":"Point","coordinates":[20.824303,52.251031]},"properties":{"lines":"97","color":"#0059a9","mode":"bus","arr":["97"],"angle":21.5,"extra":1}},{"type":"Feature","geometry":{"type":"Point","coordinates":[20.862111,52.348916]},"properties":{"lines":"97","color":"#0059a9","mode":"bus","arr":["97"],"angle":27.6,"extra":1}},{"type":"Feature","geometry":{"type":"Point","coordinates":[20.903057,52.330615]},"properties":{"lines":"97","color":"#0059a9","mode":"bus","arr":["97"],"angle":55.8,"extra":1}},{"type":"Feature","geometry":{"type":"Point","coordinates":[20.901315,52.332171]},"properties":{"lines":"97","color":"#0059a9","mode":"bus","arr":["97"],"angle":55.4,"extra":1}},{"type":"Feature","geometry":{"type":"Point","coordinates":[20.899577,52.333729]},"properties":{"lines":"97","color":"#0059a9","mode":"bus","arr":["97"],"angle":55.6,"extra":1}},{"type":"Feature","geometry":{"type":"Point","coordinates":[20.897836,52.335286]},"properties":{"lines":"97","color":"#0059a9","mode":"bus","arr":["97"],"angle":55.6,"extra":1}},{"type":"Feature","geometry":{"type":"Point","coordinates":[20.896096,52.336843]},"properties":{"lines":"97","color":"#0059a9","mode":"bus","arr":["97"],"angle":55.5,"extra":1}},{"type":"Feature","geometry":{"type":"Point","coordinates":[20.894272,52.33836]},"properties":{"lines":"97","color":"#0059a9","mode":"bus","arr":["97"],"angle":45.3,"extra":1}},{"type":"Feature","geometry":{"type":"Point","coordinates":[20.89173,52.339403]},"properties":{"lines":"97","color":"#0059a9","mode":"bus","arr":["97"],"angle":28.1,"extra":1}},{"type":"Feature","geometry":{"type":"Point","coordinates":[20.886282,52.341153]},"properties":{"lines":"97","color":"#0059a9","mode":"bus","arr":["97"],"angle":27.1,"extra":1}},{"type":"Feature","geometry":{"type":"Point","coordinates":[20.883549,52.34202]},"properties":{"lines":"97","color":"#0059a9","mode":"bus","arr":["97"],"angle":28.1,"extra":1}},{"type":"Feature","geometry":{"type":"Point","coordinates":[20.880833,52.342906]},"properties":{"lines":"97","color":"#0059a9","mode":"bus","arr":["97"],"angle":28,"extra":1}},{"type":"Feature","geometry":{"type":"Point","coordinates":[20.878109,52.343781]},"properties":{"lines":"97","color":"#0059a9","mode":"bus","arr":["97"],"angle":27.4,"extra":1}},{"type":"Feature","geometry":{"type":"Point","coordinates":[20.875382,52.344654]},"properties":{"lines":"97","color":"#0059a9","mode":"bus","arr":["97"],"angle":27.9,"extra":1}},{"type":"Feature","geometry":{"type":"Point","coordinates":[20.872658,52.345531]},"properties":{"lines":"97","color":"#0059a9","mode":"bus","arr":["97"],"angle":27.5,"extra":1}},{"type":"Feature","geometry":{"type":"Point","coordinates":[20.869933,52.346406]},"properties":{"lines":"97","color":"#0059a9","mode":"bus","arr":["97"],"angle":27.5,"extra":1}},{"type":"Feature","geometry":{"type":"Point","coordinates":[20.831817,52.26095]},"properties":{"lines":"97, 98","color":"#0059a9","mode":"bus","arr":["97","98"],"angle":39.8}},{"type":"Feature","geometry":{"type":"Point","coordinates":[20.837267,52.257627]},"properties":{"lines":"97, 98","color":"#0059a9","mode":"bus","arr":["97","98"],"angle":57.2,"extra":1}},{"type":"Feature","geometry":{"type":"Point","coordinates":[20.835141,52.258985]},"properties":{"lines":"97, 98","color":"#0059a9","mode":"bus","arr":["97","98"],"angle":44.1,"extra":1}},{"type":"Feature","geometry":{"type":"Point","coordinates":[20.82807,52.2626]},"properties":{"lines":"97, 98","color":"#0059a9","mode":"bus","arr":["97","98"],"angle":35.2,"extra":1}},{"type":"Feature","geometry":{"type":"Point","coordinates":[20.82556,52.263691]},"properties":{"lines":"97, 98","color":"#0059a9","mode":"bus","arr":["97","98"],"angle":35.7,"extra":1}},{"type":"Feature","geometry":{"type":"Point","coordinates":[20.819706,52.266288]},"properties":{"lines":"97","color":"#0059a9","mode":"bus","arr":["97"],"angle":38.1}},{"type":"Feature","geometry":{"type":"Point","coordinates":[20.823057,52.264791]},"properties":{"lines":"97","color":"#0059a9","mode":"bus","arr":["97"],"angle":35.2,"extra":1}},{"type":"Feature","geometry":{"type":"Point","coordinates":[20.818192,52.267094]},"properties":{"lines":"97","color":"#0059a9","mode":"bus","arr":["97"],"angle":43.8,"extra":1}},{"type":"Feature","geometry":{"type":"Point","coordinates":[20.815976,52.268404]},"properties":{"lines":"97","color":"#0059a9","mode":"bus","arr":["97"],"angle":44,"extra":1}},{"type":"Feature","geometry":{"type":"Point","coordinates":[20.811035,52.271514]},"properties":{"lines":"97","color":"#0059a9","mode":"bus","arr":["97"],"angle":46.1}},{"type":"Feature","geometry":{"type":"Point","coordinates":[20.814457,52.269328]},"properties":{"lines":"97","color":"#0059a9","mode":"bus","arr":["97"],"angle":45.9,"extra":1}},{"type":"Feature","geometry":{"type":"Point","coordinates":[20.80804,52.273399]},"properties":{"lines":"97","color":"#0059a9","mode":"bus","arr":["97"],"angle":44.8,"extra":1}},{"type":"Feature","geometry":{"type":"Point","coordinates":[20.803462,52.278661]},"properties":{"lines":"97","color":"#0059a9","mode":"bus","arr":["97"],"angle":73.7}},{"type":"Feature","geometry":{"type":"Point","coordinates":[20.805851,52.2752]},"properties":{"lines":"97","color":"#0059a9","mode":"bus","arr":["97"],"angle":68.5,"extra":1}},{"type":"Feature","geometry":{"type":"Point","coordinates":[20.804737,52.276961]},"properties":{"lines":"97","color":"#0059a9","mode":"bus","arr":["97"],"angle":68.5,"extra":1}},{"type":"Feature","geometry":{"type":"Point","coordinates":[20.803053,52.280481]},"properties":{"lines":"97","color":"#0059a9","mode":"bus","arr":["97"],"angle":81.7,"extra":1}},{"type":"Feature","geometry":{"type":"Point","coordinates":[20.801744,52.282188]},"properties":{"lines":"97","color":"#0059a9","mode":"bus","arr":["97"],"angle":63.1,"extra":1}},{"type":"Feature","geometry":{"type":"Point","coordinates":[20.799572,52.284967]},"properties":{"lines":"97","color":"#0059a9","mode":"bus","arr":["97"],"angle":63}},{"type":"Feature","geometry":{"type":"Point","coordinates":[20.798665,52.286049]},"properties":{"lines":"97","color":"#0059a9","mode":"bus","arr":["97"],"angle":62.7,"extra":1}},{"type":"Feature","geometry":{"type":"Point","coordinates":[20.798238,52.287023]},"properties":{"lines":"97","color":"#0059a9","mode":"bus","arr":["97"],"angle":-58.8}},{"type":"Feature","geometry":{"type":"Point","coordinates":[20.899323,52.325582]},"properties":{"lines":"97","color":"#0059a9","mode":"bus","arr":["97"],"angle":-57.5}},{"type":"Feature","geometry":{"type":"Point","coordinates":[20.799137,52.291545]},"properties":{"lines":"97","color":"#0059a9","mode":"bus","arr":["97"],"angle":-80}},{"type":"Feature","geometry":{"type":"Point","coordinates":[20.80017,52.294871]},"properties":{"lines":"97","color":"#0059a9","mode":"bus","arr":["97"],"angle":-78.2,"extra":1}},{"type":"Feature","geometry":{"type":"Point","coordinates":[20.799567,52.293019]},"properties":{"lines":"97","color":"#0059a9","mode":"bus","arr":["97"],"angle":-78.9,"extra":1}},{"type":"Feature","geometry":{"type":"Point","coordinates":[20.798421,52.289308]},"properties":{"lines":"97","color":"#0059a9","mode":"bus","arr":["97"],"angle":-79.1,"extra":1}},{"type":"Feature","geometry":{"type":"Point","coordinates":[20.797847,52.287453]},"properties":{"lines":"97","color":"#0059a9","mode":"bus","arr":["97"],"angle":-82.6,"extra":1}},{"type":"Feature","geometry":{"type":"Point","coordinates":[20.860995,52.289025]},"properties":{"lines":"97","color":"#0059a9","mode":"bus","arr":["97"],"angle":6.3}},{"type":"Feature","geometry":{"type":"Point","coordinates":[20.837166,52.291072]},"properties":{"lines":"97","color":"#0059a9","mode":"bus","arr":["97"],"angle":-2.2}},{"type":"Feature","geometry":{"type":"Point","coordinates":[20.875063,52.287474]},"properties":{"lines":"97","color":"#0059a9","mode":"bus","arr":["97"],"angle":11.8,"extra":1}},{"type":"Feature","geometry":{"type":"Point","coordinates":[20.872075,52.28792]},"properties":{"lines":"97","color":"#0059a9","mode":"bus","arr":["97"],"angle":11.3,"extra":1}},{"type":"Feature","geometry":{"type":"Point","coordinates":[20.869061,52.28828]},"properties":{"lines":"97","color":"#0059a9","mode":"bus","arr":["97"],"angle":20.2,"extra":1}},{"type":"Feature","geometry":{"type":"Point","coordinates":[20.866085,52.288691]},"properties":{"lines":"97","color":"#0059a9","mode":"bus","arr":["97"],"angle":6.7,"extra":1}},{"type":"Feature","geometry":{"type":"Point","coordinates":[20.863027,52.288893]},"properties":{"lines":"97","color":"#0059a9","mode":"bus","arr":["97"],"angle":5.7,"extra":1}},{"type":"Feature","geometry":{"type":"Point","coordinates":[20.85752,52.290254]},"properties":{"lines":"97","color":"#0059a9","mode":"bus","arr":["97"],"angle":39.9,"extra":1}},{"type":"Feature","geometry":{"type":"Point","coordinates":[20.855173,52.291473]},"properties":{"lines":"97","color":"#0059a9","mode":"bus","arr":["97"],"angle":39.1,"extra":1}},{"type":"Feature","geometry":{"type":"Point","coordinates":[20.852421,52.292268]},"properties":{"lines":"97","color":"#0059a9","mode":"bus","arr":["97"],"angle":14,"extra":1}},{"type":"Feature","geometry":{"type":"Point","coordinates":[20.849439,52.292729]},"properties":{"lines":"97","color":"#0059a9","mode":"bus","arr":["97"],"angle":14.2,"extra":1}},{"type":"Feature","geometry":{"type":"Point","coordinates":[20.845307,52.292638]},"properties":{"lines":"97","color":"#0059a9","mode":"bus","arr":["97"],"angle":-22.3,"extra":1}},{"type":"Feature","geometry":{"type":"Point","coordinates":[20.842463,52.29192]},"properties":{"lines":"97","color":"#0059a9","mode":"bus","arr":["97"],"angle":-22.3,"extra":1}},{"type":"Feature","geometry":{"type":"Point","coordinates":[20.839614,52.291211]},"properties":{"lines":"97","color":"#0059a9","mode":"bus","arr":["97"],"angle":-16.5,"extra":1}},{"type":"Feature","geometry":{"type":"Point","coordinates":[20.833485,52.290961]},"properties":{"lines":"97","color":"#0059a9","mode":"bus","arr":["97"],"angle":-2.8,"extra":1}},{"type":"Feature","geometry":{"type":"Point","coordinates":[20.830413,52.290872]},"properties":{"lines":"97","color":"#0059a9","mode":"bus","arr":["97"],"angle":-2.7,"extra":1}},{"type":"Feature","geometry":{"type":"Point","coordinates":[20.827344,52.290824]},"properties":{"lines":"97","color":"#0059a9","mode":"bus","arr":["97"],"angle":13,"extra":1}},{"type":"Feature","geometry":{"type":"Point","coordinates":[20.879411,52.296474]},"properties":{"lines":"97","color":"#0059a9","mode":"bus","arr":["97"],"angle":-56.9}},{"type":"Feature","geometry":{"type":"Point","coordinates":[20.876626,52.288198]},"properties":{"lines":"97","color":"#0059a9","mode":"bus","arr":["97"],"angle":-87.3,"extra":1}},{"type":"Feature","geometry":{"type":"Point","coordinates":[20.876812,52.290083]},"properties":{"lines":"97","color":"#0059a9","mode":"bus","arr":["97"],"angle":-86.3,"extra":1}},{"type":"Feature","geometry":{"type":"Point","coordinates":[20.877006,52.291968]},"properties":{"lines":"97","color":"#0059a9","mode":"bus","arr":["97"],"angle":-86.6,"extra":1}},{"type":"Feature","geometry":{"type":"Point","coordinates":[20.877206,52.293852]},"properties":{"lines":"97","color":"#0059a9","mode":"bus","arr":["97"],"angle":-81.2,"extra":1}},{"type":"Feature","geometry":{"type":"Point","coordinates":[20.881113,52.298906]},"properties":{"lines":"97","color":"#0059a9","mode":"bus","arr":["97"],"angle":-70.2,"extra":1}},{"type":"Feature","geometry":{"type":"Point","coordinates":[20.881317,52.300699]},"properties":{"lines":"97","color":"#0059a9","mode":"bus","arr":["97"],"angle":-76.8,"extra":1}},{"type":"Feature","geometry":{"type":"Point","coordinates":[20.882631,52.302405]},"properties":{"lines":"97","color":"#0059a9","mode":"bus","arr":["97"],"angle":-63.2,"extra":1}},{"type":"Feature","geometry":{"type":"Point","coordinates":[20.883722,52.30415]},"properties":{"lines":"97","color":"#0059a9","mode":"bus","arr":["97"],"angle":-82,"extra":1}},{"type":"Feature","geometry":{"type":"Point","coordinates":[20.883085,52.309833]},"properties":{"lines":"97","color":"#0059a9","mode":"bus","arr":["97"],"angle":85.6}},{"type":"Feature","geometry":{"type":"Point","coordinates":[20.882221,52.316273]},"properties":{"lines":"97","color":"#0059a9","mode":"bus","arr":["97"],"angle":86.1}},{"type":"Feature","geometry":{"type":"Point","coordinates":[20.883567,52.306307]},"properties":{"lines":"97","color":"#0059a9","mode":"bus","arr":["97"],"angle":85.3,"extra":1}},{"type":"Feature","geometry":{"type":"Point","coordinates":[20.883307,52.308189]},"properties":{"lines":"97","color":"#0059a9","mode":"bus","arr":["97"],"angle":85.1,"extra":1}},{"type":"Feature","geometry":{"type":"Point","coordinates":[20.8828,52.311953]},"properties":{"lines":"97","color":"#0059a9","mode":"bus","arr":["97"],"angle":85.3,"extra":1}},{"type":"Feature","geometry":{"type":"Point","coordinates":[20.882545,52.313835]},"properties":{"lines":"97","color":"#0059a9","mode":"bus","arr":["97"],"angle":85.2,"extra":1}},{"type":"Feature","geometry":{"type":"Point","coordinates":[20.882817,52.319792]},"properties":{"lines":"97","color":"#0059a9","mode":"bus","arr":["97"],"angle":-75.9}},{"type":"Feature","geometry":{"type":"Point","coordinates":[20.882924,52.318475]},"properties":{"lines":"97","color":"#0059a9","mode":"bus","arr":["97"],"angle":-52,"extra":1}},{"type":"Feature","geometry":{"type":"Point","coordinates":[20.884663,52.321706]},"properties":{"lines":"97","color":"#0059a9","mode":"bus","arr":["97"],"angle":-59.2,"extra":1}},{"type":"Feature","geometry":{"type":"Point","coordinates":[20.887665,52.320908]},"properties":{"lines":"97","color":"#0059a9","mode":"bus","arr":["97"],"angle":30.8}},{"type":"Feature","geometry":{"type":"Point","coordinates":[20.890782,52.320231]},"properties":{"lines":"97","color":"#0059a9","mode":"bus","arr":["97"],"angle":-59.3}},{"type":"Feature","geometry":{"type":"Point","coordinates":[20.898469,52.32484]},"properties":{"lines":"97","color":"#0059a9","mode":"bus","arr":["97"],"angle":-58.6}},{"type":"Feature","geometry":{"type":"Point","coordinates":[20.892901,52.320872]},"properties":{"lines":"97","color":"#0059a9","mode":"bus","arr":["97"],"angle":-15.7}},{"type":"Feature","geometry":{"type":"Point","coordinates":[20.90271,52.328995]},"properties":{"lines":"97","color":"#0059a9","mode":"bus","arr":["97"],"angle":-46.6}},{"type":"Feature","geometry":{"type":"Point","coordinates":[20.901033,52.327368]},"properties":{"lines":"97","color":"#0059a9","mode":"bus","arr":["97"],"angle":-52.1,"extra":1}},{"type":"Feature","geometry":{"type":"Point","coordinates":[20.896015,52.322444]},"properties":{"lines":"97","color":"#0059a9","mode":"bus","arr":["97"],"angle":-43.4,"extra":1}},{"type":"Feature","geometry":{"type":"Point","coordinates":[20.860726,52.349309]},"properties":{"lines":"97","color":"#0059a9","mode":"bus","arr":["97"],"angle":76.9}},{"type":"Feature","geometry":{"type":"Point","coordinates":[20.853857,52.345354]},"properties":{"lines":"97","color":"#0059a9","mode":"bus","arr":["97"],"angle":-73.4}},{"type":"Feature","geometry":{"type":"Point","coordinates":[20.846355,52.34218]},"properties":{"lines":"97","color":"#0059a9","mode":"bus","arr":["97"],"angle":-70,"extra":1}},{"type":"Feature","geometry":{"type":"Point","coordinates":[20.848862,52.343235]},"properties":{"lines":"97","color":"#0059a9","mode":"bus","arr":["97"],"angle":-30.7,"extra":1}},{"type":"Feature","geometry":{"type":"Point","coordinates":[20.851512,52.344192]},"properties":{"lines":"97","color":"#0059a9","mode":"bus","arr":["97"],"angle":-29.9,"extra":1}},{"type":"Feature","geometry":{"type":"Point","coordinates":[20.855388,52.346485]},"properties":{"lines":"97","color":"#0059a9","mode":"bus","arr":["97"],"angle":14.8,"extra":1}},{"type":"Feature","geometry":{"type":"Point","coordinates":[20.858361,52.346002]},"properties":{"lines":"97","color":"#0059a9","mode":"bus","arr":["97"],"angle":14.9,"extra":1}},{"type":"Feature","geometry":{"type":"Point","coordinates":[20.859921,52.347062]},"properties":{"lines":"97","color":"#0059a9","mode":"bus","arr":["97"],"angle":-80.9,"extra":1}},{"type":"Feature","geometry":{"type":"Point","coordinates":[20.800865,52.209047]},"properties":{"lines":"97","color":"#0059a9","mode":"bus","arr":["97"],"angle":-82.5}},{"type":"Feature","geometry":{"type":"Point","coordinates":[20.800101,52.207881]},"properties":{"lines":"97","color":"#0059a9","mode":"bus","arr":["97"],"angle":3.3}},{"type":"Feature","geometry":{"type":"Point","coordinates":[20.817567,52.210787]},"properties":{"lines":"97","color":"#0059a9","mode":"bus","arr":["97"],"angle":89.9}},{"type":"Feature","geometry":{"type":"Point","coordinates":[20.843638,52.24755]},"properties":{"lines":"98","color":"#0059a9","mode":"bus","arr":["98"],"angle":20.7}},{"type":"Feature","geometry":{"type":"Point","coordinates":[20.812974,52.312395]},"properties":{"lines":"98","color":"#0059a9","mode":"bus","arr":["98"],"angle":22.3}},{"type":"Feature","geometry":{"type":"Point","coordinates":[20.808682,52.303492]},"properties":{"lines":"98","color":"#0059a9","mode":"bus","arr":["98"],"angle":-68.5}},{"type":"Feature","geometry":{"type":"Point","coordinates":[20.813056,52.311342]},"properties":{"lines":"98","color":"#0059a9","mode":"bus","arr":["98"],"angle":-68.8,"extra":1}},{"type":"Feature","geometry":{"type":"Point","coordinates":[20.811942,52.309582]},"properties":{"lines":"98","color":"#0059a9","mode":"bus","arr":["98"],"angle":-68.4,"extra":1}},{"type":"Feature","geometry":{"type":"Point","coordinates":[20.810931,52.307805]},"properties":{"lines":"98","color":"#0059a9","mode":"bus","arr":["98"],"angle":-80.8,"extra":1}},{"type":"Feature","geometry":{"type":"Point","coordinates":[20.810204,52.305976]},"properties":{"lines":"98","color":"#0059a9","mode":"bus","arr":["98"],"angle":-70.6,"extra":1}},{"type":"Feature","geometry":{"type":"Point","coordinates":[20.807106,52.300641]},"properties":{"lines":"98","color":"#0059a9","mode":"bus","arr":["98"],"angle":-73.5,"extra":1}},{"type":"Feature","geometry":{"type":"Point","coordinates":[20.806135,52.29885]},"properties":{"lines":"98","color":"#0059a9","mode":"bus","arr":["98"],"angle":-71.1,"extra":1}},{"type":"Feature","geometry":{"type":"Point","coordinates":[20.805047,52.297085]},"properties":{"lines":"98","color":"#0059a9","mode":"bus","arr":["98"],"angle":-65.8,"extra":1}},{"type":"Feature","geometry":{"type":"Point","coordinates":[20.804048,52.295303]},"properties":{"lines":"98","color":"#0059a9","mode":"bus","arr":["98"],"angle":-74.1,"extra":1}},{"type":"Feature","geometry":{"type":"Point","coordinates":[20.834038,52.27189]},"properties":{"lines":"98","color":"#0059a9","mode":"bus","arr":["98"],"angle":-68.5}},{"type":"Feature","geometry":{"type":"Point","coordinates":[20.83448,52.2806]},"properties":{"lines":"98","color":"#0059a9","mode":"bus","arr":["98"],"angle":88.3,"extra":1}},{"type":"Feature","geometry":{"type":"Point","coordinates":[20.834592,52.278713]},"properties":{"lines":"98","color":"#0059a9","mode":"bus","arr":["98"],"angle":87.9,"extra":1}},{"type":"Feature","geometry":{"type":"Point","coordinates":[20.834706,52.276826]},"properties":{"lines":"98","color":"#0059a9","mode":"bus","arr":["98"],"angle":87.9,"extra":1}},{"type":"Feature","geometry":{"type":"Point","coordinates":[20.834821,52.274938]},"properties":{"lines":"98","color":"#0059a9","mode":"bus","arr":["98"],"angle":87.9,"extra":1}},{"type":"Feature","geometry":{"type":"Point","coordinates":[20.834781,52.273059]},"properties":{"lines":"98","color":"#0059a9","mode":"bus","arr":["98"],"angle":-73.7,"extra":1}},{"type":"Feature","geometry":{"type":"Point","coordinates":[20.831809,52.269782]},"properties":{"lines":"98","color":"#0059a9","mode":"bus","arr":["98"],"angle":-54.2,"extra":1}},{"type":"Feature","geometry":{"type":"Point","coordinates":[20.830036,52.268239]},"properties":{"lines":"98","color":"#0059a9","mode":"bus","arr":["98"],"angle":-56.9,"extra":1}},{"type":"Feature","geometry":{"type":"Point","coordinates":[20.828104,52.266791]},"properties":{"lines":"98","color":"#0059a9","mode":"bus","arr":["98"],"angle":-44.9,"extra":1}},{"type":"Feature","geometry":{"type":"Point","coordinates":[20.826011,52.265408]},"properties":{"lines":"98","color":"#0059a9","mode":"bus","arr":["98"],"angle":-47.7,"extra":1}},{"type":"Feature","geometry":{"type":"Point","coordinates":[20.644458,52.110358]},"properties":{"lines":"C1","color":"#0059a9","mode":"bus","arr":["C1"],"angle":-29.1}},{"type":"Feature","geometry":{"type":"Point","coordinates":[20.786243,52.14563]},"properties":{"lines":"Z67","color":"#0059a9","mode":"bus","arr":["Z67"],"angle":-14.4}},{"type":"Feature","geometry":{"type":"Point","coordinates":[20.790105,52.151438]},"properties":{"lines":"Z67","color":"#0059a9","mode":"bus","arr":["Z67"],"angle":-77.8}},{"type":"Feature","geometry":{"type":"Point","coordinates":[20.789836,52.149237]},"properties":{"lines":"Z67","color":"#0059a9","mode":"bus","arr":["Z67"],"angle":-89.3,"extra":1}},{"type":"Feature","geometry":{"type":"Point","coordinates":[20.789488,52.147373]},"properties":{"lines":"Z67","color":"#0059a9","mode":"bus","arr":["Z67"],"angle":-68.5,"extra":1}},{"type":"Feature","geometry":{"type":"Point","coordinates":[20.78153,52.145611]},"properties":{"lines":"Z67","color":"#0059a9","mode":"bus","arr":["Z67"],"angle":2.2,"extra":1}},{"type":"Feature","geometry":{"type":"Point","coordinates":[20.778482,52.145488]},"properties":{"lines":"Z67","color":"#0059a9","mode":"bus","arr":["Z67"],"angle":-18.3,"extra":1}},{"type":"Feature","geometry":{"type":"Point","coordinates":[20.777879,52.145495]},"properties":{"lines":"Z67","color":"#0059a9","mode":"bus","arr":["Z67"],"angle":-30.1}},{"type":"Feature","geometry":{"type":"Point","coordinates":[20.772547,52.142065]},"properties":{"lines":"Z67","color":"#0059a9","mode":"bus","arr":["Z67"],"angle":-62.6}},{"type":"Feature","geometry":{"type":"Point","coordinates":[20.776118,52.144551]},"properties":{"lines":"Z67","color":"#0059a9","mode":"bus","arr":["Z67"],"angle":-42.6,"extra":1}},{"type":"Feature","geometry":{"type":"Point","coordinates":[20.773851,52.143276]},"properties":{"lines":"Z67","color":"#0059a9","mode":"bus","arr":["Z67"],"angle":-46.2,"extra":1}},{"type":"Feature","geometry":{"type":"Point","coordinates":[20.770666,52.140054]},"properties":{"lines":"Z67","color":"#0059a9","mode":"bus","arr":["Z67"],"angle":-59,"extra":1}},{"type":"Feature","geometry":{"type":"Point","coordinates":[20.769076,52.138438]},"properties":{"lines":"Z67","color":"#0059a9","mode":"bus","arr":["Z67"],"angle":-58.8,"extra":1}},{"type":"Feature","geometry":{"type":"Point","coordinates":[20.772313,52.134536]},"properties":{"lines":"Z67","color":"#0059a9","mode":"bus","arr":["Z67"],"angle":78}},{"type":"Feature","geometry":{"type":"Point","coordinates":[20.770339,52.137896]},"properties":{"lines":"Z67","color":"#0059a9","mode":"bus","arr":["Z67"],"angle":30.1,"extra":1}},{"type":"Feature","geometry":{"type":"Point","coordinates":[20.77169,52.136356]},"properties":{"lines":"Z67","color":"#0059a9","mode":"bus","arr":["Z67"],"angle":78.3,"extra":1}},{"type":"Feature","geometry":{"type":"Point","coordinates":[20.773077,52.13269]},"properties":{"lines":"Z67","color":"#0059a9","mode":"bus","arr":["Z67"],"angle":57.7,"extra":1}},{"type":"Feature","geometry":{"type":"Point","coordinates":[20.774894,52.131166]},"properties":{"lines":"Z67","color":"#0059a9","mode":"bus","arr":["Z67"],"angle":53.4,"extra":1}},{"type":"Feature","geometry":{"type":"Point","coordinates":[20.772333,52.128942]},"properties":{"lines":"Z67","color":"#0059a9","mode":"bus","arr":["Z67"],"angle":-36}},{"type":"Feature","geometry":{"type":"Point","coordinates":[20.774443,52.129884]},"properties":{"lines":"Z67","color":"#0059a9","mode":"bus","arr":["Z67"],"angle":-36,"extra":1}},{"type":"Feature","geometry":{"type":"Point","coordinates":[20.769451,52.127678]},"properties":{"lines":"Z67","color":"#0059a9","mode":"bus","arr":["Z67"],"angle":-35.1,"extra":1}},{"type":"Feature","geometry":{"type":"Point","coordinates":[20.769342,52.126483]},"properties":{"lines":"Z67","color":"#0059a9","mode":"bus","arr":["Z67"],"angle":73.4}},{"type":"Feature","geometry":{"type":"Point","coordinates":[20.770585,52.125185]},"properties":{"lines":"Z67","color":"#0059a9","mode":"bus","arr":["Z67"],"angle":56.8,"extra":1}},{"type":"Feature","geometry":{"type":"Point","coordinates":[20.768516,52.128689]},"properties":{"lines":"Z67","color":"#0059a9","mode":"bus","arr":["Z67"],"angle":77.5,"extra":1}},{"type":"Feature","geometry":{"type":"Point","coordinates":[20.769493,52.124169]},"properties":{"lines":"Z67","color":"#0059a9","mode":"bus","arr":["Z67"],"angle":4.8}},{"type":"Feature","geometry":{"type":"Point","coordinates":[20.769239,52.124407]},"properties":{"lines":"Z67","color":"#0059a9","mode":"bus","arr":["Z67"],"angle":61.3}},{"type":"Feature","geometry":{"type":"Point","coordinates":[20.766992,52.124936]},"properties":{"lines":"Z67","color":"#0059a9","mode":"bus","arr":["Z67"],"angle":54.6}},{"type":"Feature","geometry":{"type":"Point","coordinates":[20.764322,52.12478]},"properties":{"lines":"Z67","color":"#0059a9","mode":"bus","arr":["Z67"],"angle":-35.9}},{"type":"Feature","geometry":{"type":"Point","coordinates":[20.76257,52.124009]},"properties":{"lines":"Z67","color":"#0059a9","mode":"bus","arr":["Z67"],"angle":-35.7,"extra":1}},{"type":"Feature","geometry":{"type":"Point","coordinates":[20.77146,52.130204]},"properties":{"lines":"Z67","color":"#0059a9","mode":"bus","arr":["Z67"],"angle":-35.9}},{"type":"Feature","geometry":{"type":"Point","coordinates":[20.769703,52.129422]},"properties":{"lines":"Z67","color":"#0059a9","mode":"bus","arr":["Z67"],"angle":-36.1,"extra":1}},{"type":"Feature","geometry":{"type":"Point","coordinates":[20.723396,52.054736]},"properties":{"lines":"32, 33","color":"#0059a9","mode":"bus","arr":["32","33"],"angle":12.6}},{"type":"Feature","geometry":{"type":"Point","coordinates":[20.723903,52.054983]},"properties":{"lines":"32, 33, 51","color":"#0059a9","mode":"bus","arr":["32","33","51"],"angle":0.5}},{"type":"Feature","geometry":{"type":"Point","coordinates":[20.726107,52.05497]},"properties":{"lines":"32, 33, 51","color":"#0059a9","mode":"bus","arr":["32","33","51"],"angle":0.5,"extra":1}},{"type":"Feature","geometry":{"type":"Point","coordinates":[20.66892,52.027445]},"properties":{"lines":"83","color":"#0059a9","mode":"bus","arr":["83"],"angle":-2.9}},{"type":"Feature","geometry":{"type":"Point","coordinates":[20.818325,52.163379]},"properties":{"lines":"WKD","color":"#A518A3","mode":"tram","arr":["WKD"],"metro":1,"angle":-59.2}},{"type":"Feature","geometry":{"type":"Point","coordinates":[20.629829,52.10106]},"properties":{"lines":"WKD","color":"#A518A3","mode":"tram","arr":["WKD"],"metro":1,"angle":-27.7,"extra":1}},{"type":"Feature","geometry":{"type":"Point","coordinates":[20.632523,52.101967]},"properties":{"lines":"WKD","color":"#A518A3","mode":"tram","arr":["WKD"],"metro":1,"angle":-26.6,"extra":1}},{"type":"Feature","geometry":{"type":"Point","coordinates":[20.635271,52.102815]},"properties":{"lines":"WKD","color":"#A518A3","mode":"tram","arr":["WKD"],"metro":1,"angle":-27.6,"extra":1}},{"type":"Feature","geometry":{"type":"Point","coordinates":[20.637994,52.103692]},"properties":{"lines":"WKD","color":"#A518A3","mode":"tram","arr":["WKD"],"metro":1,"angle":-27.7,"extra":1}},{"type":"Feature","geometry":{"type":"Point","coordinates":[20.64076,52.104511]},"properties":{"lines":"WKD","color":"#A518A3","mode":"tram","arr":["WKD"],"metro":1,"angle":-18.3,"extra":1}},{"type":"Feature","geometry":{"type":"Point","coordinates":[20.643794,52.104719]},"properties":{"lines":"WKD","color":"#A518A3","mode":"tram","arr":["WKD"],"metro":1,"angle":5.7,"extra":1}},{"type":"Feature","geometry":{"type":"Point","coordinates":[20.646708,52.104158]},"properties":{"lines":"WKD","color":"#A518A3","mode":"tram","arr":["WKD"],"metro":1,"angle":27.3,"extra":1}},{"type":"Feature","geometry":{"type":"Point","coordinates":[20.649425,52.103274]},"properties":{"lines":"WKD","color":"#A518A3","mode":"tram","arr":["WKD"],"metro":1,"angle":27.9,"extra":1}},{"type":"Feature","geometry":{"type":"Point","coordinates":[20.652142,52.102389]},"properties":{"lines":"WKD","color":"#A518A3","mode":"tram","arr":["WKD"],"metro":1,"angle":27.9,"extra":1}},{"type":"Feature","geometry":{"type":"Point","coordinates":[20.654859,52.101505]},"properties":{"lines":"WKD","color":"#A518A3","mode":"tram","arr":["WKD"],"metro":1,"angle":27.9,"extra":1}},{"type":"Feature","geometry":{"type":"Point","coordinates":[20.657687,52.100783]},"properties":{"lines":"WKD","color":"#A518A3","mode":"tram","arr":["WKD"],"metro":1,"angle":12.1,"extra":1}},{"type":"Feature","geometry":{"type":"Point","coordinates":[20.66074,52.10078]},"properties":{"lines":"WKD","color":"#A518A3","mode":"tram","arr":["WKD"],"metro":1,"angle":-11.8,"extra":1}},{"type":"Feature","geometry":{"type":"Point","coordinates":[20.663633,52.101411]},"properties":{"lines":"WKD","color":"#A518A3","mode":"tram","arr":["WKD"],"metro":1,"angle":-21.8,"extra":1}},{"type":"Feature","geometry":{"type":"Point","coordinates":[20.666488,52.102112]},"properties":{"lines":"WKD","color":"#A518A3","mode":"tram","arr":["WKD"],"metro":1,"angle":-21.8,"extra":1}},{"type":"Feature","geometry":{"type":"Point","coordinates":[20.669343,52.102814]},"properties":{"lines":"WKD","color":"#A518A3","mode":"tram","arr":["WKD"],"metro":1,"angle":-21.8,"extra":1}},{"type":"Feature","geometry":{"type":"Point","coordinates":[20.672199,52.103514]},"properties":{"lines":"WKD","color":"#A518A3","mode":"tram","arr":["WKD"],"metro":1,"angle":-21.8,"extra":1}},{"type":"Feature","geometry":{"type":"Point","coordinates":[20.675054,52.104216]},"properties":{"lines":"WKD","color":"#A518A3","mode":"tram","arr":["WKD"],"metro":1,"angle":-21.8,"extra":1}},{"type":"Feature","geometry":{"type":"Point","coordinates":[20.67791,52.104917]},"properties":{"lines":"WKD","color":"#A518A3","mode":"tram","arr":["WKD"],"metro":1,"angle":-21.8,"extra":1}},{"type":"Feature","geometry":{"type":"Point","coordinates":[20.680766,52.105617]},"properties":{"lines":"WKD","color":"#A518A3","mode":"tram","arr":["WKD"],"metro":1,"angle":-21.8,"extra":1}},{"type":"Feature","geometry":{"type":"Point","coordinates":[20.683621,52.106318]},"properties":{"lines":"WKD","color":"#A518A3","mode":"tram","arr":["WKD"],"metro":1,"angle":-21.8,"extra":1}},{"type":"Feature","geometry":{"type":"Point","coordinates":[20.686477,52.107019]},"properties":{"lines":"WKD","color":"#A518A3","mode":"tram","arr":["WKD"],"metro":1,"angle":-21.8,"extra":1}},{"type":"Feature","geometry":{"type":"Point","coordinates":[20.689332,52.10772]},"properties":{"lines":"WKD","color":"#A518A3","mode":"tram","arr":["WKD"],"metro":1,"angle":-21.8,"extra":1}},{"type":"Feature","geometry":{"type":"Point","coordinates":[20.692188,52.108421]},"properties":{"lines":"WKD","color":"#A518A3","mode":"tram","arr":["WKD"],"metro":1,"angle":-21.8,"extra":1}},{"type":"Feature","geometry":{"type":"Point","coordinates":[20.695028,52.109143]},"properties":{"lines":"WKD","color":"#A518A3","mode":"tram","arr":["WKD"],"metro":1,"angle":-27.3,"extra":1}},{"type":"Feature","geometry":{"type":"Point","coordinates":[20.697393,52.110329]},"properties":{"lines":"WKD","color":"#A518A3","mode":"tram","arr":["WKD"],"metro":1,"angle":-51,"extra":1}},{"type":"Feature","geometry":{"type":"Point","coordinates":[20.699091,52.111902]},"properties":{"lines":"WKD","color":"#A518A3","mode":"tram","arr":["WKD"],"metro":1,"angle":-57.9,"extra":1}},{"type":"Feature","geometry":{"type":"Point","coordinates":[20.700722,52.113503]},"properties":{"lines":"WKD","color":"#A518A3","mode":"tram","arr":["WKD"],"metro":1,"angle":-58,"extra":1}},{"type":"Feature","geometry":{"type":"Point","coordinates":[20.702354,52.115103]},"properties":{"lines":"WKD","color":"#A518A3","mode":"tram","arr":["WKD"],"metro":1,"angle":-57.9,"extra":1}},{"type":"Feature","geometry":{"type":"Point","coordinates":[20.703986,52.116704]},"properties":{"lines":"WKD","color":"#A518A3","mode":"tram","arr":["WKD"],"metro":1,"angle":-57.9,"extra":1}},{"type":"Feature","geometry":{"type":"Point","coordinates":[20.705756,52.118246]},"properties":{"lines":"WKD","color":"#A518A3","mode":"tram","arr":["WKD"],"metro":1,"angle":-49.2,"extra":1}},{"type":"Feature","geometry":{"type":"Point","coordinates":[20.707994,52.119535]},"properties":{"lines":"WKD","color":"#A518A3","mode":"tram","arr":["WKD"],"metro":1,"angle":-37.1,"extra":1}},{"type":"Feature","geometry":{"type":"Point","coordinates":[20.710628,52.120503]},"properties":{"lines":"WKD","color":"#A518A3","mode":"tram","arr":["WKD"],"metro":1,"angle":-24.8,"extra":1}},{"type":"Feature","geometry":{"type":"Point","coordinates":[20.713537,52.121104]},"properties":{"lines":"WKD","color":"#A518A3","mode":"tram","arr":["WKD"],"metro":1,"angle":-12.3,"extra":1}},{"type":"Feature","geometry":{"type":"Point","coordinates":[20.716564,52.121437]},"properties":{"lines":"WKD","color":"#A518A3","mode":"tram","arr":["WKD"],"metro":1,"angle":-9.9,"extra":1}},{"type":"Feature","geometry":{"type":"Point","coordinates":[20.719593,52.121762]},"properties":{"lines":"WKD","color":"#A518A3","mode":"tram","arr":["WKD"],"metro":1,"angle":-9.8,"extra":1}},{"type":"Feature","geometry":{"type":"Point","coordinates":[20.722624,52.122081]},"properties":{"lines":"WKD","color":"#A518A3","mode":"tram","arr":["WKD"],"metro":1,"angle":-9.8,"extra":1}},{"type":"Feature","geometry":{"type":"Point","coordinates":[20.725653,52.122407]},"properties":{"lines":"WKD","color":"#A518A3","mode":"tram","arr":["WKD"],"metro":1,"angle":-9.9,"extra":1}},{"type":"Feature","geometry":{"type":"Point","coordinates":[20.728683,52.122729]},"properties":{"lines":"WKD","color":"#A518A3","mode":"tram","arr":["WKD"],"metro":1,"angle":-9.8,"extra":1}},{"type":"Feature","geometry":{"type":"Point","coordinates":[20.731713,52.123051]},"properties":{"lines":"WKD","color":"#A518A3","mode":"tram","arr":["WKD"],"metro":1,"angle":-9.8,"extra":1}},{"type":"Feature","geometry":{"type":"Point","coordinates":[20.734743,52.123373]},"properties":{"lines":"WKD","color":"#A518A3","mode":"tram","arr":["WKD"],"metro":1,"angle":-9.8,"extra":1}},{"type":"Feature","geometry":{"type":"Point","coordinates":[20.737773,52.123695]},"properties":{"lines":"WKD","color":"#A518A3","mode":"tram","arr":["WKD"],"metro":1,"angle":-9.7,"extra":1}},{"type":"Feature","geometry":{"type":"Point","coordinates":[20.740803,52.124017]},"properties":{"lines":"WKD","color":"#A518A3","mode":"tram","arr":["WKD"],"metro":1,"angle":-9.7,"extra":1}},{"type":"Feature","geometry":{"type":"Point","coordinates":[20.743833,52.124338]},"properties":{"lines":"WKD","color":"#A518A3","mode":"tram","arr":["WKD"],"metro":1,"angle":-9.8,"extra":1}},{"type":"Feature","geometry":{"type":"Point","coordinates":[20.746863,52.12466]},"properties":{"lines":"WKD","color":"#A518A3","mode":"tram","arr":["WKD"],"metro":1,"angle":-9.8,"extra":1}},{"type":"Feature","geometry":{"type":"Point","coordinates":[20.749894,52.124981]},"properties":{"lines":"WKD","color":"#A518A3","mode":"tram","arr":["WKD"],"metro":1,"angle":-9.8,"extra":1}},{"type":"Feature","geometry":{"type":"Point","coordinates":[20.752924,52.125303]},"properties":{"lines":"WKD","color":"#A518A3","mode":"tram","arr":["WKD"],"metro":1,"angle":-9.8,"extra":1}},{"type":"Feature","geometry":{"type":"Point","coordinates":[20.755954,52.125625]},"properties":{"lines":"WKD","color":"#A518A3","mode":"tram","arr":["WKD"],"metro":1,"angle":-9.8,"extra":1}},{"type":"Feature","geometry":{"type":"Point","coordinates":[20.758984,52.125945]},"properties":{"lines":"WKD","color":"#A518A3","mode":"tram","arr":["WKD"],"metro":1,"angle":-10.2,"extra":1}},{"type":"Feature","geometry":{"type":"Point","coordinates":[20.761944,52.126446]},"properties":{"lines":"WKD","color":"#A518A3","mode":"tram","arr":["WKD"],"metro":1,"angle":-21.1,"extra":1}},{"type":"Feature","geometry":{"type":"Point","coordinates":[20.76467,52.127311]},"properties":{"lines":"WKD","color":"#A518A3","mode":"tram","arr":["WKD"],"metro":1,"angle":-33.5,"extra":1}},{"type":"Feature","geometry":{"type":"Point","coordinates":[20.767162,52.128418]},"properties":{"lines":"WKD","color":"#A518A3","mode":"tram","arr":["WKD"],"metro":1,"angle":-36.3,"extra":1}},{"type":"Feature","geometry":{"type":"Point","coordinates":[20.769643,52.129533]},"properties":{"lines":"WKD","color":"#A518A3","mode":"tram","arr":["WKD"],"metro":1,"angle":-36.2,"extra":1}},{"type":"Feature","geometry":{"type":"Point","coordinates":[20.772124,52.130649]},"properties":{"lines":"WKD","color":"#A518A3","mode":"tram","arr":["WKD"],"metro":1,"angle":-36.3,"extra":1}},{"type":"Feature","geometry":{"type":"Point","coordinates":[20.774603,52.131766]},"properties":{"lines":"WKD","color":"#A518A3","mode":"tram","arr":["WKD"],"metro":1,"angle":-36.2,"extra":1}},{"type":"Feature","geometry":{"type":"Point","coordinates":[20.777084,52.132882]},"properties":{"lines":"WKD","color":"#A518A3","mode":"tram","arr":["WKD"],"metro":1,"angle":-36.2,"extra":1}},{"type":"Feature","geometry":{"type":"Point","coordinates":[20.779565,52.133998]},"properties":{"lines":"WKD","color":"#A518A3","mode":"tram","arr":["WKD"],"metro":1,"angle":-36.2,"extra":1}},{"type":"Feature","geometry":{"type":"Point","coordinates":[20.782046,52.135114]},"properties":{"lines":"WKD","color":"#A518A3","mode":"tram","arr":["WKD"],"metro":1,"angle":-36.2,"extra":1}},{"type":"Feature","geometry":{"type":"Point","coordinates":[20.784526,52.13623]},"properties":{"lines":"WKD","color":"#A518A3","mode":"tram","arr":["WKD"],"metro":1,"angle":-36.3,"extra":1}},{"type":"Feature","geometry":{"type":"Point","coordinates":[20.787008,52.137345]},"properties":{"lines":"WKD","color":"#A518A3","mode":"tram","arr":["WKD"],"metro":1,"angle":-36.2,"extra":1}},{"type":"Feature","geometry":{"type":"Point","coordinates":[20.789493,52.138458]},"properties":{"lines":"WKD","color":"#A518A3","mode":"tram","arr":["WKD"],"metro":1,"angle":-35.5,"extra":1}},{"type":"Feature","geometry":{"type":"Point","coordinates":[20.792135,52.139418]},"properties":{"lines":"WKD","color":"#A518A3","mode":"tram","arr":["WKD"],"metro":1,"angle":-26.2,"extra":1}},{"type":"Feature","geometry":{"type":"Point","coordinates":[20.794889,52.140259]},"properties":{"lines":"WKD","color":"#A518A3","mode":"tram","arr":["WKD"],"metro":1,"angle":-26.5,"extra":1}},{"type":"Feature","geometry":{"type":"Point","coordinates":[20.797643,52.141099]},"properties":{"lines":"WKD","color":"#A518A3","mode":"tram","arr":["WKD"],"metro":1,"angle":-26.4,"extra":1}},{"type":"Feature","geometry":{"type":"Point","coordinates":[20.800398,52.141938]},"properties":{"lines":"WKD","color":"#A518A3","mode":"tram","arr":["WKD"],"metro":1,"angle":-26.4,"extra":1}},{"type":"Feature","geometry":{"type":"Point","coordinates":[20.803152,52.142777]},"properties":{"lines":"WKD","color":"#A518A3","mode":"tram","arr":["WKD"],"metro":1,"angle":-26.4,"extra":1}},{"type":"Feature","geometry":{"type":"Point","coordinates":[20.805908,52.143615]},"properties":{"lines":"WKD","color":"#A518A3","mode":"tram","arr":["WKD"],"metro":1,"angle":-26.3,"extra":1}},{"type":"Feature","geometry":{"type":"Point","coordinates":[20.80866,52.144459]},"properties":{"lines":"WKD","color":"#A518A3","mode":"tram","arr":["WKD"],"metro":1,"angle":-28.5,"extra":1}},{"type":"Feature","geometry":{"type":"Point","coordinates":[20.810757,52.145789]},"properties":{"lines":"WKD","color":"#A518A3","mode":"tram","arr":["WKD"],"metro":1,"angle":-65.8,"extra":1}},{"type":"Feature","geometry":{"type":"Point","coordinates":[20.811309,52.147638]},"properties":{"lines":"WKD","color":"#A518A3","mode":"tram","arr":["WKD"],"metro":1,"angle":-84,"extra":1}},{"type":"Feature","geometry":{"type":"Point","coordinates":[20.811632,52.149516]},"properties":{"lines":"WKD","color":"#A518A3","mode":"tram","arr":["WKD"],"metro":1,"angle":-83.9,"extra":1}},{"type":"Feature","geometry":{"type":"Point","coordinates":[20.811954,52.151395]},"properties":{"lines":"WKD","color":"#A518A3","mode":"tram","arr":["WKD"],"metro":1,"angle":-84,"extra":1}},{"type":"Feature","geometry":{"type":"Point","coordinates":[20.812435,52.153255]},"properties":{"lines":"WKD","color":"#A518A3","mode":"tram","arr":["WKD"],"metro":1,"angle":-71.9,"extra":1}},{"type":"Feature","geometry":{"type":"Point","coordinates":[20.813793,52.154946]},"properties":{"lines":"WKD","color":"#A518A3","mode":"tram","arr":["WKD"],"metro":1,"angle":-61.1,"extra":1}},{"type":"Feature","geometry":{"type":"Point","coordinates":[20.815216,52.156619]},"properties":{"lines":"WKD","color":"#A518A3","mode":"tram","arr":["WKD"],"metro":1,"angle":-69.5,"extra":1}},{"type":"Feature","geometry":{"type":"Point","coordinates":[20.815524,52.15848]},"properties":{"lines":"WKD","color":"#A518A3","mode":"tram","arr":["WKD"],"metro":1,"angle":86.4,"extra":1}},{"type":"Feature","geometry":{"type":"Point","coordinates":[20.815652,52.160356]},"properties":{"lines":"WKD","color":"#A518A3","mode":"tram","arr":["WKD"],"metro":1,"angle":-74.6,"extra":1}},{"type":"Feature","geometry":{"type":"Point","coordinates":[20.817023,52.162038]},"properties":{"lines":"WKD","color":"#A518A3","mode":"tram","arr":["WKD"],"metro":1,"angle":-59.2,"extra":1}},{"type":"Feature","geometry":{"type":"Point","coordinates":[20.820173,52.165282]},"properties":{"lines":"WKD","color":"#A518A3","mode":"tram","arr":["WKD"],"metro":1,"angle":-59.2,"extra":1}},{"type":"Feature","geometry":{"type":"Point","coordinates":[20.821747,52.166904]},"properties":{"lines":"WKD","color":"#A518A3","mode":"tram","arr":["WKD"],"metro":1,"angle":-59.2,"extra":1}},{"type":"Feature","geometry":{"type":"Point","coordinates":[20.823087,52.1686]},"properties":{"lines":"WKD","color":"#A518A3","mode":"tram","arr":["WKD"],"metro":1,"angle":-70.6,"extra":1}},{"type":"Feature","geometry":{"type":"Point","coordinates":[20.824443,52.170275]},"properties":{"lines":"WKD","color":"#A518A3","mode":"tram","arr":["WKD"],"metro":1,"angle":-46.7,"extra":1}},{"type":"Feature","geometry":{"type":"Point","coordinates":[20.827136,52.171106]},"properties":{"lines":"WKD","color":"#A518A3","mode":"tram","arr":["WKD"],"metro":1,"angle":-7.3,"extra":1}},{"type":"Feature","geometry":{"type":"Point","coordinates":[20.830209,52.171158]},"properties":{"lines":"WKD","color":"#A518A3","mode":"tram","arr":["WKD"],"metro":1,"angle":-0.9,"extra":1}},{"type":"Feature","geometry":{"type":"Point","coordinates":[20.833283,52.171188]},"properties":{"lines":"WKD","color":"#A518A3","mode":"tram","arr":["WKD"],"metro":1,"angle":-0.9,"extra":1}},{"type":"Feature","geometry":{"type":"Point","coordinates":[20.836319,52.17097]},"properties":{"lines":"WKD","color":"#A518A3","mode":"tram","arr":["WKD"],"metro":1,"angle":18.1,"extra":1}},{"type":"Feature","geometry":{"type":"Point","coordinates":[20.839056,52.170118]},"properties":{"lines":"WKD","color":"#A518A3","mode":"tram","arr":["WKD"],"metro":1,"angle":29.7,"extra":1}},{"type":"Feature","geometry":{"type":"Point","coordinates":[20.841735,52.169191]},"properties":{"lines":"WKD","color":"#A518A3","mode":"tram","arr":["WKD"],"metro":1,"angle":25.6,"extra":1}},{"type":"Feature","geometry":{"type":"Point","coordinates":[20.844702,52.16875]},"properties":{"lines":"WKD","color":"#A518A3","mode":"tram","arr":["WKD"],"metro":1,"angle":1.6,"extra":1}},{"type":"Feature","geometry":{"type":"Point","coordinates":[20.84774,52.169002]},"properties":{"lines":"WKD","color":"#A518A3","mode":"tram","arr":["WKD"],"metro":1,"angle":-11.3,"extra":1}},{"type":"Feature","geometry":{"type":"Point","coordinates":[20.850756,52.169372]},"properties":{"lines":"WKD","color":"#A518A3","mode":"tram","arr":["WKD"],"metro":1,"angle":-11.3,"extra":1}},{"type":"Feature","geometry":{"type":"Point","coordinates":[20.853772,52.169741]},"properties":{"lines":"WKD","color":"#A518A3","mode":"tram","arr":["WKD"],"metro":1,"angle":-11.3,"extra":1}},{"type":"Feature","geometry":{"type":"Point","coordinates":[20.856788,52.17011]},"properties":{"lines":"WKD","color":"#A518A3","mode":"tram","arr":["WKD"],"metro":1,"angle":-11.3,"extra":1}},{"type":"Feature","geometry":{"type":"Point","coordinates":[20.859804,52.170478]},"properties":{"lines":"WKD","color":"#A518A3","mode":"tram","arr":["WKD"],"metro":1,"angle":-11.3,"extra":1}},{"type":"Feature","geometry":{"type":"Point","coordinates":[20.86282,52.170846]},"properties":{"lines":"WKD","color":"#A518A3","mode":"tram","arr":["WKD"],"metro":1,"angle":-11.3,"extra":1}},{"type":"Feature","geometry":{"type":"Point","coordinates":[20.865777,52.171353]},"properties":{"lines":"WKD","color":"#A518A3","mode":"tram","arr":["WKD"],"metro":1,"angle":-21.4,"extra":1}},{"type":"Feature","geometry":{"type":"Point","coordinates":[20.868614,52.172082]},"properties":{"lines":"WKD","color":"#A518A3","mode":"tram","arr":["WKD"],"metro":1,"angle":-22.8,"extra":1}},{"type":"Feature","geometry":{"type":"Point","coordinates":[20.871449,52.172813]},"properties":{"lines":"WKD","color":"#A518A3","mode":"tram","arr":["WKD"],"metro":1,"angle":-22.7,"extra":1}},{"type":"Feature","geometry":{"type":"Point","coordinates":[20.874285,52.173543]},"properties":{"lines":"WKD","color":"#A518A3","mode":"tram","arr":["WKD"],"metro":1,"angle":-22.7,"extra":1}},{"type":"Feature","geometry":{"type":"Point","coordinates":[20.877121,52.174273]},"properties":{"lines":"WKD","color":"#A518A3","mode":"tram","arr":["WKD"],"metro":1,"angle":-22.8,"extra":1}},{"type":"Feature","geometry":{"type":"Point","coordinates":[20.879956,52.175005]},"properties":{"lines":"WKD","color":"#A518A3","mode":"tram","arr":["WKD"],"metro":1,"angle":-22.8,"extra":1}},{"type":"Feature","geometry":{"type":"Point","coordinates":[20.882791,52.175736]},"properties":{"lines":"WKD","color":"#A518A3","mode":"tram","arr":["WKD"],"metro":1,"angle":-22.7,"extra":1}},{"type":"Feature","geometry":{"type":"Point","coordinates":[20.885627,52.176466]},"properties":{"lines":"WKD","color":"#A518A3","mode":"tram","arr":["WKD"],"metro":1,"angle":-22.7,"extra":1}},{"type":"Feature","geometry":{"type":"Point","coordinates":[20.888462,52.177198]},"properties":{"lines":"WKD","color":"#A518A3","mode":"tram","arr":["WKD"],"metro":1,"angle":-22.8,"extra":1}},{"type":"Feature","geometry":{"type":"Point","coordinates":[20.891297,52.17793]},"properties":{"lines":"WKD","color":"#A518A3","mode":"tram","arr":["WKD"],"metro":1,"angle":-22.6,"extra":1}},{"type":"Feature","geometry":{"type":"Point","coordinates":[20.894135,52.178658]},"properties":{"lines":"WKD","color":"#A518A3","mode":"tram","arr":["WKD"],"metro":1,"angle":-22.8,"extra":1}},{"type":"Feature","geometry":{"type":"Point","coordinates":[20.89697,52.179388]},"properties":{"lines":"WKD","color":"#A518A3","mode":"tram","arr":["WKD"],"metro":1,"angle":-22.8,"extra":1}},{"type":"Feature","geometry":{"type":"Point","coordinates":[20.899806,52.180119]},"properties":{"lines":"WKD","color":"#A518A3","mode":"tram","arr":["WKD"],"metro":1,"angle":-22.8,"extra":1}},{"type":"Feature","geometry":{"type":"Point","coordinates":[20.902642,52.180849]},"properties":{"lines":"WKD","color":"#A518A3","mode":"tram","arr":["WKD"],"metro":1,"angle":-22.8,"extra":1}},{"type":"Feature","geometry":{"type":"Point","coordinates":[20.905478,52.181579]},"properties":{"lines":"WKD","color":"#A518A3","mode":"tram","arr":["WKD"],"metro":1,"angle":-22.7,"extra":1}},{"type":"Feature","geometry":{"type":"Point","coordinates":[20.908314,52.182309]},"properties":{"lines":"WKD","color":"#A518A3","mode":"tram","arr":["WKD"],"metro":1,"angle":-22.7,"extra":1}},{"type":"Feature","geometry":{"type":"Point","coordinates":[20.911151,52.183038]},"properties":{"lines":"WKD","color":"#A518A3","mode":"tram","arr":["WKD"],"metro":1,"angle":-22.7,"extra":1}},{"type":"Feature","geometry":{"type":"Point","coordinates":[20.913987,52.183768]},"properties":{"lines":"WKD","color":"#A518A3","mode":"tram","arr":["WKD"],"metro":1,"angle":-22.7,"extra":1}},{"type":"Feature","geometry":{"type":"Point","coordinates":[20.916823,52.184498]},"properties":{"lines":"WKD","color":"#A518A3","mode":"tram","arr":["WKD"],"metro":1,"angle":-22.7,"extra":1}},{"type":"Feature","geometry":{"type":"Point","coordinates":[20.91966,52.185227]},"properties":{"lines":"WKD","color":"#A518A3","mode":"tram","arr":["WKD"],"metro":1,"angle":-22.7,"extra":1}},{"type":"Feature","geometry":{"type":"Point","coordinates":[20.922496,52.185957]},"properties":{"lines":"WKD","color":"#A518A3","mode":"tram","arr":["WKD"],"metro":1,"angle":-22.7,"extra":1}},{"type":"Feature","geometry":{"type":"Point","coordinates":[20.925313,52.186713]},"properties":{"lines":"WKD","color":"#A518A3","mode":"tram","arr":["WKD"],"metro":1,"angle":-29.2,"extra":1}},{"type":"Feature","geometry":{"type":"Point","coordinates":[20.927613,52.187946]},"properties":{"lines":"WKD","color":"#A518A3","mode":"tram","arr":["WKD"],"metro":1,"angle":-51.3,"extra":1}},{"type":"Feature","geometry":{"type":"Point","coordinates":[20.929502,52.189436]},"properties":{"lines":"WKD","color":"#A518A3","mode":"tram","arr":["WKD"],"metro":1,"angle":-52.1,"extra":1}},{"type":"Feature","geometry":{"type":"Point","coordinates":[20.93139,52.190927]},"properties":{"lines":"WKD","color":"#A518A3","mode":"tram","arr":["WKD"],"metro":1,"angle":-52.2,"extra":1}},{"type":"Feature","geometry":{"type":"Point","coordinates":[20.933277,52.192418]},"properties":{"lines":"WKD","color":"#A518A3","mode":"tram","arr":["WKD"],"metro":1,"angle":-52.2,"extra":1}},{"type":"Feature","geometry":{"type":"Point","coordinates":[20.935162,52.193911]},"properties":{"lines":"WKD","color":"#A518A3","mode":"tram","arr":["WKD"],"metro":1,"angle":-52.3,"extra":1}},{"type":"Feature","geometry":{"type":"Point","coordinates":[20.937048,52.195402]},"properties":{"lines":"WKD","color":"#A518A3","mode":"tram","arr":["WKD"],"metro":1,"angle":-52.2,"extra":1}},{"type":"Feature","geometry":{"type":"Point","coordinates":[20.938935,52.196893]},"properties":{"lines":"WKD","color":"#A518A3","mode":"tram","arr":["WKD"],"metro":1,"angle":-52.2,"extra":1}},{"type":"Feature","geometry":{"type":"Point","coordinates":[20.940777,52.198404]},"properties":{"lines":"WKD","color":"#A518A3","mode":"tram","arr":["WKD"],"metro":1,"angle":-57.2,"extra":1}},{"type":"Feature","geometry":{"type":"Point","coordinates":[20.942393,52.200011]},"properties":{"lines":"WKD","color":"#A518A3","mode":"tram","arr":["WKD"],"metro":1,"angle":-58.5,"extra":1}},{"type":"Feature","geometry":{"type":"Point","coordinates":[20.94394,52.201641]},"properties":{"lines":"WKD","color":"#A518A3","mode":"tram","arr":["WKD"],"metro":1,"angle":-68,"extra":1}},{"type":"Feature","geometry":{"type":"Point","coordinates":[20.944066,52.20349]},"properties":{"lines":"WKD","color":"#A518A3","mode":"tram","arr":["WKD"],"metro":1,"angle":73.1,"extra":1}},{"type":"Feature","geometry":{"type":"Point","coordinates":[20.942568,52.205132]},"properties":{"lines":"WKD","color":"#A518A3","mode":"tram","arr":["WKD"],"metro":1,"angle":57.5,"extra":1}},{"type":"Feature","geometry":{"type":"Point","coordinates":[20.940856,52.2067]},"properties":{"lines":"WKD","color":"#A518A3","mode":"tram","arr":["WKD"],"metro":1,"angle":56.1,"extra":1}},{"type":"Feature","geometry":{"type":"Point","coordinates":[20.939305,52.20833]},"properties":{"lines":"WKD","color":"#A518A3","mode":"tram","arr":["WKD"],"metro":1,"angle":63.9,"extra":1}},{"type":"Feature","geometry":{"type":"Point","coordinates":[20.938808,52.210164]},"properties":{"lines":"WKD","color":"#A518A3","mode":"tram","arr":["WKD"],"metro":1,"angle":-82.1,"extra":1}},{"type":"Feature","geometry":{"type":"Point","coordinates":[20.939674,52.211974]},"properties":{"lines":"WKD","color":"#A518A3","mode":"tram","arr":["WKD"],"metro":1,"angle":-70,"extra":1}},{"type":"Feature","geometry":{"type":"Point","coordinates":[20.941389,52.213515]},"properties":{"lines":"WKD","color":"#A518A3","mode":"tram","arr":["WKD"],"metro":1,"angle":-40.5,"extra":1}},{"type":"Feature","geometry":{"type":"Point","coordinates":[20.944138,52.214311]},"properties":{"lines":"WKD","color":"#A518A3","mode":"tram","arr":["WKD"],"metro":1,"angle":-9.9,"extra":1}},{"type":"Feature","geometry":{"type":"Point","coordinates":[20.947208,52.214368]},"properties":{"lines":"WKD","color":"#A518A3","mode":"tram","arr":["WKD"],"metro":1,"angle":0.1,"extra":1}},{"type":"Feature","geometry":{"type":"Point","coordinates":[20.950283,52.214362]},"properties":{"lines":"WKD","color":"#A518A3","mode":"tram","arr":["WKD"],"metro":1,"angle":0.1,"extra":1}},{"type":"Feature","geometry":{"type":"Point","coordinates":[20.953348,52.21444]},"properties":{"lines":"WKD","color":"#A518A3","mode":"tram","arr":["WKD"],"metro":1,"angle":-12.6,"extra":1}},{"type":"Feature","geometry":{"type":"Point","coordinates":[20.955996,52.215349]},"properties":{"lines":"WKD","color":"#A518A3","mode":"tram","arr":["WKD"],"metro":1,"angle":-45.8,"extra":1}},{"type":"Feature","geometry":{"type":"Point","coordinates":[20.957589,52.216953]},"properties":{"lines":"WKD","color":"#A518A3","mode":"tram","arr":["WKD"],"metro":1,"angle":-62,"extra":1}},{"type":"Feature","geometry":{"type":"Point","coordinates":[20.959685,52.218291]},"properties":{"lines":"WKD","color":"#A518A3","mode":"tram","arr":["WKD"],"metro":1,"angle":-27.6,"extra":1}},{"type":"Feature","geometry":{"type":"Point","coordinates":[20.962579,52.218925]},"properties":{"lines":"WKD","color":"#A518A3","mode":"tram","arr":["WKD"],"metro":1,"angle":-16,"extra":1}},{"type":"Feature","geometry":{"type":"Point","coordinates":[20.965555,52.219393]},"properties":{"lines":"WKD","color":"#A518A3","mode":"tram","arr":["WKD"],"metro":1,"angle":-18.4,"extra":1}},{"type":"Feature","geometry":{"type":"Point","coordinates":[20.968388,52.220118]},"properties":{"lines":"WKD","color":"#A518A3","mode":"tram","arr":["WKD"],"metro":1,"angle":-29.6,"extra":1}},{"type":"Feature","geometry":{"type":"Point","coordinates":[20.971139,52.220945]},"properties":{"lines":"WKD","color":"#A518A3","mode":"tram","arr":["WKD"],"metro":1,"angle":-19.1,"extra":1}},{"type":"Feature","geometry":{"type":"Point","coordinates":[20.973941,52.221716]},"properties":{"lines":"WKD","color":"#A518A3","mode":"tram","arr":["WKD"],"metro":1,"angle":-19.6,"extra":1}},{"type":"Feature","geometry":{"type":"Point","coordinates":[20.976813,52.222387]},"properties":{"lines":"WKD","color":"#A518A3","mode":"tram","arr":["WKD"],"metro":1,"angle":-25.4,"extra":1}},{"type":"Feature","geometry":{"type":"Point","coordinates":[20.979653,52.223108]},"properties":{"lines":"WKD","color":"#A518A3","mode":"tram","arr":["WKD"],"metro":1,"angle":-21.1,"extra":1}},{"type":"Feature","geometry":{"type":"Point","coordinates":[20.982524,52.223785]},"properties":{"lines":"WKD","color":"#A518A3","mode":"tram","arr":["WKD"],"metro":1,"angle":-21,"extra":1}},{"type":"Feature","geometry":{"type":"Point","coordinates":[20.985395,52.224461]},"properties":{"lines":"WKD","color":"#A518A3","mode":"tram","arr":["WKD"],"metro":1,"angle":-20.9,"extra":1}},{"type":"Feature","geometry":{"type":"Point","coordinates":[20.988284,52.225108]},"properties":{"lines":"WKD","color":"#A518A3","mode":"tram","arr":["WKD"],"metro":1,"angle":-19.4,"extra":1}},{"type":"Feature","geometry":{"type":"Point","coordinates":[20.991167,52.225763]},"properties":{"lines":"WKD","color":"#A518A3","mode":"tram","arr":["WKD"],"metro":1,"angle":-20.5,"extra":1}},{"type":"Feature","geometry":{"type":"Point","coordinates":[20.994085,52.226357]},"properties":{"lines":"WKD","color":"#A518A3","mode":"tram","arr":["WKD"],"metro":1,"angle":-17.4,"extra":1}},{"type":"Feature","geometry":{"type":"Point","coordinates":[20.997003,52.226953]},"properties":{"lines":"WKD","color":"#A518A3","mode":"tram","arr":["WKD"],"metro":1,"angle":-18.9,"extra":1}},{"type":"Feature","geometry":{"type":"Point","coordinates":[20.999909,52.227572]},"properties":{"lines":"WKD","color":"#A518A3","mode":"tram","arr":["WKD"],"metro":1,"angle":-21.5,"extra":1}}]}