{"type":"FeatureCollection","features":[{"type":"Feature","geometry":{"type":"Point","coordinates":[20.621456,52.110782]},"properties":{"name":"Grodzisk Maz. Traugutta Dw. PKP","lines":"0, 13, 15, 24, 25, 26, 27, 92, 93","arr":["0","13","15","24","25","26","27","92","93"],"terminus":1,"mode":"bus","color":"#0059a9","colorDark":"#00294f","angle":-101.8,"snapDist":4,"label":1}},{"type":"Feature","geometry":{"type":"Point","coordinates":[20.620869,52.11431]},"properties":{"name":"Grodzisk Maz. Traugutta Przychodnia","lines":"0, 13, 15, 24, 25, 26, 27","arr":["0","13","15","24","25","26","27"],"terminus":0,"mode":"bus","color":"#0059a9","colorDark":"#00294f","angle":83.8,"snapDist":4,"label":1}},{"type":"Feature","geometry":{"type":"Point","coordinates":[20.623342,52.115054]},"properties":{"name":"Grodzisk Maz. DSI Malwa","lines":"0, 13, 15, 18, 24, 25, 26, 27","arr":["0","13","15","18","24","25","26","27"],"terminus":0,"mode":"bus","color":"#0059a9","colorDark":"#00294f","angle":201.4,"snapDist":6,"label":1}},{"type":"Feature","geometry":{"type":"Point","coordinates":[20.629302,52.10948]},"properties":{"name":"Grodzisk Maz. Mediateka","lines":"0, 13, 16, 17, 18, 24, 25, 26, 29, 31, 45, 46, C1","arr":["0","13","16","17","18","24","25","26","29","31","45","46","C1"],"terminus":0,"mode":"bus","color":"#0059a9","colorDark":"#00294f","angle":328.4,"snapDist":6,"label":1}},{"type":"Feature","geometry":{"type":"Point","coordinates":[20.622352,52.109664]},"properties":{"name":"Grodzisk Maz. Dw. PKP","lines":"0, 13, 16, 17, 18, 21, 22, 23, 24, 25, 26, 28, 29, 30, 31, 32, 33, 34, 45, 46, 63, 82, C1","arr":["0","13","16","17","18","21","22","23","24","25","26","28","29","30","31","32","33","34","45","46","63","82","C1"],"terminus":1,"mode":"bus","color":"#0059a9","colorDark":"#00294f","angle":331.3,"snapDist":4,"label":1}},{"type":"Feature","geometry":{"type":"Point","coordinates":[20.622545,52.107696]},"properties":{"name":"Grodzisk Maz. Zondka","lines":"0, 13, 16, 17, 18, 21, 22, 23, 24, 25, 26, 28, 29, 30, 31, 32, 33, 34, 45, 46, 63, 82, C1","arr":["0","13","16","17","18","21","22","23","24","25","26","28","29","30","31","32","33","34","45","46","63","82","C1"],"terminus":0,"mode":"bus","color":"#0059a9","colorDark":"#00294f","angle":172.1,"snapDist":7,"label":1}},{"type":"Feature","geometry":{"type":"Point","coordinates":[20.625249,52.106613]},"properties":{"name":"Grodzisk Maz. Kościuszki","lines":"0, 13, 16, 17, 21, 22, 23, 26, 28, 29, 30, 31, 32, 33, 34, 46, 63, 82, C1","arr":["0","13","16","17","21","22","23","26","28","29","30","31","32","33","34","46","63","82","C1"],"terminus":0,"mode":"bus","color":"#0059a9","colorDark":"#00294f","angle":258.6,"snapDist":3,"label":1}},{"type":"Feature","geometry":{"type":"Point","coordinates":[20.621649,52.104065]},"properties":{"name":"Grodzisk Maz. Kościół Św. Anny","lines":"0, 17, 20, 21, 22, 82","arr":["0","17","20","21","22","82"],"terminus":0,"mode":"bus","color":"#0059a9","colorDark":"#00294f","angle":353.7,"snapDist":8,"label":1}},{"type":"Feature","geometry":{"type":"Point","coordinates":[20.614133,52.101621]},"properties":{"name":"Grodzisk Maz. Żyrardowska","lines":"0, 17, 20, 21, 22","arr":["0","17","20","21","22"],"terminus":1,"mode":"bus","color":"#0059a9","colorDark":"#00294f","angle":331.5,"snapDist":7,"label":1}},{"type":"Feature","geometry":{"type":"Point","coordinates":[20.612373,52.097983]},"properties":{"name":"Grodzisk Maz. Chełmońskiego PKS","lines":"0, 17, 22, 28","arr":["0","17","22","28"],"terminus":1,"mode":"bus","color":"#0059a9","colorDark":"#00294f","angle":274.4,"snapDist":10,"label":1}},{"type":"Feature","geometry":{"type":"Point","coordinates":[20.617725,52.095808]},"properties":{"name":"Grodzisk Maz. Szpital / Kołłątaja","lines":"0, 13, 16, 17, 20, 26, 28, 29, 46, 82","arr":["0","13","16","17","20","26","28","29","46","82"],"terminus":0,"mode":"bus","color":"#0059a9","colorDark":"#00294f","angle":87.6,"snapDist":6,"label":1}},{"type":"Feature","geometry":{"type":"Point","coordinates":[20.622425,52.097021]},"properties":{"name":"Grodzisk Maz. Mokronoskich","lines":"0, 13, 16, 17, 20, 21, 23, 26, 28, 29, 31, 46, 63","arr":["0","13","16","17","20","21","23","26","28","29","31","46","63"],"terminus":0,"mode":"bus","color":"#0059a9","colorDark":"#00294f","angle":178.3,"snapDist":3,"label":1}},{"type":"Feature","geometry":{"type":"Point","coordinates":[20.626802,52.100026]},"properties":{"name":"Grodzisk Maz. Spokojna / Radońska","lines":"0, 13, 16, 17, 20, 21, 26, 28, 29, 46, C1","arr":["0","13","16","17","20","21","26","28","29","46","C1"],"terminus":0,"mode":"bus","color":"#0059a9","colorDark":"#00294f","angle":144,"snapDist":7,"label":1}},{"type":"Feature","geometry":{"type":"Point","coordinates":[20.633318,52.097155]},"properties":{"name":"Grodzisk Maz. Akacjowa","lines":"0, 30, C1","arr":["0","30","C1"],"terminus":0,"mode":"bus","color":"#0059a9","colorDark":"#00294f","angle":-126.2,"snapDist":4,"label":1}},{"type":"Feature","geometry":{"type":"Point","coordinates":[20.637615,52.097828]},"properties":{"name":"Grodzisk Maz. Batorego","lines":"0","arr":["0"],"terminus":0,"mode":"bus","color":"#0059a9","colorDark":"#00294f","angle":168.4,"snapDist":8,"label":1}},{"type":"Feature","geometry":{"type":"Point","coordinates":[20.644862,52.100644]},"properties":{"name":"Grodzisk Maz. Łowcza","lines":"0, 29","arr":["0","29"],"terminus":0,"mode":"bus","color":"#0059a9","colorDark":"#00294f","angle":151.1,"snapDist":6,"label":1}},{"type":"Feature","geometry":{"type":"Point","coordinates":[20.649599,52.102244]},"properties":{"name":"Grodzisk Maz. Os. Piaskowa","lines":"0, 29","arr":["0","29"],"terminus":0,"mode":"bus","color":"#0059a9","colorDark":"#00294f","angle":151.2,"snapDist":4,"label":1}},{"type":"Feature","geometry":{"type":"Point","coordinates":[20.65316,52.103445]},"properties":{"name":"Grodzisk Maz. Piaskowa WKD","lines":"0, 29","arr":["0","29"],"terminus":0,"mode":"bus","color":"#0059a9","colorDark":"#00294f","angle":151.3,"snapDist":4,"label":1}},{"type":"Feature","geometry":{"type":"Point","coordinates":[20.652951,52.105423]},"properties":{"name":"Grodzisk Maz. Chłopickiego","lines":"0, 17, 29, 46","arr":["0","17","29","46"],"terminus":0,"mode":"bus","color":"#0059a9","colorDark":"#00294f","angle":60.4,"snapDist":5,"label":1}},{"type":"Feature","geometry":{"type":"Point","coordinates":[20.65098,52.107647]},"properties":{"name":"Grodzisk Maz. Czarnieckiego","lines":"0, 17, 29, 46","arr":["0","17","29","46"],"terminus":0,"mode":"bus","color":"#0059a9","colorDark":"#00294f","angle":62.4,"snapDist":4,"label":1}},{"type":"Feature","geometry":{"type":"Point","coordinates":[20.649302,52.109492]},"properties":{"name":"Grodzisk Maz. Na Laski","lines":"0, 17, 29, 46","arr":["0","17","29","46"],"terminus":0,"mode":"bus","color":"#0059a9","colorDark":"#00294f","angle":58.4,"snapDist":7,"label":1}},{"type":"Feature","geometry":{"type":"Point","coordinates":[20.64673,52.112098]},"properties":{"name":"Grodzisk Maz. Teligi","lines":"0, 17, 29, 46, C1","arr":["0","17","29","46","C1"],"terminus":0,"mode":"bus","color":"#0059a9","colorDark":"#00294f","angle":58.9,"snapDist":7,"label":1}},{"type":"Feature","geometry":{"type":"Point","coordinates":[20.643845,52.114137]},"properties":{"name":"Grodzisk Maz. Czeremchowa","lines":"0, 15, 16, 17, 29, 31, 45, 46, C1","arr":["0","15","16","17","29","31","45","46","C1"],"terminus":0,"mode":"bus","color":"#0059a9","colorDark":"#00294f","angle":333.9,"snapDist":5,"label":1}},{"type":"Feature","geometry":{"type":"Point","coordinates":[20.637986,52.112652]},"properties":{"name":"Grodzisk Maz. Deotymy","lines":"0, 15, 16, 17, 29, 31, 45, 46, C1","arr":["0","15","16","17","29","31","45","46","C1"],"terminus":0,"mode":"bus","color":"#0059a9","colorDark":"#00294f","angle":331.1,"snapDist":5,"label":1}},{"type":"Feature","geometry":{"type":"Point","coordinates":[20.639087,52.108306]},"properties":{"name":"Grodzisk Maz. Kopernika II","lines":"0, 15, 16, 17, 27, 29, 45, 46, C1","arr":["0","15","16","17","27","29","45","46","C1"],"terminus":0,"mode":"bus","color":"#0059a9","colorDark":"#00294f","angle":330.1,"snapDist":5,"label":1}},{"type":"Feature","geometry":{"type":"Point","coordinates":[20.634506,52.107152]},"properties":{"name":"Grodzisk Maz. Kopernika I","lines":"0, 15, 16, 17, 27, 29, 45, 46, C1","arr":["0","15","16","17","27","29","45","46","C1"],"terminus":0,"mode":"bus","color":"#0059a9","colorDark":"#00294f","angle":346.9,"snapDist":5,"label":1}},{"type":"Feature","geometry":{"type":"Point","coordinates":[20.631075,52.109072]},"properties":{"name":"Grodzisk Maz. Okulickiego / 3 Maja","lines":"0, 15, 16, 17, 27, 29, 45, 46, C1","arr":["0","15","16","17","27","29","45","46","C1"],"terminus":0,"mode":"bus","color":"#0059a9","colorDark":"#00294f","angle":61.9,"snapDist":8,"label":1}},{"type":"Feature","geometry":{"type":"Point","coordinates":[20.628083,52.109021]},"properties":{"name":"Grodzisk Maz. Mediateka","lines":"0, 13, 16, 17, 18, 24, 25, 26, 29, 31, 45, 46","arr":["0","13","16","17","18","24","25","26","29","31","45","46"],"terminus":0,"mode":"bus","color":"#0059a9","colorDark":"#00294f","angle":148.6,"snapDist":2,"label":0}},{"type":"Feature","geometry":{"type":"Point","coordinates":[20.630974,52.109187]},"properties":{"name":"Grodzisk Maz. Okulickiego / 3 Maja","lines":"0, 15, 16, 17, 27, 29, 45, 46","arr":["0","15","16","17","27","29","45","46"],"terminus":0,"mode":"bus","color":"#0059a9","colorDark":"#00294f","angle":241.8,"snapDist":6,"label":0}},{"type":"Feature","geometry":{"type":"Point","coordinates":[20.63569,52.107343]},"properties":{"name":"Grodzisk Maz. Kopernika I","lines":"0, 15, 16, 17, 27, 29, 45, 46","arr":["0","15","16","17","27","29","45","46"],"terminus":0,"mode":"bus","color":"#0059a9","colorDark":"#00294f","angle":164.9,"snapDist":3,"label":0}},{"type":"Feature","geometry":{"type":"Point","coordinates":[20.639361,52.108402]},"properties":{"name":"Grodzisk Maz. Kopernika II","lines":"0, 15, 16, 17, 27, 29, 45, 46","arr":["0","15","16","17","27","29","45","46"],"terminus":0,"mode":"bus","color":"#0059a9","colorDark":"#00294f","angle":150.1,"snapDist":3,"label":0}},{"type":"Feature","geometry":{"type":"Point","coordinates":[20.637622,52.112528]},"properties":{"name":"Grodzisk Maz. Deotymy","lines":"0, 15, 16, 17, 29, 31, 45, 46","arr":["0","15","16","17","29","31","45","46"],"terminus":0,"mode":"bus","color":"#0059a9","colorDark":"#00294f","angle":151.8,"snapDist":5,"label":0}},{"type":"Feature","geometry":{"type":"Point","coordinates":[20.642614,52.1139]},"properties":{"name":"Grodzisk Maz. Czeremchowa","lines":"0, 15, 16, 17, 29, 31, 45, 46","arr":["0","15","16","17","29","31","45","46"],"terminus":0,"mode":"bus","color":"#0059a9","colorDark":"#00294f","angle":168.6,"snapDist":6,"label":0}},{"type":"Feature","geometry":{"type":"Point","coordinates":[20.646765,52.112062]},"properties":{"name":"Grodzisk Maz. Teligi","lines":"0, 17, 29, 46","arr":["0","17","29","46"],"terminus":0,"mode":"bus","color":"#0059a9","colorDark":"#00294f","angle":238.9,"snapDist":7,"label":0}},{"type":"Feature","geometry":{"type":"Point","coordinates":[20.649226,52.109568]},"properties":{"name":"Grodzisk Maz. Na Laski","lines":"0, 17, 29, 46","arr":["0","17","29","46"],"terminus":0,"mode":"bus","color":"#0059a9","colorDark":"#00294f","angle":238.3,"snapDist":6,"label":0}},{"type":"Feature","geometry":{"type":"Point","coordinates":[20.650934,52.107703]},"properties":{"name":"Grodzisk Maz. Czarnieckiego","lines":"0, 17, 29, 46","arr":["0","17","29","46"],"terminus":0,"mode":"bus","color":"#0059a9","colorDark":"#00294f","angle":244.1,"snapDist":3,"label":0}},{"type":"Feature","geometry":{"type":"Point","coordinates":[20.652887,52.105492]},"properties":{"name":"Grodzisk Maz. Chłopickiego","lines":"0, 17, 29, 46","arr":["0","17","29","46"],"terminus":0,"mode":"bus","color":"#0059a9","colorDark":"#00294f","angle":240.4,"snapDist":3,"label":0}},{"type":"Feature","geometry":{"type":"Point","coordinates":[20.653989,52.103723]},"properties":{"name":"Grodzisk Maz. Piaskowa WKD","lines":"0, 29","arr":["0","29"],"terminus":0,"mode":"bus","color":"#0059a9","colorDark":"#00294f","angle":331.3,"snapDist":5,"label":0}},{"type":"Feature","geometry":{"type":"Point","coordinates":[20.649895,52.102345]},"properties":{"name":"Grodzisk Maz. Os. Piaskowa","lines":"0, 29","arr":["0","29"],"terminus":0,"mode":"bus","color":"#0059a9","colorDark":"#00294f","angle":331.2,"snapDist":5,"label":0}},{"type":"Feature","geometry":{"type":"Point","coordinates":[20.645206,52.100761]},"properties":{"name":"Grodzisk Maz. Łowcza","lines":"0, 29","arr":["0","29"],"terminus":0,"mode":"bus","color":"#0059a9","colorDark":"#00294f","angle":331.2,"snapDist":5,"label":0}},{"type":"Feature","geometry":{"type":"Point","coordinates":[20.633299,52.097171]},"properties":{"name":"Grodzisk Maz. Akacjowa","lines":"0, 30, C1","arr":["0","30","C1"],"terminus":0,"mode":"bus","color":"#0059a9","colorDark":"#00294f","angle":53.8,"snapDist":5,"label":0}},{"type":"Feature","geometry":{"type":"Point","coordinates":[20.625595,52.099489]},"properties":{"name":"Grodzisk Maz. Spokojna / Radońska","lines":"0","arr":["0"],"terminus":0,"mode":"bus","color":"#0059a9","colorDark":"#00294f","angle":324,"snapDist":5,"label":0}},{"type":"Feature","geometry":{"type":"Point","coordinates":[20.623162,52.097032]},"properties":{"name":"Grodzisk Maz. Mokronoskich","lines":"0, 13, 16, 17, 20, 23, 26, 31, 46, 63","arr":["0","13","16","17","20","23","26","31","46","63"],"terminus":0,"mode":"bus","color":"#0059a9","colorDark":"#00294f","angle":358.5,"snapDist":3,"label":0}},{"type":"Feature","geometry":{"type":"Point","coordinates":[20.616807,52.09573]},"properties":{"name":"Grodzisk Maz. Szpital","lines":"0, 13, 16, 17, 20, 26, 29, 46","arr":["0","13","16","17","20","26","29","46"],"terminus":1,"mode":"bus","color":"#0059a9","colorDark":"#00294f","angle":267.5,"snapDist":15,"label":1}},{"type":"Feature","geometry":{"type":"Point","coordinates":[20.612424,52.098383]},"properties":{"name":"Grodzisk Maz. Chełmońskiego PKS","lines":"0, 22","arr":["0","22"],"terminus":0,"mode":"bus","color":"#0059a9","colorDark":"#00294f","angle":94.4,"snapDist":7,"label":0}},{"type":"Feature","geometry":{"type":"Point","coordinates":[20.61508,52.101941]},"properties":{"name":"Grodzisk Maz. Żyrardowska","lines":"0, 20, 21, 22","arr":["0","20","21","22"],"terminus":0,"mode":"bus","color":"#0059a9","colorDark":"#00294f","angle":150.9,"snapDist":4,"label":0}},{"type":"Feature","geometry":{"type":"Point","coordinates":[20.624061,52.103857]},"properties":{"name":"Grodzisk Maz. Sienkiewicza PKO","lines":"0, 20, 21, 22, 82","arr":["0","20","21","22","82"],"terminus":0,"mode":"bus","color":"#0059a9","colorDark":"#00294f","angle":190.3,"snapDist":7,"label":1}},{"type":"Feature","geometry":{"type":"Point","coordinates":[20.627692,52.103979]},"properties":{"name":"Grodzisk Maz. Kilińskiego","lines":"0, 13, 16, 17, 21, 22, 23, 26, 28, 29, 30, 31, 32, 33, 34, 46, 63, 82","arr":["0","13","16","17","21","22","23","26","28","29","30","31","32","33","34","46","63","82"],"terminus":0,"mode":"bus","color":"#0059a9","colorDark":"#00294f","angle":75,"snapDist":5,"label":1}},{"type":"Feature","geometry":{"type":"Point","coordinates":[20.626449,52.106809]},"properties":{"name":"Grodzisk Maz. Kierlańczyków","lines":"0, 13, 16, 17, 21, 22, 23, 26, 28, 29, 30, 31, 32, 33, 34, 46, 63, 82","arr":["0","13","16","17","21","22","23","26","28","29","30","31","32","33","34","46","63","82"],"terminus":0,"mode":"bus","color":"#0059a9","colorDark":"#00294f","angle":74.9,"snapDist":4,"label":1}},{"type":"Feature","geometry":{"type":"Point","coordinates":[20.622081,52.115351]},"properties":{"name":"Grodzisk Maz. DSI Malwa","lines":"0, 13, 15, 18, 24, 25, 26, 27","arr":["0","13","15","18","24","25","26","27"],"terminus":0,"mode":"bus","color":"#0059a9","colorDark":"#00294f","angle":21.1,"snapDist":5,"label":0}},{"type":"Feature","geometry":{"type":"Point","coordinates":[20.620764,52.114949]},"properties":{"name":"Grodzisk Maz. Traugutta Przychodnia","lines":"0, 13, 15, 24, 25, 26, 27","arr":["0","13","15","24","25","26","27"],"terminus":0,"mode":"bus","color":"#0059a9","colorDark":"#00294f","angle":264.8,"snapDist":3,"label":0}},{"type":"Feature","geometry":{"type":"Point","coordinates":[20.485575,52.189127]},"properties":{"name":"Bieniewo-Wieś","lines":"10","arr":["10"],"terminus":1,"mode":"bus","color":"#0059a9","colorDark":"#00294f","angle":182.1,"snapDist":5,"label":1}},{"type":"Feature","geometry":{"type":"Point","coordinates":[20.490619,52.196389]},"properties":{"name":"Bieniewo-Parcela II","lines":"10","arr":["10"],"terminus":0,"mode":"bus","color":"#0059a9","colorDark":"#00294f","angle":39.6,"snapDist":7,"label":1}},{"type":"Feature","geometry":{"type":"Point","coordinates":[20.497467,52.205723]},"properties":{"name":"Bieniewo-Parcela","lines":"10","arr":["10"],"terminus":0,"mode":"bus","color":"#0059a9","colorDark":"#00294f","angle":-171.4,"snapDist":7,"label":0}},{"type":"Feature","geometry":{"type":"Point","coordinates":[20.529917,52.201851]},"properties":{"name":"Bramki","lines":"10, 19","arr":["10","19"],"terminus":0,"mode":"bus","color":"#0059a9","colorDark":"#00294f","angle":261.9,"snapDist":5,"label":1}},{"type":"Feature","geometry":{"type":"Point","coordinates":[20.52905,52.198312]},"properties":{"name":"Bramki Milenijna","lines":"10, 19","arr":["10","19"],"terminus":0,"mode":"bus","color":"#0059a9","colorDark":"#00294f","angle":281.5,"snapDist":3,"label":1}},{"type":"Feature","geometry":{"type":"Point","coordinates":[20.528593,52.192276]},"properties":{"name":"Bramki Zaciszna","lines":"10","arr":["10"],"terminus":0,"mode":"bus","color":"#0059a9","colorDark":"#00294f","angle":291.4,"snapDist":5,"label":1}},{"type":"Feature","geometry":{"type":"Point","coordinates":[20.525324,52.187619]},"properties":{"name":"Boża Wola Szkoła","lines":"10, 25","arr":["10","25"],"terminus":0,"mode":"bus","color":"#0059a9","colorDark":"#00294f","angle":97,"snapDist":5,"label":1}},{"type":"Feature","geometry":{"type":"Point","coordinates":[20.528435,52.184939]},"properties":{"name":"Bronisławów Platynowa","lines":"10","arr":["10"],"terminus":0,"mode":"bus","color":"#0059a9","colorDark":"#00294f","angle":200.5,"snapDist":2,"label":1}},{"type":"Feature","geometry":{"type":"Point","coordinates":[20.53784,52.183551]},"properties":{"name":"Dębówka II","lines":"10","arr":["10"],"terminus":0,"mode":"bus","color":"#0059a9","colorDark":"#00294f","angle":193.1,"snapDist":5,"label":1}},{"type":"Feature","geometry":{"type":"Point","coordinates":[20.546188,52.182378]},"properties":{"name":"Dębówka","lines":"10","arr":["10"],"terminus":0,"mode":"bus","color":"#0059a9","colorDark":"#00294f","angle":192.2,"snapDist":4,"label":1}},{"type":"Feature","geometry":{"type":"Point","coordinates":[20.553202,52.181389]},"properties":{"name":"Bieniewice Strażacka","lines":"10","arr":["10"],"terminus":0,"mode":"bus","color":"#0059a9","colorDark":"#00294f","angle":192.7,"snapDist":3,"label":1}},{"type":"Feature","geometry":{"type":"Point","coordinates":[20.563744,52.182129]},"properties":{"name":"Bieniewice Szkoła","lines":"10, 11","arr":["10","11"],"terminus":0,"mode":"bus","color":"#0059a9","colorDark":"#00294f","angle":224.9,"snapDist":5,"label":0}},{"type":"Feature","geometry":{"type":"Point","coordinates":[20.57273,52.180986]},"properties":{"name":"Bieniewice Św. Jana","lines":"10, 11, 19","arr":["10","11","19"],"terminus":0,"mode":"bus","color":"#0059a9","colorDark":"#00294f","angle":100.1,"snapDist":5,"label":1}},{"type":"Feature","geometry":{"type":"Point","coordinates":[20.571934,52.184186]},"properties":{"name":"Bieniewice Majowa","lines":"10, 11, 19","arr":["10","11","19"],"terminus":0,"mode":"bus","color":"#0059a9","colorDark":"#00294f","angle":71.4,"snapDist":6,"label":1}},{"type":"Feature","geometry":{"type":"Point","coordinates":[20.581416,52.18712]},"properties":{"name":"Bieniewice Jodłowa","lines":"10, 11","arr":["10","11"],"terminus":0,"mode":"bus","color":"#0059a9","colorDark":"#00294f","angle":172.5,"snapDist":7,"label":1}},{"type":"Feature","geometry":{"type":"Point","coordinates":[20.586338,52.18753]},"properties":{"name":"Błonie Wieś Bieniewicka","lines":"10, 11","arr":["10","11"],"terminus":0,"mode":"bus","color":"#0059a9","colorDark":"#00294f","angle":172,"snapDist":4,"label":1}},{"type":"Feature","geometry":{"type":"Point","coordinates":[20.59442,52.188472]},"properties":{"name":"Błonie Dawtona","lines":"10, 11","arr":["10","11"],"terminus":0,"mode":"bus","color":"#0059a9","colorDark":"#00294f","angle":163.3,"snapDist":7,"label":1}},{"type":"Feature","geometry":{"type":"Point","coordinates":[20.601187,52.189745]},"properties":{"name":"Błonie Kwiatowa","lines":"10, 11","arr":["10","11"],"terminus":0,"mode":"bus","color":"#0059a9","colorDark":"#00294f","angle":162.4,"snapDist":3,"label":1}},{"type":"Feature","geometry":{"type":"Point","coordinates":[20.60874,52.190864]},"properties":{"name":"Błonie Towarowa","lines":"10, 11","arr":["10","11"],"terminus":0,"mode":"bus","color":"#0059a9","colorDark":"#00294f","angle":256.8,"snapDist":4,"label":1}},{"type":"Feature","geometry":{"type":"Point","coordinates":[20.612644,52.188895]},"properties":{"name":"Błonie Harcerska","lines":"10, 11, 12, 13, 19, 40, 42, 43, 49","arr":["10","11","12","13","19","40","42","43","49"],"terminus":0,"mode":"bus","color":"#0059a9","colorDark":"#00294f","angle":181.8,"snapDist":4,"label":1}},{"type":"Feature","geometry":{"type":"Point","coordinates":[20.621282,52.190014]},"properties":{"name":"Błonie Stadion","lines":"10, 11, 12, 13, 19, 40, 42, 43, 49","arr":["10","11","12","13","19","40","42","43","49"],"terminus":0,"mode":"bus","color":"#0059a9","colorDark":"#00294f","angle":172.3,"snapDist":4,"label":1}},{"type":"Feature","geometry":{"type":"Point","coordinates":[20.62068,52.19398]},"properties":{"name":"Błonie Nowakowskiego","lines":"10, 11, 12, 13, 14, 19, 40, 42, 43, 67, 77","arr":["10","11","12","13","14","19","40","42","43","67","77"],"terminus":0,"mode":"bus","color":"#0059a9","colorDark":"#00294f","angle":6.1,"snapDist":4,"label":1}},{"type":"Feature","geometry":{"type":"Point","coordinates":[20.614659,52.196744]},"properties":{"name":"Błonie Narutowicza","lines":"10, 11, 12, 19, 40, 43, 49","arr":["10","11","12","19","40","43","49"],"terminus":0,"mode":"bus","color":"#0059a9","colorDark":"#00294f","angle":7.1,"snapDist":7,"label":1}},{"type":"Feature","geometry":{"type":"Point","coordinates":[20.611495,52.196962]},"properties":{"name":"Błonie Szkoła Nr 2","lines":"10, 11, 12, 19, 40, 43, 49","arr":["10","11","12","19","40","43","49"],"terminus":1,"mode":"bus","color":"#0059a9","colorDark":"#00294f","angle":-78,"snapDist":7,"label":1}},{"type":"Feature","geometry":{"type":"Point","coordinates":[20.612987,52.194287]},"properties":{"name":"Błonie Wyszyńskiego","lines":"10, 11, 14, 49, 92, 93","arr":["10","11","14","49","92","93"],"terminus":0,"mode":"bus","color":"#0059a9","colorDark":"#00294f","angle":274.6,"snapDist":9,"label":1}},{"type":"Feature","geometry":{"type":"Point","coordinates":[20.617289,52.193423]},"properties":{"name":"Błonie Okrzei","lines":"10, 11, 13, 14, 49","arr":["10","11","13","14","49"],"terminus":0,"mode":"bus","color":"#0059a9","colorDark":"#00294f","angle":185.2,"snapDist":2,"label":1}},{"type":"Feature","geometry":{"type":"Point","coordinates":[20.618556,52.189362]},"properties":{"name":"Błonie Stadion","lines":"10, 11, 12, 13, 19, 40, 42, 43, 49","arr":["10","11","12","13","19","40","42","43","49"],"terminus":0,"mode":"bus","color":"#0059a9","colorDark":"#00294f","angle":-43.2,"snapDist":6,"label":0}},{"type":"Feature","geometry":{"type":"Point","coordinates":[20.612391,52.1889]},"properties":{"name":"Błonie Harcerska","lines":"10, 11, 12, 13, 19, 40, 42, 43, 49","arr":["10","11","12","13","19","40","42","43","49"],"terminus":0,"mode":"bus","color":"#0059a9","colorDark":"#00294f","angle":1.8,"snapDist":5,"label":0}},{"type":"Feature","geometry":{"type":"Point","coordinates":[20.608154,52.191042]},"properties":{"name":"Błonie Towarowa","lines":"10, 11","arr":["10","11"],"terminus":0,"mode":"bus","color":"#0059a9","colorDark":"#00294f","angle":344.4,"snapDist":7,"label":0}},{"type":"Feature","geometry":{"type":"Point","coordinates":[20.60028,52.189573]},"properties":{"name":"Błonie Kwiatowa","lines":"10, 11","arr":["10","11"],"terminus":0,"mode":"bus","color":"#0059a9","colorDark":"#00294f","angle":-16.4,"snapDist":4,"label":0}},{"type":"Feature","geometry":{"type":"Point","coordinates":[20.59368,52.188336]},"properties":{"name":"Błonie Dawtona","lines":"10, 11","arr":["10","11"],"terminus":0,"mode":"bus","color":"#0059a9","colorDark":"#00294f","angle":343.3,"snapDist":6,"label":0}},{"type":"Feature","geometry":{"type":"Point","coordinates":[20.58585,52.187488]},"properties":{"name":"Błonie Wieś Bieniewicka","lines":"10, 11","arr":["10","11"],"terminus":0,"mode":"bus","color":"#0059a9","colorDark":"#00294f","angle":352,"snapDist":6,"label":0}},{"type":"Feature","geometry":{"type":"Point","coordinates":[20.580655,52.18706]},"properties":{"name":"Bieniewice Jodłowa","lines":"10, 11","arr":["10","11"],"terminus":0,"mode":"bus","color":"#0059a9","colorDark":"#00294f","angle":352.1,"snapDist":6,"label":0}},{"type":"Feature","geometry":{"type":"Point","coordinates":[20.571679,52.184664]},"properties":{"name":"Bieniewice Majowa","lines":"10, 11, 19","arr":["10","11","19"],"terminus":0,"mode":"bus","color":"#0059a9","colorDark":"#00294f","angle":-108.7,"snapDist":5,"label":0}},{"type":"Feature","geometry":{"type":"Point","coordinates":[20.572695,52.180866]},"properties":{"name":"Bieniewice Św. Jana","lines":"10, 11, 19","arr":["10","11","19"],"terminus":0,"mode":"bus","color":"#0059a9","colorDark":"#00294f","angle":280.1,"snapDist":3,"label":0}},{"type":"Feature","geometry":{"type":"Point","coordinates":[20.57078,52.180137]},"properties":{"name":"Bieniewice Gimnazjalna","lines":"10, 11","arr":["10","11"],"terminus":0,"mode":"bus","color":"#0059a9","colorDark":"#00294f","angle":21.8,"snapDist":7,"label":1}},{"type":"Feature","geometry":{"type":"Point","coordinates":[20.56213,52.182451]},"properties":{"name":"Bieniewice Szkoła","lines":"10, 19","arr":["10","19"],"terminus":1,"mode":"bus","color":"#0059a9","colorDark":"#00294f","angle":346.8,"snapDist":5,"label":1}},{"type":"Feature","geometry":{"type":"Point","coordinates":[20.553661,52.181325]},"properties":{"name":"Bieniewice Strażacka","lines":"10","arr":["10"],"terminus":0,"mode":"bus","color":"#0059a9","colorDark":"#00294f","angle":12.7,"snapDist":5,"label":0}},{"type":"Feature","geometry":{"type":"Point","coordinates":[20.544881,52.182561]},"properties":{"name":"Dębówka","lines":"10","arr":["10"],"terminus":0,"mode":"bus","color":"#0059a9","colorDark":"#00294f","angle":13.7,"snapDist":6,"label":0}},{"type":"Feature","geometry":{"type":"Point","coordinates":[20.53728,52.18363]},"properties":{"name":"Dębówka II","lines":"10","arr":["10"],"terminus":0,"mode":"bus","color":"#0059a9","colorDark":"#00294f","angle":12.8,"snapDist":2,"label":0}},{"type":"Feature","geometry":{"type":"Point","coordinates":[20.528817,52.184851]},"properties":{"name":"Bronisławów Platynowa","lines":"10","arr":["10"],"terminus":0,"mode":"bus","color":"#0059a9","colorDark":"#00294f","angle":20.5,"snapDist":4,"label":0}},{"type":"Feature","geometry":{"type":"Point","coordinates":[20.525284,52.187421]},"properties":{"name":"Boża Wola Szkoła","lines":"10","arr":["10"],"terminus":0,"mode":"bus","color":"#0059a9","colorDark":"#00294f","angle":-83,"snapDist":5,"label":0}},{"type":"Feature","geometry":{"type":"Point","coordinates":[20.527474,52.190616]},"properties":{"name":"Bramki Zaciszna","lines":"10","arr":["10"],"terminus":0,"mode":"bus","color":"#0059a9","colorDark":"#00294f","angle":115.3,"snapDist":3,"label":0}},{"type":"Feature","geometry":{"type":"Point","coordinates":[20.530008,52.196327]},"properties":{"name":"Bramki Malownicza","lines":"10","arr":["10"],"terminus":0,"mode":"bus","color":"#0059a9","colorDark":"#00294f","angle":57.3,"snapDist":3,"label":1}},{"type":"Feature","geometry":{"type":"Point","coordinates":[20.529182,52.198707]},"properties":{"name":"Bramki Milenijna","lines":"10","arr":["10"],"terminus":0,"mode":"bus","color":"#0059a9","colorDark":"#00294f","angle":101.8,"snapDist":2,"label":0}},{"type":"Feature","geometry":{"type":"Point","coordinates":[20.527574,52.202943]},"properties":{"name":"Bramki","lines":"10","arr":["10"],"terminus":0,"mode":"bus","color":"#0059a9","colorDark":"#00294f","angle":8.7,"snapDist":8,"label":0}},{"type":"Feature","geometry":{"type":"Point","coordinates":[20.513803,52.20453]},"properties":{"name":"Bramki Karczma","lines":"10","arr":["10"],"terminus":0,"mode":"bus","color":"#0059a9","colorDark":"#00294f","angle":6,"snapDist":12,"label":1}},{"type":"Feature","geometry":{"type":"Point","coordinates":[20.496365,52.205825]},"properties":{"name":"Bieniewo-Parcela","lines":"10","arr":["10"],"terminus":1,"mode":"bus","color":"#0059a9","colorDark":"#00294f","angle":8.6,"snapDist":8,"label":1}},{"type":"Feature","geometry":{"type":"Point","coordinates":[20.49143,52.195357]},"properties":{"name":"Bieniewo-Parcela II","lines":"10","arr":["10"],"terminus":0,"mode":"bus","color":"#0059a9","colorDark":"#00294f","angle":-96,"snapDist":4,"label":0}},{"type":"Feature","geometry":{"type":"Point","coordinates":[20.487205,52.18909]},"properties":{"name":"Bieniewo-Wieś","lines":"10","arr":["10"],"terminus":1,"mode":"bus","color":"#0059a9","colorDark":"#00294f","angle":2.1,"snapDist":5,"label":0}},{"type":"Feature","geometry":{"type":"Point","coordinates":[20.514784,52.219697]},"properties":{"name":"Nowa Górna II","lines":"11","arr":["11"],"terminus":1,"mode":"bus","color":"#0059a9","colorDark":"#00294f","angle":347.8,"snapDist":5,"label":1}},{"type":"Feature","geometry":{"type":"Point","coordinates":[20.513104,52.214342]},"properties":{"name":"Wola Łuszczewska","lines":"11","arr":["11"],"terminus":0,"mode":"bus","color":"#0059a9","colorDark":"#00294f","angle":196.8,"snapDist":4,"label":1}},{"type":"Feature","geometry":{"type":"Point","coordinates":[20.520129,52.212967]},"properties":{"name":"Wola Łuszczewska II","lines":"11","arr":["11"],"terminus":0,"mode":"bus","color":"#0059a9","colorDark":"#00294f","angle":207.4,"snapDist":5,"label":1}},{"type":"Feature","geometry":{"type":"Point","coordinates":[20.526302,52.206464]},"properties":{"name":"Bramki DPS","lines":"11","arr":["11"],"terminus":1,"mode":"bus","color":"#0059a9","colorDark":"#00294f","angle":69.6,"snapDist":5,"label":1}},{"type":"Feature","geometry":{"type":"Point","coordinates":[20.519843,52.213324]},"properties":{"name":"Wola Łuszczewska II","lines":"11","arr":["11"],"terminus":0,"mode":"bus","color":"#0059a9","colorDark":"#00294f","angle":103.4,"snapDist":4,"label":0}},{"type":"Feature","geometry":{"type":"Point","coordinates":[20.523526,52.220857]},"properties":{"name":"Nowa Górna","lines":"11","arr":["11"],"terminus":0,"mode":"bus","color":"#0059a9","colorDark":"#00294f","angle":170.7,"snapDist":4,"label":1}},{"type":"Feature","geometry":{"type":"Point","coordinates":[20.530261,52.221202]},"properties":{"name":"Górna Wieś OSP","lines":"11","arr":["11"],"terminus":0,"mode":"bus","color":"#0059a9","colorDark":"#00294f","angle":183.5,"snapDist":2,"label":1}},{"type":"Feature","geometry":{"type":"Point","coordinates":[20.540038,52.220406]},"properties":{"name":"Górna Wieś III","lines":"11","arr":["11"],"terminus":0,"mode":"bus","color":"#0059a9","colorDark":"#00294f","angle":187.9,"snapDist":5,"label":1}},{"type":"Feature","geometry":{"type":"Point","coordinates":[20.548018,52.219247]},"properties":{"name":"Górna Wieś II","lines":"11","arr":["11"],"terminus":0,"mode":"bus","color":"#0059a9","colorDark":"#00294f","angle":209.1,"snapDist":4,"label":1}},{"type":"Feature","geometry":{"type":"Point","coordinates":[20.553908,52.217216]},"properties":{"name":"Górna Wieś","lines":"11","arr":["11"],"terminus":0,"mode":"bus","color":"#0059a9","colorDark":"#00294f","angle":209.1,"snapDist":5,"label":1}},{"type":"Feature","geometry":{"type":"Point","coordinates":[20.577836,52.208485]},"properties":{"name":"Pass Osiedle Przy Pałacu","lines":"11","arr":["11"],"terminus":0,"mode":"bus","color":"#0059a9","colorDark":"#00294f","angle":299.7,"snapDist":3,"label":1}},{"type":"Feature","geometry":{"type":"Point","coordinates":[20.572618,52.201102]},"properties":{"name":"Piorunów","lines":"11","arr":["11"],"terminus":0,"mode":"bus","color":"#0059a9","colorDark":"#00294f","angle":-62.6,"snapDist":3,"label":1}},{"type":"Feature","geometry":{"type":"Point","coordinates":[20.566882,52.189179]},"properties":{"name":"Bieniewice Fiołkowa","lines":"11","arr":["11"],"terminus":0,"mode":"bus","color":"#0059a9","colorDark":"#00294f","angle":290.9,"snapDist":4,"label":1}},{"type":"Feature","geometry":{"type":"Point","coordinates":[20.563112,52.182975]},"properties":{"name":"Bieniewice Szkoła","lines":"11","arr":["11"],"terminus":0,"mode":"bus","color":"#0059a9","colorDark":"#00294f","angle":108.2,"snapDist":4,"label":0}},{"type":"Feature","geometry":{"type":"Point","coordinates":[20.567433,52.190093]},"properties":{"name":"Bieniewice Fiołkowa","lines":"11","arr":["11"],"terminus":0,"mode":"bus","color":"#0059a9","colorDark":"#00294f","angle":109.7,"snapDist":5,"label":0}},{"type":"Feature","geometry":{"type":"Point","coordinates":[20.572564,52.201037]},"properties":{"name":"Piorunów","lines":"11","arr":["11"],"terminus":0,"mode":"bus","color":"#0059a9","colorDark":"#00294f","angle":117.4,"snapDist":4,"label":0}},{"type":"Feature","geometry":{"type":"Point","coordinates":[20.577693,52.208332]},"properties":{"name":"Pass Osiedle Przy Pałacu","lines":"11","arr":["11"],"terminus":0,"mode":"bus","color":"#0059a9","colorDark":"#00294f","angle":119.7,"snapDist":4,"label":0}},{"type":"Feature","geometry":{"type":"Point","coordinates":[20.55356,52.217335]},"properties":{"name":"Górna Wieś","lines":"11","arr":["11"],"terminus":0,"mode":"bus","color":"#0059a9","colorDark":"#00294f","angle":29.1,"snapDist":6,"label":0}},{"type":"Feature","geometry":{"type":"Point","coordinates":[20.547395,52.219458]},"properties":{"name":"Górna Wieś II","lines":"11","arr":["11"],"terminus":0,"mode":"bus","color":"#0059a9","colorDark":"#00294f","angle":28.3,"snapDist":2,"label":0}},{"type":"Feature","geometry":{"type":"Point","coordinates":[20.540539,52.220363]},"properties":{"name":"Górna Wieś III","lines":"11","arr":["11"],"terminus":0,"mode":"bus","color":"#0059a9","colorDark":"#00294f","angle":7.9,"snapDist":5,"label":0}},{"type":"Feature","geometry":{"type":"Point","coordinates":[20.530486,52.221194]},"properties":{"name":"Górna Wieś OSP","lines":"11","arr":["11"],"terminus":0,"mode":"bus","color":"#0059a9","colorDark":"#00294f","angle":3.5,"snapDist":5,"label":0}},{"type":"Feature","geometry":{"type":"Point","coordinates":[20.523541,52.220859]},"properties":{"name":"Nowa Górna","lines":"11","arr":["11"],"terminus":0,"mode":"bus","color":"#0059a9","colorDark":"#00294f","angle":-9.3,"snapDist":3,"label":0}},{"type":"Feature","geometry":{"type":"Point","coordinates":[20.610313,52.187298]},"properties":{"name":"Błonie PKP","lines":"12, 13, 19, 40, 42, 43, 49, 92, 93","arr":["12","13","19","40","42","43","49","92","93"],"terminus":1,"mode":"bus","color":"#0059a9","colorDark":"#00294f","angle":178.5,"snapDist":6,"label":1}},{"type":"Feature","geometry":{"type":"Point","coordinates":[20.604871,52.20283]},"properties":{"name":"Błonie Passowska","lines":"12, 14, 43","arr":["12","14","43"],"terminus":0,"mode":"bus","color":"#0059a9","colorDark":"#00294f","angle":56.1,"snapDist":6,"label":1}},{"type":"Feature","geometry":{"type":"Point","coordinates":[20.599156,52.206761]},"properties":{"name":"Błonie Piaskowa","lines":"12, 14, 43","arr":["12","14","43"],"terminus":0,"mode":"bus","color":"#0059a9","colorDark":"#00294f","angle":24.5,"snapDist":6,"label":1}},{"type":"Feature","geometry":{"type":"Point","coordinates":[20.584545,52.21093]},"properties":{"name":"Pass","lines":"12, 14, 43","arr":["12","14","43"],"terminus":1,"mode":"bus","color":"#0059a9","colorDark":"#00294f","angle":24.3,"snapDist":7,"label":1}},{"type":"Feature","geometry":{"type":"Point","coordinates":[20.586529,52.216843]},"properties":{"name":"Wawrzyszew","lines":"12, 43","arr":["12","43"],"terminus":0,"mode":"bus","color":"#0059a9","colorDark":"#00294f","angle":10.9,"snapDist":4,"label":1}},{"type":"Feature","geometry":{"type":"Point","coordinates":[20.58279,52.219015]},"properties":{"name":"Wawrzyszew II","lines":"12, 43","arr":["12","43"],"terminus":0,"mode":"bus","color":"#0059a9","colorDark":"#00294f","angle":48,"snapDist":4,"label":1}},{"type":"Feature","geometry":{"type":"Point","coordinates":[20.574516,52.224127]},"properties":{"name":"Rochaliki skrzyżowanie","lines":"12","arr":["12"],"terminus":0,"mode":"bus","color":"#0059a9","colorDark":"#00294f","angle":292.1,"snapDist":3,"label":1}},{"type":"Feature","geometry":{"type":"Point","coordinates":[20.56153,52.225127]},"properties":{"name":"Rochaliki II","lines":"12","arr":["12"],"terminus":0,"mode":"bus","color":"#0059a9","colorDark":"#00294f","angle":12,"snapDist":3,"label":1}},{"type":"Feature","geometry":{"type":"Point","coordinates":[20.535374,52.226108]},"properties":{"name":"Stary Łuszczewek","lines":"12","arr":["12"],"terminus":0,"mode":"bus","color":"#0059a9","colorDark":"#00294f","angle":4.1,"snapDist":4,"label":1}},{"type":"Feature","geometry":{"type":"Point","coordinates":[20.52829,52.226406]},"properties":{"name":"Nowy Łuszczewek","lines":"12","arr":["12"],"terminus":0,"mode":"bus","color":"#0059a9","colorDark":"#00294f","angle":5.2,"snapDist":3,"label":1}},{"type":"Feature","geometry":{"type":"Point","coordinates":[20.519804,52.226163]},"properties":{"name":"Nowy Łuszczewek II","lines":"12","arr":["12"],"terminus":0,"mode":"bus","color":"#0059a9","colorDark":"#00294f","angle":327.3,"snapDist":4,"label":1}},{"type":"Feature","geometry":{"type":"Point","coordinates":[20.511653,52.222804]},"properties":{"name":"Nowy Łuszczewek III","lines":"12","arr":["12"],"terminus":0,"mode":"bus","color":"#0059a9","colorDark":"#00294f","angle":324.1,"snapDist":5,"label":1}},{"type":"Feature","geometry":{"type":"Point","coordinates":[20.500438,52.220671]},"properties":{"name":"Cholewy V","lines":"12","arr":["12"],"terminus":0,"mode":"bus","color":"#0059a9","colorDark":"#00294f","angle":91.5,"snapDist":1,"label":1}},{"type":"Feature","geometry":{"type":"Point","coordinates":[20.50073,52.226442]},"properties":{"name":"Cholewy IV","lines":"12","arr":["12"],"terminus":0,"mode":"bus","color":"#0059a9","colorDark":"#00294f","angle":91.4,"snapDist":4,"label":1}},{"type":"Feature","geometry":{"type":"Point","coordinates":[20.500999,52.22932]},"properties":{"name":"Cholewy III","lines":"12","arr":["12"],"terminus":0,"mode":"bus","color":"#0059a9","colorDark":"#00294f","angle":95.4,"snapDist":3,"label":1}},{"type":"Feature","geometry":{"type":"Point","coordinates":[20.493987,52.231259]},"properties":{"name":"Cholewy II","lines":"12","arr":["12"],"terminus":0,"mode":"bus","color":"#0059a9","colorDark":"#00294f","angle":7.7,"snapDist":3,"label":1}},{"type":"Feature","geometry":{"type":"Point","coordinates":[20.490622,52.222119]},"properties":{"name":"Cholewy","lines":"12","arr":["12"],"terminus":0,"mode":"bus","color":"#0059a9","colorDark":"#00294f","angle":270.6,"snapDist":5,"label":1}},{"type":"Feature","geometry":{"type":"Point","coordinates":[20.499351,52.220109]},"properties":{"name":"Cholewy V","lines":"12","arr":["12"],"terminus":0,"mode":"bus","color":"#0059a9","colorDark":"#00294f","angle":161.7,"snapDist":4,"label":0}},{"type":"Feature","geometry":{"type":"Point","coordinates":[20.511402,52.222691]},"properties":{"name":"Nowy Łuszczewek III","lines":"12","arr":["12"],"terminus":0,"mode":"bus","color":"#0059a9","colorDark":"#00294f","angle":143.7,"snapDist":4,"label":0}},{"type":"Feature","geometry":{"type":"Point","coordinates":[20.519737,52.226137]},"properties":{"name":"Nowy Łuszczewek II","lines":"12","arr":["12"],"terminus":0,"mode":"bus","color":"#0059a9","colorDark":"#00294f","angle":147.3,"snapDist":3,"label":0}},{"type":"Feature","geometry":{"type":"Point","coordinates":[20.527555,52.226439]},"properties":{"name":"Nowy Łuszczewek","lines":"12","arr":["12"],"terminus":0,"mode":"bus","color":"#0059a9","colorDark":"#00294f","angle":-176.8,"snapDist":4,"label":0}},{"type":"Feature","geometry":{"type":"Point","coordinates":[20.535375,52.226108]},"properties":{"name":"Stary Łuszczewek","lines":"12","arr":["12"],"terminus":0,"mode":"bus","color":"#0059a9","colorDark":"#00294f","angle":-175.8,"snapDist":2,"label":0}},{"type":"Feature","geometry":{"type":"Point","coordinates":[20.561132,52.22518]},"properties":{"name":"Rochaliki II","lines":"12","arr":["12"],"terminus":0,"mode":"bus","color":"#0059a9","colorDark":"#00294f","angle":-167.3,"snapDist":4,"label":0}},{"type":"Feature","geometry":{"type":"Point","coordinates":[20.574533,52.224152]},"properties":{"name":"Rochaliki skrzyżowanie","lines":"12","arr":["12"],"terminus":0,"mode":"bus","color":"#0059a9","colorDark":"#00294f","angle":113.5,"snapDist":4,"label":0}},{"type":"Feature","geometry":{"type":"Point","coordinates":[20.582821,52.218994]},"properties":{"name":"Wawrzyszew II","lines":"12, 43","arr":["12","43"],"terminus":0,"mode":"bus","color":"#0059a9","colorDark":"#00294f","angle":-132,"snapDist":4,"label":0}},{"type":"Feature","geometry":{"type":"Point","coordinates":[20.586542,52.216842]},"properties":{"name":"Wawrzyszew","lines":"12, 43","arr":["12","43"],"terminus":0,"mode":"bus","color":"#0059a9","colorDark":"#00294f","angle":190.9,"snapDist":4,"label":0}},{"type":"Feature","geometry":{"type":"Point","coordinates":[20.585433,52.210682]},"properties":{"name":"Pass","lines":"12, 14, 43","arr":["12","14","43"],"terminus":1,"mode":"bus","color":"#0059a9","colorDark":"#00294f","angle":205.1,"snapDist":8,"label":0}},{"type":"Feature","geometry":{"type":"Point","coordinates":[20.5986,52.206917]},"properties":{"name":"Błonie Piaskowa","lines":"12, 14, 43","arr":["12","14","43"],"terminus":0,"mode":"bus","color":"#0059a9","colorDark":"#00294f","angle":-155.4,"snapDist":4,"label":0}},{"type":"Feature","geometry":{"type":"Point","coordinates":[20.604869,52.202831]},"properties":{"name":"Błonie Passowska","lines":"12, 14, 43","arr":["12","14","43"],"terminus":0,"mode":"bus","color":"#0059a9","colorDark":"#00294f","angle":-123.9,"snapDist":4,"label":0}},{"type":"Feature","geometry":{"type":"Point","coordinates":[20.611333,52.196899]},"properties":{"name":"Błonie Szkoła Nr 2","lines":"12, 19, 43","arr":["12","19","43"],"terminus":1,"mode":"bus","color":"#0059a9","colorDark":"#00294f","angle":-175.4,"snapDist":6,"label":0}},{"type":"Feature","geometry":{"type":"Point","coordinates":[20.614566,52.196751]},"properties":{"name":"Błonie Narutowicza","lines":"12, 19, 43","arr":["12","19","43"],"terminus":0,"mode":"bus","color":"#0059a9","colorDark":"#00294f","angle":187.1,"snapDist":4,"label":0}},{"type":"Feature","geometry":{"type":"Point","coordinates":[20.609946,52.187292]},"properties":{"name":"Błonie PKP","lines":"12, 40, 42, 43","arr":["12","40","42","43"],"terminus":1,"mode":"bus","color":"#0059a9","colorDark":"#00294f","angle":358.5,"snapDist":2,"label":0}},{"type":"Feature","geometry":{"type":"Point","coordinates":[20.627207,52.100994]},"properties":{"name":"Grodzisk Maz. Radońska WKD","lines":"13, 16, 17, 20, 21, 26, 28, 29, 30, 46, C1","arr":["13","16","17","20","21","26","28","29","30","46","C1"],"terminus":0,"mode":"bus","color":"#0059a9","colorDark":"#00294f","angle":69.9,"snapDist":8,"label":1}},{"type":"Feature","geometry":{"type":"Point","coordinates":[20.626211,52.102687]},"properties":{"name":"Grodzisk Maz. Radońska Cmentarz","lines":"13, 16, 17, 20, 21, 26, 28, 29, 30, 46, C1","arr":["13","16","17","20","21","26","28","29","30","46","C1"],"terminus":0,"mode":"bus","color":"#0059a9","colorDark":"#00294f","angle":80.6,"snapDist":5,"label":1}},{"type":"Feature","geometry":{"type":"Point","coordinates":[20.620815,52.111779]},"properties":{"name":"Grodzisk Maz. Traugutta","lines":"13, 15, 24, 25, 26, 27","arr":["13","15","24","25","26","27"],"terminus":0,"mode":"bus","color":"#0059a9","colorDark":"#00294f","angle":335.4,"snapDist":6,"label":1}},{"type":"Feature","geometry":{"type":"Point","coordinates":[20.616573,52.111096]},"properties":{"name":"Grodzisk Maz. Zakłady Farmaceutyczne","lines":"13, 15, 24, 25, 26, 27","arr":["13","15","24","25","26","27"],"terminus":0,"mode":"bus","color":"#0059a9","colorDark":"#00294f","angle":57.9,"snapDist":6,"label":1}},{"type":"Feature","geometry":{"type":"Point","coordinates":[20.616171,52.115762]},"properties":{"name":"Grodzisk Maz. Poniatowskiego","lines":"13, 24, 25, 26, 27","arr":["13","24","25","26","27"],"terminus":0,"mode":"bus","color":"#0059a9","colorDark":"#00294f","angle":84.6,"snapDist":3,"label":1}},{"type":"Feature","geometry":{"type":"Point","coordinates":[20.615875,52.117703]},"properties":{"name":"Grodzisk Maz. Szkoła nr 4","lines":"13, 24, 25, 26, 27","arr":["13","24","25","26","27"],"terminus":0,"mode":"bus","color":"#0059a9","colorDark":"#00294f","angle":84.9,"snapDist":3,"label":1}},{"type":"Feature","geometry":{"type":"Point","coordinates":[20.619341,52.11961]},"properties":{"name":"Grodzisk Maz. Szwoleżerów","lines":"13, 24, 25, 26, 27","arr":["13","24","25","26","27"],"terminus":0,"mode":"bus","color":"#0059a9","colorDark":"#00294f","angle":184.8,"snapDist":4,"label":1}},{"type":"Feature","geometry":{"type":"Point","coordinates":[20.618791,52.126861]},"properties":{"name":"Chrzanów Duży","lines":"13, 27","arr":["13","27"],"terminus":0,"mode":"bus","color":"#0059a9","colorDark":"#00294f","angle":84.2,"snapDist":3,"label":1}},{"type":"Feature","geometry":{"type":"Point","coordinates":[20.618016,52.13153]},"properties":{"name":"Natolin Kasieńki","lines":"13, 27","arr":["13","27"],"terminus":0,"mode":"bus","color":"#0059a9","colorDark":"#00294f","angle":84.1,"snapDist":4,"label":1}},{"type":"Feature","geometry":{"type":"Point","coordinates":[20.617622,52.133856]},"properties":{"name":"Natolin Logistyczna","lines":"13, 27","arr":["13","27"],"terminus":0,"mode":"bus","color":"#0059a9","colorDark":"#00294f","angle":84.4,"snapDist":5,"label":1}},{"type":"Feature","geometry":{"type":"Point","coordinates":[20.607865,52.135123]},"properties":{"name":"Chlebnia Logistyczna H&M","lines":"13, 27","arr":["13","27"],"terminus":0,"mode":"bus","color":"#0059a9","colorDark":"#00294f","angle":356.3,"snapDist":7,"label":1}},{"type":"Feature","geometry":{"type":"Point","coordinates":[20.598443,52.134751]},"properties":{"name":"Chlebnia Logistyczna Raben","lines":"13, 27","arr":["13","27"],"terminus":0,"mode":"bus","color":"#0059a9","colorDark":"#00294f","angle":356.2,"snapDist":5,"label":1}},{"type":"Feature","geometry":{"type":"Point","coordinates":[20.608405,52.15003]},"properties":{"name":"Tłuste Węzeł","lines":"13, 26","arr":["13","26"],"terminus":0,"mode":"bus","color":"#0059a9","colorDark":"#00294f","angle":183.2,"snapDist":5,"label":1}},{"type":"Feature","geometry":{"type":"Point","coordinates":[20.615079,52.151286]},"properties":{"name":"Tłuste","lines":"13","arr":["13"],"terminus":0,"mode":"bus","color":"#0059a9","colorDark":"#00294f","angle":65.2,"snapDist":4,"label":1}},{"type":"Feature","geometry":{"type":"Point","coordinates":[20.612208,52.159346]},"properties":{"name":"Kłudzienko","lines":"13","arr":["13"],"terminus":0,"mode":"bus","color":"#0059a9","colorDark":"#00294f","angle":88.1,"snapDist":4,"label":1}},{"type":"Feature","geometry":{"type":"Point","coordinates":[20.61149,52.171251]},"properties":{"name":"Radonice","lines":"13","arr":["13"],"terminus":0,"mode":"bus","color":"#0059a9","colorDark":"#00294f","angle":87.8,"snapDist":3,"label":1}},{"type":"Feature","geometry":{"type":"Point","coordinates":[20.611678,52.184022]},"properties":{"name":"Błonie Fabryczna","lines":"13, 19","arr":["13","19"],"terminus":0,"mode":"bus","color":"#0059a9","colorDark":"#00294f","angle":91.7,"snapDist":5,"label":1}},{"type":"Feature","geometry":{"type":"Point","coordinates":[20.616992,52.19344]},"properties":{"name":"Błonie Okrzei","lines":"13, 14","arr":["13","14"],"terminus":0,"mode":"bus","color":"#0059a9","colorDark":"#00294f","angle":7.1,"snapDist":3,"label":0}},{"type":"Feature","geometry":{"type":"Point","coordinates":[20.61266,52.192048]},"properties":{"name":"Błonie Centrum Sportu","lines":"13","arr":["13"],"terminus":1,"mode":"bus","color":"#0059a9","colorDark":"#00294f","angle":198.2,"snapDist":5,"label":1}},{"type":"Feature","geometry":{"type":"Point","coordinates":[20.620905,52.193966]},"properties":{"name":"Błonie Nowakowskiego","lines":"13, 14, 49, 67, 77","arr":["13","14","49","67","77"],"terminus":0,"mode":"bus","color":"#0059a9","colorDark":"#00294f","angle":185.4,"snapDist":3,"label":0}},{"type":"Feature","geometry":{"type":"Point","coordinates":[20.61164,52.183213]},"properties":{"name":"Błonie Fabryczna","lines":"13, 19","arr":["13","19"],"terminus":0,"mode":"bus","color":"#0059a9","colorDark":"#00294f","angle":271.6,"snapDist":3,"label":0}},{"type":"Feature","geometry":{"type":"Point","coordinates":[20.61157,52.169916]},"properties":{"name":"Radonice","lines":"13","arr":["13"],"terminus":0,"mode":"bus","color":"#0059a9","colorDark":"#00294f","angle":268.4,"snapDist":3,"label":0}},{"type":"Feature","geometry":{"type":"Point","coordinates":[20.612272,52.158187]},"properties":{"name":"Kłudzienko","lines":"13","arr":["13"],"terminus":0,"mode":"bus","color":"#0059a9","colorDark":"#00294f","angle":267.4,"snapDist":2,"label":0}},{"type":"Feature","geometry":{"type":"Point","coordinates":[20.615088,52.151273]},"properties":{"name":"Tłuste","lines":"13","arr":["13"],"terminus":0,"mode":"bus","color":"#0059a9","colorDark":"#00294f","angle":245.2,"snapDist":4,"label":0}},{"type":"Feature","geometry":{"type":"Point","coordinates":[20.608873,52.150012]},"properties":{"name":"Tłuste Węzeł","lines":"13, 26","arr":["13","26"],"terminus":0,"mode":"bus","color":"#0059a9","colorDark":"#00294f","angle":3.3,"snapDist":3,"label":0}},{"type":"Feature","geometry":{"type":"Point","coordinates":[20.597199,52.134768]},"properties":{"name":"Chlebnia Logistyczna Raben","lines":"13","arr":["13"],"terminus":0,"mode":"bus","color":"#0059a9","colorDark":"#00294f","angle":189.1,"snapDist":9,"label":0}},{"type":"Feature","geometry":{"type":"Point","coordinates":[20.607786,52.13512]},"properties":{"name":"Chlebnia Logistyczna H&M","lines":"13","arr":["13"],"terminus":0,"mode":"bus","color":"#0059a9","colorDark":"#00294f","angle":176.3,"snapDist":6,"label":0}},{"type":"Feature","geometry":{"type":"Point","coordinates":[20.61752,52.13449]},"properties":{"name":"Natolin Logistyczna","lines":"13, 27","arr":["13","27"],"terminus":0,"mode":"bus","color":"#0059a9","colorDark":"#00294f","angle":264.4,"snapDist":4,"label":0}},{"type":"Feature","geometry":{"type":"Point","coordinates":[20.618161,52.130666]},"properties":{"name":"Natolin Kasieńki","lines":"13, 27","arr":["13","27"],"terminus":0,"mode":"bus","color":"#0059a9","colorDark":"#00294f","angle":264.2,"snapDist":4,"label":0}},{"type":"Feature","geometry":{"type":"Point","coordinates":[20.618923,52.126056]},"properties":{"name":"Chrzanów Duży","lines":"13, 27","arr":["13","27"],"terminus":0,"mode":"bus","color":"#0059a9","colorDark":"#00294f","angle":264.1,"snapDist":5,"label":0}},{"type":"Feature","geometry":{"type":"Point","coordinates":[20.619474,52.119603]},"properties":{"name":"Grodzisk Maz. Szwoleżerów","lines":"13, 24, 25, 26, 27","arr":["13","24","25","26","27"],"terminus":0,"mode":"bus","color":"#0059a9","colorDark":"#00294f","angle":4.9,"snapDist":1,"label":0}},{"type":"Feature","geometry":{"type":"Point","coordinates":[20.615799,52.118227]},"properties":{"name":"Grodzisk Maz. Szkoła nr 4","lines":"13, 24, 25, 26, 27","arr":["13","24","25","26","27"],"terminus":0,"mode":"bus","color":"#0059a9","colorDark":"#00294f","angle":264.9,"snapDist":2,"label":0}},{"type":"Feature","geometry":{"type":"Point","coordinates":[20.616148,52.114739]},"properties":{"name":"Grodzisk Maz. Poniatowskiego","lines":"13, 24, 26, 27","arr":["13","24","26","27"],"terminus":0,"mode":"bus","color":"#0059a9","colorDark":"#00294f","angle":276.9,"snapDist":2,"label":0}},{"type":"Feature","geometry":{"type":"Point","coordinates":[20.616779,52.110898]},"properties":{"name":"Grodzisk Maz. Zakłady Farmaceutyczne","lines":"13, 15, 24, 25, 26, 27","arr":["13","15","24","25","26","27"],"terminus":0,"mode":"bus","color":"#0059a9","colorDark":"#00294f","angle":237.8,"snapDist":6,"label":0}},{"type":"Feature","geometry":{"type":"Point","coordinates":[20.620789,52.111771]},"properties":{"name":"Grodzisk Maz. Traugutta","lines":"13, 15, 24, 25, 26, 27","arr":["13","15","24","25","26","27"],"terminus":0,"mode":"bus","color":"#0059a9","colorDark":"#00294f","angle":155.4,"snapDist":4,"label":0}},{"type":"Feature","geometry":{"type":"Point","coordinates":[20.626191,52.102762]},"properties":{"name":"Grodzisk Maz. Radońska Cmentarz","lines":"13, 16, 17, 20, 26, 30, 46","arr":["13","16","17","20","26","30","46"],"terminus":0,"mode":"bus","color":"#0059a9","colorDark":"#00294f","angle":260.6,"snapDist":4,"label":0}},{"type":"Feature","geometry":{"type":"Point","coordinates":[20.627337,52.100776]},"properties":{"name":"Grodzisk Maz. Radońska WKD","lines":"13, 16, 17, 20, 26, 30, 46","arr":["13","16","17","20","26","30","46"],"terminus":0,"mode":"bus","color":"#0059a9","colorDark":"#00294f","angle":249.9,"snapDist":5,"label":0}},{"type":"Feature","geometry":{"type":"Point","coordinates":[20.929993,52.224821]},"properties":{"name":"Warszawa Cm. Wolski","lines":"14","arr":["14"],"terminus":1,"mode":"bus","color":"#0059a9","colorDark":"#00294f","angle":165.4,"snapDist":8,"label":1}},{"type":"Feature","geometry":{"type":"Point","coordinates":[20.928453,52.22304]},"properties":{"name":"Warszawa Fort Wola","lines":"14","arr":["14"],"terminus":0,"mode":"bus","color":"#0059a9","colorDark":"#00294f","angle":339.1,"snapDist":8,"label":0}},{"type":"Feature","geometry":{"type":"Point","coordinates":[20.919554,52.220939]},"properties":{"name":"Warszawa Ciepłownia Wola","lines":"14","arr":["14"],"terminus":0,"mode":"bus","color":"#0059a9","colorDark":"#00294f","angle":338.9,"snapDist":9,"label":1}},{"type":"Feature","geometry":{"type":"Point","coordinates":[20.90881,52.218392]},"properties":{"name":"Warszawa Tkaczy","lines":"14","arr":["14"],"terminus":0,"mode":"bus","color":"#0059a9","colorDark":"#00294f","angle":340,"snapDist":8,"label":1}},{"type":"Feature","geometry":{"type":"Point","coordinates":[20.901524,52.217024]},"properties":{"name":"Warszawa Drzeworytników","lines":"14","arr":["14"],"terminus":0,"mode":"bus","color":"#0059a9","colorDark":"#00294f","angle":350.5,"snapDist":4,"label":1}},{"type":"Feature","geometry":{"type":"Point","coordinates":[20.895561,52.21656]},"properties":{"name":"Warszawa Lazurowa","lines":"14","arr":["14"],"terminus":0,"mode":"bus","color":"#0059a9","colorDark":"#00294f","angle":357.5,"snapDist":5,"label":1}},{"type":"Feature","geometry":{"type":"Point","coordinates":[20.888987,52.216537]},"properties":{"name":"Warszawa Dostawcza","lines":"14","arr":["14"],"terminus":0,"mode":"bus","color":"#0059a9","colorDark":"#00294f","angle":0.2,"snapDist":5,"label":1}},{"type":"Feature","geometry":{"type":"Point","coordinates":[20.88166,52.216555]},"properties":{"name":"Warszawa Karolin","lines":"14","arr":["14"],"terminus":0,"mode":"bus","color":"#0059a9","colorDark":"#00294f","angle":359.8,"snapDist":3,"label":1}},{"type":"Feature","geometry":{"type":"Point","coordinates":[20.872701,52.216547]},"properties":{"name":"Warszawa Instytut Energetyki","lines":"14","arr":["14"],"terminus":0,"mode":"bus","color":"#0059a9","colorDark":"#00294f","angle":1,"snapDist":7,"label":1}},{"type":"Feature","geometry":{"type":"Point","coordinates":[20.858344,52.21585]},"properties":{"name":"Mory","lines":"14","arr":["14"],"terminus":0,"mode":"bus","color":"#0059a9","colorDark":"#00294f","angle":354.6,"snapDist":8,"label":1}},{"type":"Feature","geometry":{"type":"Point","coordinates":[20.849046,52.215307]},"properties":{"name":"Jawczyce","lines":"14, 97","arr":["14","97"],"terminus":0,"mode":"bus","color":"#0059a9","colorDark":"#00294f","angle":354.6,"snapDist":5,"label":1}},{"type":"Feature","geometry":{"type":"Point","coordinates":[20.837095,52.214159]},"properties":{"name":"Bronisze","lines":"14, 97","arr":["14","97"],"terminus":0,"mode":"bus","color":"#0059a9","colorDark":"#00294f","angle":345.8,"snapDist":9,"label":1}},{"type":"Feature","geometry":{"type":"Point","coordinates":[20.816296,52.21096]},"properties":{"name":"Ożarów Maz. Starostwo","lines":"14, 97","arr":["14","97"],"terminus":1,"mode":"bus","color":"#0059a9","colorDark":"#00294f","angle":345.8,"snapDist":10,"label":1}},{"type":"Feature","geometry":{"type":"Point","coordinates":[20.799653,52.210277]},"properties":{"name":"Ożarów Maz. Sanktuarium","lines":"14, 97","arr":["14","97"],"terminus":0,"mode":"bus","color":"#0059a9","colorDark":"#00294f","angle":2.9,"snapDist":7,"label":1}},{"type":"Feature","geometry":{"type":"Point","coordinates":[20.790089,52.210557]},"properties":{"name":"Ożarów Maz. 3 Maja","lines":"14","arr":["14"],"terminus":0,"mode":"bus","color":"#0059a9","colorDark":"#00294f","angle":2.6,"snapDist":7,"label":1}},{"type":"Feature","geometry":{"type":"Point","coordinates":[20.776108,52.210976]},"properties":{"name":"Ożarów Maz. Kierbedzia","lines":"14","arr":["14"],"terminus":0,"mode":"bus","color":"#0059a9","colorDark":"#00294f","angle":2.1,"snapDist":8,"label":1}},{"type":"Feature","geometry":{"type":"Point","coordinates":[20.768762,52.211157]},"properties":{"name":"Ożarów Maz. Umiastowska","lines":"14","arr":["14"],"terminus":0,"mode":"bus","color":"#0059a9","colorDark":"#00294f","angle":1.2,"snapDist":7,"label":1}},{"type":"Feature","geometry":{"type":"Point","coordinates":[20.764903,52.211241]},"properties":{"name":"Ołtarzew Poznańska","lines":"14","arr":["14"],"terminus":0,"mode":"bus","color":"#0059a9","colorDark":"#00294f","angle":2.3,"snapDist":7,"label":1}},{"type":"Feature","geometry":{"type":"Point","coordinates":[20.755754,52.211451]},"properties":{"name":"Ołtarzew Nizinna","lines":"14","arr":["14"],"terminus":0,"mode":"bus","color":"#0059a9","colorDark":"#00294f","angle":2.2,"snapDist":7,"label":1}},{"type":"Feature","geometry":{"type":"Point","coordinates":[20.746754,52.211657]},"properties":{"name":"Ołtarzew Gołaszewska","lines":"14","arr":["14"],"terminus":0,"mode":"bus","color":"#0059a9","colorDark":"#00294f","angle":2.4,"snapDist":9,"label":1}},{"type":"Feature","geometry":{"type":"Point","coordinates":[20.739706,52.211822]},"properties":{"name":"Koprki","lines":"14","arr":["14"],"terminus":0,"mode":"bus","color":"#0059a9","colorDark":"#00294f","angle":2.4,"snapDist":8,"label":1}},{"type":"Feature","geometry":{"type":"Point","coordinates":[20.714169,52.212404]},"properties":{"name":"Wolskie","lines":"14","arr":["14"],"terminus":0,"mode":"bus","color":"#0059a9","colorDark":"#00294f","angle":2.2,"snapDist":9,"label":1}},{"type":"Feature","geometry":{"type":"Point","coordinates":[20.700333,52.211641]},"properties":{"name":"Święcice Źródlana","lines":"14, 94","arr":["14","94"],"terminus":0,"mode":"bus","color":"#0059a9","colorDark":"#00294f","angle":-68.9,"snapDist":2,"label":1}},{"type":"Feature","geometry":{"type":"Point","coordinates":[20.695702,52.207025]},"properties":{"name":"Święcice Kopytowska","lines":"14, 49","arr":["14","49"],"terminus":0,"mode":"bus","color":"#0059a9","colorDark":"#00294f","angle":358.1,"snapDist":5,"label":1}},{"type":"Feature","geometry":{"type":"Point","coordinates":[20.672816,52.209974]},"properties":{"name":"Łaźniew","lines":"14, 49","arr":["14","49"],"terminus":0,"mode":"bus","color":"#0059a9","colorDark":"#00294f","angle":349.1,"snapDist":10,"label":1}},{"type":"Feature","geometry":{"type":"Point","coordinates":[20.663132,52.208835]},"properties":{"name":"Kopytów II","lines":"14, 49","arr":["14","49"],"terminus":0,"mode":"bus","color":"#0059a9","colorDark":"#00294f","angle":348.8,"snapDist":11,"label":1}},{"type":"Feature","geometry":{"type":"Point","coordinates":[20.646048,52.215714]},"properties":{"name":"Radzików Ihar","lines":"14, 49","arr":["14","49"],"terminus":1,"mode":"bus","color":"#0059a9","colorDark":"#00294f","angle":163.4,"snapDist":5,"label":1}},{"type":"Feature","geometry":{"type":"Point","coordinates":[20.649618,52.206191]},"properties":{"name":"Kopytów","lines":"14, 49","arr":["14","49"],"terminus":0,"mode":"bus","color":"#0059a9","colorDark":"#00294f","angle":338.6,"snapDist":8,"label":1}},{"type":"Feature","geometry":{"type":"Point","coordinates":[20.634655,52.202542]},"properties":{"name":"Błonie Hotel Derby","lines":"14, 49","arr":["14","49"],"terminus":0,"mode":"bus","color":"#0059a9","colorDark":"#00294f","angle":337.8,"snapDist":10,"label":1}},{"type":"Feature","geometry":{"type":"Point","coordinates":[20.612186,52.195497]},"properties":{"name":"Błonie Wyszyńskiego","lines":"14, 92, 93","arr":["14","92","93"],"terminus":0,"mode":"bus","color":"#0059a9","colorDark":"#00294f","angle":6.3,"snapDist":8,"label":0}},{"type":"Feature","geometry":{"type":"Point","coordinates":[20.636662,52.203033]},"properties":{"name":"Błonie Hotel Derby","lines":"14, 49","arr":["14","49"],"terminus":0,"mode":"bus","color":"#0059a9","colorDark":"#00294f","angle":158.5,"snapDist":1,"label":0}},{"type":"Feature","geometry":{"type":"Point","coordinates":[20.650549,52.206415]},"properties":{"name":"Kopytów","lines":"14, 49","arr":["14","49"],"terminus":0,"mode":"bus","color":"#0059a9","colorDark":"#00294f","angle":158.5,"snapDist":10,"label":0}},{"type":"Feature","geometry":{"type":"Point","coordinates":[20.664067,52.20894]},"properties":{"name":"Kopytów II","lines":"14, 49","arr":["14","49"],"terminus":0,"mode":"bus","color":"#0059a9","colorDark":"#00294f","angle":170.4,"snapDist":9,"label":0}},{"type":"Feature","geometry":{"type":"Point","coordinates":[20.674489,52.210172]},"properties":{"name":"Łaźniew","lines":"14","arr":["14"],"terminus":0,"mode":"bus","color":"#0059a9","colorDark":"#00294f","angle":169.1,"snapDist":11,"label":0}},{"type":"Feature","geometry":{"type":"Point","coordinates":[20.684153,52.206207]},"properties":{"name":"Święcice Wiosenna","lines":"14, 49","arr":["14","49"],"terminus":0,"mode":"bus","color":"#0059a9","colorDark":"#00294f","angle":200.4,"snapDist":3,"label":1}},{"type":"Feature","geometry":{"type":"Point","coordinates":[20.696906,52.20705]},"properties":{"name":"Święcice Kopytowska","lines":"14, 49","arr":["14","49"],"terminus":0,"mode":"bus","color":"#0059a9","colorDark":"#00294f","angle":178.1,"snapDist":4,"label":0}},{"type":"Feature","geometry":{"type":"Point","coordinates":[20.699825,52.210832]},"properties":{"name":"Święcice Źródlana","lines":"14, 94","arr":["14","94"],"terminus":0,"mode":"bus","color":"#0059a9","colorDark":"#00294f","angle":111.1,"snapDist":3,"label":0}},{"type":"Feature","geometry":{"type":"Point","coordinates":[20.715714,52.212369]},"properties":{"name":"Wolskie","lines":"14","arr":["14"],"terminus":0,"mode":"bus","color":"#0059a9","colorDark":"#00294f","angle":182.1,"snapDist":9,"label":0}},{"type":"Feature","geometry":{"type":"Point","coordinates":[20.741808,52.211782]},"properties":{"name":"Koprki","lines":"14","arr":["14"],"terminus":0,"mode":"bus","color":"#0059a9","colorDark":"#00294f","angle":182.1,"snapDist":7,"label":0}},{"type":"Feature","geometry":{"type":"Point","coordinates":[20.750027,52.211581]},"properties":{"name":"Ołtarzew Gołaszewska","lines":"14","arr":["14"],"terminus":0,"mode":"bus","color":"#0059a9","colorDark":"#00294f","angle":182,"snapDist":8,"label":1}},{"type":"Feature","geometry":{"type":"Point","coordinates":[20.759307,52.211373]},"properties":{"name":"Ołtarzew Nizinna","lines":"14","arr":["14"],"terminus":0,"mode":"bus","color":"#0059a9","colorDark":"#00294f","angle":182.2,"snapDist":6,"label":1}},{"type":"Feature","geometry":{"type":"Point","coordinates":[20.76686,52.211194]},"properties":{"name":"Ołtarzew Poznańska","lines":"14","arr":["14"],"terminus":0,"mode":"bus","color":"#0059a9","colorDark":"#00294f","angle":181.9,"snapDist":6,"label":0}},{"type":"Feature","geometry":{"type":"Point","coordinates":[20.77128,52.2111]},"properties":{"name":"Ożarów Maz. Umiastowska","lines":"14","arr":["14"],"terminus":0,"mode":"bus","color":"#0059a9","colorDark":"#00294f","angle":182.2,"snapDist":7,"label":0}},{"type":"Feature","geometry":{"type":"Point","coordinates":[20.778664,52.210894]},"properties":{"name":"Ożarów Maz. Kierbedzia","lines":"14","arr":["14"],"terminus":0,"mode":"bus","color":"#0059a9","colorDark":"#00294f","angle":182.8,"snapDist":7,"label":0}},{"type":"Feature","geometry":{"type":"Point","coordinates":[20.792662,52.210487]},"properties":{"name":"Ożarów Maz. 3 Maja","lines":"14","arr":["14"],"terminus":0,"mode":"bus","color":"#0059a9","colorDark":"#00294f","angle":183.8,"snapDist":7,"label":0}},{"type":"Feature","geometry":{"type":"Point","coordinates":[20.801917,52.210208]},"properties":{"name":"Ożarów Maz. Sanktuarium","lines":"14, 97","arr":["14","97"],"terminus":0,"mode":"bus","color":"#0059a9","colorDark":"#00294f","angle":182.7,"snapDist":6,"label":0}},{"type":"Feature","geometry":{"type":"Point","coordinates":[20.818442,52.211287]},"properties":{"name":"Ożarów Maz. Starostwo","lines":"14, 97","arr":["14","97"],"terminus":0,"mode":"bus","color":"#0059a9","colorDark":"#00294f","angle":165.3,"snapDist":5,"label":0}},{"type":"Feature","geometry":{"type":"Point","coordinates":[20.840776,52.214596]},"properties":{"name":"Bronisze","lines":"14, 97","arr":["14","97"],"terminus":0,"mode":"bus","color":"#0059a9","colorDark":"#00294f","angle":167.2,"snapDist":8,"label":1}},{"type":"Feature","geometry":{"type":"Point","coordinates":[20.851418,52.215313]},"properties":{"name":"Jawczyce","lines":"14","arr":["14"],"terminus":0,"mode":"bus","color":"#0059a9","colorDark":"#00294f","angle":173,"snapDist":5,"label":0}},{"type":"Feature","geometry":{"type":"Point","coordinates":[20.860407,52.215872]},"properties":{"name":"Mory","lines":"14","arr":["14"],"terminus":0,"mode":"bus","color":"#0059a9","colorDark":"#00294f","angle":175.3,"snapDist":7,"label":0}},{"type":"Feature","geometry":{"type":"Point","coordinates":[20.8747,52.216428]},"properties":{"name":"Warszawa Instytut Energetyki","lines":"14","arr":["14"],"terminus":0,"mode":"bus","color":"#0059a9","colorDark":"#00294f","angle":181.4,"snapDist":8,"label":0}},{"type":"Feature","geometry":{"type":"Point","coordinates":[20.881717,52.216384]},"properties":{"name":"Warszawa Karolin","lines":"14","arr":["14"],"terminus":0,"mode":"bus","color":"#0059a9","colorDark":"#00294f","angle":180,"snapDist":2,"label":0}},{"type":"Feature","geometry":{"type":"Point","coordinates":[20.891895,52.216378]},"properties":{"name":"Warszawa Dostawcza","lines":"14","arr":["14"],"terminus":0,"mode":"bus","color":"#0059a9","colorDark":"#00294f","angle":180.1,"snapDist":10,"label":0}},{"type":"Feature","geometry":{"type":"Point","coordinates":[20.897352,52.216349]},"properties":{"name":"Warszawa Lazurowa","lines":"14","arr":["14"],"terminus":0,"mode":"bus","color":"#0059a9","colorDark":"#00294f","angle":170.5,"snapDist":9,"label":0}},{"type":"Feature","geometry":{"type":"Point","coordinates":[20.901022,52.216854]},"properties":{"name":"Warszawa Drzeworytników","lines":"14","arr":["14"],"terminus":0,"mode":"bus","color":"#0059a9","colorDark":"#00294f","angle":170.5,"snapDist":8,"label":0}},{"type":"Feature","geometry":{"type":"Point","coordinates":[20.910569,52.218653]},"properties":{"name":"Warszawa Tkaczy","lines":"14","arr":["14"],"terminus":0,"mode":"bus","color":"#0059a9","colorDark":"#00294f","angle":159,"snapDist":9,"label":0}},{"type":"Feature","geometry":{"type":"Point","coordinates":[20.9181,52.220432]},"properties":{"name":"Warszawa Ciepłownia Wola","lines":"14","arr":["14"],"terminus":0,"mode":"bus","color":"#0059a9","colorDark":"#00294f","angle":157.4,"snapDist":9,"label":0}},{"type":"Feature","geometry":{"type":"Point","coordinates":[20.929644,52.223944]},"properties":{"name":"Warszawa Fort Wola","lines":"14","arr":["14"],"terminus":1,"mode":"bus","color":"#0059a9","colorDark":"#00294f","angle":62.9,"snapDist":5,"label":1}},{"type":"Feature","geometry":{"type":"Point","coordinates":[20.717806,52.140993]},"properties":{"name":"Brwinów OSP","lines":"15, 23, 35, 45","arr":["15","23","35","45"],"terminus":1,"mode":"bus","color":"#0059a9","colorDark":"#00294f","angle":62.1,"snapDist":15,"label":1}},{"type":"Feature","geometry":{"type":"Point","coordinates":[20.714935,52.139375]},"properties":{"name":"Brwinów Urząd Miejski","lines":"15, 17, 23, 35, 45, 65, 66, Z67","arr":["15","17","23","35","45","65","66","Z67"],"terminus":0,"mode":"bus","color":"#0059a9","colorDark":"#00294f","angle":317.1,"snapDist":5,"label":1}},{"type":"Feature","geometry":{"type":"Point","coordinates":[20.709339,52.135855]},"properties":{"name":"Brwinów Grodziska / Sportowa","lines":"15, 23, 45, 65, 66, Z67","arr":["15","23","45","65","66","Z67"],"terminus":0,"mode":"bus","color":"#0059a9","colorDark":"#00294f","angle":234,"snapDist":4,"label":1}},{"type":"Feature","geometry":{"type":"Point","coordinates":[20.712293,52.133414]},"properties":{"name":"Brwinów Zespół Szkół Ogólnokształcących","lines":"15, 23, 45, 65, 66, Z67","arr":["15","23","45","65","66","Z67"],"terminus":1,"mode":"bus","color":"#0059a9","colorDark":"#00294f","angle":-125.7,"snapDist":4,"label":1}},{"type":"Feature","geometry":{"type":"Point","coordinates":[20.71599,52.130393]},"properties":{"name":"Brwinów Sportowa / Leśna","lines":"15, 23, 45, 65, 66, Z67","arr":["15","23","45","65","66","Z67"],"terminus":0,"mode":"bus","color":"#0059a9","colorDark":"#00294f","angle":233.3,"snapDist":2,"label":1}},{"type":"Feature","geometry":{"type":"Point","coordinates":[20.720697,52.126542]},"properties":{"name":"Podkowa Leśna Szczygła","lines":"15, 23, 45","arr":["15","23","45"],"terminus":0,"mode":"bus","color":"#0059a9","colorDark":"#00294f","angle":232.9,"snapDist":4,"label":1}},{"type":"Feature","geometry":{"type":"Point","coordinates":[20.725212,52.122853]},"properties":{"name":"Podkowa Leśna Główna WKD","lines":"15, 23, 45","arr":["15","23","45"],"terminus":0,"mode":"bus","color":"#0059a9","colorDark":"#00294f","angle":233,"snapDist":4,"label":1}},{"type":"Feature","geometry":{"type":"Point","coordinates":[20.726266,52.117484]},"properties":{"name":"Podkowa Leśna Sienkiewicza","lines":"15, 23, 45","arr":["15","23","45"],"terminus":0,"mode":"bus","color":"#0059a9","colorDark":"#00294f","angle":286.7,"snapDist":10,"label":1}},{"type":"Feature","geometry":{"type":"Point","coordinates":[20.726401,52.111015]},"properties":{"name":"Żółwin Kasztanowa / Zarybie","lines":"15, 23, 45","arr":["15","23","45"],"terminus":0,"mode":"bus","color":"#0059a9","colorDark":"#00294f","angle":273.8,"snapDist":2,"label":1}},{"type":"Feature","geometry":{"type":"Point","coordinates":[20.729127,52.107332]},"properties":{"name":"Żółwin Nadarzyńska OSP","lines":"15, 23, 45, 55","arr":["15","23","45","55"],"terminus":0,"mode":"bus","color":"#0059a9","colorDark":"#00294f","angle":184.3,"snapDist":0,"label":1}},{"type":"Feature","geometry":{"type":"Point","coordinates":[20.734516,52.106084]},"properties":{"name":"Żółwin Słoneczna / Nadarzyńska","lines":"15, 23, 45, 55","arr":["15","23","45","55"],"terminus":0,"mode":"bus","color":"#0059a9","colorDark":"#00294f","angle":277.5,"snapDist":5,"label":1}},{"type":"Feature","geometry":{"type":"Point","coordinates":[20.73368,52.102303]},"properties":{"name":"Żółwin Słoneczna / Słoneczników","lines":"15, 23, 45, 55","arr":["15","23","45","55"],"terminus":0,"mode":"bus","color":"#0059a9","colorDark":"#00294f","angle":278.1,"snapDist":3,"label":1}},{"type":"Feature","geometry":{"type":"Point","coordinates":[20.733696,52.098203]},"properties":{"name":"Żółwin Słoneczna / Południowa","lines":"15, 23, 45, 55","arr":["15","23","45","55"],"terminus":0,"mode":"bus","color":"#0059a9","colorDark":"#00294f","angle":266.6,"snapDist":3,"label":1}},{"type":"Feature","geometry":{"type":"Point","coordinates":[20.734165,52.093756]},"properties":{"name":"Żółwin Słoneczna / Graniczna","lines":"15, 45, 55","arr":["15","45","55"],"terminus":0,"mode":"bus","color":"#0059a9","colorDark":"#00294f","angle":267.2,"snapDist":4,"label":1}},{"type":"Feature","geometry":{"type":"Point","coordinates":[20.726085,52.093836]},"properties":{"name":"Żółwin Owoców Leśnych","lines":"15, 45, 55","arr":["15","45","55"],"terminus":0,"mode":"bus","color":"#0059a9","colorDark":"#00294f","angle":5.3,"snapDist":5,"label":1}},{"type":"Feature","geometry":{"type":"Point","coordinates":[20.724342,52.097151]},"properties":{"name":"Żółwin Szkoła i Orlik","lines":"15, 45, 55","arr":["15","45","55"],"terminus":1,"mode":"bus","color":"#0059a9","colorDark":"#00294f","angle":87.4,"snapDist":6,"label":1}},{"type":"Feature","geometry":{"type":"Point","coordinates":[20.724275,52.107345]},"properties":{"name":"Żółwin Szkolna / Nadarzyńska","lines":"15, 45, 55","arr":["15","45","55"],"terminus":0,"mode":"bus","color":"#0059a9","colorDark":"#00294f","angle":97.7,"snapDist":5,"label":1}},{"type":"Feature","geometry":{"type":"Point","coordinates":[20.721091,52.108219]},"properties":{"name":"Żółwin Nadarzyńska / Zachodnia","lines":"15, 45, 55","arr":["15","45","55"],"terminus":0,"mode":"bus","color":"#0059a9","colorDark":"#00294f","angle":355.4,"snapDist":7,"label":1}},{"type":"Feature","geometry":{"type":"Point","coordinates":[20.717117,52.110209]},"properties":{"name":"Żółwin Nadarzyńska / Wodna","lines":"15, 45, 55","arr":["15","45","55"],"terminus":0,"mode":"bus","color":"#0059a9","colorDark":"#00294f","angle":58.3,"snapDist":3,"label":1}},{"type":"Feature","geometry":{"type":"Point","coordinates":[20.711769,52.113546]},"properties":{"name":"Owczarnia Żółwińska / Kazimierzowska","lines":"15, 45, 55","arr":["15","45","55"],"terminus":0,"mode":"bus","color":"#0059a9","colorDark":"#00294f","angle":40.5,"snapDist":4,"label":1}},{"type":"Feature","geometry":{"type":"Point","coordinates":[20.696547,52.110832]},"properties":{"name":"Milanówek Kazimierzowska WKD","lines":"15, 45, 55","arr":["15","45","55"],"terminus":0,"mode":"bus","color":"#0059a9","colorDark":"#00294f","angle":2.1,"snapDist":4,"label":1}},{"type":"Feature","geometry":{"type":"Point","coordinates":[20.690561,52.11117]},"properties":{"name":"Milanówek Kazimierzowska Rondo","lines":"15, 45, 55","arr":["15","45","55"],"terminus":0,"mode":"bus","color":"#0059a9","colorDark":"#00294f","angle":7.7,"snapDist":4,"label":1}},{"type":"Feature","geometry":{"type":"Point","coordinates":[20.686688,52.111465]},"properties":{"name":"Milanówek Ptasia","lines":"15, 45","arr":["15","45"],"terminus":0,"mode":"bus","color":"#0059a9","colorDark":"#00294f","angle":354,"snapDist":5,"label":1}},{"type":"Feature","geometry":{"type":"Point","coordinates":[20.677666,52.11428]},"properties":{"name":"Milanówek Jasna","lines":"15, 45","arr":["15","45"],"terminus":0,"mode":"bus","color":"#0059a9","colorDark":"#00294f","angle":46.2,"snapDist":6,"label":1}},{"type":"Feature","geometry":{"type":"Point","coordinates":[20.671034,52.115104]},"properties":{"name":"Milanówek Łączna","lines":"15, 45","arr":["15","45"],"terminus":0,"mode":"bus","color":"#0059a9","colorDark":"#00294f","angle":329.8,"snapDist":3,"label":1}},{"type":"Feature","geometry":{"type":"Point","coordinates":[20.67269,52.117596]},"properties":{"name":"Milanówek Nowowiejska","lines":"15, 45","arr":["15","45"],"terminus":0,"mode":"bus","color":"#0059a9","colorDark":"#00294f","angle":54.6,"snapDist":5,"label":1}},{"type":"Feature","geometry":{"type":"Point","coordinates":[20.670111,52.119832]},"properties":{"name":"Milanówek Biedronka","lines":"15, 18, 45","arr":["15","18","45"],"terminus":0,"mode":"bus","color":"#0059a9","colorDark":"#00294f","angle":55.1,"snapDist":4,"label":1}},{"type":"Feature","geometry":{"type":"Point","coordinates":[20.667298,52.122308]},"properties":{"name":"Milanówek Targ","lines":"15, 18, 45","arr":["15","18","45"],"terminus":0,"mode":"bus","color":"#0059a9","colorDark":"#00294f","angle":55.1,"snapDist":13,"label":1}},{"type":"Feature","geometry":{"type":"Point","coordinates":[20.66519,52.123931]},"properties":{"name":"Milanówek Stare Kino","lines":"15, 16, 17, 45","arr":["15","16","17","45"],"terminus":0,"mode":"bus","color":"#0059a9","colorDark":"#00294f","angle":331.2,"snapDist":7,"label":1}},{"type":"Feature","geometry":{"type":"Point","coordinates":[20.662576,52.123042]},"properties":{"name":"Milanówek Warszawska Przedszkole","lines":"15, 16, 17, 45","arr":["15","16","17","45"],"terminus":0,"mode":"bus","color":"#0059a9","colorDark":"#00294f","angle":331.7,"snapDist":4,"label":1}},{"type":"Feature","geometry":{"type":"Point","coordinates":[20.662642,52.120854]},"properties":{"name":"Milanówek Os. Jedwabnik","lines":"15, 16, 17, 31, 45","arr":["15","16","17","31","45"],"terminus":0,"mode":"bus","color":"#0059a9","colorDark":"#00294f","angle":209,"snapDist":3,"label":1}},{"type":"Feature","geometry":{"type":"Point","coordinates":[20.659466,52.118176]},"properties":{"name":"Milanówek Piotra Skargi","lines":"15, 16, 31, 45","arr":["15","16","31","45"],"terminus":0,"mode":"bus","color":"#0059a9","colorDark":"#00294f","angle":313.3,"snapDist":5,"label":1}},{"type":"Feature","geometry":{"type":"Point","coordinates":[20.655325,52.117282]},"properties":{"name":"Grodzisk Maz. Klonowa","lines":"15, 16, 31, 45","arr":["15","16","31","45"],"terminus":0,"mode":"bus","color":"#0059a9","colorDark":"#00294f","angle":346.4,"snapDist":5,"label":1}},{"type":"Feature","geometry":{"type":"Point","coordinates":[20.64962,52.116223]},"properties":{"name":"Grodzisk Maz. Świerkowa","lines":"15, 16, 31, 45","arr":["15","16","31","45"],"terminus":0,"mode":"bus","color":"#0059a9","colorDark":"#00294f","angle":329.6,"snapDist":4,"label":1}},{"type":"Feature","geometry":{"type":"Point","coordinates":[20.611421,52.111225]},"properties":{"name":"Grodzisk Maz. Okrzei","lines":"15, 25","arr":["15","25"],"terminus":0,"mode":"bus","color":"#0059a9","colorDark":"#00294f","angle":277.7,"snapDist":3,"label":1}},{"type":"Feature","geometry":{"type":"Point","coordinates":[20.606173,52.111485]},"properties":{"name":"Grodzisk Maz. Szwedzka / Okrzei","lines":"15, 25","arr":["15","25"],"terminus":0,"mode":"bus","color":"#0059a9","colorDark":"#00294f","angle":10,"snapDist":5,"label":1}},{"type":"Feature","geometry":{"type":"Point","coordinates":[20.600262,52.114503]},"properties":{"name":"Grodzisk Maz. Zachodnia","lines":"15, 25","arr":["15","25"],"terminus":0,"mode":"bus","color":"#0059a9","colorDark":"#00294f","angle":-81.3,"snapDist":5,"label":1}},{"type":"Feature","geometry":{"type":"Point","coordinates":[20.599786,52.109973]},"properties":{"name":"Wólka Grodziska Zachodnia","lines":"15, 25","arr":["15","25"],"terminus":1,"mode":"bus","color":"#0059a9","colorDark":"#00294f","angle":206.8,"snapDist":5,"label":1}},{"type":"Feature","geometry":{"type":"Point","coordinates":[20.604735,52.108628]},"properties":{"name":"Grodzisk Maz. Szwedzka","lines":"15, 25","arr":["15","25"],"terminus":0,"mode":"bus","color":"#0059a9","colorDark":"#00294f","angle":99.4,"snapDist":3,"label":1}},{"type":"Feature","geometry":{"type":"Point","coordinates":[20.606327,52.111469]},"properties":{"name":"Grodzisk Maz. Szwedzka / Okrzei","lines":"15, 25","arr":["15","25"],"terminus":0,"mode":"bus","color":"#0059a9","colorDark":"#00294f","angle":189.6,"snapDist":5,"label":0}},{"type":"Feature","geometry":{"type":"Point","coordinates":[20.611552,52.111825]},"properties":{"name":"Grodzisk Maz. Okrzei","lines":"15, 25","arr":["15","25"],"terminus":0,"mode":"bus","color":"#0059a9","colorDark":"#00294f","angle":97.6,"snapDist":5,"label":0}},{"type":"Feature","geometry":{"type":"Point","coordinates":[20.649443,52.11616]},"properties":{"name":"Grodzisk Maz. Świerkowa","lines":"15, 16, 31, 45","arr":["15","16","31","45"],"terminus":0,"mode":"bus","color":"#0059a9","colorDark":"#00294f","angle":149.6,"snapDist":5,"label":0}},{"type":"Feature","geometry":{"type":"Point","coordinates":[20.656223,52.117416]},"properties":{"name":"Grodzisk Maz. Klonowa","lines":"15, 16, 31, 45","arr":["15","16","31","45"],"terminus":0,"mode":"bus","color":"#0059a9","colorDark":"#00294f","angle":166.8,"snapDist":5,"label":0}},{"type":"Feature","geometry":{"type":"Point","coordinates":[20.660387,52.119214]},"properties":{"name":"Milanówek Piotra Skargi","lines":"15, 16, 31, 45","arr":["15","16","31","45"],"terminus":0,"mode":"bus","color":"#0059a9","colorDark":"#00294f","angle":114.9,"snapDist":5,"label":0}},{"type":"Feature","geometry":{"type":"Point","coordinates":[20.665566,52.121657]},"properties":{"name":"Milanówek Dębowa","lines":"15, 16, 17, 27, 31, 45, 46","arr":["15","16","17","27","31","45","46"],"terminus":1,"mode":"bus","color":"#0059a9","colorDark":"#00294f","angle":118.8,"snapDist":1,"label":1}},{"type":"Feature","geometry":{"type":"Point","coordinates":[20.668306,52.121421]},"properties":{"name":"Milanówek Targ","lines":"15, 17, 27, 45, 46","arr":["15","17","27","45","46"],"terminus":0,"mode":"bus","color":"#0059a9","colorDark":"#00294f","angle":-124.9,"snapDist":3,"label":0}},{"type":"Feature","geometry":{"type":"Point","coordinates":[20.671048,52.119011]},"properties":{"name":"Milanówek Biedronka","lines":"15, 17, 27, 45, 46","arr":["15","17","27","45","46"],"terminus":0,"mode":"bus","color":"#0059a9","colorDark":"#00294f","angle":-125,"snapDist":5,"label":0}},{"type":"Feature","geometry":{"type":"Point","coordinates":[20.672857,52.117452]},"properties":{"name":"Milanówek Nowowiejska","lines":"15, 45","arr":["15","45"],"terminus":0,"mode":"bus","color":"#0059a9","colorDark":"#00294f","angle":-125.4,"snapDist":3,"label":0}},{"type":"Feature","geometry":{"type":"Point","coordinates":[20.67797,52.114088]},"properties":{"name":"Milanówek Jasna","lines":"15, 45","arr":["15","45"],"terminus":0,"mode":"bus","color":"#0059a9","colorDark":"#00294f","angle":-133.5,"snapDist":5,"label":0}},{"type":"Feature","geometry":{"type":"Point","coordinates":[20.686553,52.111456]},"properties":{"name":"Milanówek Ptasia","lines":"15, 45","arr":["15","45"],"terminus":0,"mode":"bus","color":"#0059a9","colorDark":"#00294f","angle":173.7,"snapDist":3,"label":0}},{"type":"Feature","geometry":{"type":"Point","coordinates":[20.690754,52.111155]},"properties":{"name":"Milanówek Kazimierzowska Rondo","lines":"15, 45, 55","arr":["15","45","55"],"terminus":0,"mode":"bus","color":"#0059a9","colorDark":"#00294f","angle":-172.5,"snapDist":3,"label":0}},{"type":"Feature","geometry":{"type":"Point","coordinates":[20.696781,52.110829]},"properties":{"name":"Milanówek Kazimierzowska WKD","lines":"15, 45, 55","arr":["15","45","55"],"terminus":0,"mode":"bus","color":"#0059a9","colorDark":"#00294f","angle":0.9,"snapDist":1,"label":0}},{"type":"Feature","geometry":{"type":"Point","coordinates":[20.711925,52.113462]},"properties":{"name":"Owczarnia Żółwińska / Kazimierzowska","lines":"15, 45, 55","arr":["15","45","55"],"terminus":0,"mode":"bus","color":"#0059a9","colorDark":"#00294f","angle":221.3,"snapDist":4,"label":0}},{"type":"Feature","geometry":{"type":"Point","coordinates":[20.71742,52.109906]},"properties":{"name":"Żółwin Nadarzyńska / Wodna","lines":"15, 45, 55","arr":["15","45","55"],"terminus":0,"mode":"bus","color":"#0059a9","colorDark":"#00294f","angle":-120.3,"snapDist":3,"label":0}},{"type":"Feature","geometry":{"type":"Point","coordinates":[20.719939,52.108162]},"properties":{"name":"Żółwin Nadarzyńska / Zachodnia","lines":"15, 45, 55","arr":["15","45","55"],"terminus":0,"mode":"bus","color":"#0059a9","colorDark":"#00294f","angle":175.2,"snapDist":6,"label":0}},{"type":"Feature","geometry":{"type":"Point","coordinates":[20.724241,52.107182]},"properties":{"name":"Żółwin Szkolna / Nadarzyńska","lines":"15, 45","arr":["15","45"],"terminus":0,"mode":"bus","color":"#0059a9","colorDark":"#00294f","angle":-82.7,"snapDist":6,"label":0}},{"type":"Feature","geometry":{"type":"Point","coordinates":[20.724374,52.09659]},"properties":{"name":"Żółwin Szkoła i Orlik","lines":"15, 45","arr":["15","45"],"terminus":0,"mode":"bus","color":"#0059a9","colorDark":"#00294f","angle":-91.5,"snapDist":4,"label":0}},{"type":"Feature","geometry":{"type":"Point","coordinates":[20.726603,52.09381]},"properties":{"name":"Żółwin Owoców Leśnych","lines":"15, 45","arr":["15","45"],"terminus":0,"mode":"bus","color":"#0059a9","colorDark":"#00294f","angle":-175.8,"snapDist":2,"label":0}},{"type":"Feature","geometry":{"type":"Point","coordinates":[20.734154,52.093896]},"properties":{"name":"Żółwin Słoneczna / Graniczna","lines":"15, 45","arr":["15","45"],"terminus":0,"mode":"bus","color":"#0059a9","colorDark":"#00294f","angle":87.2,"snapDist":5,"label":0}},{"type":"Feature","geometry":{"type":"Point","coordinates":[20.733744,52.097799]},"properties":{"name":"Żółwin Słoneczna / Południowa","lines":"15, 23, 45","arr":["15","23","45"],"terminus":0,"mode":"bus","color":"#0059a9","colorDark":"#00294f","angle":83.5,"snapDist":4,"label":0}},{"type":"Feature","geometry":{"type":"Point","coordinates":[20.733674,52.102279]},"properties":{"name":"Żółwin Słoneczna / Słoneczników","lines":"15, 23, 45","arr":["15","23","45"],"terminus":0,"mode":"bus","color":"#0059a9","colorDark":"#00294f","angle":98.1,"snapDist":4,"label":0}},{"type":"Feature","geometry":{"type":"Point","coordinates":[20.73459,52.106427]},"properties":{"name":"Żółwin Słoneczna / Nadarzyńska","lines":"15, 23, 45","arr":["15","23","45"],"terminus":0,"mode":"bus","color":"#0059a9","colorDark":"#00294f","angle":97.5,"snapDist":5,"label":0}},{"type":"Feature","geometry":{"type":"Point","coordinates":[20.727076,52.107422]},"properties":{"name":"Żółwin Nadarzyńska OSP","lines":"15, 23, 45","arr":["15","23","45"],"terminus":0,"mode":"bus","color":"#0059a9","colorDark":"#00294f","angle":4.2,"snapDist":7,"label":0}},{"type":"Feature","geometry":{"type":"Point","coordinates":[20.726354,52.110548]},"properties":{"name":"Żółwin Kasztanowa / Zarybie","lines":"15, 23, 45","arr":["15","23","45"],"terminus":0,"mode":"bus","color":"#0059a9","colorDark":"#00294f","angle":94.2,"snapDist":3,"label":0}},{"type":"Feature","geometry":{"type":"Point","coordinates":[20.726281,52.117516]},"properties":{"name":"Podkowa Leśna Sienkiewicza","lines":"15, 23, 45","arr":["15","23","45"],"terminus":0,"mode":"bus","color":"#0059a9","colorDark":"#00294f","angle":107,"snapDist":6,"label":0}},{"type":"Feature","geometry":{"type":"Point","coordinates":[20.724865,52.123138]},"properties":{"name":"Podkowa Leśna Główna WKD","lines":"15, 23, 45","arr":["15","23","45"],"terminus":0,"mode":"bus","color":"#0059a9","colorDark":"#00294f","angle":53.7,"snapDist":4,"label":0}},{"type":"Feature","geometry":{"type":"Point","coordinates":[20.721016,52.126281]},"properties":{"name":"Podkowa Leśna Szczygła","lines":"15, 23, 45","arr":["15","23","45"],"terminus":0,"mode":"bus","color":"#0059a9","colorDark":"#00294f","angle":53.1,"snapDist":6,"label":0}},{"type":"Feature","geometry":{"type":"Point","coordinates":[20.714873,52.131307]},"properties":{"name":"Brwinów Sportowa / Leśna","lines":"15, 23, 45","arr":["15","23","45"],"terminus":0,"mode":"bus","color":"#0059a9","colorDark":"#00294f","angle":52.9,"snapDist":6,"label":0}},{"type":"Feature","geometry":{"type":"Point","coordinates":[20.712264,52.133439]},"properties":{"name":"Brwinów Zespół Szkół Ogólnokształcących","lines":"15, 23, 45","arr":["15","23","45"],"terminus":0,"mode":"bus","color":"#0059a9","colorDark":"#00294f","angle":54.3,"snapDist":6,"label":0}},{"type":"Feature","geometry":{"type":"Point","coordinates":[20.709696,52.136357]},"properties":{"name":"Brwinów Grodziska / Sportowa","lines":"15, 17, 23, 35, 45","arr":["15","17","23","35","45"],"terminus":0,"mode":"bus","color":"#0059a9","colorDark":"#00294f","angle":137.8,"snapDist":4,"label":0}},{"type":"Feature","geometry":{"type":"Point","coordinates":[20.71568,52.1398]},"properties":{"name":"Brwinów Urząd Miejski","lines":"15, 17, 23, 35, 45","arr":["15","17","23","35","45"],"terminus":0,"mode":"bus","color":"#0059a9","colorDark":"#00294f","angle":136.4,"snapDist":4,"label":0}},{"type":"Feature","geometry":{"type":"Point","coordinates":[20.719153,52.14036]},"properties":{"name":"Brwinów OSP","lines":"15, 17, 23, 35, 45, 65, 66, Z67","arr":["15","17","23","35","45","65","66","Z67"],"terminus":1,"mode":"bus","color":"#0059a9","colorDark":"#00294f","angle":185.4,"snapDist":5,"label":0}},{"type":"Feature","geometry":{"type":"Point","coordinates":[20.63323,52.106098]},"properties":{"name":"Grodzisk Maz. Okulickiego Szkoła Muzyczna","lines":"15","arr":["15"],"terminus":1,"mode":"bus","color":"#0059a9","colorDark":"#00294f","angle":250.4,"snapDist":4,"label":1}},{"type":"Feature","geometry":{"type":"Point","coordinates":[20.650757,52.136337]},"properties":{"name":"Milanówek Cmentarz","lines":"16, 18, 46","arr":["16","18","46"],"terminus":1,"mode":"bus","color":"#0059a9","colorDark":"#00294f","angle":261,"snapDist":4,"label":1}},{"type":"Feature","geometry":{"type":"Point","coordinates":[20.65144,52.133686]},"properties":{"name":"Milanówek Reymonta","lines":"16, 18, 46","arr":["16","18","46"],"terminus":0,"mode":"bus","color":"#0059a9","colorDark":"#00294f","angle":255.9,"snapDist":2,"label":1}},{"type":"Feature","geometry":{"type":"Point","coordinates":[20.652563,52.131252]},"properties":{"name":"Milanówek Lasek Pondra","lines":"16, 18, 46","arr":["16","18","46"],"terminus":0,"mode":"bus","color":"#0059a9","colorDark":"#00294f","angle":256.4,"snapDist":4,"label":1}},{"type":"Feature","geometry":{"type":"Point","coordinates":[20.652143,52.126917]},"properties":{"name":"Milanówek Ludna","lines":"16, 18, 46","arr":["16","18","46"],"terminus":0,"mode":"bus","color":"#0059a9","colorDark":"#00294f","angle":282.3,"snapDist":4,"label":1}},{"type":"Feature","geometry":{"type":"Point","coordinates":[20.656699,52.125261]},"properties":{"name":"Milanówek Spacerowa","lines":"16, 46","arr":["16","46"],"terminus":0,"mode":"bus","color":"#0059a9","colorDark":"#00294f","angle":193.2,"snapDist":3,"label":1}},{"type":"Feature","geometry":{"type":"Point","coordinates":[20.658872,52.125311]},"properties":{"name":"Milanówek Starodęby","lines":"16, 46","arr":["16","46"],"terminus":0,"mode":"bus","color":"#0059a9","colorDark":"#00294f","angle":91.7,"snapDist":3,"label":1}},{"type":"Feature","geometry":{"type":"Point","coordinates":[20.663077,52.12603]},"properties":{"name":"Milanówek Kościół","lines":"16, 46","arr":["16","46"],"terminus":0,"mode":"bus","color":"#0059a9","colorDark":"#00294f","angle":212.1,"snapDist":4,"label":1}},{"type":"Feature","geometry":{"type":"Point","coordinates":[20.667548,52.126183]},"properties":{"name":"Milanówek Piasta Liceum","lines":"16, 18, 31, 46","arr":["16","18","31","46"],"terminus":0,"mode":"bus","color":"#0059a9","colorDark":"#00294f","angle":152.5,"snapDist":3,"label":1}},{"type":"Feature","geometry":{"type":"Point","coordinates":[20.671644,52.128791]},"properties":{"name":"Milanówek Zaciszna","lines":"16, 18, 31, 46","arr":["16","18","31","46"],"terminus":1,"mode":"bus","color":"#0059a9","colorDark":"#00294f","angle":186.5,"snapDist":2,"label":1}},{"type":"Feature","geometry":{"type":"Point","coordinates":[20.665898,52.126013]},"properties":{"name":"Milanówek Krakowska Dw. PKP","lines":"16, 18, 31, 46","arr":["16","18","31","46"],"terminus":0,"mode":"bus","color":"#0059a9","colorDark":"#00294f","angle":14,"snapDist":7,"label":1}},{"type":"Feature","geometry":{"type":"Point","coordinates":[20.660132,52.127705]},"properties":{"name":"Milanówek Urząd Miasta","lines":"16, 46","arr":["16","46"],"terminus":0,"mode":"bus","color":"#0059a9","colorDark":"#00294f","angle":-167.9,"snapDist":4,"label":1}},{"type":"Feature","geometry":{"type":"Point","coordinates":[20.658867,52.125204]},"properties":{"name":"Milanówek Starodęby","lines":"16, 46","arr":["16","46"],"terminus":0,"mode":"bus","color":"#0059a9","colorDark":"#00294f","angle":271.7,"snapDist":4,"label":0}},{"type":"Feature","geometry":{"type":"Point","coordinates":[20.655526,52.125418]},"properties":{"name":"Milanówek Spacerowa","lines":"16, 46","arr":["16","46"],"terminus":0,"mode":"bus","color":"#0059a9","colorDark":"#00294f","angle":11.1,"snapDist":4,"label":0}},{"type":"Feature","geometry":{"type":"Point","coordinates":[20.652014,52.126554]},"properties":{"name":"Milanówek Ludna","lines":"16, 18, 46","arr":["16","18","46"],"terminus":0,"mode":"bus","color":"#0059a9","colorDark":"#00294f","angle":102.3,"snapDist":4,"label":0}},{"type":"Feature","geometry":{"type":"Point","coordinates":[20.652656,52.130899]},"properties":{"name":"Milanówek Lasek Pondra","lines":"16, 18, 46","arr":["16","18","46"],"terminus":0,"mode":"bus","color":"#0059a9","colorDark":"#00294f","angle":82,"snapDist":7,"label":0}},{"type":"Feature","geometry":{"type":"Point","coordinates":[20.651397,52.133791]},"properties":{"name":"Milanówek Reymonta","lines":"16, 18, 46","arr":["16","18","46"],"terminus":0,"mode":"bus","color":"#0059a9","colorDark":"#00294f","angle":75.5,"snapDist":3,"label":0}},{"type":"Feature","geometry":{"type":"Point","coordinates":[20.650564,52.137076]},"properties":{"name":"Milanówek Cmentarz","lines":"16, 18, 46","arr":["16","18","46"],"terminus":1,"mode":"bus","color":"#0059a9","colorDark":"#00294f","angle":82.4,"snapDist":5,"label":0}},{"type":"Feature","geometry":{"type":"Point","coordinates":[20.760946,52.127017]},"properties":{"name":"Otrębusy WKD","lines":"17, 65, Z67","arr":["17","65","Z67"],"terminus":1,"mode":"bus","color":"#0059a9","colorDark":"#00294f","angle":89.7,"snapDist":3,"label":1}},{"type":"Feature","geometry":{"type":"Point","coordinates":[20.753569,52.131227]},"properties":{"name":"Otrębusy Pszczelin","lines":"17, 65, Z67","arr":["17","65","Z67"],"terminus":0,"mode":"bus","color":"#0059a9","colorDark":"#00294f","angle":68.2,"snapDist":3,"label":1}},{"type":"Feature","geometry":{"type":"Point","coordinates":[20.741665,52.136069]},"properties":{"name":"Brwinów Osiedle Pszczelin","lines":"17, 65, Z67","arr":["17","65","Z67"],"terminus":0,"mode":"bus","color":"#0059a9","colorDark":"#00294f","angle":31.3,"snapDist":16,"label":1}},{"type":"Feature","geometry":{"type":"Point","coordinates":[20.732852,52.139197]},"properties":{"name":"Brwinów Pedagogiczna","lines":"17, 65, Z67","arr":["17","65","Z67"],"terminus":0,"mode":"bus","color":"#0059a9","colorDark":"#00294f","angle":28.2,"snapDist":6,"label":1}},{"type":"Feature","geometry":{"type":"Point","coordinates":[20.726824,52.139904]},"properties":{"name":"Brwinów Parzniewska","lines":"17, 65, Z67","arr":["17","65","Z67"],"terminus":0,"mode":"bus","color":"#0059a9","colorDark":"#00294f","angle":5.7,"snapDist":11,"label":1}},{"type":"Feature","geometry":{"type":"Point","coordinates":[20.719925,52.140316]},"properties":{"name":"Brwinów OSP","lines":"17, 65, 66, Z67","arr":["17","65","66","Z67"],"terminus":0,"mode":"bus","color":"#0059a9","colorDark":"#00294f","angle":5.3,"snapDist":6,"label":0}},{"type":"Feature","geometry":{"type":"Point","coordinates":[20.708528,52.135672]},"properties":{"name":"Brwinów Grodziska / Sportowa","lines":"17, 35","arr":["17","35"],"terminus":0,"mode":"bus","color":"#0059a9","colorDark":"#00294f","angle":317.4,"snapDist":4,"label":0}},{"type":"Feature","geometry":{"type":"Point","coordinates":[20.702137,52.130523]},"properties":{"name":"Milanówek Przedszkole Kasperek","lines":"17, 35","arr":["17","35"],"terminus":0,"mode":"bus","color":"#0059a9","colorDark":"#00294f","angle":280.2,"snapDist":5,"label":1}},{"type":"Feature","geometry":{"type":"Point","coordinates":[20.690484,52.126428]},"properties":{"name":"Milanówek Turczynek","lines":"17","arr":["17"],"terminus":0,"mode":"bus","color":"#0059a9","colorDark":"#00294f","angle":324.6,"snapDist":10,"label":1}},{"type":"Feature","geometry":{"type":"Point","coordinates":[20.682773,52.122923]},"properties":{"name":"Milanówek Grudów WKD","lines":"17","arr":["17"],"terminus":0,"mode":"bus","color":"#0059a9","colorDark":"#00294f","angle":324,"snapDist":10,"label":1}},{"type":"Feature","geometry":{"type":"Point","coordinates":[20.667787,52.117099]},"properties":{"name":"Milanówek Królewska","lines":"17, 27, 46","arr":["17","27","46"],"terminus":0,"mode":"bus","color":"#0059a9","colorDark":"#00294f","angle":329.1,"snapDist":8,"label":1}},{"type":"Feature","geometry":{"type":"Point","coordinates":[20.647949,52.110046]},"properties":{"name":"Grodzisk Maz. Królewska / Teligi","lines":"17, 27","arr":["17","27"],"terminus":0,"mode":"bus","color":"#0059a9","colorDark":"#00294f","angle":330.5,"snapDist":16,"label":1}},{"type":"Feature","geometry":{"type":"Point","coordinates":[20.639634,52.107238]},"properties":{"name":"Grodzisk Maz. Królewska / Orzeszkowej","lines":"17","arr":["17"],"terminus":0,"mode":"bus","color":"#0059a9","colorDark":"#00294f","angle":330.4,"snapDist":11,"label":1}},{"type":"Feature","geometry":{"type":"Point","coordinates":[20.800076,52.091292]},"properties":{"name":"P+R Nadarzyn","lines":"17, 29, 60, 65","arr":["17","29","60","65"],"terminus":1,"mode":"bus","color":"#0059a9","colorDark":"#00294f","angle":261.1,"snapDist":0,"label":1}},{"type":"Feature","geometry":{"type":"Point","coordinates":[20.802527,52.091008]},"properties":{"name":"Nadarzyn Urząd Gminy","lines":"17, 60, 63, 65","arr":["17","60","63","65"],"terminus":0,"mode":"bus","color":"#0059a9","colorDark":"#00294f","angle":128.8,"snapDist":6,"label":1}},{"type":"Feature","geometry":{"type":"Point","coordinates":[20.805138,52.093893]},"properties":{"name":"Nadarzyn Błońska","lines":"17, 65","arr":["17","65"],"terminus":0,"mode":"bus","color":"#0059a9","colorDark":"#00294f","angle":-149.9,"snapDist":3,"label":1}},{"type":"Feature","geometry":{"type":"Point","coordinates":[20.795605,52.099128]},"properties":{"name":"Nadarzyn Błońska II","lines":"17, 65","arr":["17","65"],"terminus":0,"mode":"bus","color":"#0059a9","colorDark":"#00294f","angle":46.4,"snapDist":0,"label":1}},{"type":"Feature","geometry":{"type":"Point","coordinates":[20.777759,52.114314]},"properties":{"name":"Strzeniówka Jeżynowa","lines":"17, 65","arr":["17","65"],"terminus":0,"mode":"bus","color":"#0059a9","colorDark":"#00294f","angle":92.5,"snapDist":4,"label":1}},{"type":"Feature","geometry":{"type":"Point","coordinates":[20.674033,52.123618]},"properties":{"name":"Milanówek Grudowska","lines":"17","arr":["17"],"terminus":0,"mode":"bus","color":"#0059a9","colorDark":"#00294f","angle":22.7,"snapDist":5,"label":1}},{"type":"Feature","geometry":{"type":"Point","coordinates":[20.667452,52.124496]},"properties":{"name":"Milanówek Warszawska Dw. PKP","lines":"17","arr":["17"],"terminus":0,"mode":"bus","color":"#0059a9","colorDark":"#00294f","angle":338.4,"snapDist":7,"label":1}},{"type":"Feature","geometry":{"type":"Point","coordinates":[20.654614,52.1099]},"properties":{"name":"Grodzisk Maz. Sienna","lines":"17, 46","arr":["17","46"],"terminus":0,"mode":"bus","color":"#0059a9","colorDark":"#00294f","angle":252.2,"snapDist":3,"label":1}},{"type":"Feature","geometry":{"type":"Point","coordinates":[20.656072,52.107216]},"properties":{"name":"Grodzisk Maz. Braci Okuniów","lines":"17, 46","arr":["17","46"],"terminus":0,"mode":"bus","color":"#0059a9","colorDark":"#00294f","angle":251,"snapDist":3,"label":1}},{"type":"Feature","geometry":{"type":"Point","coordinates":[20.657128,52.105263]},"properties":{"name":"Grodzisk Maz. Okrężna / Piaskowa","lines":"17, 46","arr":["17","46"],"terminus":0,"mode":"bus","color":"#0059a9","colorDark":"#00294f","angle":251.5,"snapDist":3,"label":1}},{"type":"Feature","geometry":{"type":"Point","coordinates":[20.657128,52.105263]},"properties":{"name":"Grodzisk Maz. Okrężna / Piaskowa","lines":"17, 46","arr":["17","46"],"terminus":0,"mode":"bus","color":"#0059a9","colorDark":"#00294f","angle":71.5,"snapDist":7,"label":0}},{"type":"Feature","geometry":{"type":"Point","coordinates":[20.655619,52.108057]},"properties":{"name":"Grodzisk Maz. Braci Okuniów","lines":"17, 46","arr":["17","46"],"terminus":0,"mode":"bus","color":"#0059a9","colorDark":"#00294f","angle":72.1,"snapDist":4,"label":0}},{"type":"Feature","geometry":{"type":"Point","coordinates":[20.654604,52.109919]},"properties":{"name":"Grodzisk Maz. Sienna","lines":"17, 46","arr":["17","46"],"terminus":0,"mode":"bus","color":"#0059a9","colorDark":"#00294f","angle":72.2,"snapDist":6,"label":0}},{"type":"Feature","geometry":{"type":"Point","coordinates":[20.665233,52.116964]},"properties":{"name":"Milanówek Staszica","lines":"17, 27, 46","arr":["17","27","46"],"terminus":0,"mode":"bus","color":"#0059a9","colorDark":"#00294f","angle":81.1,"snapDist":5,"label":1}},{"type":"Feature","geometry":{"type":"Point","coordinates":[20.663487,52.118805]},"properties":{"name":"Milanówek Basen","lines":"17, 27, 46","arr":["17","27","46"],"terminus":1,"mode":"bus","color":"#0059a9","colorDark":"#00294f","angle":138,"snapDist":5,"label":1}},{"type":"Feature","geometry":{"type":"Point","coordinates":[20.682557,52.122827]},"properties":{"name":"Milanówek Grudów WKD","lines":"17","arr":["17"],"terminus":0,"mode":"bus","color":"#0059a9","colorDark":"#00294f","angle":144.1,"snapDist":8,"label":0}},{"type":"Feature","geometry":{"type":"Point","coordinates":[20.69161,52.126913]},"properties":{"name":"Milanówek Turczynek","lines":"17","arr":["17"],"terminus":0,"mode":"bus","color":"#0059a9","colorDark":"#00294f","angle":145,"snapDist":7,"label":0}},{"type":"Feature","geometry":{"type":"Point","coordinates":[20.702092,52.13037]},"properties":{"name":"Milanówek Przedszkole Kasperek","lines":"17, 35","arr":["17","35"],"terminus":0,"mode":"bus","color":"#0059a9","colorDark":"#00294f","angle":100.2,"snapDist":5,"label":0}},{"type":"Feature","geometry":{"type":"Point","coordinates":[20.728204,52.139817]},"properties":{"name":"Brwinów Parzniewska","lines":"17, 65, Z67","arr":["17","65","Z67"],"terminus":0,"mode":"bus","color":"#0059a9","colorDark":"#00294f","angle":185.6,"snapDist":5,"label":0}},{"type":"Feature","geometry":{"type":"Point","coordinates":[20.733504,52.138984]},"properties":{"name":"Brwinów Pedagogiczna","lines":"17, 65, Z67","arr":["17","65","Z67"],"terminus":0,"mode":"bus","color":"#0059a9","colorDark":"#00294f","angle":208,"snapDist":6,"label":0}},{"type":"Feature","geometry":{"type":"Point","coordinates":[20.74075,52.136411]},"properties":{"name":"Brwinów Osiedle Pszczelin","lines":"17, 65, Z67","arr":["17","65","Z67"],"terminus":0,"mode":"bus","color":"#0059a9","colorDark":"#00294f","angle":212.3,"snapDist":8,"label":0}},{"type":"Feature","geometry":{"type":"Point","coordinates":[20.75691,52.130307]},"properties":{"name":"Otrębusy Krótka","lines":"17, 65, Z67","arr":["17","65","Z67"],"terminus":0,"mode":"bus","color":"#0059a9","colorDark":"#00294f","angle":206.9,"snapDist":2,"label":1}},{"type":"Feature","geometry":{"type":"Point","coordinates":[20.761089,52.125153]},"properties":{"name":"Otrębusy WKD","lines":"17, 65, Z67","arr":["17","65","Z67"],"terminus":1,"mode":"bus","color":"#0059a9","colorDark":"#00294f","angle":255.9,"snapDist":7,"label":0}},{"type":"Feature","geometry":{"type":"Point","coordinates":[20.77775,52.114184]},"properties":{"name":"Strzeniówka Jeżynowa","lines":"17, 65","arr":["17","65"],"terminus":0,"mode":"bus","color":"#0059a9","colorDark":"#00294f","angle":271.7,"snapDist":8,"label":0}},{"type":"Feature","geometry":{"type":"Point","coordinates":[20.788137,52.105101]},"properties":{"name":"Nadarzyn Stasinek","lines":"17, 65","arr":["17","65"],"terminus":0,"mode":"bus","color":"#0059a9","colorDark":"#00294f","angle":231.8,"snapDist":7,"label":1}},{"type":"Feature","geometry":{"type":"Point","coordinates":[20.80554,52.09327]},"properties":{"name":"Nadarzyn Kościuszki","lines":"17, 60, 63, 65","arr":["17","60","63","65"],"terminus":0,"mode":"bus","color":"#0059a9","colorDark":"#00294f","angle":282.2,"snapDist":10,"label":1}},{"type":"Feature","geometry":{"type":"Point","coordinates":[20.801214,52.08999]},"properties":{"name":"Nadarzyn Urząd Gminy","lines":"17, 60, 63, 65","arr":["17","60","63","65"],"terminus":0,"mode":"bus","color":"#0059a9","colorDark":"#00294f","angle":308.7,"snapDist":9,"label":0}},{"type":"Feature","geometry":{"type":"Point","coordinates":[20.627041,52.120547]},"properties":{"name":"Grodzisk Maz. Cieszyńska","lines":"18, 26","arr":["18","26"],"terminus":0,"mode":"bus","color":"#0059a9","colorDark":"#00294f","angle":98.8,"snapDist":7,"label":1}},{"type":"Feature","geometry":{"type":"Point","coordinates":[20.633946,52.128251]},"properties":{"name":"Chrzanów Mały Chrzanowska","lines":"18, 26","arr":["18","26"],"terminus":0,"mode":"bus","color":"#0059a9","colorDark":"#00294f","angle":168.3,"snapDist":3,"label":1}},{"type":"Feature","geometry":{"type":"Point","coordinates":[20.640407,52.125982]},"properties":{"name":"Milanówek Lazurowa","lines":"18","arr":["18"],"terminus":0,"mode":"bus","color":"#0059a9","colorDark":"#00294f","angle":181.9,"snapDist":3,"label":1}},{"type":"Feature","geometry":{"type":"Point","coordinates":[20.648083,52.125864]},"properties":{"name":"Milanówek Krucza","lines":"18","arr":["18"],"terminus":0,"mode":"bus","color":"#0059a9","colorDark":"#00294f","angle":182.7,"snapDist":5,"label":1}},{"type":"Feature","geometry":{"type":"Point","coordinates":[20.649919,52.138457]},"properties":{"name":"Milanówek Kolorowa","lines":"18","arr":["18"],"terminus":0,"mode":"bus","color":"#0059a9","colorDark":"#00294f","angle":59.6,"snapDist":8,"label":1}},{"type":"Feature","geometry":{"type":"Point","coordinates":[20.642301,52.143876]},"properties":{"name":"Żuków","lines":"18","arr":["18"],"terminus":0,"mode":"bus","color":"#0059a9","colorDark":"#00294f","angle":22.3,"snapDist":4,"label":1}},{"type":"Feature","geometry":{"type":"Point","coordinates":[20.636217,52.145478]},"properties":{"name":"Adamów","lines":"18, 26","arr":["18","26"],"terminus":0,"mode":"bus","color":"#0059a9","colorDark":"#00294f","angle":129.1,"snapDist":6,"label":1}},{"type":"Feature","geometry":{"type":"Point","coordinates":[20.650634,52.14326]},"properties":{"name":"Milanówek Żukowska","lines":"18","arr":["18"],"terminus":0,"mode":"bus","color":"#0059a9","colorDark":"#00294f","angle":200.1,"snapDist":3,"label":1}},{"type":"Feature","geometry":{"type":"Point","coordinates":[20.658657,52.14173]},"properties":{"name":"Milanówek Kwiatowa","lines":"18","arr":["18"],"terminus":0,"mode":"bus","color":"#0059a9","colorDark":"#00294f","angle":189.9,"snapDist":3,"label":1}},{"type":"Feature","geometry":{"type":"Point","coordinates":[20.662338,52.144186]},"properties":{"name":"Milanówek Dom Opieki","lines":"18","arr":["18"],"terminus":0,"mode":"bus","color":"#0059a9","colorDark":"#00294f","angle":10,"snapDist":11,"label":1}},{"type":"Feature","geometry":{"type":"Point","coordinates":[20.65929,52.137115]},"properties":{"name":"Milanówek Park Lasockiego","lines":"18","arr":["18"],"terminus":0,"mode":"bus","color":"#0059a9","colorDark":"#00294f","angle":270.4,"snapDist":5,"label":1}},{"type":"Feature","geometry":{"type":"Point","coordinates":[20.660863,52.13482]},"properties":{"name":"Milanówek Przyszłość","lines":"18","arr":["18"],"terminus":0,"mode":"bus","color":"#0059a9","colorDark":"#00294f","angle":216.9,"snapDist":2,"label":1}},{"type":"Feature","geometry":{"type":"Point","coordinates":[20.66668,52.132843]},"properties":{"name":"Milanówek Leśny Ślad","lines":"18","arr":["18"],"terminus":0,"mode":"bus","color":"#0059a9","colorDark":"#00294f","angle":205.7,"snapDist":5,"label":1}},{"type":"Feature","geometry":{"type":"Point","coordinates":[20.672616,52.133135]},"properties":{"name":"Milanówek Gospodarska","lines":"18","arr":["18"],"terminus":0,"mode":"bus","color":"#0059a9","colorDark":"#00294f","angle":-159.6,"snapDist":4,"label":1}},{"type":"Feature","geometry":{"type":"Point","coordinates":[20.674005,52.130424]},"properties":{"name":"Milanówek Wspólna","lines":"18","arr":["18"],"terminus":0,"mode":"bus","color":"#0059a9","colorDark":"#00294f","angle":288.5,"snapDist":3,"label":1}},{"type":"Feature","geometry":{"type":"Point","coordinates":[20.66665,52.124206]},"properties":{"name":"Milanówek Warszawska Dw. PKP","lines":"18","arr":["18"],"terminus":0,"mode":"bus","color":"#0059a9","colorDark":"#00294f","angle":148.7,"snapDist":5,"label":0}},{"type":"Feature","geometry":{"type":"Point","coordinates":[20.674433,52.123516]},"properties":{"name":"Milanówek Grudowska","lines":"18","arr":["18"],"terminus":0,"mode":"bus","color":"#0059a9","colorDark":"#00294f","angle":202.7,"snapDist":4,"label":0}},{"type":"Feature","geometry":{"type":"Point","coordinates":[20.681033,52.122536]},"properties":{"name":"Milanówek Grudów WKD","lines":"18","arr":["18"],"terminus":0,"mode":"bus","color":"#0059a9","colorDark":"#00294f","angle":201.5,"snapDist":5,"label":0}},{"type":"Feature","geometry":{"type":"Point","coordinates":[20.674081,52.130575]},"properties":{"name":"Milanówek Wspólna","lines":"18","arr":["18"],"terminus":0,"mode":"bus","color":"#0059a9","colorDark":"#00294f","angle":106.4,"snapDist":4,"label":0}},{"type":"Feature","geometry":{"type":"Point","coordinates":[20.672115,52.133249]},"properties":{"name":"Milanówek Gospodarska","lines":"18","arr":["18"],"terminus":0,"mode":"bus","color":"#0059a9","colorDark":"#00294f","angle":20.6,"snapDist":4,"label":0}},{"type":"Feature","geometry":{"type":"Point","coordinates":[20.666928,52.13277]},"properties":{"name":"Milanówek Leśny Ślad","lines":"18","arr":["18"],"terminus":0,"mode":"bus","color":"#0059a9","colorDark":"#00294f","angle":25.9,"snapDist":5,"label":0}},{"type":"Feature","geometry":{"type":"Point","coordinates":[20.661405,52.134569]},"properties":{"name":"Milanówek Przyszłość","lines":"18","arr":["18"],"terminus":0,"mode":"bus","color":"#0059a9","colorDark":"#00294f","angle":37.2,"snapDist":5,"label":0}},{"type":"Feature","geometry":{"type":"Point","coordinates":[20.659296,52.138016]},"properties":{"name":"Milanówek Park Lasockiego","lines":"18","arr":["18"],"terminus":0,"mode":"bus","color":"#0059a9","colorDark":"#00294f","angle":90.4,"snapDist":6,"label":0}},{"type":"Feature","geometry":{"type":"Point","coordinates":[20.658058,52.141793]},"properties":{"name":"Milanówek Kwiatowa","lines":"18","arr":["18"],"terminus":0,"mode":"bus","color":"#0059a9","colorDark":"#00294f","angle":9.9,"snapDist":6,"label":0}},{"type":"Feature","geometry":{"type":"Point","coordinates":[20.650745,52.143236]},"properties":{"name":"Milanówek Żukowska","lines":"18","arr":["18"],"terminus":0,"mode":"bus","color":"#0059a9","colorDark":"#00294f","angle":20.1,"snapDist":4,"label":0}},{"type":"Feature","geometry":{"type":"Point","coordinates":[20.636497,52.145688]},"properties":{"name":"Adamów","lines":"18, 26","arr":["18","26"],"terminus":0,"mode":"bus","color":"#0059a9","colorDark":"#00294f","angle":-49.9,"snapDist":6,"label":0}},{"type":"Feature","geometry":{"type":"Point","coordinates":[20.643719,52.143523]},"properties":{"name":"Żuków","lines":"18","arr":["18"],"terminus":0,"mode":"bus","color":"#0059a9","colorDark":"#00294f","angle":-157.9,"snapDist":3,"label":0}},{"type":"Feature","geometry":{"type":"Point","coordinates":[20.65004,52.138328]},"properties":{"name":"Milanówek Kolorowa","lines":"18","arr":["18"],"terminus":0,"mode":"bus","color":"#0059a9","colorDark":"#00294f","angle":240.3,"snapDist":7,"label":0}},{"type":"Feature","geometry":{"type":"Point","coordinates":[20.646766,52.125887]},"properties":{"name":"Milanówek Krucza","lines":"18","arr":["18"],"terminus":0,"mode":"bus","color":"#0059a9","colorDark":"#00294f","angle":1.1,"snapDist":4,"label":0}},{"type":"Feature","geometry":{"type":"Point","coordinates":[20.640677,52.125977]},"properties":{"name":"Milanówek Lazurowa","lines":"18","arr":["18"],"terminus":0,"mode":"bus","color":"#0059a9","colorDark":"#00294f","angle":1.9,"snapDist":7,"label":0}},{"type":"Feature","geometry":{"type":"Point","coordinates":[20.63512,52.128395]},"properties":{"name":"Chrzanów Mały Chrzanowska","lines":"18, 26","arr":["18","26"],"terminus":0,"mode":"bus","color":"#0059a9","colorDark":"#00294f","angle":-11.5,"snapDist":10,"label":0}},{"type":"Feature","geometry":{"type":"Point","coordinates":[20.626951,52.120195]},"properties":{"name":"Grodzisk Maz. Cieszyńska","lines":"18, 26","arr":["18","26"],"terminus":0,"mode":"bus","color":"#0059a9","colorDark":"#00294f","angle":-80.8,"snapDist":3,"label":0}},{"type":"Feature","geometry":{"type":"Point","coordinates":[20.563443,52.200736]},"properties":{"name":"Piorunów Batorego","lines":"19","arr":["19"],"terminus":0,"mode":"bus","color":"#0059a9","colorDark":"#00294f","angle":3.7,"snapDist":14,"label":1}},{"type":"Feature","geometry":{"type":"Point","coordinates":[20.539598,52.202]},"properties":{"name":"Bramki Calineczki","lines":"19","arr":["19"],"terminus":0,"mode":"bus","color":"#0059a9","colorDark":"#00294f","angle":101.5,"snapDist":1,"label":1}},{"type":"Feature","geometry":{"type":"Point","coordinates":[20.535672,52.197481]},"properties":{"name":"Bramki Długa","lines":"19","arr":["19"],"terminus":0,"mode":"bus","color":"#0059a9","colorDark":"#00294f","angle":148,"snapDist":5,"label":1}},{"type":"Feature","geometry":{"type":"Point","coordinates":[20.565465,52.200648]},"properties":{"name":"Piorunów Batorego","lines":"19","arr":["19"],"terminus":0,"mode":"bus","color":"#0059a9","colorDark":"#00294f","angle":-176.1,"snapDist":7,"label":0}},{"type":"Feature","geometry":{"type":"Point","coordinates":[20.616992,52.18164]},"properties":{"name":"Żukówka przy nr 61A","lines":"19","arr":["19"],"terminus":0,"mode":"bus","color":"#0059a9","colorDark":"#00294f","angle":244.9,"snapDist":2,"label":1}},{"type":"Feature","geometry":{"type":"Point","coordinates":[20.620043,52.178815]},"properties":{"name":"Żukówka przy nr 24A","lines":"19","arr":["19"],"terminus":0,"mode":"bus","color":"#0059a9","colorDark":"#00294f","angle":230.4,"snapDist":3,"label":1}},{"type":"Feature","geometry":{"type":"Point","coordinates":[20.626152,52.175109]},"properties":{"name":"Żukówka przy nr 23","lines":"19","arr":["19"],"terminus":0,"mode":"bus","color":"#0059a9","colorDark":"#00294f","angle":219.8,"snapDist":1,"label":1}},{"type":"Feature","geometry":{"type":"Point","coordinates":[20.629137,52.172292]},"properties":{"name":"Żukówka przy nr 19A","lines":"19","arr":["19"],"terminus":0,"mode":"bus","color":"#0059a9","colorDark":"#00294f","angle":245.4,"snapDist":2,"label":1}},{"type":"Feature","geometry":{"type":"Point","coordinates":[20.633413,52.167807]},"properties":{"name":"Milęcin przy Żukówce","lines":"19","arr":["19"],"terminus":0,"mode":"bus","color":"#0059a9","colorDark":"#00294f","angle":244.6,"snapDist":9,"label":1}},{"type":"Feature","geometry":{"type":"Point","coordinates":[20.625518,52.166633]},"properties":{"name":"Żukówka Górna przy nr 12","lines":"19","arr":["19"],"terminus":0,"mode":"bus","color":"#0059a9","colorDark":"#00294f","angle":23.7,"snapDist":3,"label":1}},{"type":"Feature","geometry":{"type":"Point","coordinates":[20.618549,52.169163]},"properties":{"name":"Żukówka Górna przy nr 20A","lines":"19","arr":["19"],"terminus":0,"mode":"bus","color":"#0059a9","colorDark":"#00294f","angle":8.4,"snapDist":7,"label":1}},{"type":"Feature","geometry":{"type":"Point","coordinates":[20.613681,52.16992]},"properties":{"name":"Żukówka Górna przy nr 36","lines":"19","arr":["19"],"terminus":0,"mode":"bus","color":"#0059a9","colorDark":"#00294f","angle":34.8,"snapDist":3,"label":1}},{"type":"Feature","geometry":{"type":"Point","coordinates":[20.608278,52.170924]},"properties":{"name":"Radonice przy nr 11","lines":"19","arr":["19"],"terminus":0,"mode":"bus","color":"#0059a9","colorDark":"#00294f","angle":358.2,"snapDist":6,"label":1}},{"type":"Feature","geometry":{"type":"Point","coordinates":[20.598669,52.172127]},"properties":{"name":"Radonice przy nr 24","lines":"19","arr":["19"],"terminus":0,"mode":"bus","color":"#0059a9","colorDark":"#00294f","angle":2.2,"snapDist":3,"label":1}},{"type":"Feature","geometry":{"type":"Point","coordinates":[20.593613,52.173291]},"properties":{"name":"Stare Faszczyce przy nr 50","lines":"19","arr":["19"],"terminus":0,"mode":"bus","color":"#0059a9","colorDark":"#00294f","angle":30.3,"snapDist":7,"label":1}},{"type":"Feature","geometry":{"type":"Point","coordinates":[20.589048,52.173843]},"properties":{"name":"Konstantów przy nr 54","lines":"19","arr":["19"],"terminus":0,"mode":"bus","color":"#0059a9","colorDark":"#00294f","angle":285.5,"snapDist":0,"label":1}},{"type":"Feature","geometry":{"type":"Point","coordinates":[20.586748,52.16863]},"properties":{"name":"Konstantów przy nr 12","lines":"19","arr":["19"],"terminus":0,"mode":"bus","color":"#0059a9","colorDark":"#00294f","angle":280.6,"snapDist":0,"label":1}},{"type":"Feature","geometry":{"type":"Point","coordinates":[20.585591,52.164868]},"properties":{"name":"Konstantów przy nr 47A","lines":"19","arr":["19"],"terminus":0,"mode":"bus","color":"#0059a9","colorDark":"#00294f","angle":280.7,"snapDist":3,"label":1}},{"type":"Feature","geometry":{"type":"Point","coordinates":[20.581698,52.16423]},"properties":{"name":"Konstantów przy nr 41A","lines":"19","arr":["19"],"terminus":0,"mode":"bus","color":"#0059a9","colorDark":"#00294f","angle":11.6,"snapDist":3,"label":1}},{"type":"Feature","geometry":{"type":"Point","coordinates":[20.573948,52.164481]},"properties":{"name":"Nowe Faszczyce przy nr 2","lines":"19","arr":["19"],"terminus":0,"mode":"bus","color":"#0059a9","colorDark":"#00294f","angle":8.9,"snapDist":4,"label":1}},{"type":"Feature","geometry":{"type":"Point","coordinates":[20.567989,52.165058]},"properties":{"name":"Nowe Faszczyce przy nr 16A","lines":"19","arr":["19"],"terminus":0,"mode":"bus","color":"#0059a9","colorDark":"#00294f","angle":9,"snapDist":6,"label":1}},{"type":"Feature","geometry":{"type":"Point","coordinates":[20.559438,52.165889]},"properties":{"name":"Nowe Faszczyce przy nr 28","lines":"19","arr":["19"],"terminus":0,"mode":"bus","color":"#0059a9","colorDark":"#00294f","angle":9,"snapDist":0,"label":1}},{"type":"Feature","geometry":{"type":"Point","coordinates":[20.567179,52.165137]},"properties":{"name":"Nowe Faszczyce przy nr 16A","lines":"19","arr":["19"],"terminus":0,"mode":"bus","color":"#0059a9","colorDark":"#00294f","angle":189,"snapDist":2,"label":0}},{"type":"Feature","geometry":{"type":"Point","coordinates":[20.573139,52.164559]},"properties":{"name":"Nowe Faszczyce przy nr 2","lines":"19","arr":["19"],"terminus":0,"mode":"bus","color":"#0059a9","colorDark":"#00294f","angle":-171.1,"snapDist":4,"label":0}},{"type":"Feature","geometry":{"type":"Point","coordinates":[20.576484,52.170469]},"properties":{"name":"Konstantów przy nr 35","lines":"19","arr":["19"],"terminus":0,"mode":"bus","color":"#0059a9","colorDark":"#00294f","angle":101.3,"snapDist":2,"label":1}},{"type":"Feature","geometry":{"type":"Point","coordinates":[20.578673,52.175242]},"properties":{"name":"Nowe Faszczyce przy nr 32","lines":"19","arr":["19"],"terminus":0,"mode":"bus","color":"#0059a9","colorDark":"#00294f","angle":160.3,"snapDist":1,"label":1}},{"type":"Feature","geometry":{"type":"Point","coordinates":[20.563693,52.182818]},"properties":{"name":"Bieniewice Szkoła","lines":"19","arr":["19"],"terminus":1,"mode":"bus","color":"#0059a9","colorDark":"#00294f","angle":155.5,"snapDist":6,"label":0}},{"type":"Feature","geometry":{"type":"Point","coordinates":[20.573669,52.179441]},"properties":{"name":"Bieniewice Gimnazjalna","lines":"19","arr":["19"],"terminus":0,"mode":"bus","color":"#0059a9","colorDark":"#00294f","angle":201.2,"snapDist":8,"label":0}},{"type":"Feature","geometry":{"type":"Point","coordinates":[20.577787,52.174607]},"properties":{"name":"Nowe Faszczyce przy nr 32","lines":"19","arr":["19"],"terminus":0,"mode":"bus","color":"#0059a9","colorDark":"#00294f","angle":280.8,"snapDist":2,"label":0}},{"type":"Feature","geometry":{"type":"Point","coordinates":[20.576297,52.169875]},"properties":{"name":"Konstantów przy nr 35","lines":"19","arr":["19"],"terminus":0,"mode":"bus","color":"#0059a9","colorDark":"#00294f","angle":280.7,"snapDist":2,"label":0}},{"type":"Feature","geometry":{"type":"Point","coordinates":[20.581345,52.164275]},"properties":{"name":"Konstantów przy nr 41A","lines":"19","arr":["19"],"terminus":0,"mode":"bus","color":"#0059a9","colorDark":"#00294f","angle":191.9,"snapDist":6,"label":0}},{"type":"Feature","geometry":{"type":"Point","coordinates":[20.585711,52.165258]},"properties":{"name":"Konstantów przy nr 47A","lines":"19","arr":["19"],"terminus":0,"mode":"bus","color":"#0059a9","colorDark":"#00294f","angle":100.7,"snapDist":3,"label":0}},{"type":"Feature","geometry":{"type":"Point","coordinates":[20.587002,52.169291]},"properties":{"name":"Konstantów przy nr 12","lines":"19","arr":["19"],"terminus":0,"mode":"bus","color":"#0059a9","colorDark":"#00294f","angle":105.2,"snapDist":1,"label":0}},{"type":"Feature","geometry":{"type":"Point","coordinates":[20.58902,52.173781]},"properties":{"name":"Konstantów przy nr 54","lines":"19","arr":["19"],"terminus":0,"mode":"bus","color":"#0059a9","colorDark":"#00294f","angle":105.5,"snapDist":2,"label":0}},{"type":"Feature","geometry":{"type":"Point","coordinates":[20.594103,52.173117]},"properties":{"name":"Stare Faszczyce przy nr 50","lines":"19","arr":["19"],"terminus":0,"mode":"bus","color":"#0059a9","colorDark":"#00294f","angle":209.7,"snapDist":1,"label":0}},{"type":"Feature","geometry":{"type":"Point","coordinates":[20.599592,52.172105]},"properties":{"name":"Radonice przy nr 24","lines":"19","arr":["19"],"terminus":0,"mode":"bus","color":"#0059a9","colorDark":"#00294f","angle":182.2,"snapDist":1,"label":0}},{"type":"Feature","geometry":{"type":"Point","coordinates":[20.607634,52.170912]},"properties":{"name":"Radonice przy nr 11","lines":"19","arr":["19"],"terminus":0,"mode":"bus","color":"#0059a9","colorDark":"#00294f","angle":179.3,"snapDist":3,"label":0}},{"type":"Feature","geometry":{"type":"Point","coordinates":[20.613436,52.170024]},"properties":{"name":"Żukówka Górna przy nr 36","lines":"19","arr":["19"],"terminus":0,"mode":"bus","color":"#0059a9","colorDark":"#00294f","angle":214.9,"snapDist":2,"label":0}},{"type":"Feature","geometry":{"type":"Point","coordinates":[20.621002,52.16849]},"properties":{"name":"Żukówka Górna przy nr 20A","lines":"19","arr":["19"],"terminus":0,"mode":"bus","color":"#0059a9","colorDark":"#00294f","angle":219.5,"snapDist":2,"label":0}},{"type":"Feature","geometry":{"type":"Point","coordinates":[20.624736,52.166846]},"properties":{"name":"Żukówka Górna przy nr 12","lines":"19","arr":["19"],"terminus":0,"mode":"bus","color":"#0059a9","colorDark":"#00294f","angle":204,"snapDist":5,"label":0}},{"type":"Feature","geometry":{"type":"Point","coordinates":[20.633238,52.168033]},"properties":{"name":"Milęcin przy Żukówce","lines":"19","arr":["19"],"terminus":0,"mode":"bus","color":"#0059a9","colorDark":"#00294f","angle":64.6,"snapDist":7,"label":0}},{"type":"Feature","geometry":{"type":"Point","coordinates":[20.630327,52.171103]},"properties":{"name":"Żukówka przy nr 19A","lines":"19","arr":["19"],"terminus":0,"mode":"bus","color":"#0059a9","colorDark":"#00294f","angle":53.4,"snapDist":5,"label":0}},{"type":"Feature","geometry":{"type":"Point","coordinates":[20.625997,52.175188]},"properties":{"name":"Żukówka przy nr 23","lines":"19","arr":["19"],"terminus":0,"mode":"bus","color":"#0059a9","colorDark":"#00294f","angle":39.8,"snapDist":7,"label":0}},{"type":"Feature","geometry":{"type":"Point","coordinates":[20.621543,52.177836]},"properties":{"name":"Żukówka przy nr 24A","lines":"19","arr":["19"],"terminus":0,"mode":"bus","color":"#0059a9","colorDark":"#00294f","angle":46.9,"snapDist":6,"label":0}},{"type":"Feature","geometry":{"type":"Point","coordinates":[20.617051,52.181563]},"properties":{"name":"Żukówka przy nr 61A","lines":"19","arr":["19"],"terminus":0,"mode":"bus","color":"#0059a9","colorDark":"#00294f","angle":64.9,"snapDist":6,"label":0}},{"type":"Feature","geometry":{"type":"Point","coordinates":[20.389092,52.202331]},"properties":{"name":"Nowy Teresin","lines":"20, 44","arr":["20","44"],"terminus":1,"mode":"bus","color":"#0059a9","colorDark":"#00294f","angle":181.8,"snapDist":7,"label":1}},{"type":"Feature","geometry":{"type":"Point","coordinates":[20.404667,52.200416]},"properties":{"name":"Teresin Szkoła","lines":"20, 44","arr":["20","44"],"terminus":0,"mode":"bus","color":"#0059a9","colorDark":"#00294f","angle":199.3,"snapDist":4,"label":1}},{"type":"Feature","geometry":{"type":"Point","coordinates":[20.417235,52.201598]},"properties":{"name":"Teresin-Niepokalanów PKP","lines":"20, 44","arr":["20","44"],"terminus":0,"mode":"bus","color":"#0059a9","colorDark":"#00294f","angle":191.6,"snapDist":6,"label":1}},{"type":"Feature","geometry":{"type":"Point","coordinates":[20.413914,52.195995]},"properties":{"name":"Teresin Al. 20-lecia","lines":"20","arr":["20"],"terminus":0,"mode":"bus","color":"#0059a9","colorDark":"#00294f","angle":301.6,"snapDist":6,"label":1}},{"type":"Feature","geometry":{"type":"Point","coordinates":[20.405923,52.179834]},"properties":{"name":"Kaski Podleśna","lines":"20","arr":["20"],"terminus":0,"mode":"bus","color":"#0059a9","colorDark":"#00294f","angle":223.4,"snapDist":5,"label":1}},{"type":"Feature","geometry":{"type":"Point","coordinates":[20.423443,52.171031]},"properties":{"name":"Kaski Dwór","lines":"20","arr":["20"],"terminus":0,"mode":"bus","color":"#0059a9","colorDark":"#00294f","angle":175.8,"snapDist":5,"label":1}},{"type":"Feature","geometry":{"type":"Point","coordinates":[20.434994,52.171537]},"properties":{"name":"Kaski","lines":"20, 26","arr":["20","26"],"terminus":1,"mode":"bus","color":"#0059a9","colorDark":"#00294f","angle":176.1,"snapDist":6,"label":1}},{"type":"Feature","geometry":{"type":"Point","coordinates":[20.444411,52.170469]},"properties":{"name":"Kaski Skrzyżowanie","lines":"20","arr":["20"],"terminus":0,"mode":"bus","color":"#0059a9","colorDark":"#00294f","angle":248.3,"snapDist":5,"label":1}},{"type":"Feature","geometry":{"type":"Point","coordinates":[20.454715,52.154439]},"properties":{"name":"Pułapina Stara","lines":"20","arr":["20"],"terminus":0,"mode":"bus","color":"#0059a9","colorDark":"#00294f","angle":248.6,"snapDist":3,"label":1}},{"type":"Feature","geometry":{"type":"Point","coordinates":[20.459358,52.147145]},"properties":{"name":"Pułapina Nowa","lines":"20","arr":["20"],"terminus":0,"mode":"bus","color":"#0059a9","colorDark":"#00294f","angle":248.4,"snapDist":3,"label":1}},{"type":"Feature","geometry":{"type":"Point","coordinates":[20.463348,52.139294]},"properties":{"name":"Pułapina Nowa Rondo","lines":"20","arr":["20"],"terminus":0,"mode":"bus","color":"#0059a9","colorDark":"#00294f","angle":318.3,"snapDist":5,"label":0}},{"type":"Feature","geometry":{"type":"Point","coordinates":[20.450267,52.132791]},"properties":{"name":"Drybus Świetlica","lines":"20","arr":["20"],"terminus":0,"mode":"bus","color":"#0059a9","colorDark":"#00294f","angle":-128.4,"snapDist":8,"label":1}},{"type":"Feature","geometry":{"type":"Point","coordinates":[20.464468,52.139173]},"properties":{"name":"Pułapina Nowa Rondo","lines":"20, 80","arr":["20","80"],"terminus":1,"mode":"bus","color":"#0059a9","colorDark":"#00294f","angle":248.3,"snapDist":6,"label":1}},{"type":"Feature","geometry":{"type":"Point","coordinates":[20.471344,52.128405]},"properties":{"name":"Baranów Urząd Gminy","lines":"20, 80","arr":["20","80"],"terminus":0,"mode":"bus","color":"#0059a9","colorDark":"#00294f","angle":248.2,"snapDist":5,"label":1}},{"type":"Feature","geometry":{"type":"Point","coordinates":[20.471944,52.122571]},"properties":{"name":"Baranów Szkoła","lines":"20, 24, 80","arr":["20","24","80"],"terminus":1,"mode":"bus","color":"#0059a9","colorDark":"#00294f","angle":278.6,"snapDist":6,"label":1}},{"type":"Feature","geometry":{"type":"Point","coordinates":[20.47372,52.119807]},"properties":{"name":"Baranów Wieś","lines":"20, 80","arr":["20","80"],"terminus":0,"mode":"bus","color":"#0059a9","colorDark":"#00294f","angle":239.1,"snapDist":6,"label":1}},{"type":"Feature","geometry":{"type":"Point","coordinates":[20.491077,52.111813]},"properties":{"name":"Kopiska Małe","lines":"20","arr":["20"],"terminus":0,"mode":"bus","color":"#0059a9","colorDark":"#00294f","angle":216.1,"snapDist":10,"label":1}},{"type":"Feature","geometry":{"type":"Point","coordinates":[20.505716,52.1053]},"properties":{"name":"Kopiska Duże","lines":"20","arr":["20"],"terminus":0,"mode":"bus","color":"#0059a9","colorDark":"#00294f","angle":215.6,"snapDist":5,"label":1}},{"type":"Feature","geometry":{"type":"Point","coordinates":[20.519567,52.099114]},"properties":{"name":"Kolonia Jaktorów","lines":"20","arr":["20"],"terminus":0,"mode":"bus","color":"#0059a9","colorDark":"#00294f","angle":216.7,"snapDist":6,"label":1}},{"type":"Feature","geometry":{"type":"Point","coordinates":[20.531749,52.09258]},"properties":{"name":"Jaktorów Armii Krajowej","lines":"20","arr":["20"],"terminus":0,"mode":"bus","color":"#0059a9","colorDark":"#00294f","angle":252.5,"snapDist":6,"label":1}},{"type":"Feature","geometry":{"type":"Point","coordinates":[20.541065,52.08625]},"properties":{"name":"Jaktorów Traugutta","lines":"20","arr":["20"],"terminus":0,"mode":"bus","color":"#0059a9","colorDark":"#00294f","angle":221.9,"snapDist":3,"label":1}},{"type":"Feature","geometry":{"type":"Point","coordinates":[20.553084,52.086046]},"properties":{"name":"Jaktorów PKP","lines":"20","arr":["20"],"terminus":0,"mode":"bus","color":"#0059a9","colorDark":"#00294f","angle":159.3,"snapDist":7,"label":1}},{"type":"Feature","geometry":{"type":"Point","coordinates":[20.566247,52.089515]},"properties":{"name":"Chylice Szkoła","lines":"20","arr":["20"],"terminus":0,"mode":"bus","color":"#0059a9","colorDark":"#00294f","angle":161.5,"snapDist":9,"label":1}},{"type":"Feature","geometry":{"type":"Point","coordinates":[20.581879,52.092703]},"properties":{"name":"Kozerki Merkurego","lines":"20","arr":["20"],"terminus":0,"mode":"bus","color":"#0059a9","colorDark":"#00294f","angle":162,"snapDist":6,"label":1}},{"type":"Feature","geometry":{"type":"Point","coordinates":[20.598125,52.096132]},"properties":{"name":"Kozerki Rondo","lines":"20, 21","arr":["20","21"],"terminus":0,"mode":"bus","color":"#0059a9","colorDark":"#00294f","angle":151.7,"snapDist":6,"label":1}},{"type":"Feature","geometry":{"type":"Point","coordinates":[20.607365,52.099309]},"properties":{"name":"Grodzisk Maz. Żurawia","lines":"20, 21","arr":["20","21"],"terminus":0,"mode":"bus","color":"#0059a9","colorDark":"#00294f","angle":150.7,"snapDist":4,"label":1}},{"type":"Feature","geometry":{"type":"Point","coordinates":[20.605708,52.098738]},"properties":{"name":"Grodzisk Maz. Żurawia","lines":"20, 21","arr":["20","21"],"terminus":0,"mode":"bus","color":"#0059a9","colorDark":"#00294f","angle":330.6,"snapDist":9,"label":0}},{"type":"Feature","geometry":{"type":"Point","coordinates":[20.594811,52.094984]},"properties":{"name":"Kozerki Rondo","lines":"20, 21","arr":["20","21"],"terminus":0,"mode":"bus","color":"#0059a9","colorDark":"#00294f","angle":330.5,"snapDist":7,"label":1}},{"type":"Feature","geometry":{"type":"Point","coordinates":[20.580155,52.092356]},"properties":{"name":"Kozerki Merkurego","lines":"20","arr":["20"],"terminus":0,"mode":"bus","color":"#0059a9","colorDark":"#00294f","angle":341.6,"snapDist":5,"label":0}},{"type":"Feature","geometry":{"type":"Point","coordinates":[20.564581,52.08918]},"properties":{"name":"Chylice Szkoła","lines":"20","arr":["20"],"terminus":0,"mode":"bus","color":"#0059a9","colorDark":"#00294f","angle":342.2,"snapDist":9,"label":0}},{"type":"Feature","geometry":{"type":"Point","coordinates":[20.553817,52.086243]},"properties":{"name":"Jaktorów PKP","lines":"20","arr":["20"],"terminus":0,"mode":"bus","color":"#0059a9","colorDark":"#00294f","angle":334.2,"snapDist":9,"label":0}},{"type":"Feature","geometry":{"type":"Point","coordinates":[20.541231,52.086158]},"properties":{"name":"Jaktorów Traugutta","lines":"20","arr":["20"],"terminus":0,"mode":"bus","color":"#0059a9","colorDark":"#00294f","angle":41.9,"snapDist":4,"label":0}},{"type":"Feature","geometry":{"type":"Point","coordinates":[20.531956,52.09219]},"properties":{"name":"Jaktorów Armii Krajowej","lines":"20","arr":["20"],"terminus":0,"mode":"bus","color":"#0059a9","colorDark":"#00294f","angle":71.2,"snapDist":5,"label":0}},{"type":"Feature","geometry":{"type":"Point","coordinates":[20.52096,52.098487]},"properties":{"name":"Kolonia Jaktorów","lines":"20","arr":["20"],"terminus":0,"mode":"bus","color":"#0059a9","colorDark":"#00294f","angle":35.9,"snapDist":4,"label":0}},{"type":"Feature","geometry":{"type":"Point","coordinates":[20.505745,52.105287]},"properties":{"name":"Kopiska Duże","lines":"20","arr":["20"],"terminus":0,"mode":"bus","color":"#0059a9","colorDark":"#00294f","angle":35.6,"snapDist":4,"label":0}},{"type":"Feature","geometry":{"type":"Point","coordinates":[20.490985,52.111855]},"properties":{"name":"Kopiska Małe","lines":"20","arr":["20"],"terminus":0,"mode":"bus","color":"#0059a9","colorDark":"#00294f","angle":36.1,"snapDist":6,"label":0}},{"type":"Feature","geometry":{"type":"Point","coordinates":[20.473296,52.120242]},"properties":{"name":"Baranów Wieś","lines":"20, 80","arr":["20","80"],"terminus":0,"mode":"bus","color":"#0059a9","colorDark":"#00294f","angle":59.1,"snapDist":6,"label":0}},{"type":"Feature","geometry":{"type":"Point","coordinates":[20.471921,52.127506]},"properties":{"name":"Baranów Urząd Gminy","lines":"20, 24, 80","arr":["20","24","80"],"terminus":0,"mode":"bus","color":"#0059a9","colorDark":"#00294f","angle":69,"snapDist":6,"label":0}},{"type":"Feature","geometry":{"type":"Point","coordinates":[20.463743,52.140292]},"properties":{"name":"Pułapina Nowa Rondo","lines":"20","arr":["20"],"terminus":0,"mode":"bus","color":"#0059a9","colorDark":"#00294f","angle":68.6,"snapDist":8,"label":0}},{"type":"Feature","geometry":{"type":"Point","coordinates":[20.459326,52.14719]},"properties":{"name":"Pułapina Nowa","lines":"20","arr":["20"],"terminus":0,"mode":"bus","color":"#0059a9","colorDark":"#00294f","angle":66.3,"snapDist":6,"label":0}},{"type":"Feature","geometry":{"type":"Point","coordinates":[20.45468,52.154494]},"properties":{"name":"Pułapina Stara","lines":"20","arr":["20"],"terminus":0,"mode":"bus","color":"#0059a9","colorDark":"#00294f","angle":68.7,"snapDist":4,"label":0}},{"type":"Feature","geometry":{"type":"Point","coordinates":[20.444435,52.170437]},"properties":{"name":"Kaski Skrzyżowanie","lines":"20","arr":["20"],"terminus":0,"mode":"bus","color":"#0059a9","colorDark":"#00294f","angle":66.1,"snapDist":4,"label":0}},{"type":"Feature","geometry":{"type":"Point","coordinates":[20.432226,52.171419]},"properties":{"name":"Kaski","lines":"20","arr":["20"],"terminus":0,"mode":"bus","color":"#0059a9","colorDark":"#00294f","angle":356.1,"snapDist":5,"label":0}},{"type":"Feature","geometry":{"type":"Point","coordinates":[20.422444,52.170989]},"properties":{"name":"Kaski Dwór","lines":"20","arr":["20"],"terminus":0,"mode":"bus","color":"#0059a9","colorDark":"#00294f","angle":355.6,"snapDist":5,"label":0}},{"type":"Feature","geometry":{"type":"Point","coordinates":[20.405443,52.180113]},"properties":{"name":"Kaski Podleśna","lines":"20","arr":["20"],"terminus":0,"mode":"bus","color":"#0059a9","colorDark":"#00294f","angle":43.4,"snapDist":6,"label":0}},{"type":"Feature","geometry":{"type":"Point","coordinates":[20.414004,52.196084]},"properties":{"name":"Teresin Al. 20-lecia","lines":"20","arr":["20"],"terminus":0,"mode":"bus","color":"#0059a9","colorDark":"#00294f","angle":121.6,"snapDist":7,"label":0}},{"type":"Feature","geometry":{"type":"Point","coordinates":[20.417294,52.20159]},"properties":{"name":"Teresin-Niepokalanów PKP","lines":"20, 44","arr":["20","44"],"terminus":0,"mode":"bus","color":"#0059a9","colorDark":"#00294f","angle":11.7,"snapDist":6,"label":0}},{"type":"Feature","geometry":{"type":"Point","coordinates":[20.404264,52.200502]},"properties":{"name":"Teresin Szkoła","lines":"20, 44","arr":["20","44"],"terminus":0,"mode":"bus","color":"#0059a9","colorDark":"#00294f","angle":19.3,"snapDist":13,"label":0}},{"type":"Feature","geometry":{"type":"Point","coordinates":[20.38799,52.202351]},"properties":{"name":"Nowy Teresin","lines":"20, 44","arr":["20","44"],"terminus":1,"mode":"bus","color":"#0059a9","colorDark":"#00294f","angle":1.6,"snapDist":9,"label":0}},{"type":"Feature","geometry":{"type":"Point","coordinates":[20.582224,52.072202]},"properties":{"name":"Władków Pętla","lines":"21","arr":["21"],"terminus":1,"mode":"bus","color":"#0059a9","colorDark":"#00294f","angle":-81.1,"snapDist":5,"label":1}},{"type":"Feature","geometry":{"type":"Point","coordinates":[20.583118,52.077879]},"properties":{"name":"Kozerki Akademia Tenisowa","lines":"21","arr":["21"],"terminus":0,"mode":"bus","color":"#0059a9","colorDark":"#00294f","angle":93.4,"snapDist":4,"label":1}},{"type":"Feature","geometry":{"type":"Point","coordinates":[20.583271,52.08005]},"properties":{"name":"Władków Jowisza","lines":"21","arr":["21"],"terminus":0,"mode":"bus","color":"#0059a9","colorDark":"#00294f","angle":89.7,"snapDist":5,"label":1}},{"type":"Feature","geometry":{"type":"Point","coordinates":[20.583787,52.084666]},"properties":{"name":"Władków Polarna","lines":"21","arr":["21"],"terminus":0,"mode":"bus","color":"#0059a9","colorDark":"#00294f","angle":122.1,"snapDist":4,"label":1}},{"type":"Feature","geometry":{"type":"Point","coordinates":[20.588317,52.090333]},"properties":{"name":"Kozerki Zakręt","lines":"21","arr":["21"],"terminus":0,"mode":"bus","color":"#0059a9","colorDark":"#00294f","angle":108.8,"snapDist":4,"label":1}},{"type":"Feature","geometry":{"type":"Point","coordinates":[20.58221,52.093484]},"properties":{"name":"Kozerki Pętla","lines":"21","arr":["21"],"terminus":0,"mode":"bus","color":"#0059a9","colorDark":"#00294f","angle":-120.9,"snapDist":3,"label":1}},{"type":"Feature","geometry":{"type":"Point","coordinates":[20.594091,52.093571]},"properties":{"name":"Kozerki Marsa","lines":"21","arr":["21"],"terminus":0,"mode":"bus","color":"#0059a9","colorDark":"#00294f","angle":252.2,"snapDist":3,"label":1}},{"type":"Feature","geometry":{"type":"Point","coordinates":[20.596449,52.089154]},"properties":{"name":"Kozerki Świetlica","lines":"21","arr":["21"],"terminus":0,"mode":"bus","color":"#0059a9","colorDark":"#00294f","angle":251.6,"snapDist":2,"label":1}},{"type":"Feature","geometry":{"type":"Point","coordinates":[20.599308,52.083806]},"properties":{"name":"Kozerki Księżycowa","lines":"21","arr":["21"],"terminus":0,"mode":"bus","color":"#0059a9","colorDark":"#00294f","angle":251.9,"snapDist":3,"label":1}},{"type":"Feature","geometry":{"type":"Point","coordinates":[20.596612,52.088849]},"properties":{"name":"Kozerki Świetlica","lines":"21","arr":["21"],"terminus":0,"mode":"bus","color":"#0059a9","colorDark":"#00294f","angle":72,"snapDist":9,"label":0}},{"type":"Feature","geometry":{"type":"Point","coordinates":[20.593844,52.094043]},"properties":{"name":"Kozerki Marsa","lines":"21","arr":["21"],"terminus":0,"mode":"bus","color":"#0059a9","colorDark":"#00294f","angle":72.2,"snapDist":3,"label":0}},{"type":"Feature","geometry":{"type":"Point","coordinates":[20.625446,52.102714]},"properties":{"name":"Grodzisk Maz. Montwiłła","lines":"21, 23, 28, 29, 31, 63, C1","arr":["21","23","28","29","31","63","C1"],"terminus":0,"mode":"bus","color":"#0059a9","colorDark":"#00294f","angle":293.6,"snapDist":6,"label":1}},{"type":"Feature","geometry":{"type":"Point","coordinates":[20.619554,52.098776]},"properties":{"name":"Grodzisk Maz. Szkoła nr 6","lines":"21, 28, 29","arr":["21","28","29"],"terminus":0,"mode":"bus","color":"#0059a9","colorDark":"#00294f","angle":268.4,"snapDist":5,"label":1}},{"type":"Feature","geometry":{"type":"Point","coordinates":[20.588309,52.090319]},"properties":{"name":"Kozerki Zakręt","lines":"21","arr":["21"],"terminus":0,"mode":"bus","color":"#0059a9","colorDark":"#00294f","angle":288.8,"snapDist":4,"label":0}},{"type":"Feature","geometry":{"type":"Point","coordinates":[20.583774,52.084653]},"properties":{"name":"Władków Polarna","lines":"21","arr":["21"],"terminus":0,"mode":"bus","color":"#0059a9","colorDark":"#00294f","angle":302.1,"snapDist":4,"label":0}},{"type":"Feature","geometry":{"type":"Point","coordinates":[20.583271,52.080051]},"properties":{"name":"Władków Jowisza","lines":"21","arr":["21"],"terminus":0,"mode":"bus","color":"#0059a9","colorDark":"#00294f","angle":269.7,"snapDist":4,"label":0}},{"type":"Feature","geometry":{"type":"Point","coordinates":[20.583081,52.077512]},"properties":{"name":"Kozerki Akademia Tenisowa","lines":"21","arr":["21"],"terminus":0,"mode":"bus","color":"#0059a9","colorDark":"#00294f","angle":273.7,"snapDist":4,"label":0}},{"type":"Feature","geometry":{"type":"Point","coordinates":[20.588976,52.054077]},"properties":{"name":"Makówka Lukrecji","lines":"22, 58, 82","arr":["22","58","82"],"terminus":1,"mode":"bus","color":"#0059a9","colorDark":"#00294f","angle":176.5,"snapDist":10,"label":1}},{"type":"Feature","geometry":{"type":"Point","coordinates":[20.597599,52.054407]},"properties":{"name":"Makówka Cynamonowa","lines":"22, 82","arr":["22","82"],"terminus":0,"mode":"bus","color":"#0059a9","colorDark":"#00294f","angle":176.3,"snapDist":4,"label":1}},{"type":"Feature","geometry":{"type":"Point","coordinates":[20.603721,52.054633]},"properties":{"name":"Makówka Chmielna","lines":"22, 82","arr":["22","82"],"terminus":0,"mode":"bus","color":"#0059a9","colorDark":"#00294f","angle":175.1,"snapDist":5,"label":1}},{"type":"Feature","geometry":{"type":"Point","coordinates":[20.606113,52.055153]},"properties":{"name":"Makówka Radziejowicka","lines":"22, 82","arr":["22","82"],"terminus":0,"mode":"bus","color":"#0059a9","colorDark":"#00294f","angle":126.8,"snapDist":0,"label":1}},{"type":"Feature","geometry":{"type":"Point","coordinates":[20.61407,52.061653]},"properties":{"name":"Mościska Rondo","lines":"22, 58, 82","arr":["22","58","82"],"terminus":0,"mode":"bus","color":"#0059a9","colorDark":"#00294f","angle":115.2,"snapDist":8,"label":1}},{"type":"Feature","geometry":{"type":"Point","coordinates":[20.61404,52.065668]},"properties":{"name":"Mościska Pawia","lines":"22, 58, 82","arr":["22","58","82"],"terminus":0,"mode":"bus","color":"#0059a9","colorDark":"#00294f","angle":85.7,"snapDist":7,"label":1}},{"type":"Feature","geometry":{"type":"Point","coordinates":[20.613512,52.069862]},"properties":{"name":"Mościska","lines":"22, 28, 58, 82","arr":["22","28","58","82"],"terminus":0,"mode":"bus","color":"#0059a9","colorDark":"#00294f","angle":85.7,"snapDist":5,"label":1}},{"type":"Feature","geometry":{"type":"Point","coordinates":[20.612602,52.076915]},"properties":{"name":"Janinów Niedźwiedzia","lines":"22, 28, 82","arr":["22","28","82"],"terminus":0,"mode":"bus","color":"#0059a9","colorDark":"#00294f","angle":85.2,"snapDist":4,"label":1}},{"type":"Feature","geometry":{"type":"Point","coordinates":[20.61207,52.080857]},"properties":{"name":"Kałęczyn Ravak","lines":"22, 28, 82","arr":["22","28","82"],"terminus":0,"mode":"bus","color":"#0059a9","colorDark":"#00294f","angle":85.3,"snapDist":6,"label":1}},{"type":"Feature","geometry":{"type":"Point","coordinates":[20.61153,52.084917]},"properties":{"name":"Kałęczyn Okopowa","lines":"22, 28, 82","arr":["22","28","82"],"terminus":0,"mode":"bus","color":"#0059a9","colorDark":"#00294f","angle":84.3,"snapDist":7,"label":1}},{"type":"Feature","geometry":{"type":"Point","coordinates":[20.611106,52.089887]},"properties":{"name":"Kałęczyn Rondo","lines":"22, 28, 82","arr":["22","28","82"],"terminus":0,"mode":"bus","color":"#0059a9","colorDark":"#00294f","angle":95.4,"snapDist":5,"label":1}},{"type":"Feature","geometry":{"type":"Point","coordinates":[20.611103,52.088098]},"properties":{"name":"Kałęczyn Rondo","lines":"22, 28, 82","arr":["22","28","82"],"terminus":0,"mode":"bus","color":"#0059a9","colorDark":"#00294f","angle":265.4,"snapDist":3,"label":0}},{"type":"Feature","geometry":{"type":"Point","coordinates":[20.611681,52.083728]},"properties":{"name":"Kałęczyn Okopowa","lines":"22, 28, 82","arr":["22","28","82"],"terminus":0,"mode":"bus","color":"#0059a9","colorDark":"#00294f","angle":265.1,"snapDist":4,"label":0}},{"type":"Feature","geometry":{"type":"Point","coordinates":[20.612205,52.079846]},"properties":{"name":"Kałęczyn Ravak","lines":"22, 28, 82","arr":["22","28","82"],"terminus":0,"mode":"bus","color":"#0059a9","colorDark":"#00294f","angle":265.3,"snapDist":6,"label":0}},{"type":"Feature","geometry":{"type":"Point","coordinates":[20.612841,52.075051]},"properties":{"name":"Janinów Niedźwiedzia","lines":"22, 28, 58, 82","arr":["22","28","58","82"],"terminus":0,"mode":"bus","color":"#0059a9","colorDark":"#00294f","angle":265.3,"snapDist":4,"label":0}},{"type":"Feature","geometry":{"type":"Point","coordinates":[20.613695,52.068477]},"properties":{"name":"Mościska","lines":"22, 28, 58, 82","arr":["22","28","58","82"],"terminus":0,"mode":"bus","color":"#0059a9","colorDark":"#00294f","angle":269.6,"snapDist":6,"label":0}},{"type":"Feature","geometry":{"type":"Point","coordinates":[20.612702,52.060503]},"properties":{"name":"Mościska Rondo","lines":"22, 28, 82","arr":["22","28","82"],"terminus":0,"mode":"bus","color":"#0059a9","colorDark":"#00294f","angle":307.4,"snapDist":5,"label":0}},{"type":"Feature","geometry":{"type":"Point","coordinates":[20.602987,52.054591]},"properties":{"name":"Makówka Chmielna","lines":"22, 28, 82","arr":["22","28","82"],"terminus":0,"mode":"bus","color":"#0059a9","colorDark":"#00294f","angle":354.5,"snapDist":4,"label":0}},{"type":"Feature","geometry":{"type":"Point","coordinates":[20.597534,52.054405]},"properties":{"name":"Makówka Cynamonowa","lines":"22, 28, 82","arr":["22","28","82"],"terminus":0,"mode":"bus","color":"#0059a9","colorDark":"#00294f","angle":356.4,"snapDist":5,"label":0}},{"type":"Feature","geometry":{"type":"Point","coordinates":[20.589072,52.054081]},"properties":{"name":"Makówka Lukrecji","lines":"22, 28, 58, 82","arr":["22","28","58","82"],"terminus":1,"mode":"bus","color":"#0059a9","colorDark":"#00294f","angle":356.5,"snapDist":3,"label":0}},{"type":"Feature","geometry":{"type":"Point","coordinates":[20.618191,52.101861]},"properties":{"name":"Grodzisk Maz. Wólczyńska","lines":"23, 31, 63, 82","arr":["23","31","63","82"],"terminus":0,"mode":"bus","color":"#0059a9","colorDark":"#00294f","angle":318.2,"snapDist":4,"label":1}},{"type":"Feature","geometry":{"type":"Point","coordinates":[20.617625,52.097256]},"properties":{"name":"Grodzisk Maz. Daleka","lines":"23, 31, 63, 82","arr":["23","31","63","82"],"terminus":0,"mode":"bus","color":"#0059a9","colorDark":"#00294f","angle":269.1,"snapDist":3,"label":1}},{"type":"Feature","geometry":{"type":"Point","coordinates":[20.623635,52.096796]},"properties":{"name":"Grodzisk Maz. Waryńskiego","lines":"23, 31, 63","arr":["23","31","63"],"terminus":0,"mode":"bus","color":"#0059a9","colorDark":"#00294f","angle":261.8,"snapDist":4,"label":1}},{"type":"Feature","geometry":{"type":"Point","coordinates":[20.625005,52.091119]},"properties":{"name":"Grodzisk Maz. Armii Polskiej","lines":"23, 31, 63","arr":["23","31","63"],"terminus":0,"mode":"bus","color":"#0059a9","colorDark":"#00294f","angle":260.2,"snapDist":3,"label":1}},{"type":"Feature","geometry":{"type":"Point","coordinates":[20.626153,52.087568]},"properties":{"name":"Odrano-Wola Wschodnia","lines":"23, 31, 63","arr":["23","31","63"],"terminus":0,"mode":"bus","color":"#0059a9","colorDark":"#00294f","angle":259.5,"snapDist":3,"label":1}},{"type":"Feature","geometry":{"type":"Point","coordinates":[20.627755,52.082314]},"properties":{"name":"Odrano-Wola Budokrusz","lines":"23, 31, 63","arr":["23","31","63"],"terminus":0,"mode":"bus","color":"#0059a9","colorDark":"#00294f","angle":261.3,"snapDist":4,"label":1}},{"type":"Feature","geometry":{"type":"Point","coordinates":[20.627987,52.079085]},"properties":{"name":"Odrano-Wola Niedźwiedzia","lines":"23, 31, 63","arr":["23","31","63"],"terminus":0,"mode":"bus","color":"#0059a9","colorDark":"#00294f","angle":266.5,"snapDist":3,"label":1}},{"type":"Feature","geometry":{"type":"Point","coordinates":[20.629436,52.076608]},"properties":{"name":"Adamowizna Szkoła","lines":"23, 31, 58, 63","arr":["23","31","58","63"],"terminus":1,"mode":"bus","color":"#0059a9","colorDark":"#00294f","angle":238.5,"snapDist":5,"label":1}},{"type":"Feature","geometry":{"type":"Point","coordinates":[20.632571,52.071748]},"properties":{"name":"Adamowizna Królicza","lines":"23, 31, 63","arr":["23","31","63"],"terminus":0,"mode":"bus","color":"#0059a9","colorDark":"#00294f","angle":257.9,"snapDist":6,"label":1}},{"type":"Feature","geometry":{"type":"Point","coordinates":[20.63532,52.06908]},"properties":{"name":"Adamowizna Łosia","lines":"23, 31, 63","arr":["23","31","63"],"terminus":0,"mode":"bus","color":"#0059a9","colorDark":"#00294f","angle":230.1,"snapDist":3,"label":1}},{"type":"Feature","geometry":{"type":"Point","coordinates":[20.637748,52.06714]},"properties":{"name":"Adamowizna Pętla","lines":"23, 31, 63","arr":["23","31","63"],"terminus":0,"mode":"bus","color":"#0059a9","colorDark":"#00294f","angle":234.4,"snapDist":5,"label":1}},{"type":"Feature","geometry":{"type":"Point","coordinates":[20.642269,52.065339]},"properties":{"name":"Radonie Nałkowskiej","lines":"23","arr":["23"],"terminus":0,"mode":"bus","color":"#0059a9","colorDark":"#00294f","angle":215.3,"snapDist":2,"label":1}},{"type":"Feature","geometry":{"type":"Point","coordinates":[20.648938,52.06244]},"properties":{"name":"Radonie Iglasta","lines":"23","arr":["23"],"terminus":0,"mode":"bus","color":"#0059a9","colorDark":"#00294f","angle":215.6,"snapDist":4,"label":1}},{"type":"Feature","geometry":{"type":"Point","coordinates":[20.653886,52.060278]},"properties":{"name":"Radonie Widokowa","lines":"23","arr":["23"],"terminus":0,"mode":"bus","color":"#0059a9","colorDark":"#00294f","angle":215.4,"snapDist":4,"label":1}},{"type":"Feature","geometry":{"type":"Point","coordinates":[20.659131,52.064496]},"properties":{"name":"Radonie Roślinna","lines":"23, 30","arr":["23","30"],"terminus":0,"mode":"bus","color":"#0059a9","colorDark":"#00294f","angle":113.1,"snapDist":4,"label":1}},{"type":"Feature","geometry":{"type":"Point","coordinates":[20.664871,52.070231]},"properties":{"name":"Radonie Pętla","lines":"23, 30, 50","arr":["23","30","50"],"terminus":1,"mode":"bus","color":"#0059a9","colorDark":"#00294f","angle":46.7,"snapDist":2,"label":1}},{"type":"Feature","geometry":{"type":"Point","coordinates":[20.661826,52.072972]},"properties":{"name":"Radonie Gościnna","lines":"23, 30","arr":["23","30"],"terminus":0,"mode":"bus","color":"#0059a9","colorDark":"#00294f","angle":43.5,"snapDist":4,"label":1}},{"type":"Feature","geometry":{"type":"Point","coordinates":[20.657045,52.075667]},"properties":{"name":"Radonie Spacerowa","lines":"23, 30","arr":["23","30"],"terminus":0,"mode":"bus","color":"#0059a9","colorDark":"#00294f","angle":42.7,"snapDist":4,"label":1}},{"type":"Feature","geometry":{"type":"Point","coordinates":[20.653561,52.080016]},"properties":{"name":"Szczęsne Szpacza","lines":"23, 30","arr":["23","30"],"terminus":0,"mode":"bus","color":"#0059a9","colorDark":"#00294f","angle":71.6,"snapDist":4,"label":1}},{"type":"Feature","geometry":{"type":"Point","coordinates":[20.649443,52.083808]},"properties":{"name":"Szczęsne Drozda","lines":"23, 30, 50","arr":["23","30","50"],"terminus":0,"mode":"bus","color":"#0059a9","colorDark":"#00294f","angle":48.9,"snapDist":5,"label":1}},{"type":"Feature","geometry":{"type":"Point","coordinates":[20.645468,52.086505]},"properties":{"name":"Szczęsne Cmentarz","lines":"23, 30, 50, C1","arr":["23","30","50","C1"],"terminus":1,"mode":"bus","color":"#0059a9","colorDark":"#00294f","angle":226.3,"snapDist":5,"label":1}},{"type":"Feature","geometry":{"type":"Point","coordinates":[20.649925,52.083444]},"properties":{"name":"Szczęsne Drozda","lines":"23, 30, 34, 50","arr":["23","30","34","50"],"terminus":0,"mode":"bus","color":"#0059a9","colorDark":"#00294f","angle":-126.9,"snapDist":4,"label":0}},{"type":"Feature","geometry":{"type":"Point","coordinates":[20.653686,52.079785]},"properties":{"name":"Szczęsne Szpacza","lines":"23, 30, 34, 50","arr":["23","30","34","50"],"terminus":0,"mode":"bus","color":"#0059a9","colorDark":"#00294f","angle":-108.4,"snapDist":5,"label":0}},{"type":"Feature","geometry":{"type":"Point","coordinates":[20.657011,52.075686]},"properties":{"name":"Radonie Spacerowa","lines":"23, 30, 34, 50","arr":["23","30","34","50"],"terminus":0,"mode":"bus","color":"#0059a9","colorDark":"#00294f","angle":-137.3,"snapDist":4,"label":0}},{"type":"Feature","geometry":{"type":"Point","coordinates":[20.662267,52.072716]},"properties":{"name":"Radonie Gościnna","lines":"23, 30, 34, 50","arr":["23","30","34","50"],"terminus":0,"mode":"bus","color":"#0059a9","colorDark":"#00294f","angle":-137,"snapDist":7,"label":0}},{"type":"Feature","geometry":{"type":"Point","coordinates":[20.676032,52.070901]},"properties":{"name":"Książenice Koncertowa","lines":"23, 34, 50","arr":["23","34","50"],"terminus":0,"mode":"bus","color":"#0059a9","colorDark":"#00294f","angle":166.6,"snapDist":6,"label":1}},{"type":"Feature","geometry":{"type":"Point","coordinates":[20.683818,52.071613]},"properties":{"name":"Książenice Planty","lines":"23, 34, 50","arr":["23","34","50"],"terminus":0,"mode":"bus","color":"#0059a9","colorDark":"#00294f","angle":172,"snapDist":4,"label":1}},{"type":"Feature","geometry":{"type":"Point","coordinates":[20.687332,52.071627]},"properties":{"name":"Książenice Jarzębinowa","lines":"23, 34, 50","arr":["23","34","50"],"terminus":0,"mode":"bus","color":"#0059a9","colorDark":"#00294f","angle":186.2,"snapDist":4,"label":1}},{"type":"Feature","geometry":{"type":"Point","coordinates":[20.693456,52.071497]},"properties":{"name":"Książenice Kościół","lines":"23, 29, 32, 33, 34, 35, 50","arr":["23","29","32","33","34","35","50"],"terminus":0,"mode":"bus","color":"#0059a9","colorDark":"#00294f","angle":172.2,"snapDist":3,"label":1}},{"type":"Feature","geometry":{"type":"Point","coordinates":[20.698897,52.072254]},"properties":{"name":"Książenice Batalion","lines":"23, 29, 32, 33, 34, 35, 50","arr":["23","29","32","33","34","35","50"],"terminus":0,"mode":"bus","color":"#0059a9","colorDark":"#00294f","angle":165.2,"snapDist":4,"label":1}},{"type":"Feature","geometry":{"type":"Point","coordinates":[20.700352,52.072699]},"properties":{"name":"Książenice Osiedle","lines":"23, 29, 32, 33, 34, 50","arr":["23","29","32","33","34","50"],"terminus":0,"mode":"bus","color":"#0059a9","colorDark":"#00294f","angle":139.7,"snapDist":6,"label":1}},{"type":"Feature","geometry":{"type":"Point","coordinates":[20.722128,52.073065]},"properties":{"name":"Urszulin Legia Training Center","lines":"23","arr":["23"],"terminus":0,"mode":"bus","color":"#0059a9","colorDark":"#00294f","angle":-63.7,"snapDist":3,"label":1}},{"type":"Feature","geometry":{"type":"Point","coordinates":[20.719502,52.070715]},"properties":{"name":"Książenice Legionistów","lines":"23","arr":["23"],"terminus":0,"mode":"bus","color":"#0059a9","colorDark":"#00294f","angle":11.1,"snapDist":4,"label":1}},{"type":"Feature","geometry":{"type":"Point","coordinates":[20.710671,52.084243]},"properties":{"name":"Urszulin Owocowa","lines":"23, 29","arr":["23","29"],"terminus":0,"mode":"bus","color":"#0059a9","colorDark":"#00294f","angle":204.2,"snapDist":2,"label":1}},{"type":"Feature","geometry":{"type":"Point","coordinates":[20.721247,52.081226]},"properties":{"name":"Urszulin Pętla","lines":"23, 29","arr":["23","29"],"terminus":0,"mode":"bus","color":"#0059a9","colorDark":"#00294f","angle":203,"snapDist":6,"label":1}},{"type":"Feature","geometry":{"type":"Point","coordinates":[20.751768,52.081002]},"properties":{"name":"Stara Wieś Nastrojowa","lines":"23, 29","arr":["23","29"],"terminus":0,"mode":"bus","color":"#0059a9","colorDark":"#00294f","angle":173.7,"snapDist":9,"label":1}},{"type":"Feature","geometry":{"type":"Point","coordinates":[20.767483,52.081964]},"properties":{"name":"Stara Wieś Pętla","lines":"23, 29","arr":["23","29"],"terminus":0,"mode":"bus","color":"#0059a9","colorDark":"#00294f","angle":-97.4,"snapDist":13,"label":1}},{"type":"Feature","geometry":{"type":"Point","coordinates":[20.759748,52.081818]},"properties":{"name":"Stara Wieś Poziomkowa","lines":"23","arr":["23"],"terminus":0,"mode":"bus","color":"#0059a9","colorDark":"#00294f","angle":89.8,"snapDist":4,"label":1}},{"type":"Feature","geometry":{"type":"Point","coordinates":[20.75934,52.087205]},"properties":{"name":"Stara Wieś Brwinowska","lines":"23","arr":["23"],"terminus":0,"mode":"bus","color":"#0059a9","colorDark":"#00294f","angle":359.3,"snapDist":4,"label":1}},{"type":"Feature","geometry":{"type":"Point","coordinates":[20.754864,52.091784]},"properties":{"name":"Stara Wieś Pieczarkowa","lines":"23","arr":["23"],"terminus":0,"mode":"bus","color":"#0059a9","colorDark":"#00294f","angle":77.6,"snapDist":5,"label":1}},{"type":"Feature","geometry":{"type":"Point","coordinates":[20.752766,52.096162]},"properties":{"name":"Żółwin Południowa","lines":"23, 55","arr":["23","55"],"terminus":0,"mode":"bus","color":"#0059a9","colorDark":"#00294f","angle":6.1,"snapDist":3,"label":1}},{"type":"Feature","geometry":{"type":"Point","coordinates":[20.746293,52.096623]},"properties":{"name":"Żółwin Cyraneczki","lines":"23, 55","arr":["23","55"],"terminus":0,"mode":"bus","color":"#0059a9","colorDark":"#00294f","angle":6.3,"snapDist":2,"label":1}},{"type":"Feature","geometry":{"type":"Point","coordinates":[20.746018,52.096637]},"properties":{"name":"Żółwin Cyraneczki","lines":"23, 55","arr":["23","55"],"terminus":0,"mode":"bus","color":"#0059a9","colorDark":"#00294f","angle":184.5,"snapDist":3,"label":0}},{"type":"Feature","geometry":{"type":"Point","coordinates":[20.752068,52.096208]},"properties":{"name":"Żółwin Południowa","lines":"23, 55","arr":["23","55"],"terminus":0,"mode":"bus","color":"#0059a9","colorDark":"#00294f","angle":186.3,"snapDist":5,"label":0}},{"type":"Feature","geometry":{"type":"Point","coordinates":[20.754962,52.090483]},"properties":{"name":"Stara Wieś Pieczarkowa","lines":"23","arr":["23"],"terminus":0,"mode":"bus","color":"#0059a9","colorDark":"#00294f","angle":273.7,"snapDist":6,"label":0}},{"type":"Feature","geometry":{"type":"Point","coordinates":[20.759788,52.08686]},"properties":{"name":"Stara Wieś Brwinowska","lines":"23","arr":["23"],"terminus":0,"mode":"bus","color":"#0059a9","colorDark":"#00294f","angle":270.4,"snapDist":4,"label":0}},{"type":"Feature","geometry":{"type":"Point","coordinates":[20.750857,52.080941]},"properties":{"name":"Stara Wieś Nastrojowa","lines":"23, 29","arr":["23","29"],"terminus":0,"mode":"bus","color":"#0059a9","colorDark":"#00294f","angle":354.3,"snapDist":2,"label":0}},{"type":"Feature","geometry":{"type":"Point","coordinates":[20.721238,52.081229]},"properties":{"name":"Urszulin Pętla","lines":"23, 29","arr":["23","29"],"terminus":0,"mode":"bus","color":"#0059a9","colorDark":"#00294f","angle":24.6,"snapDist":5,"label":0}},{"type":"Feature","geometry":{"type":"Point","coordinates":[20.710487,52.084293]},"properties":{"name":"Urszulin Owocowa","lines":"23, 29","arr":["23","29"],"terminus":0,"mode":"bus","color":"#0059a9","colorDark":"#00294f","angle":24.2,"snapDist":5,"label":0}},{"type":"Feature","geometry":{"type":"Point","coordinates":[20.698835,52.072245]},"properties":{"name":"Książenice Batalion","lines":"23, 29, 32, 33, 35","arr":["23","29","32","33","35"],"terminus":0,"mode":"bus","color":"#0059a9","colorDark":"#00294f","angle":346.5,"snapDist":8,"label":0}},{"type":"Feature","geometry":{"type":"Point","coordinates":[20.692883,52.071456]},"properties":{"name":"Książenice Kościół","lines":"23, 29, 32, 33, 35","arr":["23","29","32","33","35"],"terminus":0,"mode":"bus","color":"#0059a9","colorDark":"#00294f","angle":352.2,"snapDist":6,"label":0}},{"type":"Feature","geometry":{"type":"Point","coordinates":[20.68729,52.07163]},"properties":{"name":"Książenice Jarzębinowa","lines":"23","arr":["23"],"terminus":0,"mode":"bus","color":"#0059a9","colorDark":"#00294f","angle":6.9,"snapDist":7,"label":0}},{"type":"Feature","geometry":{"type":"Point","coordinates":[20.683818,52.071613]},"properties":{"name":"Książenice Planty","lines":"23","arr":["23"],"terminus":0,"mode":"bus","color":"#0059a9","colorDark":"#00294f","angle":352,"snapDist":6,"label":0}},{"type":"Feature","geometry":{"type":"Point","coordinates":[20.676942,52.071006]},"properties":{"name":"Książenice Koncertowa","lines":"23","arr":["23"],"terminus":0,"mode":"bus","color":"#0059a9","colorDark":"#00294f","angle":352.1,"snapDist":4,"label":0}},{"type":"Feature","geometry":{"type":"Point","coordinates":[20.658911,52.06418]},"properties":{"name":"Radonie Roślinna","lines":"23, 30","arr":["23","30"],"terminus":0,"mode":"bus","color":"#0059a9","colorDark":"#00294f","angle":293,"snapDist":4,"label":0}},{"type":"Feature","geometry":{"type":"Point","coordinates":[20.65294,52.060691]},"properties":{"name":"Radonie Widokowa","lines":"23","arr":["23"],"terminus":0,"mode":"bus","color":"#0059a9","colorDark":"#00294f","angle":35.4,"snapDist":5,"label":0}},{"type":"Feature","geometry":{"type":"Point","coordinates":[20.648073,52.062817]},"properties":{"name":"Radonie Iglasta","lines":"23","arr":["23"],"terminus":0,"mode":"bus","color":"#0059a9","colorDark":"#00294f","angle":36.1,"snapDist":6,"label":0}},{"type":"Feature","geometry":{"type":"Point","coordinates":[20.640599,52.065719]},"properties":{"name":"Radonie Nałkowskiej","lines":"23","arr":["23"],"terminus":0,"mode":"bus","color":"#0059a9","colorDark":"#00294f","angle":6.9,"snapDist":5,"label":0}},{"type":"Feature","geometry":{"type":"Point","coordinates":[20.637406,52.067427]},"properties":{"name":"Adamowizna Pętla","lines":"23, 31, 63","arr":["23","31","63"],"terminus":0,"mode":"bus","color":"#0059a9","colorDark":"#00294f","angle":53.8,"snapDist":6,"label":0}},{"type":"Feature","geometry":{"type":"Point","coordinates":[20.634093,52.069983]},"properties":{"name":"Adamowizna Łosia","lines":"23, 31, 63","arr":["23","31","63"],"terminus":0,"mode":"bus","color":"#0059a9","colorDark":"#00294f","angle":50.5,"snapDist":5,"label":0}},{"type":"Feature","geometry":{"type":"Point","coordinates":[20.632362,52.072336]},"properties":{"name":"Adamowizna Królicza","lines":"23, 31, 63","arr":["23","31","63"],"terminus":0,"mode":"bus","color":"#0059a9","colorDark":"#00294f","angle":77.5,"snapDist":6,"label":0}},{"type":"Feature","geometry":{"type":"Point","coordinates":[20.629702,52.076342]},"properties":{"name":"Adamowizna Szkoła","lines":"23, 31, 58, 63","arr":["23","31","58","63"],"terminus":1,"mode":"bus","color":"#0059a9","colorDark":"#00294f","angle":58.4,"snapDist":6,"label":0}},{"type":"Feature","geometry":{"type":"Point","coordinates":[20.628032,52.078605]},"properties":{"name":"Odrano-Wola Niedźwiedzia","lines":"23, 31, 63","arr":["23","31","63"],"terminus":0,"mode":"bus","color":"#0059a9","colorDark":"#00294f","angle":86.6,"snapDist":6,"label":0}},{"type":"Feature","geometry":{"type":"Point","coordinates":[20.627448,52.083479]},"properties":{"name":"Odrano-Wola Budokrusz","lines":"23, 31, 63","arr":["23","31","63"],"terminus":0,"mode":"bus","color":"#0059a9","colorDark":"#00294f","angle":80,"snapDist":7,"label":0}},{"type":"Feature","geometry":{"type":"Point","coordinates":[20.625801,52.088656]},"properties":{"name":"Odrano-Wola Wschodnia","lines":"23, 31, 63","arr":["23","31","63"],"terminus":0,"mode":"bus","color":"#0059a9","colorDark":"#00294f","angle":78.9,"snapDist":6,"label":0}},{"type":"Feature","geometry":{"type":"Point","coordinates":[20.624879,52.091561]},"properties":{"name":"Grodzisk Maz. Armii Polskiej","lines":"23, 31, 63","arr":["23","31","63"],"terminus":0,"mode":"bus","color":"#0059a9","colorDark":"#00294f","angle":80.1,"snapDist":4,"label":0}},{"type":"Feature","geometry":{"type":"Point","coordinates":[20.623789,52.096126]},"properties":{"name":"Grodzisk Maz. Waryńskiego","lines":"23, 31, 63","arr":["23","31","63"],"terminus":0,"mode":"bus","color":"#0059a9","colorDark":"#00294f","angle":81.8,"snapDist":4,"label":0}},{"type":"Feature","geometry":{"type":"Point","coordinates":[20.617623,52.097307]},"properties":{"name":"Grodzisk Maz. Daleka","lines":"23, 28, 29, 31, 63, 82","arr":["23","28","29","31","63","82"],"terminus":0,"mode":"bus","color":"#0059a9","colorDark":"#00294f","angle":89,"snapDist":5,"label":0}},{"type":"Feature","geometry":{"type":"Point","coordinates":[20.618056,52.101787]},"properties":{"name":"Grodzisk Maz. Wólczyńska","lines":"23, 31, 63, 82","arr":["23","31","63","82"],"terminus":0,"mode":"bus","color":"#0059a9","colorDark":"#00294f","angle":138.2,"snapDist":5,"label":0}},{"type":"Feature","geometry":{"type":"Point","coordinates":[20.625479,52.102761]},"properties":{"name":"Grodzisk Maz. Montwiłła","lines":"23, 31, 63","arr":["23","31","63"],"terminus":0,"mode":"bus","color":"#0059a9","colorDark":"#00294f","angle":113.4,"snapDist":2,"label":0}},{"type":"Feature","geometry":{"type":"Point","coordinates":[20.615972,52.124653]},"properties":{"name":"Chlebnia nr 1","lines":"24","arr":["24"],"terminus":0,"mode":"bus","color":"#0059a9","colorDark":"#00294f","angle":27.9,"snapDist":4,"label":1}},{"type":"Feature","geometry":{"type":"Point","coordinates":[20.60605,52.127984]},"properties":{"name":"Chlebnia nr 28","lines":"24","arr":["24"],"terminus":0,"mode":"bus","color":"#0059a9","colorDark":"#00294f","angle":28.6,"snapDist":4,"label":1}},{"type":"Feature","geometry":{"type":"Point","coordinates":[20.602015,52.129325]},"properties":{"name":"Chlebnia nr 40","lines":"24","arr":["24"],"terminus":0,"mode":"bus","color":"#0059a9","colorDark":"#00294f","angle":28.6,"snapDist":5,"label":1}},{"type":"Feature","geometry":{"type":"Point","coordinates":[20.595651,52.130708]},"properties":{"name":"Chlebnia Świetlica","lines":"24","arr":["24"],"terminus":0,"mode":"bus","color":"#0059a9","colorDark":"#00294f","angle":4.6,"snapDist":5,"label":1}},{"type":"Feature","geometry":{"type":"Point","coordinates":[20.586901,52.13194]},"properties":{"name":"Chlebnia Klub Sportowy","lines":"24","arr":["24"],"terminus":0,"mode":"bus","color":"#0059a9","colorDark":"#00294f","angle":23.2,"snapDist":6,"label":1}},{"type":"Feature","geometry":{"type":"Point","coordinates":[20.580662,52.133584]},"properties":{"name":"Dąbrówka Osiedle","lines":"24","arr":["24"],"terminus":0,"mode":"bus","color":"#0059a9","colorDark":"#00294f","angle":23.2,"snapDist":5,"label":1}},{"type":"Feature","geometry":{"type":"Point","coordinates":[20.574145,52.1353]},"properties":{"name":"Dąbrówka Wieś","lines":"24","arr":["24"],"terminus":0,"mode":"bus","color":"#0059a9","colorDark":"#00294f","angle":24,"snapDist":7,"label":1}},{"type":"Feature","geometry":{"type":"Point","coordinates":[20.558336,52.139339]},"properties":{"name":"Zabłotnia Świetlica","lines":"24","arr":["24"],"terminus":0,"mode":"bus","color":"#0059a9","colorDark":"#00294f","angle":27.6,"snapDist":5,"label":1}},{"type":"Feature","geometry":{"type":"Point","coordinates":[20.538728,52.140796]},"properties":{"name":"Izdebno Kościelne Grodziska nr 12","lines":"24","arr":["24"],"terminus":0,"mode":"bus","color":"#0059a9","colorDark":"#00294f","angle":336.7,"snapDist":6,"label":1}},{"type":"Feature","geometry":{"type":"Point","coordinates":[20.532914,52.137902]},"properties":{"name":"Izdebno Kościelne Szkoła","lines":"24, 25","arr":["24","25"],"terminus":1,"mode":"bus","color":"#0059a9","colorDark":"#00294f","angle":346,"snapDist":8,"label":1}},{"type":"Feature","geometry":{"type":"Point","coordinates":[20.527224,52.137527]},"properties":{"name":"Izdebno Kościelne DPS","lines":"24, 25","arr":["24","25"],"terminus":0,"mode":"bus","color":"#0059a9","colorDark":"#00294f","angle":352,"snapDist":8,"label":1}},{"type":"Feature","geometry":{"type":"Point","coordinates":[20.520764,52.13679]},"properties":{"name":"Izdebno Kościelne Bursztynowa nr 26","lines":"24","arr":["24"],"terminus":0,"mode":"bus","color":"#0059a9","colorDark":"#00294f","angle":357.3,"snapDist":4,"label":1}},{"type":"Feature","geometry":{"type":"Point","coordinates":[20.513685,52.136543]},"properties":{"name":"Izdebno Kościelne Bursztynowa nr 52","lines":"24","arr":["24"],"terminus":0,"mode":"bus","color":"#0059a9","colorDark":"#00294f","angle":356.5,"snapDist":4,"label":1}},{"type":"Feature","geometry":{"type":"Point","coordinates":[20.509634,52.136392]},"properties":{"name":"Izdebno Kościelne Pętla","lines":"24","arr":["24"],"terminus":1,"mode":"bus","color":"#0059a9","colorDark":"#00294f","angle":356.5,"snapDist":6,"label":1}},{"type":"Feature","geometry":{"type":"Point","coordinates":[20.501928,52.136111]},"properties":{"name":"Basin Bursztynowa","lines":"24","arr":["24"],"terminus":0,"mode":"bus","color":"#0059a9","colorDark":"#00294f","angle":359.2,"snapDist":4,"label":1}},{"type":"Feature","geometry":{"type":"Point","coordinates":[20.500303,52.130801]},"properties":{"name":"Basin Wierzbowa","lines":"24","arr":["24"],"terminus":0,"mode":"bus","color":"#0059a9","colorDark":"#00294f","angle":352.6,"snapDist":5,"label":1}},{"type":"Feature","geometry":{"type":"Point","coordinates":[20.487503,52.130465]},"properties":{"name":"Stanisławów","lines":"24","arr":["24"],"terminus":0,"mode":"bus","color":"#0059a9","colorDark":"#00294f","angle":351.6,"snapDist":5,"label":1}},{"type":"Feature","geometry":{"type":"Point","coordinates":[20.48034,52.130073]},"properties":{"name":"Stanisławów II","lines":"24","arr":["24"],"terminus":0,"mode":"bus","color":"#0059a9","colorDark":"#00294f","angle":346.1,"snapDist":5,"label":1}},{"type":"Feature","geometry":{"type":"Point","coordinates":[20.472338,52.128473]},"properties":{"name":"Baranów Urząd Gminy","lines":"24","arr":["24"],"terminus":0,"mode":"bus","color":"#0059a9","colorDark":"#00294f","angle":322.4,"snapDist":4,"label":0}},{"type":"Feature","geometry":{"type":"Point","coordinates":[20.480327,52.130071]},"properties":{"name":"Stanisławów II","lines":"24","arr":["24"],"terminus":0,"mode":"bus","color":"#0059a9","colorDark":"#00294f","angle":166.4,"snapDist":4,"label":0}},{"type":"Feature","geometry":{"type":"Point","coordinates":[20.487563,52.13047]},"properties":{"name":"Stanisławów","lines":"24","arr":["24"],"terminus":0,"mode":"bus","color":"#0059a9","colorDark":"#00294f","angle":171.6,"snapDist":3,"label":0}},{"type":"Feature","geometry":{"type":"Point","coordinates":[20.5005,52.130869]},"properties":{"name":"Basin Wierzbowa","lines":"24","arr":["24"],"terminus":0,"mode":"bus","color":"#0059a9","colorDark":"#00294f","angle":129.3,"snapDist":4,"label":0}},{"type":"Feature","geometry":{"type":"Point","coordinates":[20.501929,52.136111]},"properties":{"name":"Basin Bursztynowa","lines":"24","arr":["24"],"terminus":0,"mode":"bus","color":"#0059a9","colorDark":"#00294f","angle":179.4,"snapDist":5,"label":0}},{"type":"Feature","geometry":{"type":"Point","coordinates":[20.509635,52.136392]},"properties":{"name":"Izdebno Kościelne Pętla","lines":"24","arr":["24"],"terminus":0,"mode":"bus","color":"#0059a9","colorDark":"#00294f","angle":176.5,"snapDist":2,"label":0}},{"type":"Feature","geometry":{"type":"Point","coordinates":[20.513787,52.136547]},"properties":{"name":"Izdebno Kościelne Bursztynowa nr 52","lines":"24","arr":["24"],"terminus":0,"mode":"bus","color":"#0059a9","colorDark":"#00294f","angle":176.7,"snapDist":4,"label":0}},{"type":"Feature","geometry":{"type":"Point","coordinates":[20.520718,52.136789]},"properties":{"name":"Izdebno Kościelne Bursztynowa nr 26","lines":"24","arr":["24"],"terminus":0,"mode":"bus","color":"#0059a9","colorDark":"#00294f","angle":177.1,"snapDist":4,"label":0}},{"type":"Feature","geometry":{"type":"Point","coordinates":[20.527371,52.13754]},"properties":{"name":"Izdebno Kościelne DPS","lines":"24, 25","arr":["24","25"],"terminus":0,"mode":"bus","color":"#0059a9","colorDark":"#00294f","angle":172,"snapDist":4,"label":0}},{"type":"Feature","geometry":{"type":"Point","coordinates":[20.532642,52.137861]},"properties":{"name":"Izdebno Kościelne Szkoła","lines":"24, 25","arr":["24","25"],"terminus":0,"mode":"bus","color":"#0059a9","colorDark":"#00294f","angle":166.8,"snapDist":5,"label":0}},{"type":"Feature","geometry":{"type":"Point","coordinates":[20.538824,52.140821]},"properties":{"name":"Izdebno Kościelne Grodziska nr 12","lines":"24","arr":["24"],"terminus":0,"mode":"bus","color":"#0059a9","colorDark":"#00294f","angle":156.6,"snapDist":3,"label":0}},{"type":"Feature","geometry":{"type":"Point","coordinates":[20.558771,52.139183]},"properties":{"name":"Zabłotnia Świetlica","lines":"24","arr":["24"],"terminus":0,"mode":"bus","color":"#0059a9","colorDark":"#00294f","angle":211.5,"snapDist":2,"label":0}},{"type":"Feature","geometry":{"type":"Point","coordinates":[20.575525,52.134935]},"properties":{"name":"Dąbrówka Wieś","lines":"24","arr":["24"],"terminus":0,"mode":"bus","color":"#0059a9","colorDark":"#00294f","angle":203.2,"snapDist":3,"label":0}},{"type":"Feature","geometry":{"type":"Point","coordinates":[20.580578,52.133606]},"properties":{"name":"Dąbrówka Osiedle","lines":"24","arr":["24"],"terminus":0,"mode":"bus","color":"#0059a9","colorDark":"#00294f","angle":203.2,"snapDist":3,"label":0}},{"type":"Feature","geometry":{"type":"Point","coordinates":[20.588689,52.131468]},"properties":{"name":"Chlebnia Klub Sportowy","lines":"24","arr":["24"],"terminus":0,"mode":"bus","color":"#0059a9","colorDark":"#00294f","angle":203.4,"snapDist":3,"label":0}},{"type":"Feature","geometry":{"type":"Point","coordinates":[20.595485,52.130712]},"properties":{"name":"Chlebnia Świetlica","lines":"24","arr":["24"],"terminus":0,"mode":"bus","color":"#0059a9","colorDark":"#00294f","angle":181.9,"snapDist":5,"label":0}},{"type":"Feature","geometry":{"type":"Point","coordinates":[20.601754,52.129413]},"properties":{"name":"Chlebnia nr 40","lines":"24","arr":["24"],"terminus":0,"mode":"bus","color":"#0059a9","colorDark":"#00294f","angle":208.6,"snapDist":2,"label":0}},{"type":"Feature","geometry":{"type":"Point","coordinates":[20.60595,52.128017]},"properties":{"name":"Chlebnia nr 28","lines":"24","arr":["24"],"terminus":0,"mode":"bus","color":"#0059a9","colorDark":"#00294f","angle":208.3,"snapDist":3,"label":0}},{"type":"Feature","geometry":{"type":"Point","coordinates":[20.616363,52.124524]},"properties":{"name":"Chlebnia nr 1","lines":"24","arr":["24"],"terminus":0,"mode":"bus","color":"#0059a9","colorDark":"#00294f","angle":208.3,"snapDist":4,"label":0}},{"type":"Feature","geometry":{"type":"Point","coordinates":[20.610552,52.107797]},"properties":{"name":"Grodzisk Maz. Narutowicza","lines":"25","arr":["25"],"terminus":0,"mode":"bus","color":"#0059a9","colorDark":"#00294f","angle":279.5,"snapDist":4,"label":1}},{"type":"Feature","geometry":{"type":"Point","coordinates":[20.612468,52.109208]},"properties":{"name":"Grodzisk Maz. Ziemiańska","lines":"25","arr":["25"],"terminus":0,"mode":"bus","color":"#0059a9","colorDark":"#00294f","angle":98.5,"snapDist":3,"label":1}},{"type":"Feature","geometry":{"type":"Point","coordinates":[20.598116,52.110532]},"properties":{"name":"Wólka Grodziska Zachodnia","lines":"25","arr":["25"],"terminus":0,"mode":"bus","color":"#0059a9","colorDark":"#00294f","angle":29.9,"snapDist":5,"label":0}},{"type":"Feature","geometry":{"type":"Point","coordinates":[20.588717,52.11383]},"properties":{"name":"Kozery Główna","lines":"25","arr":["25"],"terminus":0,"mode":"bus","color":"#0059a9","colorDark":"#00294f","angle":43,"snapDist":5,"label":1}},{"type":"Feature","geometry":{"type":"Point","coordinates":[20.580106,52.117793]},"properties":{"name":"Kraśnicza Wola nr 23","lines":"25","arr":["25"],"terminus":0,"mode":"bus","color":"#0059a9","colorDark":"#00294f","angle":28.5,"snapDist":6,"label":1}},{"type":"Feature","geometry":{"type":"Point","coordinates":[20.569813,52.119644]},"properties":{"name":"Kraśnicza Wola nr 32a","lines":"25","arr":["25"],"terminus":0,"mode":"bus","color":"#0059a9","colorDark":"#00294f","angle":359.6,"snapDist":3,"label":1}},{"type":"Feature","geometry":{"type":"Point","coordinates":[20.565177,52.112411]},"properties":{"name":"Kozery Nowe Popławska","lines":"25","arr":["25"],"terminus":0,"mode":"bus","color":"#0059a9","colorDark":"#00294f","angle":286,"snapDist":4,"label":1}},{"type":"Feature","geometry":{"type":"Point","coordinates":[20.572597,52.111474]},"properties":{"name":"Kozery Stare Urocza","lines":"25","arr":["25"],"terminus":0,"mode":"bus","color":"#0059a9","colorDark":"#00294f","angle":185.6,"snapDist":6,"label":1}},{"type":"Feature","geometry":{"type":"Point","coordinates":[20.573683,52.105296]},"properties":{"name":"Kozery Nowe Czerwonych Maków","lines":"25","arr":["25"],"terminus":0,"mode":"bus","color":"#0059a9","colorDark":"#00294f","angle":260.5,"snapDist":4,"label":1}},{"type":"Feature","geometry":{"type":"Point","coordinates":[20.576051,52.100032]},"properties":{"name":"Kozery Nowe Pętla","lines":"25","arr":["25"],"terminus":0,"mode":"bus","color":"#0059a9","colorDark":"#00294f","angle":-118.6,"snapDist":6,"label":1}},{"type":"Feature","geometry":{"type":"Point","coordinates":[20.573645,52.105433]},"properties":{"name":"Kozery Nowe Czerwonych Maków","lines":"25","arr":["25"],"terminus":0,"mode":"bus","color":"#0059a9","colorDark":"#00294f","angle":80.5,"snapDist":4,"label":0}},{"type":"Feature","geometry":{"type":"Point","coordinates":[20.571894,52.111516]},"properties":{"name":"Kozery Stare Urocza","lines":"25","arr":["25"],"terminus":0,"mode":"bus","color":"#0059a9","colorDark":"#00294f","angle":5.5,"snapDist":5,"label":0}},{"type":"Feature","geometry":{"type":"Point","coordinates":[20.565211,52.112482]},"properties":{"name":"Kozery Nowe Popławska","lines":"25","arr":["25"],"terminus":0,"mode":"bus","color":"#0059a9","colorDark":"#00294f","angle":105.4,"snapDist":3,"label":0}},{"type":"Feature","geometry":{"type":"Point","coordinates":[20.563605,52.125071]},"properties":{"name":"Kraśnicza Wola nr 38b","lines":"25","arr":["25"],"terminus":0,"mode":"bus","color":"#0059a9","colorDark":"#00294f","angle":62.8,"snapDist":6,"label":1}},{"type":"Feature","geometry":{"type":"Point","coordinates":[20.558242,52.129535]},"properties":{"name":"Izdebno Nowe nr 5c","lines":"25","arr":["25"],"terminus":0,"mode":"bus","color":"#0059a9","colorDark":"#00294f","angle":29.6,"snapDist":5,"label":1}},{"type":"Feature","geometry":{"type":"Point","coordinates":[20.545613,52.133942]},"properties":{"name":"Izdebno Nowe nr 14","lines":"25","arr":["25"],"terminus":0,"mode":"bus","color":"#0059a9","colorDark":"#00294f","angle":30.1,"snapDist":4,"label":1}},{"type":"Feature","geometry":{"type":"Point","coordinates":[20.520078,52.152638]},"properties":{"name":"Cegłów Srebrna","lines":"25","arr":["25"],"terminus":0,"mode":"bus","color":"#0059a9","colorDark":"#00294f","angle":76.3,"snapDist":6,"label":1}},{"type":"Feature","geometry":{"type":"Point","coordinates":[20.515831,52.163524]},"properties":{"name":"Cegłów Rondo","lines":"25, 26","arr":["25","26"],"terminus":0,"mode":"bus","color":"#0059a9","colorDark":"#00294f","angle":76.4,"snapDist":6,"label":1}},{"type":"Feature","geometry":{"type":"Point","coordinates":[20.510241,52.16479]},"properties":{"name":"Cegłów Przedszkole","lines":"25, 26","arr":["25","26"],"terminus":0,"mode":"bus","color":"#0059a9","colorDark":"#00294f","angle":34.5,"snapDist":3,"label":1}},{"type":"Feature","geometry":{"type":"Point","coordinates":[20.506388,52.17006]},"properties":{"name":"Gole Żaby","lines":"25, 26","arr":["25","26"],"terminus":0,"mode":"bus","color":"#0059a9","colorDark":"#00294f","angle":72.7,"snapDist":5,"label":1}},{"type":"Feature","geometry":{"type":"Point","coordinates":[20.503494,52.180042]},"properties":{"name":"Żaby","lines":"25","arr":["25"],"terminus":0,"mode":"bus","color":"#0059a9","colorDark":"#00294f","angle":91,"snapDist":5,"label":1}},{"type":"Feature","geometry":{"type":"Point","coordinates":[20.503915,52.184064]},"properties":{"name":"Żaby II","lines":"25","arr":["25"],"terminus":0,"mode":"bus","color":"#0059a9","colorDark":"#00294f","angle":2.5,"snapDist":2,"label":1}},{"type":"Feature","geometry":{"type":"Point","coordinates":[20.511572,52.185344]},"properties":{"name":"Boża Wola Cicha","lines":"25","arr":["25"],"terminus":0,"mode":"bus","color":"#0059a9","colorDark":"#00294f","angle":100.4,"snapDist":7,"label":1}},{"type":"Feature","geometry":{"type":"Point","coordinates":[20.513866,52.189284]},"properties":{"name":"Boża Wola Parkowa","lines":"25","arr":["25"],"terminus":0,"mode":"bus","color":"#0059a9","colorDark":"#00294f","angle":215.4,"snapDist":5,"label":1}},{"type":"Feature","geometry":{"type":"Point","coordinates":[20.520536,52.18745]},"properties":{"name":"Boża Wola OSP","lines":"25","arr":["25"],"terminus":0,"mode":"bus","color":"#0059a9","colorDark":"#00294f","angle":199.1,"snapDist":5,"label":1}},{"type":"Feature","geometry":{"type":"Point","coordinates":[20.521107,52.178745]},"properties":{"name":"Boża Wola Owocowa","lines":"25","arr":["25"],"terminus":0,"mode":"bus","color":"#0059a9","colorDark":"#00294f","angle":285.8,"snapDist":3,"label":1}},{"type":"Feature","geometry":{"type":"Point","coordinates":[20.515813,52.16357]},"properties":{"name":"Cegłów Rondo","lines":"25, 26","arr":["25","26"],"terminus":0,"mode":"bus","color":"#0059a9","colorDark":"#00294f","angle":-103.6,"snapDist":5,"label":0}},{"type":"Feature","geometry":{"type":"Point","coordinates":[20.520068,52.152664]},"properties":{"name":"Cegłów Srebrna","lines":"25","arr":["25"],"terminus":0,"mode":"bus","color":"#0059a9","colorDark":"#00294f","angle":-103.7,"snapDist":5,"label":0}},{"type":"Feature","geometry":{"type":"Point","coordinates":[20.544986,52.134165]},"properties":{"name":"Izdebno Nowe nr 14","lines":"25","arr":["25"],"terminus":0,"mode":"bus","color":"#0059a9","colorDark":"#00294f","angle":-150,"snapDist":4,"label":0}},{"type":"Feature","geometry":{"type":"Point","coordinates":[20.557842,52.129674]},"properties":{"name":"Izdebno Nowe nr 5c","lines":"25","arr":["25"],"terminus":0,"mode":"bus","color":"#0059a9","colorDark":"#00294f","angle":209.6,"snapDist":6,"label":0}},{"type":"Feature","geometry":{"type":"Point","coordinates":[20.564091,52.124481]},"properties":{"name":"Kraśnicza Wola nr 38b","lines":"25","arr":["25"],"terminus":0,"mode":"bus","color":"#0059a9","colorDark":"#00294f","angle":-116.6,"snapDist":3,"label":0}},{"type":"Feature","geometry":{"type":"Point","coordinates":[20.57084,52.119649]},"properties":{"name":"Kraśnicza Wola nr 32a","lines":"25","arr":["25"],"terminus":0,"mode":"bus","color":"#0059a9","colorDark":"#00294f","angle":179.6,"snapDist":8,"label":0}},{"type":"Feature","geometry":{"type":"Point","coordinates":[20.581508,52.117328]},"properties":{"name":"Kraśnicza Wola nr 23","lines":"25","arr":["25"],"terminus":0,"mode":"bus","color":"#0059a9","colorDark":"#00294f","angle":-151.6,"snapDist":4,"label":0}},{"type":"Feature","geometry":{"type":"Point","coordinates":[20.589038,52.113646]},"properties":{"name":"Kozery Główna","lines":"25","arr":["25"],"terminus":0,"mode":"bus","color":"#0059a9","colorDark":"#00294f","angle":-137,"snapDist":3,"label":0}},{"type":"Feature","geometry":{"type":"Point","coordinates":[20.457496,52.170616]},"properties":{"name":"Gongolina","lines":"26","arr":["26"],"terminus":0,"mode":"bus","color":"#0059a9","colorDark":"#00294f","angle":182.7,"snapDist":4,"label":1}},{"type":"Feature","geometry":{"type":"Point","coordinates":[20.473795,52.170112]},"properties":{"name":"Regów","lines":"26","arr":["26"],"terminus":0,"mode":"bus","color":"#0059a9","colorDark":"#00294f","angle":182.8,"snapDist":3,"label":1}},{"type":"Feature","geometry":{"type":"Point","coordinates":[20.506396,52.170044]},"properties":{"name":"Gole Żaby","lines":"26","arr":["26"],"terminus":0,"mode":"bus","color":"#0059a9","colorDark":"#00294f","angle":252.7,"snapDist":6,"label":0}},{"type":"Feature","geometry":{"type":"Point","coordinates":[20.511818,52.164333]},"properties":{"name":"Cegłów Przedszkole","lines":"26","arr":["26"],"terminus":0,"mode":"bus","color":"#0059a9","colorDark":"#00294f","angle":182.9,"snapDist":7,"label":0}},{"type":"Feature","geometry":{"type":"Point","coordinates":[20.525184,52.162636]},"properties":{"name":"Cegłów","lines":"26","arr":["26"],"terminus":0,"mode":"bus","color":"#0059a9","colorDark":"#00294f","angle":172.3,"snapDist":4,"label":1}},{"type":"Feature","geometry":{"type":"Point","coordinates":[20.536104,52.162214]},"properties":{"name":"Karolina Młyn","lines":"26","arr":["26"],"terminus":0,"mode":"bus","color":"#0059a9","colorDark":"#00294f","angle":180.9,"snapDist":4,"label":1}},{"type":"Feature","geometry":{"type":"Point","coordinates":[20.544215,52.162113]},"properties":{"name":"Karolina Młyn II","lines":"26","arr":["26"],"terminus":0,"mode":"bus","color":"#0059a9","colorDark":"#00294f","angle":181.8,"snapDist":3,"label":1}},{"type":"Feature","geometry":{"type":"Point","coordinates":[20.553109,52.16202]},"properties":{"name":"Karolina","lines":"26","arr":["26"],"terminus":0,"mode":"bus","color":"#0059a9","colorDark":"#00294f","angle":185.7,"snapDist":3,"label":1}},{"type":"Feature","geometry":{"type":"Point","coordinates":[20.560376,52.154062]},"properties":{"name":"Kłudno Nowe Pętla","lines":"26","arr":["26"],"terminus":0,"mode":"bus","color":"#0059a9","colorDark":"#00294f","angle":183.5,"snapDist":3,"label":0}},{"type":"Feature","geometry":{"type":"Point","coordinates":[20.573341,52.152822]},"properties":{"name":"Kłudno Nowe","lines":"26","arr":["26"],"terminus":0,"mode":"bus","color":"#0059a9","colorDark":"#00294f","angle":198.9,"snapDist":2,"label":1}},{"type":"Feature","geometry":{"type":"Point","coordinates":[20.589185,52.153958]},"properties":{"name":"Kłudno Wieś","lines":"26","arr":["26"],"terminus":0,"mode":"bus","color":"#0059a9","colorDark":"#00294f","angle":207.5,"snapDist":5,"label":1}},{"type":"Feature","geometry":{"type":"Point","coordinates":[20.599885,52.150643]},"properties":{"name":"Kłudno OSP","lines":"26","arr":["26"],"terminus":0,"mode":"bus","color":"#0059a9","colorDark":"#00294f","angle":202.2,"snapDist":7,"label":1}},{"type":"Feature","geometry":{"type":"Point","coordinates":[20.626066,52.150632]},"properties":{"name":"Adamów Strefa Przemysłowa","lines":"26","arr":["26"],"terminus":0,"mode":"bus","color":"#0059a9","colorDark":"#00294f","angle":267.4,"snapDist":11,"label":1}},{"type":"Feature","geometry":{"type":"Point","coordinates":[20.636493,52.153215]},"properties":{"name":"Żuków Wieś","lines":"26","arr":["26"],"terminus":0,"mode":"bus","color":"#0059a9","colorDark":"#00294f","angle":183.4,"snapDist":4,"label":1}},{"type":"Feature","geometry":{"type":"Point","coordinates":[20.645275,52.151279]},"properties":{"name":"Żuków Kościół","lines":"26","arr":["26"],"terminus":0,"mode":"bus","color":"#0059a9","colorDark":"#00294f","angle":337.6,"snapDist":6,"label":1}},{"type":"Feature","geometry":{"type":"Point","coordinates":[20.628922,52.13974]},"properties":{"name":"Chrzanów Mały Deserowa","lines":"26","arr":["26"],"terminus":0,"mode":"bus","color":"#0059a9","colorDark":"#00294f","angle":304.4,"snapDist":4,"label":1}},{"type":"Feature","geometry":{"type":"Point","coordinates":[20.629297,52.140077]},"properties":{"name":"Chrzanów Mały Deserowa","lines":"26","arr":["26"],"terminus":0,"mode":"bus","color":"#0059a9","colorDark":"#00294f","angle":124.4,"snapDist":5,"label":0}},{"type":"Feature","geometry":{"type":"Point","coordinates":[20.632354,52.141357]},"properties":{"name":"Chrzanów Mały","lines":"26","arr":["26"],"terminus":0,"mode":"bus","color":"#0059a9","colorDark":"#00294f","angle":264,"snapDist":6,"label":1}},{"type":"Feature","geometry":{"type":"Point","coordinates":[20.634592,52.134284]},"properties":{"name":"Chrzanów Mały Tuwima","lines":"26","arr":["26"],"terminus":0,"mode":"bus","color":"#0059a9","colorDark":"#00294f","angle":259.1,"snapDist":5,"label":1}},{"type":"Feature","geometry":{"type":"Point","coordinates":[20.636225,52.129214]},"properties":{"name":"Chrzanów Mały Chopina","lines":"26","arr":["26"],"terminus":0,"mode":"bus","color":"#0059a9","colorDark":"#00294f","angle":258.3,"snapDist":6,"label":1}},{"type":"Feature","geometry":{"type":"Point","coordinates":[20.636115,52.129539]},"properties":{"name":"Chrzanów Mały Chopina","lines":"26","arr":["26"],"terminus":0,"mode":"bus","color":"#0059a9","colorDark":"#00294f","angle":78.3,"snapDist":3,"label":0}},{"type":"Feature","geometry":{"type":"Point","coordinates":[20.634498,52.134586]},"properties":{"name":"Chrzanów Mały Tuwima","lines":"26","arr":["26"],"terminus":0,"mode":"bus","color":"#0059a9","colorDark":"#00294f","angle":79.3,"snapDist":5,"label":0}},{"type":"Feature","geometry":{"type":"Point","coordinates":[20.632313,52.141607]},"properties":{"name":"Chrzanów Mały","lines":"26","arr":["26"],"terminus":0,"mode":"bus","color":"#0059a9","colorDark":"#00294f","angle":84.8,"snapDist":6,"label":0}},{"type":"Feature","geometry":{"type":"Point","coordinates":[20.646275,52.15134]},"properties":{"name":"Żuków Kościół","lines":"26","arr":["26"],"terminus":0,"mode":"bus","color":"#0059a9","colorDark":"#00294f","angle":169.6,"snapDist":4,"label":0}},{"type":"Feature","geometry":{"type":"Point","coordinates":[20.637155,52.153192]},"properties":{"name":"Żuków Wieś","lines":"26","arr":["26"],"terminus":0,"mode":"bus","color":"#0059a9","colorDark":"#00294f","angle":3.5,"snapDist":4,"label":0}},{"type":"Feature","geometry":{"type":"Point","coordinates":[20.601117,52.150414]},"properties":{"name":"Kłudno OSP","lines":"26","arr":["26"],"terminus":0,"mode":"bus","color":"#0059a9","colorDark":"#00294f","angle":13.7,"snapDist":4,"label":0}},{"type":"Feature","geometry":{"type":"Point","coordinates":[20.588946,52.154035]},"properties":{"name":"Kłudno Wieś","lines":"26","arr":["26"],"terminus":0,"mode":"bus","color":"#0059a9","colorDark":"#00294f","angle":27.7,"snapDist":4,"label":0}},{"type":"Feature","geometry":{"type":"Point","coordinates":[20.573121,52.152869]},"properties":{"name":"Kłudno Nowe","lines":"26","arr":["26"],"terminus":0,"mode":"bus","color":"#0059a9","colorDark":"#00294f","angle":18.9,"snapDist":4,"label":0}},{"type":"Feature","geometry":{"type":"Point","coordinates":[20.560042,52.154076]},"properties":{"name":"Kłudno Nowe Pętla","lines":"26","arr":["26"],"terminus":1,"mode":"bus","color":"#0059a9","colorDark":"#00294f","angle":3.9,"snapDist":4,"label":1}},{"type":"Feature","geometry":{"type":"Point","coordinates":[20.55316,52.162017]},"properties":{"name":"Karolina","lines":"26","arr":["26"],"terminus":0,"mode":"bus","color":"#0059a9","colorDark":"#00294f","angle":5.7,"snapDist":4,"label":0}},{"type":"Feature","geometry":{"type":"Point","coordinates":[20.544122,52.162114]},"properties":{"name":"Karolina Młyn II","lines":"26","arr":["26"],"terminus":0,"mode":"bus","color":"#0059a9","colorDark":"#00294f","angle":1.8,"snapDist":4,"label":0}},{"type":"Feature","geometry":{"type":"Point","coordinates":[20.536011,52.162215]},"properties":{"name":"Karolina Młyn","lines":"26","arr":["26"],"terminus":0,"mode":"bus","color":"#0059a9","colorDark":"#00294f","angle":0.9,"snapDist":5,"label":0}},{"type":"Feature","geometry":{"type":"Point","coordinates":[20.523958,52.162534]},"properties":{"name":"Cegłów","lines":"26","arr":["26"],"terminus":0,"mode":"bus","color":"#0059a9","colorDark":"#00294f","angle":352.3,"snapDist":4,"label":0}},{"type":"Feature","geometry":{"type":"Point","coordinates":[20.473503,52.170122]},"properties":{"name":"Regów","lines":"26","arr":["26"],"terminus":0,"mode":"bus","color":"#0059a9","colorDark":"#00294f","angle":3.3,"snapDist":3,"label":0}},{"type":"Feature","geometry":{"type":"Point","coordinates":[20.456946,52.170625]},"properties":{"name":"Gongolina","lines":"26","arr":["26"],"terminus":0,"mode":"bus","color":"#0059a9","colorDark":"#00294f","angle":1.2,"snapDist":5,"label":0}},{"type":"Feature","geometry":{"type":"Point","coordinates":[20.616707,52.13946]},"properties":{"name":"Natolin Glinianki","lines":"27","arr":["27"],"terminus":0,"mode":"bus","color":"#0059a9","colorDark":"#00294f","angle":84.2,"snapDist":5,"label":1}},{"type":"Feature","geometry":{"type":"Point","coordinates":[20.61599,52.143815]},"properties":{"name":"Natolin Cegielnia","lines":"27","arr":["27"],"terminus":0,"mode":"bus","color":"#0059a9","colorDark":"#00294f","angle":84,"snapDist":6,"label":1}},{"type":"Feature","geometry":{"type":"Point","coordinates":[20.616611,52.140066]},"properties":{"name":"Natolin Glinianki","lines":"27","arr":["27"],"terminus":0,"mode":"bus","color":"#0059a9","colorDark":"#00294f","angle":264.4,"snapDist":5,"label":0}},{"type":"Feature","geometry":{"type":"Point","coordinates":[20.630857,52.115597]},"properties":{"name":"Grodzisk Maz. Rokiciańska","lines":"27","arr":["27"],"terminus":1,"mode":"bus","color":"#0059a9","colorDark":"#00294f","angle":3.6,"snapDist":5,"label":1}},{"type":"Feature","geometry":{"type":"Point","coordinates":[20.641513,52.107889]},"properties":{"name":"Grodzisk Maz. Królewska / Orzeszkowej","lines":"27, C1","arr":["27","C1"],"terminus":0,"mode":"bus","color":"#0059a9","colorDark":"#00294f","angle":155.2,"snapDist":4,"label":0}},{"type":"Feature","geometry":{"type":"Point","coordinates":[20.649286,52.110497]},"properties":{"name":"Grodzisk Maz. Królewska / Teligi","lines":"27","arr":["27"],"terminus":0,"mode":"bus","color":"#0059a9","colorDark":"#00294f","angle":151.7,"snapDist":13,"label":0}},{"type":"Feature","geometry":{"type":"Point","coordinates":[20.577734,52.059199]},"properties":{"name":"Czarny Las Platanowa","lines":"28, 58","arr":["28","58"],"terminus":0,"mode":"bus","color":"#0059a9","colorDark":"#00294f","angle":91.2,"snapDist":2,"label":1}},{"type":"Feature","geometry":{"type":"Point","coordinates":[20.582584,52.061237]},"properties":{"name":"Czarny Las Limbowa","lines":"28, 58","arr":["28","58"],"terminus":0,"mode":"bus","color":"#0059a9","colorDark":"#00294f","angle":201,"snapDist":5,"label":1}},{"type":"Feature","geometry":{"type":"Point","coordinates":[20.589738,52.060199]},"properties":{"name":"Czarny Las Kwitnącej Wiśni","lines":"28, 58","arr":["28","58"],"terminus":0,"mode":"bus","color":"#0059a9","colorDark":"#00294f","angle":177.1,"snapDist":3,"label":1}},{"type":"Feature","geometry":{"type":"Point","coordinates":[20.596298,52.06207]},"properties":{"name":"Czarny Las Migdałowa","lines":"28, 58","arr":["28","58"],"terminus":0,"mode":"bus","color":"#0059a9","colorDark":"#00294f","angle":86.8,"snapDist":2,"label":1}},{"type":"Feature","geometry":{"type":"Point","coordinates":[20.595774,52.064661]},"properties":{"name":"Czarny Las Wiązowa","lines":"28, 58","arr":["28","58"],"terminus":0,"mode":"bus","color":"#0059a9","colorDark":"#00294f","angle":348.7,"snapDist":3,"label":1}},{"type":"Feature","geometry":{"type":"Point","coordinates":[20.59423,52.065115]},"properties":{"name":"Czarny Las Malwowa","lines":"28, 58","arr":["28","58"],"terminus":0,"mode":"bus","color":"#0059a9","colorDark":"#00294f","angle":66.2,"snapDist":4,"label":1}},{"type":"Feature","geometry":{"type":"Point","coordinates":[20.595909,52.06725]},"properties":{"name":"Czarny Las Cedrowa","lines":"28, 58","arr":["28","58"],"terminus":0,"mode":"bus","color":"#0059a9","colorDark":"#00294f","angle":176.7,"snapDist":3,"label":1}},{"type":"Feature","geometry":{"type":"Point","coordinates":[20.604035,52.068735]},"properties":{"name":"Janinów Irlandzka","lines":"28, 58","arr":["28","58"],"terminus":0,"mode":"bus","color":"#0059a9","colorDark":"#00294f","angle":176.4,"snapDist":2,"label":1}},{"type":"Feature","geometry":{"type":"Point","coordinates":[20.792609,52.083458]},"properties":{"name":"Nadarzyn Starowiejska","lines":"29, 63","arr":["29","63"],"terminus":0,"mode":"bus","color":"#0059a9","colorDark":"#00294f","angle":309.2,"snapDist":7,"label":1}},{"type":"Feature","geometry":{"type":"Point","coordinates":[20.778141,52.081987]},"properties":{"name":"Stara Wieś Jemiołowa","lines":"29","arr":["29"],"terminus":0,"mode":"bus","color":"#0059a9","colorDark":"#00294f","angle":359.1,"snapDist":3,"label":1}},{"type":"Feature","geometry":{"type":"Point","coordinates":[20.700584,52.074649]},"properties":{"name":"Książenice OSP","lines":"29, 32, 33, 34, 50","arr":["29","32","33","34","50"],"terminus":0,"mode":"bus","color":"#0059a9","colorDark":"#00294f","angle":51,"snapDist":6,"label":1}},{"type":"Feature","geometry":{"type":"Point","coordinates":[20.696134,52.07824]},"properties":{"name":"Książenice Sadowa","lines":"29, 32, 33, 34, 50","arr":["29","32","33","34","50"],"terminus":0,"mode":"bus","color":"#0059a9","colorDark":"#00294f","angle":54.4,"snapDist":7,"label":1}},{"type":"Feature","geometry":{"type":"Point","coordinates":[20.688776,52.083871]},"properties":{"name":"Książenice Sosnowa","lines":"29, 32, 33, 34, 50","arr":["29","32","33","34","50"],"terminus":0,"mode":"bus","color":"#0059a9","colorDark":"#00294f","angle":52.9,"snapDist":7,"label":1}},{"type":"Feature","geometry":{"type":"Point","coordinates":[20.678408,52.088166]},"properties":{"name":"Opypy Paprociowa","lines":"29, 32, 33, 34, 50","arr":["29","32","33","34","50"],"terminus":0,"mode":"bus","color":"#0059a9","colorDark":"#00294f","angle":16,"snapDist":7,"label":1}},{"type":"Feature","geometry":{"type":"Point","coordinates":[20.671241,52.090376]},"properties":{"name":"Opypy Gilewicza","lines":"29, 32, 33, 34, 50","arr":["29","32","33","34","50"],"terminus":0,"mode":"bus","color":"#0059a9","colorDark":"#00294f","angle":36.8,"snapDist":8,"label":1}},{"type":"Feature","geometry":{"type":"Point","coordinates":[20.662881,52.093925]},"properties":{"name":"Kady Mazowiecka","lines":"29, 32, 33, 34, 50","arr":["29","32","33","34","50"],"terminus":0,"mode":"bus","color":"#0059a9","colorDark":"#00294f","angle":5,"snapDist":6,"label":1}},{"type":"Feature","geometry":{"type":"Point","coordinates":[20.658936,52.094923]},"properties":{"name":"Grodzisk Maz. Wolframa","lines":"29, 32, 33","arr":["29","32","33"],"terminus":0,"mode":"bus","color":"#0059a9","colorDark":"#00294f","angle":27.1,"snapDist":6,"label":1}},{"type":"Feature","geometry":{"type":"Point","coordinates":[20.651712,52.097589]},"properties":{"name":"Grodzisk Maz. Olsztyńska","lines":"29, 32, 33","arr":["29","32","33"],"terminus":0,"mode":"bus","color":"#0059a9","colorDark":"#00294f","angle":26,"snapDist":7,"label":1}},{"type":"Feature","geometry":{"type":"Point","coordinates":[20.644792,52.099698]},"properties":{"name":"Grodzisk Maz. Piaskowa","lines":"29, 32, 33","arr":["29","32","33"],"terminus":0,"mode":"bus","color":"#0059a9","colorDark":"#00294f","angle":26,"snapDist":8,"label":1}},{"type":"Feature","geometry":{"type":"Point","coordinates":[20.644806,52.099694]},"properties":{"name":"Grodzisk Maz. Piaskowa","lines":"29, 32, 33","arr":["29","32","33"],"terminus":0,"mode":"bus","color":"#0059a9","colorDark":"#00294f","angle":206,"snapDist":7,"label":0}},{"type":"Feature","geometry":{"type":"Point","coordinates":[20.652964,52.097205]},"properties":{"name":"Grodzisk Maz. Olsztyńska","lines":"29, 32, 33","arr":["29","32","33"],"terminus":0,"mode":"bus","color":"#0059a9","colorDark":"#00294f","angle":207.2,"snapDist":4,"label":0}},{"type":"Feature","geometry":{"type":"Point","coordinates":[20.659265,52.094819]},"properties":{"name":"Grodzisk Maz. Wolframa","lines":"29, 32, 33","arr":["29","32","33"],"terminus":0,"mode":"bus","color":"#0059a9","colorDark":"#00294f","angle":206.8,"snapDist":6,"label":0}},{"type":"Feature","geometry":{"type":"Point","coordinates":[20.665547,52.093326]},"properties":{"name":"Kady Mazowiecka","lines":"29, 32, 33","arr":["29","32","33"],"terminus":0,"mode":"bus","color":"#0059a9","colorDark":"#00294f","angle":224.2,"snapDist":6,"label":0}},{"type":"Feature","geometry":{"type":"Point","coordinates":[20.670681,52.090633]},"properties":{"name":"Opypy Gilewicza","lines":"29, 32, 33","arr":["29","32","33"],"terminus":0,"mode":"bus","color":"#0059a9","colorDark":"#00294f","angle":216.8,"snapDist":6,"label":0}},{"type":"Feature","geometry":{"type":"Point","coordinates":[20.679973,52.087912]},"properties":{"name":"Opypy Paprociowa","lines":"29, 32, 33","arr":["29","32","33"],"terminus":0,"mode":"bus","color":"#0059a9","colorDark":"#00294f","angle":197.7,"snapDist":5,"label":0}},{"type":"Feature","geometry":{"type":"Point","coordinates":[20.689782,52.083067]},"properties":{"name":"Książenice Sosnowa","lines":"29, 32, 33","arr":["29","32","33"],"terminus":0,"mode":"bus","color":"#0059a9","colorDark":"#00294f","angle":232.1,"snapDist":6,"label":0}},{"type":"Feature","geometry":{"type":"Point","coordinates":[20.694549,52.079512]},"properties":{"name":"Książenice Przychodnia","lines":"29, 32, 33","arr":["29","32","33"],"terminus":0,"mode":"bus","color":"#0059a9","colorDark":"#00294f","angle":228.1,"snapDist":5,"label":1}},{"type":"Feature","geometry":{"type":"Point","coordinates":[20.69716,52.077163]},"properties":{"name":"Książenice Sadowa","lines":"29, 32, 33","arr":["29","32","33"],"terminus":0,"mode":"bus","color":"#0059a9","colorDark":"#00294f","angle":230.1,"snapDist":8,"label":0}},{"type":"Feature","geometry":{"type":"Point","coordinates":[20.700986,52.074345]},"properties":{"name":"Książenice OSP","lines":"29, 32, 33","arr":["29","32","33"],"terminus":0,"mode":"bus","color":"#0059a9","colorDark":"#00294f","angle":231,"snapDist":5,"label":0}},{"type":"Feature","geometry":{"type":"Point","coordinates":[20.777242,52.08198]},"properties":{"name":"Stara Wieś Jemiołowa","lines":"29","arr":["29"],"terminus":0,"mode":"bus","color":"#0059a9","colorDark":"#00294f","angle":179.3,"snapDist":5,"label":0}},{"type":"Feature","geometry":{"type":"Point","coordinates":[20.792455,52.083342]},"properties":{"name":"Nadarzyn Starowiejska","lines":"29, 63","arr":["29","63"],"terminus":0,"mode":"bus","color":"#0059a9","colorDark":"#00294f","angle":129.2,"snapDist":8,"label":0}},{"type":"Feature","geometry":{"type":"Point","coordinates":[20.634478,52.096123]},"properties":{"name":"Grodzisk Maz. Emilii Plater","lines":"30, C1","arr":["30","C1"],"terminus":0,"mode":"bus","color":"#0059a9","colorDark":"#00294f","angle":237,"snapDist":4,"label":1}},{"type":"Feature","geometry":{"type":"Point","coordinates":[20.638481,52.093026]},"properties":{"name":"Odrano-Wola Malarska","lines":"30, C1","arr":["30","C1"],"terminus":0,"mode":"bus","color":"#0059a9","colorDark":"#00294f","angle":225,"snapDist":2,"label":1}},{"type":"Feature","geometry":{"type":"Point","coordinates":[20.642028,52.089273]},"properties":{"name":"Odrano-Wola Słodka","lines":"30, C1","arr":["30","C1"],"terminus":0,"mode":"bus","color":"#0059a9","colorDark":"#00294f","angle":237.8,"snapDist":4,"label":1}},{"type":"Feature","geometry":{"type":"Point","coordinates":[20.658379,52.058209]},"properties":{"name":"Radonie Centralna","lines":"30","arr":["30"],"terminus":0,"mode":"bus","color":"#0059a9","colorDark":"#00294f","angle":219.5,"snapDist":6,"label":1}},{"type":"Feature","geometry":{"type":"Point","coordinates":[20.661909,52.05627]},"properties":{"name":"Musuły Grodziska","lines":"30","arr":["30"],"terminus":0,"mode":"bus","color":"#0059a9","colorDark":"#00294f","angle":220.9,"snapDist":2,"label":1}},{"type":"Feature","geometry":{"type":"Point","coordinates":[20.66488,52.056409]},"properties":{"name":"Musuły Folwarczna","lines":"30","arr":["30"],"terminus":0,"mode":"bus","color":"#0059a9","colorDark":"#00294f","angle":129.7,"snapDist":3,"label":1}},{"type":"Feature","geometry":{"type":"Point","coordinates":[20.671269,52.055644]},"properties":{"name":"Musuły Akacjowa","lines":"30","arr":["30"],"terminus":0,"mode":"bus","color":"#0059a9","colorDark":"#00294f","angle":222.6,"snapDist":5,"label":1}},{"type":"Feature","geometry":{"type":"Point","coordinates":[20.676359,52.052764]},"properties":{"name":"Musuły Dębowa","lines":"30","arr":["30"],"terminus":0,"mode":"bus","color":"#0059a9","colorDark":"#00294f","angle":222.2,"snapDist":4,"label":1}},{"type":"Feature","geometry":{"type":"Point","coordinates":[20.679844,52.050723]},"properties":{"name":"Musuły Familijna","lines":"30","arr":["30"],"terminus":0,"mode":"bus","color":"#0059a9","colorDark":"#00294f","angle":221.4,"snapDist":4,"label":1}},{"type":"Feature","geometry":{"type":"Point","coordinates":[20.680262,52.043662]},"properties":{"name":"Zalesie Mrowna","lines":"30","arr":["30"],"terminus":0,"mode":"bus","color":"#0059a9","colorDark":"#00294f","angle":232.1,"snapDist":3,"label":1}},{"type":"Feature","geometry":{"type":"Point","coordinates":[20.684765,52.039866]},"properties":{"name":"Zalesie Usługowa","lines":"30","arr":["30"],"terminus":0,"mode":"bus","color":"#0059a9","colorDark":"#00294f","angle":239.3,"snapDist":4,"label":1}},{"type":"Feature","geometry":{"type":"Point","coordinates":[20.689933,52.031252]},"properties":{"name":"Żabia Wola Urząd Gminy","lines":"30, 63, 83","arr":["30","63","83"],"terminus":1,"mode":"bus","color":"#0059a9","colorDark":"#00294f","angle":332.8,"snapDist":7,"label":1}},{"type":"Feature","geometry":{"type":"Point","coordinates":[20.669876,52.027473]},"properties":{"name":"Huta Żabiowolska","lines":"30, 31, 51, 63, 83","arr":["30","31","51","63","83"],"terminus":0,"mode":"bus","color":"#0059a9","colorDark":"#00294f","angle":357.1,"snapDist":1,"label":1}},{"type":"Feature","geometry":{"type":"Point","coordinates":[20.669047,52.029374]},"properties":{"name":"Józefina Szkoła","lines":"30, 31, 51, 63","arr":["30","31","51","63"],"terminus":1,"mode":"bus","color":"#0059a9","colorDark":"#00294f","angle":275.9,"snapDist":7,"label":1}},{"type":"Feature","geometry":{"type":"Point","coordinates":[20.66786,52.027412]},"properties":{"name":"Józefina Wiadukt","lines":"30, 83","arr":["30","83"],"terminus":0,"mode":"bus","color":"#0059a9","colorDark":"#00294f","angle":334.5,"snapDist":7,"label":1}},{"type":"Feature","geometry":{"type":"Point","coordinates":[20.658824,52.021118]},"properties":{"name":"Nowa Bukówka","lines":"30","arr":["30"],"terminus":0,"mode":"bus","color":"#0059a9","colorDark":"#00294f","angle":251.8,"snapDist":3,"label":1}},{"type":"Feature","geometry":{"type":"Point","coordinates":[20.66006,52.018722]},"properties":{"name":"Nowa Bukówka Rumiankowa","lines":"30","arr":["30"],"terminus":0,"mode":"bus","color":"#0059a9","colorDark":"#00294f","angle":251.7,"snapDist":3,"label":1}},{"type":"Feature","geometry":{"type":"Point","coordinates":[20.661531,52.015068]},"properties":{"name":"Rumianka Orzechowa","lines":"30","arr":["30"],"terminus":0,"mode":"bus","color":"#0059a9","colorDark":"#00294f","angle":276,"snapDist":2,"label":1}},{"type":"Feature","geometry":{"type":"Point","coordinates":[20.657999,52.012241]},"properties":{"name":"Rumianka Owocowa","lines":"30","arr":["30"],"terminus":0,"mode":"bus","color":"#0059a9","colorDark":"#00294f","angle":359.1,"snapDist":5,"label":1}},{"type":"Feature","geometry":{"type":"Point","coordinates":[20.648569,52.013365]},"properties":{"name":"Oddział Zagrodowa","lines":"30","arr":["30"],"terminus":0,"mode":"bus","color":"#0059a9","colorDark":"#00294f","angle":2.6,"snapDist":4,"label":1}},{"type":"Feature","geometry":{"type":"Point","coordinates":[20.637955,52.013953]},"properties":{"name":"Oddział Słoneczna","lines":"30","arr":["30"],"terminus":0,"mode":"bus","color":"#0059a9","colorDark":"#00294f","angle":20.1,"snapDist":4,"label":1}},{"type":"Feature","geometry":{"type":"Point","coordinates":[20.620727,52.026301]},"properties":{"name":"Bieniewiec","lines":"30","arr":["30"],"terminus":0,"mode":"bus","color":"#0059a9","colorDark":"#00294f","angle":52.2,"snapDist":5,"label":1}},{"type":"Feature","geometry":{"type":"Point","coordinates":[20.621057,52.02604]},"properties":{"name":"Bieniewiec","lines":"30","arr":["30"],"terminus":0,"mode":"bus","color":"#0059a9","colorDark":"#00294f","angle":-127.7,"snapDist":7,"label":0}},{"type":"Feature","geometry":{"type":"Point","coordinates":[20.623017,52.01594]},"properties":{"name":"Grzymek","lines":"30, 83","arr":["30","83"],"terminus":0,"mode":"bus","color":"#0059a9","colorDark":"#00294f","angle":327,"snapDist":6,"label":1}},{"type":"Feature","geometry":{"type":"Point","coordinates":[20.612315,52.0091]},"properties":{"name":"Słubica Graniczna","lines":"30","arr":["30"],"terminus":0,"mode":"bus","color":"#0059a9","colorDark":"#00294f","angle":220.8,"snapDist":4,"label":1}},{"type":"Feature","geometry":{"type":"Point","coordinates":[20.62034,52.005844]},"properties":{"name":"Słubica Choinkowa","lines":"30","arr":["30"],"terminus":0,"mode":"bus","color":"#0059a9","colorDark":"#00294f","angle":212.9,"snapDist":4,"label":1}},{"type":"Feature","geometry":{"type":"Point","coordinates":[20.630906,52.002064]},"properties":{"name":"Słubica Słoneczna","lines":"30","arr":["30"],"terminus":0,"mode":"bus","color":"#0059a9","colorDark":"#00294f","angle":288.8,"snapDist":3,"label":1}},{"type":"Feature","geometry":{"type":"Point","coordinates":[20.626719,51.995959]},"properties":{"name":"Słubica Kukułki","lines":"30","arr":["30"],"terminus":0,"mode":"bus","color":"#0059a9","colorDark":"#00294f","angle":24.6,"snapDist":4,"label":1}},{"type":"Feature","geometry":{"type":"Point","coordinates":[20.622567,51.996256]},"properties":{"name":"Pieńki Słubickie przy kapliczce","lines":"30","arr":["30"],"terminus":0,"mode":"bus","color":"#0059a9","colorDark":"#00294f","angle":308.8,"snapDist":4,"label":1}},{"type":"Feature","geometry":{"type":"Point","coordinates":[20.616317,51.993638]},"properties":{"name":"Pieńki Słubickie","lines":"30","arr":["30"],"terminus":0,"mode":"bus","color":"#0059a9","colorDark":"#00294f","angle":0.5,"snapDist":3,"label":1}},{"type":"Feature","geometry":{"type":"Point","coordinates":[20.622351,51.996097]},"properties":{"name":"Pieńki Słubickie przy kapliczce","lines":"30","arr":["30"],"terminus":0,"mode":"bus","color":"#0059a9","colorDark":"#00294f","angle":131.1,"snapDist":4,"label":0}},{"type":"Feature","geometry":{"type":"Point","coordinates":[20.627496,51.996061]},"properties":{"name":"Słubica Kukułki","lines":"30","arr":["30"],"terminus":0,"mode":"bus","color":"#0059a9","colorDark":"#00294f","angle":109.4,"snapDist":4,"label":0}},{"type":"Feature","geometry":{"type":"Point","coordinates":[20.630927,52.002104]},"properties":{"name":"Słubica Słoneczna","lines":"30","arr":["30"],"terminus":0,"mode":"bus","color":"#0059a9","colorDark":"#00294f","angle":108.1,"snapDist":5,"label":0}},{"type":"Feature","geometry":{"type":"Point","coordinates":[20.632736,52.005314]},"properties":{"name":"Słubica Wieś","lines":"30","arr":["30"],"terminus":0,"mode":"bus","color":"#0059a9","colorDark":"#00294f","angle":108.9,"snapDist":8,"label":1}},{"type":"Feature","geometry":{"type":"Point","coordinates":[20.636217,52.011221]},"properties":{"name":"Słubica Zarzeczna","lines":"30","arr":["30"],"terminus":0,"mode":"bus","color":"#0059a9","colorDark":"#00294f","angle":110,"snapDist":4,"label":1}},{"type":"Feature","geometry":{"type":"Point","coordinates":[20.638137,52.013908]},"properties":{"name":"Oddział Słoneczna","lines":"30","arr":["30"],"terminus":0,"mode":"bus","color":"#0059a9","colorDark":"#00294f","angle":-157.9,"snapDist":3,"label":0}},{"type":"Feature","geometry":{"type":"Point","coordinates":[20.648092,52.013377]},"properties":{"name":"Oddział Zagrodowa","lines":"30","arr":["30"],"terminus":0,"mode":"bus","color":"#0059a9","colorDark":"#00294f","angle":-177.7,"snapDist":4,"label":0}},{"type":"Feature","geometry":{"type":"Point","coordinates":[20.658316,52.012242]},"properties":{"name":"Rumianka Owocowa","lines":"30","arr":["30"],"terminus":0,"mode":"bus","color":"#0059a9","colorDark":"#00294f","angle":179.6,"snapDist":3,"label":0}},{"type":"Feature","geometry":{"type":"Point","coordinates":[20.661544,52.015142]},"properties":{"name":"Rumianka Orzechowa","lines":"30","arr":["30"],"terminus":0,"mode":"bus","color":"#0059a9","colorDark":"#00294f","angle":96,"snapDist":5,"label":0}},{"type":"Feature","geometry":{"type":"Point","coordinates":[20.660192,52.018481]},"properties":{"name":"Nowa Bukówka Rumiankowa","lines":"30","arr":["30"],"terminus":0,"mode":"bus","color":"#0059a9","colorDark":"#00294f","angle":72,"snapDist":5,"label":0}},{"type":"Feature","geometry":{"type":"Point","coordinates":[20.658747,52.021261]},"properties":{"name":"Nowa Bukówka","lines":"30","arr":["30"],"terminus":0,"mode":"bus","color":"#0059a9","colorDark":"#00294f","angle":71.8,"snapDist":5,"label":0}},{"type":"Feature","geometry":{"type":"Point","coordinates":[20.669173,52.027829]},"properties":{"name":"Józefina Wiadukt","lines":"30, 83","arr":["30","83"],"terminus":0,"mode":"bus","color":"#0059a9","colorDark":"#00294f","angle":149.8,"snapDist":5,"label":0}},{"type":"Feature","geometry":{"type":"Point","coordinates":[20.67135,52.027648]},"properties":{"name":"Huta Żabiowolska","lines":"30, 31, 63, 83","arr":["30","31","63","83"],"terminus":0,"mode":"bus","color":"#0059a9","colorDark":"#00294f","angle":162,"snapDist":6,"label":0}},{"type":"Feature","geometry":{"type":"Point","coordinates":[20.685882,52.03043]},"properties":{"name":"Żabia Wola Żłobek","lines":"30, 31, 63, 83","arr":["30","31","63","83"],"terminus":0,"mode":"bus","color":"#0059a9","colorDark":"#00294f","angle":163,"snapDist":6,"label":1}},{"type":"Feature","geometry":{"type":"Point","coordinates":[20.691246,52.031906]},"properties":{"name":"Żabia Wola Urząd Gminy","lines":"30, 31, 32, 51, 52, 63, 83","arr":["30","31","32","51","52","63","83"],"terminus":1,"mode":"bus","color":"#0059a9","colorDark":"#00294f","angle":130.7,"snapDist":7,"label":0}},{"type":"Feature","geometry":{"type":"Point","coordinates":[20.684175,52.040477]},"properties":{"name":"Zalesie Usługowa","lines":"30","arr":["30"],"terminus":0,"mode":"bus","color":"#0059a9","colorDark":"#00294f","angle":58.3,"snapDist":6,"label":0}},{"type":"Feature","geometry":{"type":"Point","coordinates":[20.679482,52.045167]},"properties":{"name":"Zalesie Mrowna","lines":"30","arr":["30"],"terminus":0,"mode":"bus","color":"#0059a9","colorDark":"#00294f","angle":109.1,"snapDist":5,"label":0}},{"type":"Feature","geometry":{"type":"Point","coordinates":[20.679771,52.050762]},"properties":{"name":"Musuły Familijna","lines":"30","arr":["30"],"terminus":0,"mode":"bus","color":"#0059a9","colorDark":"#00294f","angle":41.4,"snapDist":4,"label":0}},{"type":"Feature","geometry":{"type":"Point","coordinates":[20.676736,52.052555]},"properties":{"name":"Musuły Dębowa","lines":"30","arr":["30"],"terminus":0,"mode":"bus","color":"#0059a9","colorDark":"#00294f","angle":42.2,"snapDist":4,"label":0}},{"type":"Feature","geometry":{"type":"Point","coordinates":[20.67121,52.055677]},"properties":{"name":"Musuły Akacjowa","lines":"30","arr":["30"],"terminus":0,"mode":"bus","color":"#0059a9","colorDark":"#00294f","angle":42.6,"snapDist":4,"label":0}},{"type":"Feature","geometry":{"type":"Point","coordinates":[20.66448,52.056108]},"properties":{"name":"Musuły Folwarczna","lines":"30","arr":["30"],"terminus":0,"mode":"bus","color":"#0059a9","colorDark":"#00294f","angle":-50.7,"snapDist":3,"label":0}},{"type":"Feature","geometry":{"type":"Point","coordinates":[20.661723,52.05637]},"properties":{"name":"Musuły Grodziska","lines":"30","arr":["30"],"terminus":0,"mode":"bus","color":"#0059a9","colorDark":"#00294f","angle":41.9,"snapDist":4,"label":0}},{"type":"Feature","geometry":{"type":"Point","coordinates":[20.65774,52.058545]},"properties":{"name":"Radonie Centralna","lines":"30","arr":["30"],"terminus":0,"mode":"bus","color":"#0059a9","colorDark":"#00294f","angle":41.7,"snapDist":7,"label":0}},{"type":"Feature","geometry":{"type":"Point","coordinates":[20.64438,52.087182]},"properties":{"name":"Szczęsne Cmentarz","lines":"30, C1","arr":["30","C1"],"terminus":1,"mode":"bus","color":"#0059a9","colorDark":"#00294f","angle":45.5,"snapDist":6,"label":0}},{"type":"Feature","geometry":{"type":"Point","coordinates":[20.64202,52.089281]},"properties":{"name":"Odrano-Wola Słodka","lines":"30, C1","arr":["30","C1"],"terminus":0,"mode":"bus","color":"#0059a9","colorDark":"#00294f","angle":57.8,"snapDist":5,"label":0}},{"type":"Feature","geometry":{"type":"Point","coordinates":[20.638356,52.093103]},"properties":{"name":"Odrano-Wola Malarska","lines":"30, C1","arr":["30","C1"],"terminus":0,"mode":"bus","color":"#0059a9","colorDark":"#00294f","angle":45,"snapDist":6,"label":0}},{"type":"Feature","geometry":{"type":"Point","coordinates":[20.634436,52.096162]},"properties":{"name":"Grodzisk Maz. Emilii Plater","lines":"30, C1","arr":["30","C1"],"terminus":0,"mode":"bus","color":"#0059a9","colorDark":"#00294f","angle":57,"snapDist":5,"label":0}},{"type":"Feature","geometry":{"type":"Point","coordinates":[20.632784,52.005399]},"properties":{"name":"Słubica Wieś","lines":"30","arr":["30"],"terminus":0,"mode":"bus","color":"#0059a9","colorDark":"#00294f","angle":288.9,"snapDist":2,"label":0}},{"type":"Feature","geometry":{"type":"Point","coordinates":[20.648147,51.999251]},"properties":{"name":"Bolesławek Nad Potokiem","lines":"30","arr":["30"],"terminus":0,"mode":"bus","color":"#0059a9","colorDark":"#00294f","angle":274.9,"snapDist":7,"label":1}},{"type":"Feature","geometry":{"type":"Point","coordinates":[20.647929,51.993784]},"properties":{"name":"Bolesławek Dzikiej Kaczki","lines":"30","arr":["30"],"terminus":0,"mode":"bus","color":"#0059a9","colorDark":"#00294f","angle":222.8,"snapDist":4,"label":1}},{"type":"Feature","geometry":{"type":"Point","coordinates":[20.656142,51.982972]},"properties":{"name":"Skuły Szkoła","lines":"30","arr":["30"],"terminus":1,"mode":"bus","color":"#0059a9","colorDark":"#00294f","angle":35.6,"snapDist":3,"label":1}},{"type":"Feature","geometry":{"type":"Point","coordinates":[20.665636,51.946621]},"properties":{"name":"Petrykozy Trakt Królewski","lines":"31","arr":["31"],"terminus":1,"mode":"bus","color":"#0059a9","colorDark":"#00294f","angle":12,"snapDist":3,"label":1}},{"type":"Feature","geometry":{"type":"Point","coordinates":[20.652197,51.948158]},"properties":{"name":"Petrykozy Źródlana","lines":"31","arr":["31"],"terminus":0,"mode":"bus","color":"#0059a9","colorDark":"#00294f","angle":11.3,"snapDist":6,"label":1}},{"type":"Feature","geometry":{"type":"Point","coordinates":[20.635642,51.950428]},"properties":{"name":"Lasek Główna","lines":"31","arr":["31"],"terminus":0,"mode":"bus","color":"#0059a9","colorDark":"#00294f","angle":26.8,"snapDist":3,"label":1}},{"type":"Feature","geometry":{"type":"Point","coordinates":[20.636831,51.953879]},"properties":{"name":"Lasek Słoneczna","lines":"31","arr":["31"],"terminus":0,"mode":"bus","color":"#0059a9","colorDark":"#00294f","angle":108,"snapDist":5,"label":1}},{"type":"Feature","geometry":{"type":"Point","coordinates":[20.642116,51.961025]},"properties":{"name":"Piotrkowice PKP","lines":"31","arr":["31"],"terminus":0,"mode":"bus","color":"#0059a9","colorDark":"#00294f","angle":116.2,"snapDist":5,"label":1}},{"type":"Feature","geometry":{"type":"Point","coordinates":[20.649454,51.967032]},"properties":{"name":"Piotrkowice","lines":"31","arr":["31"],"terminus":0,"mode":"bus","color":"#0059a9","colorDark":"#00294f","angle":4.4,"snapDist":5,"label":1}},{"type":"Feature","geometry":{"type":"Point","coordinates":[20.637873,51.967664]},"properties":{"name":"Grzegorzewice Daleka","lines":"31","arr":["31"],"terminus":0,"mode":"bus","color":"#0059a9","colorDark":"#00294f","angle":33,"snapDist":2,"label":1}},{"type":"Feature","geometry":{"type":"Point","coordinates":[20.634843,51.971035]},"properties":{"name":"Grzegorzewice Pałacowa","lines":"31","arr":["31"],"terminus":0,"mode":"bus","color":"#0059a9","colorDark":"#00294f","angle":350.7,"snapDist":4,"label":1}},{"type":"Feature","geometry":{"type":"Point","coordinates":[20.624879,51.970144]},"properties":{"name":"Grzegorzewice Malownicza","lines":"31","arr":["31"],"terminus":0,"mode":"bus","color":"#0059a9","colorDark":"#00294f","angle":351.9,"snapDist":4,"label":1}},{"type":"Feature","geometry":{"type":"Point","coordinates":[20.621752,51.967832]},"properties":{"name":"Grzegorzewice Słoneczna","lines":"31","arr":["31"],"terminus":0,"mode":"bus","color":"#0059a9","colorDark":"#00294f","angle":172.6,"snapDist":4,"label":1}},{"type":"Feature","geometry":{"type":"Point","coordinates":[20.638181,51.967554]},"properties":{"name":"Grzegorzewice Daleka","lines":"31","arr":["31"],"terminus":0,"mode":"bus","color":"#0059a9","colorDark":"#00294f","angle":184.3,"snapDist":6,"label":0}},{"type":"Feature","geometry":{"type":"Point","coordinates":[20.650192,51.966998]},"properties":{"name":"Piotrkowice","lines":"31","arr":["31"],"terminus":0,"mode":"bus","color":"#0059a9","colorDark":"#00294f","angle":-175.9,"snapDist":5,"label":0}},{"type":"Feature","geometry":{"type":"Point","coordinates":[20.653418,51.966844]},"properties":{"name":"Piotrkowice","lines":"31","arr":["31"],"terminus":0,"mode":"bus","color":"#0059a9","colorDark":"#00294f","angle":185.8,"snapDist":6,"label":1}},{"type":"Feature","geometry":{"type":"Point","coordinates":[20.674863,51.965995]},"properties":{"name":"Piotrkowice Przejazdowa","lines":"31","arr":["31"],"terminus":0,"mode":"bus","color":"#0059a9","colorDark":"#00294f","angle":-0.7,"snapDist":6,"label":1}},{"type":"Feature","geometry":{"type":"Point","coordinates":[20.660267,51.966512]},"properties":{"name":"Piotrkowice Daniela","lines":"31","arr":["31"],"terminus":0,"mode":"bus","color":"#0059a9","colorDark":"#00294f","angle":3.8,"snapDist":8,"label":1}},{"type":"Feature","geometry":{"type":"Point","coordinates":[20.653082,51.967545]},"properties":{"name":"Piotrkowice","lines":"31","arr":["31"],"terminus":0,"mode":"bus","color":"#0059a9","colorDark":"#00294f","angle":140.9,"snapDist":6,"label":0}},{"type":"Feature","geometry":{"type":"Point","coordinates":[20.655963,51.971525]},"properties":{"name":"Bartoszówka Iskry","lines":"31","arr":["31"],"terminus":0,"mode":"bus","color":"#0059a9","colorDark":"#00294f","angle":112.7,"snapDist":5,"label":1}},{"type":"Feature","geometry":{"type":"Point","coordinates":[20.658209,51.975722]},"properties":{"name":"Bartoszówka Pogodna","lines":"31","arr":["31"],"terminus":0,"mode":"bus","color":"#0059a9","colorDark":"#00294f","angle":96.6,"snapDist":0,"label":1}},{"type":"Feature","geometry":{"type":"Point","coordinates":[20.657687,51.982248]},"properties":{"name":"Skuły Szkoła","lines":"31","arr":["31"],"terminus":0,"mode":"bus","color":"#0059a9","colorDark":"#00294f","angle":61.6,"snapDist":5,"label":0}},{"type":"Feature","geometry":{"type":"Point","coordinates":[20.661124,51.988793]},"properties":{"name":"Skuły Okrężna","lines":"31","arr":["31"],"terminus":0,"mode":"bus","color":"#0059a9","colorDark":"#00294f","angle":119.2,"snapDist":8,"label":1}},{"type":"Feature","geometry":{"type":"Point","coordinates":[20.664745,51.993226]},"properties":{"name":"Skuły Mszczonowska","lines":"31","arr":["31"],"terminus":0,"mode":"bus","color":"#0059a9","colorDark":"#00294f","angle":116.5,"snapDist":4,"label":1}},{"type":"Feature","geometry":{"type":"Point","coordinates":[20.671553,51.999462]},"properties":{"name":"Ciepłe","lines":"31","arr":["31"],"terminus":0,"mode":"bus","color":"#0059a9","colorDark":"#00294f","angle":119.9,"snapDist":7,"label":1}},{"type":"Feature","geometry":{"type":"Point","coordinates":[20.682218,52.005976]},"properties":{"name":"Kaleń Wspólna","lines":"31","arr":["31"],"terminus":0,"mode":"bus","color":"#0059a9","colorDark":"#00294f","angle":166.3,"snapDist":5,"label":1}},{"type":"Feature","geometry":{"type":"Point","coordinates":[20.689475,52.007728]},"properties":{"name":"Kaleń Agawy","lines":"31","arr":["31"],"terminus":0,"mode":"bus","color":"#0059a9","colorDark":"#00294f","angle":145.9,"snapDist":6,"label":1}},{"type":"Feature","geometry":{"type":"Point","coordinates":[20.69272,52.01046]},"properties":{"name":"Kaleń Magnolii","lines":"31, 32","arr":["31","32"],"terminus":0,"mode":"bus","color":"#0059a9","colorDark":"#00294f","angle":62.3,"snapDist":4,"label":1}},{"type":"Feature","geometry":{"type":"Point","coordinates":[20.690741,52.012975]},"properties":{"name":"Kaleń Staw","lines":"31, 32","arr":["31","32"],"terminus":0,"mode":"bus","color":"#0059a9","colorDark":"#00294f","angle":71,"snapDist":3,"label":1}},{"type":"Feature","geometry":{"type":"Point","coordinates":[20.688951,52.016162]},"properties":{"name":"Kaleń Główna","lines":"31, 32","arr":["31","32"],"terminus":0,"mode":"bus","color":"#0059a9","colorDark":"#00294f","angle":70.9,"snapDist":3,"label":1}},{"type":"Feature","geometry":{"type":"Point","coordinates":[20.68825,52.021048]},"properties":{"name":"Huta Żabiowolska Główna","lines":"31, 32","arr":["31","32"],"terminus":0,"mode":"bus","color":"#0059a9","colorDark":"#00294f","angle":99.6,"snapDist":2,"label":1}},{"type":"Feature","geometry":{"type":"Point","coordinates":[20.689727,52.026051]},"properties":{"name":"Żabia Wola Osiedlowa","lines":"31, 32","arr":["31","32"],"terminus":0,"mode":"bus","color":"#0059a9","colorDark":"#00294f","angle":100.9,"snapDist":6,"label":1}},{"type":"Feature","geometry":{"type":"Point","coordinates":[20.669126,52.029845]},"properties":{"name":"Józefina Szkoła","lines":"31, 63","arr":["31","63"],"terminus":0,"mode":"bus","color":"#0059a9","colorDark":"#00294f","angle":95.9,"snapDist":6,"label":0}},{"type":"Feature","geometry":{"type":"Point","coordinates":[20.663403,52.036927]},"properties":{"name":"Wycinki Osowskie Zdrojowa","lines":"31","arr":["31"],"terminus":0,"mode":"bus","color":"#0059a9","colorDark":"#00294f","angle":53,"snapDist":4,"label":1}},{"type":"Feature","geometry":{"type":"Point","coordinates":[20.654728,52.043784]},"properties":{"name":"Wycinki Osowskie Międzynarodowa","lines":"31","arr":["31"],"terminus":0,"mode":"bus","color":"#0059a9","colorDark":"#00294f","angle":40.3,"snapDist":4,"label":1}},{"type":"Feature","geometry":{"type":"Point","coordinates":[20.644817,52.049362]},"properties":{"name":"Osowiec Falista","lines":"31, 63","arr":["31","63"],"terminus":0,"mode":"bus","color":"#0059a9","colorDark":"#00294f","angle":57.6,"snapDist":4,"label":1}},{"type":"Feature","geometry":{"type":"Point","coordinates":[20.641402,52.055763]},"properties":{"name":"Osowiec Parkowa","lines":"31, 63","arr":["31","63"],"terminus":0,"mode":"bus","color":"#0059a9","colorDark":"#00294f","angle":79,"snapDist":5,"label":1}},{"type":"Feature","geometry":{"type":"Point","coordinates":[20.639079,52.063999]},"properties":{"name":"Osowiec Zawiła","lines":"31, 63","arr":["31","63"],"terminus":0,"mode":"bus","color":"#0059a9","colorDark":"#00294f","angle":86.6,"snapDist":3,"label":1}},{"type":"Feature","geometry":{"type":"Point","coordinates":[20.639151,52.063205]},"properties":{"name":"Osowiec Zawiła","lines":"31, 63","arr":["31","63"],"terminus":0,"mode":"bus","color":"#0059a9","colorDark":"#00294f","angle":266.8,"snapDist":4,"label":0}},{"type":"Feature","geometry":{"type":"Point","coordinates":[20.64168,52.054758]},"properties":{"name":"Osowiec Parkowa","lines":"31, 63","arr":["31","63"],"terminus":0,"mode":"bus","color":"#0059a9","colorDark":"#00294f","angle":262.3,"snapDist":4,"label":0}},{"type":"Feature","geometry":{"type":"Point","coordinates":[20.645786,52.048556]},"properties":{"name":"Osowiec Falista","lines":"31, 63","arr":["31","63"],"terminus":0,"mode":"bus","color":"#0059a9","colorDark":"#00294f","angle":228.7,"snapDist":5,"label":0}},{"type":"Feature","geometry":{"type":"Point","coordinates":[20.6534,52.044477]},"properties":{"name":"Wycinki Osowskie Międzynarodowa","lines":"31","arr":["31"],"terminus":0,"mode":"bus","color":"#0059a9","colorDark":"#00294f","angle":220.6,"snapDist":3,"label":0}},{"type":"Feature","geometry":{"type":"Point","coordinates":[20.662633,52.037488]},"properties":{"name":"Wycinki Osowskie Zdrojowa","lines":"31","arr":["31"],"terminus":0,"mode":"bus","color":"#0059a9","colorDark":"#00294f","angle":227.6,"snapDist":5,"label":0}},{"type":"Feature","geometry":{"type":"Point","coordinates":[20.691087,52.030685]},"properties":{"name":"Żabia Wola Urząd Gminy","lines":"31, 32, 51, 52","arr":["31","32","51","52"],"terminus":1,"mode":"bus","color":"#0059a9","colorDark":"#00294f","angle":280.7,"snapDist":6,"label":0}},{"type":"Feature","geometry":{"type":"Point","coordinates":[20.689717,52.026021]},"properties":{"name":"Żabia Wola Osiedlowa","lines":"31, 32, 51","arr":["31","32","51"],"terminus":0,"mode":"bus","color":"#0059a9","colorDark":"#00294f","angle":280.6,"snapDist":5,"label":0}},{"type":"Feature","geometry":{"type":"Point","coordinates":[20.688117,52.020561]},"properties":{"name":"Huta Żabiowolska Główna","lines":"31, 32","arr":["31","32"],"terminus":0,"mode":"bus","color":"#0059a9","colorDark":"#00294f","angle":279.5,"snapDist":3,"label":0}},{"type":"Feature","geometry":{"type":"Point","coordinates":[20.688474,52.017015]},"properties":{"name":"Kaleń Główna","lines":"31, 32","arr":["31","32"],"terminus":0,"mode":"bus","color":"#0059a9","colorDark":"#00294f","angle":251,"snapDist":3,"label":0}},{"type":"Feature","geometry":{"type":"Point","coordinates":[20.690965,52.012574]},"properties":{"name":"Kaleń Staw","lines":"31, 32","arr":["31","32"],"terminus":0,"mode":"bus","color":"#0059a9","colorDark":"#00294f","angle":251,"snapDist":6,"label":0}},{"type":"Feature","geometry":{"type":"Point","coordinates":[20.69334,52.009735]},"properties":{"name":"Kaleń Magnolii","lines":"31, 32","arr":["31","32"],"terminus":0,"mode":"bus","color":"#0059a9","colorDark":"#00294f","angle":241.6,"snapDist":7,"label":0}},{"type":"Feature","geometry":{"type":"Point","coordinates":[20.688724,52.007414]},"properties":{"name":"Kaleń Agawy","lines":"31","arr":["31"],"terminus":0,"mode":"bus","color":"#0059a9","colorDark":"#00294f","angle":325.7,"snapDist":8,"label":0}},{"type":"Feature","geometry":{"type":"Point","coordinates":[20.681852,52.005921]},"properties":{"name":"Kaleń Wspólna","lines":"31","arr":["31"],"terminus":0,"mode":"bus","color":"#0059a9","colorDark":"#00294f","angle":346.3,"snapDist":5,"label":0}},{"type":"Feature","geometry":{"type":"Point","coordinates":[20.67158,51.999491]},"properties":{"name":"Ciepłe","lines":"31","arr":["31"],"terminus":0,"mode":"bus","color":"#0059a9","colorDark":"#00294f","angle":299.9,"snapDist":4,"label":0}},{"type":"Feature","geometry":{"type":"Point","coordinates":[20.664459,51.992873]},"properties":{"name":"Skuły Mszczonowska","lines":"31","arr":["31"],"terminus":0,"mode":"bus","color":"#0059a9","colorDark":"#00294f","angle":296.3,"snapDist":3,"label":0}},{"type":"Feature","geometry":{"type":"Point","coordinates":[20.661094,51.988759]},"properties":{"name":"Skuły Okrężna","lines":"31","arr":["31"],"terminus":0,"mode":"bus","color":"#0059a9","colorDark":"#00294f","angle":299.2,"snapDist":1,"label":0}},{"type":"Feature","geometry":{"type":"Point","coordinates":[20.657524,51.983541]},"properties":{"name":"Skuły Szkoła","lines":"31","arr":["31"],"terminus":0,"mode":"bus","color":"#0059a9","colorDark":"#00294f","angle":289,"snapDist":5,"label":0}},{"type":"Feature","geometry":{"type":"Point","coordinates":[20.658159,51.975456]},"properties":{"name":"Bartoszówka Pogodna","lines":"31","arr":["31"],"terminus":0,"mode":"bus","color":"#0059a9","colorDark":"#00294f","angle":276.6,"snapDist":5,"label":0}},{"type":"Feature","geometry":{"type":"Point","coordinates":[20.655635,51.971047]},"properties":{"name":"Bartoszówka Iskry","lines":"31","arr":["31"],"terminus":0,"mode":"bus","color":"#0059a9","colorDark":"#00294f","angle":292.6,"snapDist":6,"label":0}},{"type":"Feature","geometry":{"type":"Point","coordinates":[20.649932,51.966365]},"properties":{"name":"Piotrkowice","lines":"31","arr":["31"],"terminus":0,"mode":"bus","color":"#0059a9","colorDark":"#00294f","angle":337.4,"snapDist":7,"label":0}},{"type":"Feature","geometry":{"type":"Point","coordinates":[20.64205,51.960936]},"properties":{"name":"Piotrkowice PKP","lines":"31","arr":["31"],"terminus":0,"mode":"bus","color":"#0059a9","colorDark":"#00294f","angle":294.3,"snapDist":3,"label":0}},{"type":"Feature","geometry":{"type":"Point","coordinates":[20.636474,51.953202]},"properties":{"name":"Lasek Słoneczna","lines":"31","arr":["31"],"terminus":0,"mode":"bus","color":"#0059a9","colorDark":"#00294f","angle":287.9,"snapDist":4,"label":0}},{"type":"Feature","geometry":{"type":"Point","coordinates":[20.636055,51.950299]},"properties":{"name":"Lasek Główna","lines":"31","arr":["31"],"terminus":0,"mode":"bus","color":"#0059a9","colorDark":"#00294f","angle":206.4,"snapDist":1,"label":0}},{"type":"Feature","geometry":{"type":"Point","coordinates":[20.65247,51.948125]},"properties":{"name":"Petrykozy Źródlana","lines":"31","arr":["31"],"terminus":0,"mode":"bus","color":"#0059a9","colorDark":"#00294f","angle":191.3,"snapDist":3,"label":0}},{"type":"Feature","geometry":{"type":"Point","coordinates":[20.632462,51.933884]},"properties":{"name":"Petrykozy Mszczonowska","lines":"31","arr":["31"],"terminus":0,"mode":"bus","color":"#0059a9","colorDark":"#00294f","angle":99.1,"snapDist":8,"label":1}},{"type":"Feature","geometry":{"type":"Point","coordinates":[20.625936,51.925045]},"properties":{"name":"Lutkówka Szkoła","lines":"31","arr":["31"],"terminus":1,"mode":"bus","color":"#0059a9","colorDark":"#00294f","angle":61.3,"snapDist":7,"label":1}},{"type":"Feature","geometry":{"type":"Point","coordinates":[20.625184,52.110375]},"properties":{"name":"Grodzisk Maz. Dw. PKP","lines":"31","arr":["31"],"terminus":0,"mode":"bus","color":"#0059a9","colorDark":"#00294f","angle":152.2,"snapDist":6,"label":0}},{"type":"Feature","geometry":{"type":"Point","coordinates":[20.703052,52.010986]},"properties":{"name":"Lisówek","lines":"32","arr":["32"],"terminus":0,"mode":"bus","color":"#0059a9","colorDark":"#00294f","angle":169.6,"snapDist":3,"label":1}},{"type":"Feature","geometry":{"type":"Point","coordinates":[20.710113,52.01222]},"properties":{"name":"Kaleń-Towarzystwo","lines":"32","arr":["32"],"terminus":0,"mode":"bus","color":"#0059a9","colorDark":"#00294f","angle":166.8,"snapDist":3,"label":1}},{"type":"Feature","geometry":{"type":"Point","coordinates":[20.718903,52.012515]},"properties":{"name":"Ojrzanów-Towarzystwo","lines":"32","arr":["32"],"terminus":0,"mode":"bus","color":"#0059a9","colorDark":"#00294f","angle":161,"snapDist":4,"label":1}},{"type":"Feature","geometry":{"type":"Point","coordinates":[20.728302,52.014566]},"properties":{"name":"Żelechów Długa","lines":"32","arr":["32"],"terminus":0,"mode":"bus","color":"#0059a9","colorDark":"#00294f","angle":151.9,"snapDist":5,"label":1}},{"type":"Feature","geometry":{"type":"Point","coordinates":[20.734783,52.010826]},"properties":{"name":"Ojrzanów Szkoła","lines":"32, 33, 52","arr":["32","33","52"],"terminus":1,"mode":"bus","color":"#0059a9","colorDark":"#00294f","angle":208,"snapDist":4,"label":1}},{"type":"Feature","geometry":{"type":"Point","coordinates":[20.735692,52.005273]},"properties":{"name":"Zaręby Kasztanowa","lines":"32","arr":["32"],"terminus":0,"mode":"bus","color":"#0059a9","colorDark":"#00294f","angle":265.2,"snapDist":4,"label":1}},{"type":"Feature","geometry":{"type":"Point","coordinates":[20.733427,51.999067]},"properties":{"name":"Zaręby Zięby","lines":"32","arr":["32"],"terminus":0,"mode":"bus","color":"#0059a9","colorDark":"#00294f","angle":295.6,"snapDist":2,"label":1}},{"type":"Feature","geometry":{"type":"Point","coordinates":[20.734248,51.99623]},"properties":{"name":"Zaręby Słowika","lines":"32","arr":["32"],"terminus":0,"mode":"bus","color":"#0059a9","colorDark":"#00294f","angle":50.2,"snapDist":3,"label":1}},{"type":"Feature","geometry":{"type":"Point","coordinates":[20.742912,51.991351]},"properties":{"name":"Zaręby Sójki","lines":"32","arr":["32"],"terminus":0,"mode":"bus","color":"#0059a9","colorDark":"#00294f","angle":222.7,"snapDist":3,"label":1}},{"type":"Feature","geometry":{"type":"Point","coordinates":[20.747373,51.989248]},"properties":{"name":"Zaręby Suchodolska","lines":"32","arr":["32"],"terminus":0,"mode":"bus","color":"#0059a9","colorDark":"#00294f","angle":127.6,"snapDist":0,"label":1}},{"type":"Feature","geometry":{"type":"Point","coordinates":[20.748358,51.993459]},"properties":{"name":"Zaręby Stajnia","lines":"32","arr":["32"],"terminus":0,"mode":"bus","color":"#0059a9","colorDark":"#00294f","angle":35.9,"snapDist":4,"label":1}},{"type":"Feature","geometry":{"type":"Point","coordinates":[20.74498,51.994952]},"properties":{"name":"Zaręby Szczygła","lines":"32","arr":["32"],"terminus":0,"mode":"bus","color":"#0059a9","colorDark":"#00294f","angle":37,"snapDist":4,"label":1}},{"type":"Feature","geometry":{"type":"Point","coordinates":[20.750051,52.001284]},"properties":{"name":"Ojrzanów Kresowa","lines":"32","arr":["32"],"terminus":0,"mode":"bus","color":"#0059a9","colorDark":"#00294f","angle":117.4,"snapDist":5,"label":1}},{"type":"Feature","geometry":{"type":"Point","coordinates":[20.745627,52.003929]},"properties":{"name":"Ojrzanów Przygody","lines":"32","arr":["32"],"terminus":0,"mode":"bus","color":"#0059a9","colorDark":"#00294f","angle":42.4,"snapDist":5,"label":1}},{"type":"Feature","geometry":{"type":"Point","coordinates":[20.739318,52.007373]},"properties":{"name":"Ojrzanów Obłoczka","lines":"32","arr":["32"],"terminus":0,"mode":"bus","color":"#0059a9","colorDark":"#00294f","angle":42,"snapDist":7,"label":1}},{"type":"Feature","geometry":{"type":"Point","coordinates":[20.7353,52.010673]},"properties":{"name":"Ojrzanów Szkoła","lines":"32, 33","arr":["32","33"],"terminus":0,"mode":"bus","color":"#0059a9","colorDark":"#00294f","angle":24.4,"snapDist":5,"label":0}},{"type":"Feature","geometry":{"type":"Point","coordinates":[20.729893,52.016632]},"properties":{"name":"Żelechów Kościół","lines":"32, 33, 52","arr":["32","33","52"],"terminus":0,"mode":"bus","color":"#0059a9","colorDark":"#00294f","angle":73.9,"snapDist":6,"label":1}},{"type":"Feature","geometry":{"type":"Point","coordinates":[20.729752,52.023445]},"properties":{"name":"Żelechów Jana Matejki","lines":"32, 52","arr":["32","52"],"terminus":0,"mode":"bus","color":"#0059a9","colorDark":"#00294f","angle":80.5,"snapDist":9,"label":1}},{"type":"Feature","geometry":{"type":"Point","coordinates":[20.728856,52.033434]},"properties":{"name":"Żelechów Żużlowa","lines":"32, 52","arr":["32","52"],"terminus":0,"mode":"bus","color":"#0059a9","colorDark":"#00294f","angle":101.8,"snapDist":9,"label":1}},{"type":"Feature","geometry":{"type":"Point","coordinates":[20.7266,52.039143]},"properties":{"name":"Żelechów Wspólna","lines":"32, 52","arr":["32","52"],"terminus":0,"mode":"bus","color":"#0059a9","colorDark":"#00294f","angle":60,"snapDist":4,"label":1}},{"type":"Feature","geometry":{"type":"Point","coordinates":[20.723545,52.042502]},"properties":{"name":"Żelechów Sosnowa","lines":"32, 52","arr":["32","52"],"terminus":0,"mode":"bus","color":"#0059a9","colorDark":"#00294f","angle":61.3,"snapDist":8,"label":1}},{"type":"Feature","geometry":{"type":"Point","coordinates":[20.726311,52.054969]},"properties":{"name":"Siestrzeń Rozalińska","lines":"32, 33, 51, 63, 83","arr":["32","33","51","63","83"],"terminus":1,"mode":"bus","color":"#0059a9","colorDark":"#00294f","angle":141.4,"snapDist":10,"label":1}},{"type":"Feature","geometry":{"type":"Point","coordinates":[20.725223,52.054485]},"properties":{"name":"Siestrzeń Rozalińska","lines":"32, 33, 51, 63","arr":["32","33","51","63"],"terminus":1,"mode":"bus","color":"#0059a9","colorDark":"#00294f","angle":12.6,"snapDist":4,"label":0}},{"type":"Feature","geometry":{"type":"Point","coordinates":[20.721495,52.054997]},"properties":{"name":"Siestrzeń Grodziska","lines":"32, 33, 51","arr":["32","33","51"],"terminus":0,"mode":"bus","color":"#0059a9","colorDark":"#00294f","angle":-167.4,"snapDist":4,"label":1}},{"type":"Feature","geometry":{"type":"Point","coordinates":[20.710213,52.062367]},"properties":{"name":"Marynin Grochowa","lines":"32, 33","arr":["32","33"],"terminus":0,"mode":"bus","color":"#0059a9","colorDark":"#00294f","angle":57.8,"snapDist":9,"label":1}},{"type":"Feature","geometry":{"type":"Point","coordinates":[20.706226,52.066279]},"properties":{"name":"Marynin Strzelecka","lines":"32, 33","arr":["32","33"],"terminus":0,"mode":"bus","color":"#0059a9","colorDark":"#00294f","angle":57.9,"snapDist":8,"label":1}},{"type":"Feature","geometry":{"type":"Point","coordinates":[20.642622,52.100452]},"properties":{"name":"Grodzisk Maz. Wioślarska","lines":"32, 33, 34","arr":["32","33","34"],"terminus":0,"mode":"bus","color":"#0059a9","colorDark":"#00294f","angle":32.7,"snapDist":6,"label":1}},{"type":"Feature","geometry":{"type":"Point","coordinates":[20.636383,52.10359]},"properties":{"name":"Grodzisk Maz. Nadarzyńska WKD","lines":"32, 33, 34","arr":["32","33","34"],"terminus":0,"mode":"bus","color":"#0059a9","colorDark":"#00294f","angle":45.9,"snapDist":4,"label":1}},{"type":"Feature","geometry":{"type":"Point","coordinates":[20.628664,52.103235]},"properties":{"name":"Grodzisk Maz. Sienkiewicza","lines":"32, 33, 34, C1","arr":["32","33","34","C1"],"terminus":0,"mode":"bus","color":"#0059a9","colorDark":"#00294f","angle":192.5,"snapDist":6,"label":1}},{"type":"Feature","geometry":{"type":"Point","coordinates":[20.638059,52.102513]},"properties":{"name":"Grodzisk Maz. Nadarzyńska WKD","lines":"32, 33, 34","arr":["32","33","34"],"terminus":0,"mode":"bus","color":"#0059a9","colorDark":"#00294f","angle":221.3,"snapDist":4,"label":0}},{"type":"Feature","geometry":{"type":"Point","coordinates":[20.700009,52.071913]},"properties":{"name":"Książenice Osiedle","lines":"32, 33, 35","arr":["32","33","35"],"terminus":0,"mode":"bus","color":"#0059a9","colorDark":"#00294f","angle":233.2,"snapDist":6,"label":0}},{"type":"Feature","geometry":{"type":"Point","coordinates":[20.706717,52.065798]},"properties":{"name":"Marynin Strzelecka","lines":"32, 33","arr":["32","33"],"terminus":0,"mode":"bus","color":"#0059a9","colorDark":"#00294f","angle":237.9,"snapDist":7,"label":0}},{"type":"Feature","geometry":{"type":"Point","coordinates":[20.710836,52.061778]},"properties":{"name":"Marynin Grochowa","lines":"32, 33","arr":["32","33"],"terminus":0,"mode":"bus","color":"#0059a9","colorDark":"#00294f","angle":236.1,"snapDist":8,"label":0}},{"type":"Feature","geometry":{"type":"Point","coordinates":[20.724454,52.041488]},"properties":{"name":"Żelechów Sosnowa","lines":"32, 52, 83","arr":["32","52","83"],"terminus":0,"mode":"bus","color":"#0059a9","colorDark":"#00294f","angle":241.3,"snapDist":5,"label":0}},{"type":"Feature","geometry":{"type":"Point","coordinates":[20.727367,52.038327]},"properties":{"name":"Żelechów Wspólna","lines":"32, 52, 83","arr":["32","52","83"],"terminus":0,"mode":"bus","color":"#0059a9","colorDark":"#00294f","angle":240.1,"snapDist":3,"label":0}},{"type":"Feature","geometry":{"type":"Point","coordinates":[20.728606,52.032728]},"properties":{"name":"Żelechów Żużlowa","lines":"32, 52, 83","arr":["32","52","83"],"terminus":0,"mode":"bus","color":"#0059a9","colorDark":"#00294f","angle":283,"snapDist":4,"label":0}},{"type":"Feature","geometry":{"type":"Point","coordinates":[20.729977,52.022619]},"properties":{"name":"Żelechów Jana Matejki","lines":"32, 52, 83","arr":["32","52","83"],"terminus":0,"mode":"bus","color":"#0059a9","colorDark":"#00294f","angle":260.6,"snapDist":5,"label":0}},{"type":"Feature","geometry":{"type":"Point","coordinates":[20.730673,52.019519]},"properties":{"name":"Żelechów Krakowiańska","lines":"32, 33, 52","arr":["32","33","52"],"terminus":0,"mode":"bus","color":"#0059a9","colorDark":"#00294f","angle":262,"snapDist":4,"label":1}},{"type":"Feature","geometry":{"type":"Point","coordinates":[20.729879,52.016661]},"properties":{"name":"Żelechów Kościół","lines":"32, 33, 52","arr":["32","33","52"],"terminus":0,"mode":"bus","color":"#0059a9","colorDark":"#00294f","angle":253.9,"snapDist":5,"label":0}},{"type":"Feature","geometry":{"type":"Point","coordinates":[20.727499,52.014363]},"properties":{"name":"Żelechów Długa","lines":"32","arr":["32"],"terminus":0,"mode":"bus","color":"#0059a9","colorDark":"#00294f","angle":340.6,"snapDist":4,"label":0}},{"type":"Feature","geometry":{"type":"Point","coordinates":[20.71573,52.012191]},"properties":{"name":"Ojrzanów-Towarzystwo","lines":"32","arr":["32"],"terminus":0,"mode":"bus","color":"#0059a9","colorDark":"#00294f","angle":356.8,"snapDist":5,"label":0}},{"type":"Feature","geometry":{"type":"Point","coordinates":[20.709959,52.012197]},"properties":{"name":"Kaleń-Towarzystwo","lines":"32","arr":["32"],"terminus":0,"mode":"bus","color":"#0059a9","colorDark":"#00294f","angle":346.8,"snapDist":4,"label":0}},{"type":"Feature","geometry":{"type":"Point","coordinates":[20.701442,52.010834]},"properties":{"name":"Lisówek","lines":"32","arr":["32"],"terminus":0,"mode":"bus","color":"#0059a9","colorDark":"#00294f","angle":351.5,"snapDist":3,"label":0}},{"type":"Feature","geometry":{"type":"Point","coordinates":[20.769196,52.005118]},"properties":{"name":"Ojrzanów Przyleśna","lines":"33","arr":["33"],"terminus":1,"mode":"bus","color":"#0059a9","colorDark":"#00294f","angle":11.8,"snapDist":6,"label":1}},{"type":"Feature","geometry":{"type":"Point","coordinates":[20.761693,52.006042]},"properties":{"name":"Ojrzanów Tarczyńska","lines":"33","arr":["33"],"terminus":0,"mode":"bus","color":"#0059a9","colorDark":"#00294f","angle":11.1,"snapDist":5,"label":1}},{"type":"Feature","geometry":{"type":"Point","coordinates":[20.75639,52.007368]},"properties":{"name":"Ojrzanów Sosnowa","lines":"33","arr":["33"],"terminus":0,"mode":"bus","color":"#0059a9","colorDark":"#00294f","angle":28.9,"snapDist":4,"label":1}},{"type":"Feature","geometry":{"type":"Point","coordinates":[20.744064,52.0103]},"properties":{"name":"Ojrzanów Akacjowa","lines":"33","arr":["33"],"terminus":0,"mode":"bus","color":"#0059a9","colorDark":"#00294f","angle":1,"snapDist":5,"label":1}},{"type":"Feature","geometry":{"type":"Point","coordinates":[20.732246,52.020135]},"properties":{"name":"Żelechów Krakowiańska","lines":"33, 52","arr":["33","52"],"terminus":0,"mode":"bus","color":"#0059a9","colorDark":"#00294f","angle":180.3,"snapDist":6,"label":0}},{"type":"Feature","geometry":{"type":"Point","coordinates":[20.736207,52.020105]},"properties":{"name":"Żelechów Polna","lines":"33, 52","arr":["33","52"],"terminus":0,"mode":"bus","color":"#0059a9","colorDark":"#00294f","angle":180.6,"snapDist":4,"label":1}},{"type":"Feature","geometry":{"type":"Point","coordinates":[20.747057,52.020004]},"properties":{"name":"Żelechów Gościnna","lines":"33, 52","arr":["33","52"],"terminus":0,"mode":"bus","color":"#0059a9","colorDark":"#00294f","angle":181.5,"snapDist":4,"label":1}},{"type":"Feature","geometry":{"type":"Point","coordinates":[20.755089,52.02004]},"properties":{"name":"Żelechów Do Utraty","lines":"33, 52","arr":["33","52"],"terminus":0,"mode":"bus","color":"#0059a9","colorDark":"#00294f","angle":169.5,"snapDist":3,"label":1}},{"type":"Feature","geometry":{"type":"Point","coordinates":[20.751567,52.027122]},"properties":{"name":"Żelechów Prosta","lines":"33, 52","arr":["33","52"],"terminus":0,"mode":"bus","color":"#0059a9","colorDark":"#00294f","angle":71.3,"snapDist":5,"label":1}},{"type":"Feature","geometry":{"type":"Point","coordinates":[20.749603,52.029315]},"properties":{"name":"Żelechów Malinowa","lines":"33, 52","arr":["33","52"],"terminus":0,"mode":"bus","color":"#0059a9","colorDark":"#00294f","angle":65,"snapDist":4,"label":1}},{"type":"Feature","geometry":{"type":"Point","coordinates":[20.743514,52.035912]},"properties":{"name":"Żelechów Biesiadna","lines":"33, 52","arr":["33","52"],"terminus":0,"mode":"bus","color":"#0059a9","colorDark":"#00294f","angle":62.4,"snapDist":3,"label":1}},{"type":"Feature","geometry":{"type":"Point","coordinates":[20.741473,52.039001]},"properties":{"name":"Żelechów Limby","lines":"33, 52","arr":["33","52"],"terminus":0,"mode":"bus","color":"#0059a9","colorDark":"#00294f","angle":57.8,"snapDist":7,"label":1}},{"type":"Feature","geometry":{"type":"Point","coordinates":[20.734596,52.041781]},"properties":{"name":"Żelechów Brzozowa","lines":"33, 52","arr":["33","52"],"terminus":0,"mode":"bus","color":"#0059a9","colorDark":"#00294f","angle":28.2,"snapDist":4,"label":1}},{"type":"Feature","geometry":{"type":"Point","coordinates":[20.723558,52.043148]},"properties":{"name":"Żelechów Nad Lasem","lines":"33, 52","arr":["33","52"],"terminus":0,"mode":"bus","color":"#0059a9","colorDark":"#00294f","angle":333.3,"snapDist":3,"label":1}},{"type":"Feature","geometry":{"type":"Point","coordinates":[20.724138,52.043301]},"properties":{"name":"Żelechów Nad Lasem","lines":"33, 52","arr":["33","52"],"terminus":0,"mode":"bus","color":"#0059a9","colorDark":"#00294f","angle":158.7,"snapDist":4,"label":0}},{"type":"Feature","geometry":{"type":"Point","coordinates":[20.73542,52.041497]},"properties":{"name":"Żelechów Brzozowa","lines":"33, 52","arr":["33","52"],"terminus":0,"mode":"bus","color":"#0059a9","colorDark":"#00294f","angle":211,"snapDist":6,"label":0}},{"type":"Feature","geometry":{"type":"Point","coordinates":[20.741786,52.038689]},"properties":{"name":"Żelechów Limby","lines":"33, 52","arr":["33","52"],"terminus":0,"mode":"bus","color":"#0059a9","colorDark":"#00294f","angle":238.6,"snapDist":1,"label":0}},{"type":"Feature","geometry":{"type":"Point","coordinates":[20.743889,52.035488]},"properties":{"name":"Żelechów Biesiadna","lines":"33, 52","arr":["33","52"],"terminus":0,"mode":"bus","color":"#0059a9","colorDark":"#00294f","angle":240.8,"snapDist":3,"label":0}},{"type":"Feature","geometry":{"type":"Point","coordinates":[20.749936,52.028887]},"properties":{"name":"Żelechów Malinowa","lines":"33, 52","arr":["33","52"],"terminus":0,"mode":"bus","color":"#0059a9","colorDark":"#00294f","angle":241.7,"snapDist":2,"label":0}},{"type":"Feature","geometry":{"type":"Point","coordinates":[20.751685,52.026905]},"properties":{"name":"Żelechów Prosta","lines":"33, 52","arr":["33","52"],"terminus":0,"mode":"bus","color":"#0059a9","colorDark":"#00294f","angle":71.6,"snapDist":2,"label":0}},{"type":"Feature","geometry":{"type":"Point","coordinates":[20.753519,52.019935]},"properties":{"name":"Żelechów Do Utraty","lines":"33, 52","arr":["33","52"],"terminus":0,"mode":"bus","color":"#0059a9","colorDark":"#00294f","angle":2.6,"snapDist":4,"label":0}},{"type":"Feature","geometry":{"type":"Point","coordinates":[20.746188,52.020018]},"properties":{"name":"Żelechów Gościnna","lines":"33, 52","arr":["33","52"],"terminus":0,"mode":"bus","color":"#0059a9","colorDark":"#00294f","angle":1.2,"snapDist":3,"label":0}},{"type":"Feature","geometry":{"type":"Point","coordinates":[20.735362,52.020115]},"properties":{"name":"Żelechów Polna","lines":"33, 52","arr":["33","52"],"terminus":0,"mode":"bus","color":"#0059a9","colorDark":"#00294f","angle":0.6,"snapDist":3,"label":0}},{"type":"Feature","geometry":{"type":"Point","coordinates":[20.74534,52.010284]},"properties":{"name":"Ojrzanów Akacjowa","lines":"33","arr":["33"],"terminus":0,"mode":"bus","color":"#0059a9","colorDark":"#00294f","angle":182.3,"snapDist":4,"label":0}},{"type":"Feature","geometry":{"type":"Point","coordinates":[20.752235,52.009315]},"properties":{"name":"Ojrzanów Sezamkowa","lines":"33","arr":["33"],"terminus":0,"mode":"bus","color":"#0059a9","colorDark":"#00294f","angle":219,"snapDist":8,"label":1}},{"type":"Feature","geometry":{"type":"Point","coordinates":[20.756804,52.00723]},"properties":{"name":"Ojrzanów Sosnowa","lines":"33","arr":["33"],"terminus":0,"mode":"bus","color":"#0059a9","colorDark":"#00294f","angle":208.3,"snapDist":8,"label":0}},{"type":"Feature","geometry":{"type":"Point","coordinates":[20.761947,52.006128]},"properties":{"name":"Ojrzanów Tarczyńska","lines":"33","arr":["33"],"terminus":0,"mode":"bus","color":"#0059a9","colorDark":"#00294f","angle":158.4,"snapDist":1,"label":0}},{"type":"Feature","geometry":{"type":"Point","coordinates":[20.769037,52.005137]},"properties":{"name":"Ojrzanów Przyleśna","lines":"33","arr":["33"],"terminus":1,"mode":"bus","color":"#0059a9","colorDark":"#00294f","angle":190.8,"snapDist":4,"label":0}},{"type":"Feature","geometry":{"type":"Point","coordinates":[20.647933,52.093468]},"properties":{"name":"Grodzisk Maz. Szczęsna","lines":"34","arr":["34"],"terminus":0,"mode":"bus","color":"#0059a9","colorDark":"#00294f","angle":257.1,"snapDist":3,"label":1}},{"type":"Feature","geometry":{"type":"Point","coordinates":[20.649302,52.090293]},"properties":{"name":"Grodzisk Maz. Wileńska","lines":"34","arr":["34"],"terminus":0,"mode":"bus","color":"#0059a9","colorDark":"#00294f","angle":249.6,"snapDist":3,"label":1}},{"type":"Feature","geometry":{"type":"Point","coordinates":[20.651859,52.087386]},"properties":{"name":"Szczęsne Łagodna","lines":"34, 50","arr":["34","50"],"terminus":0,"mode":"bus","color":"#0059a9","colorDark":"#00294f","angle":242.3,"snapDist":3,"label":1}},{"type":"Feature","geometry":{"type":"Point","coordinates":[20.654629,52.090571]},"properties":{"name":"Grodzisk Maz. Prosta","lines":"34, 50","arr":["34","50"],"terminus":0,"mode":"bus","color":"#0059a9","colorDark":"#00294f","angle":326,"snapDist":4,"label":1}},{"type":"Feature","geometry":{"type":"Point","coordinates":[20.64899,52.090805]},"properties":{"name":"Grodzisk Maz. Wileńska","lines":"34","arr":["34"],"terminus":0,"mode":"bus","color":"#0059a9","colorDark":"#00294f","angle":72.5,"snapDist":5,"label":0}},{"type":"Feature","geometry":{"type":"Point","coordinates":[20.647812,52.093772]},"properties":{"name":"Grodzisk Maz. Szczęsna","lines":"34","arr":["34"],"terminus":0,"mode":"bus","color":"#0059a9","colorDark":"#00294f","angle":74.2,"snapDist":5,"label":0}},{"type":"Feature","geometry":{"type":"Point","coordinates":[20.695878,52.071818]},"properties":{"name":"Książenice Szkoła","lines":"35","arr":["35"],"terminus":1,"mode":"bus","color":"#0059a9","colorDark":"#00294f","angle":346.5,"snapDist":7,"label":1}},{"type":"Feature","geometry":{"type":"Point","coordinates":[20.706079,52.085556]},"properties":{"name":"Książenice Dębowa","lines":"35","arr":["35"],"terminus":0,"mode":"bus","color":"#0059a9","colorDark":"#00294f","angle":25.4,"snapDist":5,"label":1}},{"type":"Feature","geometry":{"type":"Point","coordinates":[20.707463,52.093711]},"properties":{"name":"Owczarnia Książenicka / Cykady","lines":"35, 55","arr":["35","55"],"terminus":0,"mode":"bus","color":"#0059a9","colorDark":"#00294f","angle":72.6,"snapDist":1,"label":1}},{"type":"Feature","geometry":{"type":"Point","coordinates":[20.705133,52.100043]},"properties":{"name":"Owczarnia Książenicka / Mała","lines":"35, 55","arr":["35","55"],"terminus":0,"mode":"bus","color":"#0059a9","colorDark":"#00294f","angle":90.4,"snapDist":3,"label":1}},{"type":"Feature","geometry":{"type":"Point","coordinates":[20.704769,52.10445]},"properties":{"name":"Owczarnia Książenicka / Cyprysowa","lines":"35, 55","arr":["35","55"],"terminus":0,"mode":"bus","color":"#0059a9","colorDark":"#00294f","angle":90.2,"snapDist":3,"label":1}},{"type":"Feature","geometry":{"type":"Point","coordinates":[20.704729,52.109936]},"properties":{"name":"Owczarnia Książenicka / Kazimierzowska","lines":"35, 55","arr":["35","55"],"terminus":0,"mode":"bus","color":"#0059a9","colorDark":"#00294f","angle":89.7,"snapDist":2,"label":1}},{"type":"Feature","geometry":{"type":"Point","coordinates":[20.710959,52.114085]},"properties":{"name":"Owczarnia Żółwińska / Kazimierzowska","lines":"35, 55","arr":["35","55"],"terminus":0,"mode":"bus","color":"#0059a9","colorDark":"#00294f","angle":60.1,"snapDist":4,"label":0}},{"type":"Feature","geometry":{"type":"Point","coordinates":[20.706639,52.118444]},"properties":{"name":"Owczarnia Żółwińska / Grodziska","lines":"35, 55","arr":["35","55"],"terminus":0,"mode":"bus","color":"#0059a9","colorDark":"#00294f","angle":58.5,"snapDist":8,"label":1}},{"type":"Feature","geometry":{"type":"Point","coordinates":[20.702662,52.120798]},"properties":{"name":"Owczarnia Anny Jagiellonki","lines":"35, 55","arr":["35","55"],"terminus":0,"mode":"bus","color":"#0059a9","colorDark":"#00294f","angle":14.8,"snapDist":6,"label":1}},{"type":"Feature","geometry":{"type":"Point","coordinates":[20.699099,52.123986]},"properties":{"name":"Milanówek Brwinowska","lines":"35","arr":["35"],"terminus":0,"mode":"bus","color":"#0059a9","colorDark":"#00294f","angle":111.4,"snapDist":4,"label":1}},{"type":"Feature","geometry":{"type":"Point","coordinates":[20.699061,52.123927]},"properties":{"name":"Milanówek Brwinowska","lines":"35","arr":["35"],"terminus":0,"mode":"bus","color":"#0059a9","colorDark":"#00294f","angle":291.4,"snapDist":3,"label":0}},{"type":"Feature","geometry":{"type":"Point","coordinates":[20.700149,52.121205]},"properties":{"name":"Owczarnia Anny Jagiellonki","lines":"35","arr":["35"],"terminus":0,"mode":"bus","color":"#0059a9","colorDark":"#00294f","angle":194.7,"snapDist":6,"label":0}},{"type":"Feature","geometry":{"type":"Point","coordinates":[20.706653,52.11843]},"properties":{"name":"Owczarnia Żółwińska / Grodziska","lines":"35, 55","arr":["35","55"],"terminus":0,"mode":"bus","color":"#0059a9","colorDark":"#00294f","angle":238.5,"snapDist":1,"label":0}},{"type":"Feature","geometry":{"type":"Point","coordinates":[20.710887,52.114154]},"properties":{"name":"Owczarnia Żółwińska / Kazimierzowska","lines":"35","arr":["35"],"terminus":0,"mode":"bus","color":"#0059a9","colorDark":"#00294f","angle":237.2,"snapDist":3,"label":0}},{"type":"Feature","geometry":{"type":"Point","coordinates":[20.704725,52.110348]},"properties":{"name":"Owczarnia Książenicka / Kazimierzowska","lines":"35, 55","arr":["35","55"],"terminus":0,"mode":"bus","color":"#0059a9","colorDark":"#00294f","angle":269.7,"snapDist":4,"label":0}},{"type":"Feature","geometry":{"type":"Point","coordinates":[20.704767,52.105087]},"properties":{"name":"Owczarnia Książenicka / Cyprysowa","lines":"35, 55","arr":["35","55"],"terminus":0,"mode":"bus","color":"#0059a9","colorDark":"#00294f","angle":269.9,"snapDist":4,"label":0}},{"type":"Feature","geometry":{"type":"Point","coordinates":[20.705169,52.100443]},"properties":{"name":"Owczarnia Książenicka / Mała","lines":"35, 55","arr":["35","55"],"terminus":0,"mode":"bus","color":"#0059a9","colorDark":"#00294f","angle":273.7,"snapDist":4,"label":0}},{"type":"Feature","geometry":{"type":"Point","coordinates":[20.707331,52.093975]},"properties":{"name":"Owczarnia Książenicka / Cykady","lines":"35","arr":["35"],"terminus":0,"mode":"bus","color":"#0059a9","colorDark":"#00294f","angle":253,"snapDist":3,"label":0}},{"type":"Feature","geometry":{"type":"Point","coordinates":[20.705467,52.085733]},"properties":{"name":"Książenice Dębowa","lines":"35","arr":["35"],"terminus":0,"mode":"bus","color":"#0059a9","colorDark":"#00294f","angle":205.3,"snapDist":6,"label":0}},{"type":"Feature","geometry":{"type":"Point","coordinates":[20.616513,52.199509]},"properties":{"name":"Błonie Polna","lines":"40, 42","arr":["40","42"],"terminus":0,"mode":"bus","color":"#0059a9","colorDark":"#00294f","angle":76.9,"snapDist":6,"label":1}},{"type":"Feature","geometry":{"type":"Point","coordinates":[20.614738,52.202996]},"properties":{"name":"Błonie Olymp","lines":"40, 42","arr":["40","42"],"terminus":0,"mode":"bus","color":"#0059a9","colorDark":"#00294f","angle":69.8,"snapDist":6,"label":1}},{"type":"Feature","geometry":{"type":"Point","coordinates":[20.611226,52.207834]},"properties":{"name":"Błonie Batalionów Chłopskich","lines":"40, 42","arr":["40","42"],"terminus":0,"mode":"bus","color":"#0059a9","colorDark":"#00294f","angle":62.7,"snapDist":4,"label":1}},{"type":"Feature","geometry":{"type":"Point","coordinates":[20.608447,52.211095]},"properties":{"name":"Błonie PEKAES","lines":"40, 42","arr":["40","42"],"terminus":0,"mode":"bus","color":"#0059a9","colorDark":"#00294f","angle":60.2,"snapDist":6,"label":1}},{"type":"Feature","geometry":{"type":"Point","coordinates":[20.59733,52.215876]},"properties":{"name":"Białuty przy Utracie","lines":"40","arr":["40"],"terminus":0,"mode":"bus","color":"#0059a9","colorDark":"#00294f","angle":1,"snapDist":5,"label":1}},{"type":"Feature","geometry":{"type":"Point","coordinates":[20.592348,52.223991]},"properties":{"name":"Białuty Zakręt","lines":"40","arr":["40"],"terminus":0,"mode":"bus","color":"#0059a9","colorDark":"#00294f","angle":111.6,"snapDist":10,"label":1}},{"type":"Feature","geometry":{"type":"Point","coordinates":[20.601379,52.224104]},"properties":{"name":"Białuty Modlińska","lines":"40","arr":["40"],"terminus":0,"mode":"bus","color":"#0059a9","colorDark":"#00294f","angle":179.4,"snapDist":3,"label":1}},{"type":"Feature","geometry":{"type":"Point","coordinates":[20.603125,52.224114]},"properties":{"name":"Białuty","lines":"40","arr":["40"],"terminus":0,"mode":"bus","color":"#0059a9","colorDark":"#00294f","angle":180.4,"snapDist":4,"label":1}},{"type":"Feature","geometry":{"type":"Point","coordinates":[20.608422,52.227826]},"properties":{"name":"Białuty Zakład","lines":"40","arr":["40"],"terminus":0,"mode":"bus","color":"#0059a9","colorDark":"#00294f","angle":171.7,"snapDist":2,"label":1}},{"type":"Feature","geometry":{"type":"Point","coordinates":[20.61551,52.228865]},"properties":{"name":"Radzików","lines":"40","arr":["40"],"terminus":0,"mode":"bus","color":"#0059a9","colorDark":"#00294f","angle":158.9,"snapDist":10,"label":1}},{"type":"Feature","geometry":{"type":"Point","coordinates":[20.625203,52.243204]},"properties":{"name":"Białutki","lines":"40","arr":["40"],"terminus":0,"mode":"bus","color":"#0059a9","colorDark":"#00294f","angle":179.1,"snapDist":3,"label":1}},{"type":"Feature","geometry":{"type":"Point","coordinates":[20.643182,52.242977]},"properties":{"name":"Wąsy-Wieś","lines":"40","arr":["40"],"terminus":0,"mode":"bus","color":"#0059a9","colorDark":"#00294f","angle":194.2,"snapDist":5,"label":1}},{"type":"Feature","geometry":{"type":"Point","coordinates":[20.649464,52.225855]},"properties":{"name":"Witki Hurtownia Rolna","lines":"40, 49","arr":["40","49"],"terminus":0,"mode":"bus","color":"#0059a9","colorDark":"#00294f","angle":262.8,"snapDist":5,"label":1}},{"type":"Feature","geometry":{"type":"Point","coordinates":[20.642427,52.227997]},"properties":{"name":"Witki","lines":"40","arr":["40"],"terminus":0,"mode":"bus","color":"#0059a9","colorDark":"#00294f","angle":50.1,"snapDist":5,"label":1}},{"type":"Feature","geometry":{"type":"Point","coordinates":[20.615501,52.228863]},"properties":{"name":"Radzików","lines":"40","arr":["40"],"terminus":0,"mode":"bus","color":"#0059a9","colorDark":"#00294f","angle":158.9,"snapDist":13,"label":0}},{"type":"Feature","geometry":{"type":"Point","coordinates":[20.607487,52.227068]},"properties":{"name":"Białuty Zakład","lines":"40","arr":["40"],"terminus":0,"mode":"bus","color":"#0059a9","colorDark":"#00294f","angle":-86.3,"snapDist":8,"label":0}},{"type":"Feature","geometry":{"type":"Point","coordinates":[20.602731,52.223634]},"properties":{"name":"Białuty","lines":"40, 42","arr":["40","42"],"terminus":0,"mode":"bus","color":"#0059a9","colorDark":"#00294f","angle":253.5,"snapDist":6,"label":0}},{"type":"Feature","geometry":{"type":"Point","coordinates":[20.608306,52.211255]},"properties":{"name":"Błonie PEKAES","lines":"40, 42","arr":["40","42"],"terminus":0,"mode":"bus","color":"#0059a9","colorDark":"#00294f","angle":241.6,"snapDist":4,"label":0}},{"type":"Feature","geometry":{"type":"Point","coordinates":[20.611086,52.208001]},"properties":{"name":"Błonie Batalionów Chłopskich","lines":"40, 42","arr":["40","42"],"terminus":0,"mode":"bus","color":"#0059a9","colorDark":"#00294f","angle":-116.9,"snapDist":6,"label":0}},{"type":"Feature","geometry":{"type":"Point","coordinates":[20.614103,52.204002]},"properties":{"name":"Błonie Olymp","lines":"40, 42","arr":["40","42"],"terminus":0,"mode":"bus","color":"#0059a9","colorDark":"#00294f","angle":-110.2,"snapDist":5,"label":0}},{"type":"Feature","geometry":{"type":"Point","coordinates":[20.616778,52.1989]},"properties":{"name":"Błonie Polna","lines":"40, 42","arr":["40","42"],"terminus":0,"mode":"bus","color":"#0059a9","colorDark":"#00294f","angle":254.4,"snapDist":5,"label":0}},{"type":"Feature","geometry":{"type":"Point","coordinates":[20.453811,52.24217]},"properties":{"name":"Podkampinos Rondo","lines":"41","arr":["41"],"terminus":1,"mode":"bus","color":"#0059a9","colorDark":"#00294f","angle":186.2,"snapDist":8,"label":1}},{"type":"Feature","geometry":{"type":"Point","coordinates":[20.477418,52.242565]},"properties":{"name":"Stelmachowo Trzciniec","lines":"41","arr":["41"],"terminus":0,"mode":"bus","color":"#0059a9","colorDark":"#00294f","angle":175.3,"snapDist":4,"label":1}},{"type":"Feature","geometry":{"type":"Point","coordinates":[20.497251,52.242062]},"properties":{"name":"Gawartowa Wola OSP","lines":"41","arr":["41"],"terminus":0,"mode":"bus","color":"#0059a9","colorDark":"#00294f","angle":195.5,"snapDist":8,"label":1}},{"type":"Feature","geometry":{"type":"Point","coordinates":[20.508222,52.240225]},"properties":{"name":"Gawartowa Wola","lines":"41","arr":["41"],"terminus":0,"mode":"bus","color":"#0059a9","colorDark":"#00294f","angle":196.7,"snapDist":6,"label":1}},{"type":"Feature","geometry":{"type":"Point","coordinates":[20.518275,52.249356]},"properties":{"name":"Czarnów","lines":"41","arr":["41"],"terminus":0,"mode":"bus","color":"#0059a9","colorDark":"#00294f","angle":195.4,"snapDist":4,"label":1}},{"type":"Feature","geometry":{"type":"Point","coordinates":[20.531995,52.247003]},"properties":{"name":"Czarnów OSP / Przedszkole","lines":"41, 43","arr":["41","43"],"terminus":0,"mode":"bus","color":"#0059a9","colorDark":"#00294f","angle":196.8,"snapDist":2,"label":1}},{"type":"Feature","geometry":{"type":"Point","coordinates":[20.545975,52.24453]},"properties":{"name":"Podrochale","lines":"41, 43","arr":["41","43"],"terminus":0,"mode":"bus","color":"#0059a9","colorDark":"#00294f","angle":204.3,"snapDist":5,"label":1}},{"type":"Feature","geometry":{"type":"Point","coordinates":[20.562801,52.250642]},"properties":{"name":"Grądki","lines":"41","arr":["41"],"terminus":0,"mode":"bus","color":"#0059a9","colorDark":"#00294f","angle":150.9,"snapDist":4,"label":1}},{"type":"Feature","geometry":{"type":"Point","coordinates":[20.572969,52.253609]},"properties":{"name":"Leszno Fabryczna Bio Planet","lines":"41","arr":["41"],"terminus":0,"mode":"bus","color":"#0059a9","colorDark":"#00294f","angle":182.1,"snapDist":3,"label":1}},{"type":"Feature","geometry":{"type":"Point","coordinates":[20.584191,52.2528]},"properties":{"name":"Leszno Fabryczna","lines":"41","arr":["41"],"terminus":0,"mode":"bus","color":"#0059a9","colorDark":"#00294f","angle":188.8,"snapDist":5,"label":1}},{"type":"Feature","geometry":{"type":"Point","coordinates":[20.588624,52.252817]},"properties":{"name":"Leszno Błońska","lines":"41, 42","arr":["41","42"],"terminus":0,"mode":"bus","color":"#0059a9","colorDark":"#00294f","angle":109.8,"snapDist":7,"label":1}},{"type":"Feature","geometry":{"type":"Point","coordinates":[20.586358,52.257577]},"properties":{"name":"Leszno","lines":"41, 42, 43, 44, 92, 93","arr":["41","42","43","44","92","93"],"terminus":1,"mode":"bus","color":"#0059a9","colorDark":"#00294f","angle":172.8,"snapDist":7,"label":1}},{"type":"Feature","geometry":{"type":"Point","coordinates":[20.579902,52.258552]},"properties":{"name":"Leszno Miłosza","lines":"41","arr":["41"],"terminus":0,"mode":"bus","color":"#0059a9","colorDark":"#00294f","angle":98.9,"snapDist":5,"label":1}},{"type":"Feature","geometry":{"type":"Point","coordinates":[20.580686,52.261596]},"properties":{"name":"Leszno Tuwima","lines":"41","arr":["41"],"terminus":0,"mode":"bus","color":"#0059a9","colorDark":"#00294f","angle":99.1,"snapDist":5,"label":1}},{"type":"Feature","geometry":{"type":"Point","coordinates":[20.572934,52.264406]},"properties":{"name":"Marianów Al. Grabowa","lines":"41","arr":["41"],"terminus":0,"mode":"bus","color":"#0059a9","colorDark":"#00294f","angle":5.2,"snapDist":2,"label":1}},{"type":"Feature","geometry":{"type":"Point","coordinates":[20.560776,52.264708]},"properties":{"name":"Marianów Kampinoska","lines":"41","arr":["41"],"terminus":0,"mode":"bus","color":"#0059a9","colorDark":"#00294f","angle":359.4,"snapDist":3,"label":1}},{"type":"Feature","geometry":{"type":"Point","coordinates":[20.554698,52.264668]},"properties":{"name":"Marianów Jodłowa","lines":"41","arr":["41"],"terminus":0,"mode":"bus","color":"#0059a9","colorDark":"#00294f","angle":0.2,"snapDist":7,"label":1}},{"type":"Feature","geometry":{"type":"Point","coordinates":[20.563264,52.259286]},"properties":{"name":"Grądy Górna","lines":"41","arr":["41"],"terminus":0,"mode":"bus","color":"#0059a9","colorDark":"#00294f","angle":174.5,"snapDist":5,"label":1}},{"type":"Feature","geometry":{"type":"Point","coordinates":[20.572509,52.259673]},"properties":{"name":"Grądy Podleśna","lines":"41","arr":["41"],"terminus":0,"mode":"bus","color":"#0059a9","colorDark":"#00294f","angle":97.6,"snapDist":6,"label":1}},{"type":"Feature","geometry":{"type":"Point","coordinates":[20.580821,52.262106]},"properties":{"name":"Leszno Tuwima","lines":"41","arr":["41"],"terminus":0,"mode":"bus","color":"#0059a9","colorDark":"#00294f","angle":279.6,"snapDist":4,"label":0}},{"type":"Feature","geometry":{"type":"Point","coordinates":[20.579722,52.257846]},"properties":{"name":"Leszno Miłosza","lines":"41","arr":["41"],"terminus":0,"mode":"bus","color":"#0059a9","colorDark":"#00294f","angle":-81.9,"snapDist":4,"label":0}},{"type":"Feature","geometry":{"type":"Point","coordinates":[20.586965,52.252479]},"properties":{"name":"Leszno Błońska","lines":"41","arr":["41"],"terminus":0,"mode":"bus","color":"#0059a9","colorDark":"#00294f","angle":12.3,"snapDist":7,"label":0}},{"type":"Feature","geometry":{"type":"Point","coordinates":[20.584185,52.252801]},"properties":{"name":"Leszno Fabryczna","lines":"41","arr":["41"],"terminus":0,"mode":"bus","color":"#0059a9","colorDark":"#00294f","angle":8.8,"snapDist":5,"label":0}},{"type":"Feature","geometry":{"type":"Point","coordinates":[20.572127,52.253631]},"properties":{"name":"Leszno Fabryczna Bio Planet","lines":"41","arr":["41"],"terminus":0,"mode":"bus","color":"#0059a9","colorDark":"#00294f","angle":2.9,"snapDist":5,"label":0}},{"type":"Feature","geometry":{"type":"Point","coordinates":[20.562476,52.250531]},"properties":{"name":"Grądki","lines":"41","arr":["41"],"terminus":0,"mode":"bus","color":"#0059a9","colorDark":"#00294f","angle":330.9,"snapDist":3,"label":0}},{"type":"Feature","geometry":{"type":"Point","coordinates":[20.545105,52.244774]},"properties":{"name":"Podrochale","lines":"41, 43","arr":["41","43"],"terminus":0,"mode":"bus","color":"#0059a9","colorDark":"#00294f","angle":23.6,"snapDist":4,"label":0}},{"type":"Feature","geometry":{"type":"Point","coordinates":[20.530077,52.247347]},"properties":{"name":"Czarnów OSP / Przedszkole","lines":"41","arr":["41"],"terminus":0,"mode":"bus","color":"#0059a9","colorDark":"#00294f","angle":16.5,"snapDist":5,"label":0}},{"type":"Feature","geometry":{"type":"Point","coordinates":[20.517301,52.24952]},"properties":{"name":"Czarnów","lines":"41","arr":["41"],"terminus":0,"mode":"bus","color":"#0059a9","colorDark":"#00294f","angle":15.6,"snapDist":6,"label":0}},{"type":"Feature","geometry":{"type":"Point","coordinates":[20.507221,52.240391]},"properties":{"name":"Gawartowa Wola","lines":"41","arr":["41"],"terminus":0,"mode":"bus","color":"#0059a9","colorDark":"#00294f","angle":13.6,"snapDist":4,"label":0}},{"type":"Feature","geometry":{"type":"Point","coordinates":[20.497646,52.241995]},"properties":{"name":"Gawartowa Wola OSP","lines":"41","arr":["41"],"terminus":0,"mode":"bus","color":"#0059a9","colorDark":"#00294f","angle":15.5,"snapDist":6,"label":0}},{"type":"Feature","geometry":{"type":"Point","coordinates":[20.476772,52.242533]},"properties":{"name":"Stelmachowo Trzciniec","lines":"41","arr":["41"],"terminus":0,"mode":"bus","color":"#0059a9","colorDark":"#00294f","angle":355.3,"snapDist":4,"label":0}},{"type":"Feature","geometry":{"type":"Point","coordinates":[20.240158,52.216596]},"properties":{"name":"Sochaczew Sienkiewicza (przy PKP)","lines":"42","arr":["42"],"terminus":1,"mode":"bus","color":"#0059a9","colorDark":"#00294f","angle":144.8,"snapDist":7,"label":1}},{"type":"Feature","geometry":{"type":"Point","coordinates":[20.237754,52.229372]},"properties":{"name":"Sochaczew Pl. Kościuszki","lines":"42","arr":["42"],"terminus":0,"mode":"bus","color":"#0059a9","colorDark":"#00294f","angle":6.2,"snapDist":9,"label":1}},{"type":"Feature","geometry":{"type":"Point","coordinates":[20.248848,52.236998]},"properties":{"name":"Sochaczew Al. 600-lecia Kaufland","lines":"42","arr":["42"],"terminus":0,"mode":"bus","color":"#0059a9","colorDark":"#00294f","angle":96.8,"snapDist":9,"label":1}},{"type":"Feature","geometry":{"type":"Point","coordinates":[20.277951,52.254055]},"properties":{"name":"Sochaczew Chodaków Kościół","lines":"42","arr":["42"],"terminus":0,"mode":"bus","color":"#0059a9","colorDark":"#00294f","angle":169.5,"snapDist":7,"label":1}},{"type":"Feature","geometry":{"type":"Point","coordinates":[20.297001,52.259196]},"properties":{"name":"Chodakówek","lines":"42","arr":["42"],"terminus":0,"mode":"bus","color":"#0059a9","colorDark":"#00294f","angle":153.2,"snapDist":2,"label":1}},{"type":"Feature","geometry":{"type":"Point","coordinates":[20.307888,52.258883]},"properties":{"name":"Żelazowa Wola","lines":"42","arr":["42"],"terminus":0,"mode":"bus","color":"#0059a9","colorDark":"#00294f","angle":189.8,"snapDist":4,"label":1}},{"type":"Feature","geometry":{"type":"Point","coordinates":[20.327545,52.257432]},"properties":{"name":"Dzięglewo","lines":"42","arr":["42"],"terminus":0,"mode":"bus","color":"#0059a9","colorDark":"#00294f","angle":172.8,"snapDist":4,"label":1}},{"type":"Feature","geometry":{"type":"Point","coordinates":[20.350395,52.259917]},"properties":{"name":"Strzyżew II","lines":"42","arr":["42"],"terminus":0,"mode":"bus","color":"#0059a9","colorDark":"#00294f","angle":169.4,"snapDist":2,"label":1}},{"type":"Feature","geometry":{"type":"Point","coordinates":[20.363855,52.26309]},"properties":{"name":"Strzyżew I","lines":"42","arr":["42"],"terminus":0,"mode":"bus","color":"#0059a9","colorDark":"#00294f","angle":145,"snapDist":7,"label":1}},{"type":"Feature","geometry":{"type":"Point","coordinates":[20.381566,52.266065]},"properties":{"name":"Wola Pasikońska","lines":"42","arr":["42"],"terminus":0,"mode":"bus","color":"#0059a9","colorDark":"#00294f","angle":169.5,"snapDist":0,"label":1}},{"type":"Feature","geometry":{"type":"Point","coordinates":[20.395131,52.26902]},"properties":{"name":"Łazy","lines":"42","arr":["42"],"terminus":0,"mode":"bus","color":"#0059a9","colorDark":"#00294f","angle":159.9,"snapDist":3,"label":1}},{"type":"Feature","geometry":{"type":"Point","coordinates":[20.419188,52.269652]},"properties":{"name":"Komorów III","lines":"42","arr":["42"],"terminus":0,"mode":"bus","color":"#0059a9","colorDark":"#00294f","angle":179.7,"snapDist":2,"label":1}},{"type":"Feature","geometry":{"type":"Point","coordinates":[20.431058,52.269705]},"properties":{"name":"Komorów II","lines":"42","arr":["42"],"terminus":0,"mode":"bus","color":"#0059a9","colorDark":"#00294f","angle":183.2,"snapDist":2,"label":1}},{"type":"Feature","geometry":{"type":"Point","coordinates":[20.442809,52.269411]},"properties":{"name":"Komorów I","lines":"42","arr":["42"],"terminus":0,"mode":"bus","color":"#0059a9","colorDark":"#00294f","angle":184.7,"snapDist":3,"label":1}},{"type":"Feature","geometry":{"type":"Point","coordinates":[20.462611,52.267716]},"properties":{"name":"Kampinos","lines":"42, 44, 92","arr":["42","44","92"],"terminus":0,"mode":"bus","color":"#0059a9","colorDark":"#00294f","angle":275.1,"snapDist":3,"label":1}},{"type":"Feature","geometry":{"type":"Point","coordinates":[20.464097,52.268049]},"properties":{"name":"Kampinos Niepokalanowska","lines":"42, 44","arr":["42","44"],"terminus":0,"mode":"bus","color":"#0059a9","colorDark":"#00294f","angle":193.6,"snapDist":4,"label":1}},{"type":"Feature","geometry":{"type":"Point","coordinates":[20.486933,52.263401]},"properties":{"name":"Wiejca III","lines":"42, 44","arr":["42","44"],"terminus":0,"mode":"bus","color":"#0059a9","colorDark":"#00294f","angle":187.8,"snapDist":3,"label":1}},{"type":"Feature","geometry":{"type":"Point","coordinates":[20.502583,52.261002]},"properties":{"name":"Wiejca II","lines":"42, 44","arr":["42","44"],"terminus":0,"mode":"bus","color":"#0059a9","colorDark":"#00294f","angle":188.4,"snapDist":4,"label":1}},{"type":"Feature","geometry":{"type":"Point","coordinates":[20.519112,52.2595]},"properties":{"name":"Wiejca I","lines":"42, 44","arr":["42","44"],"terminus":0,"mode":"bus","color":"#0059a9","colorDark":"#00294f","angle":188.4,"snapDist":4,"label":1}},{"type":"Feature","geometry":{"type":"Point","coordinates":[20.527963,52.258862]},"properties":{"name":"Wilkowa Wieś II","lines":"42, 44","arr":["42","44"],"terminus":0,"mode":"bus","color":"#0059a9","colorDark":"#00294f","angle":186,"snapDist":6,"label":1}},{"type":"Feature","geometry":{"type":"Point","coordinates":[20.541271,52.258235]},"properties":{"name":"Wilkowa Wieś I","lines":"42, 43, 44","arr":["42","43","44"],"terminus":0,"mode":"bus","color":"#0059a9","colorDark":"#00294f","angle":180.2,"snapDist":6,"label":1}},{"type":"Feature","geometry":{"type":"Point","coordinates":[20.559769,52.256636]},"properties":{"name":"Grądy Świerkowa","lines":"42, 43, 44","arr":["42","43","44"],"terminus":0,"mode":"bus","color":"#0059a9","colorDark":"#00294f","angle":189.2,"snapDist":4,"label":1}},{"type":"Feature","geometry":{"type":"Point","coordinates":[20.572159,52.256902]},"properties":{"name":"Grądy Czarna Droga","lines":"42, 43, 44","arr":["42","43","44"],"terminus":0,"mode":"bus","color":"#0059a9","colorDark":"#00294f","angle":159.3,"snapDist":7,"label":1}},{"type":"Feature","geometry":{"type":"Point","coordinates":[20.58852,52.251747]},"properties":{"name":"Leszno Błońska","lines":"42","arr":["42"],"terminus":0,"mode":"bus","color":"#0059a9","colorDark":"#00294f","angle":252.8,"snapDist":5,"label":0}},{"type":"Feature","geometry":{"type":"Point","coordinates":[20.602205,52.224653]},"properties":{"name":"Białuty","lines":"42","arr":["42"],"terminus":0,"mode":"bus","color":"#0059a9","colorDark":"#00294f","angle":73.1,"snapDist":7,"label":0}},{"type":"Feature","geometry":{"type":"Point","coordinates":[20.572188,52.256909]},"properties":{"name":"Grądy Czarna Droga","lines":"42, 43, 44","arr":["42","43","44"],"terminus":0,"mode":"bus","color":"#0059a9","colorDark":"#00294f","angle":339.3,"snapDist":6,"label":0}},{"type":"Feature","geometry":{"type":"Point","coordinates":[20.558152,52.256804]},"properties":{"name":"Grądy Świerkowa","lines":"42, 43, 44","arr":["42","43","44"],"terminus":0,"mode":"bus","color":"#0059a9","colorDark":"#00294f","angle":9.3,"snapDist":5,"label":0}},{"type":"Feature","geometry":{"type":"Point","coordinates":[20.5401,52.258265]},"properties":{"name":"Wilkowa Wieś I","lines":"42, 43, 44","arr":["42","43","44"],"terminus":0,"mode":"bus","color":"#0059a9","colorDark":"#00294f","angle":3,"snapDist":11,"label":0}},{"type":"Feature","geometry":{"type":"Point","coordinates":[20.52561,52.259014]},"properties":{"name":"Wilkowa Wieś II","lines":"42, 44","arr":["42","44"],"terminus":0,"mode":"bus","color":"#0059a9","colorDark":"#00294f","angle":6.1,"snapDist":7,"label":0}},{"type":"Feature","geometry":{"type":"Point","coordinates":[20.51697,52.259697]},"properties":{"name":"Wiejca I","lines":"42, 44","arr":["42","44"],"terminus":0,"mode":"bus","color":"#0059a9","colorDark":"#00294f","angle":8.6,"snapDist":11,"label":0}},{"type":"Feature","geometry":{"type":"Point","coordinates":[20.500093,52.261236]},"properties":{"name":"Wiejca II","lines":"42, 44","arr":["42","44"],"terminus":0,"mode":"bus","color":"#0059a9","colorDark":"#00294f","angle":10,"snapDist":7,"label":0}},{"type":"Feature","geometry":{"type":"Point","coordinates":[20.485124,52.263552]},"properties":{"name":"Wiejca III","lines":"42, 44","arr":["42","44"],"terminus":0,"mode":"bus","color":"#0059a9","colorDark":"#00294f","angle":7.8,"snapDist":6,"label":0}},{"type":"Feature","geometry":{"type":"Point","coordinates":[20.440747,52.269476]},"properties":{"name":"Komorów I","lines":"42","arr":["42"],"terminus":0,"mode":"bus","color":"#0059a9","colorDark":"#00294f","angle":1.4,"snapDist":6,"label":0}},{"type":"Feature","geometry":{"type":"Point","coordinates":[20.430385,52.269728]},"properties":{"name":"Komorów II","lines":"42","arr":["42"],"terminus":0,"mode":"bus","color":"#0059a9","colorDark":"#00294f","angle":3.1,"snapDist":7,"label":0}},{"type":"Feature","geometry":{"type":"Point","coordinates":[20.418407,52.269651]},"properties":{"name":"Komorów III","lines":"42","arr":["42"],"terminus":0,"mode":"bus","color":"#0059a9","colorDark":"#00294f","angle":0.2,"snapDist":8,"label":0}},{"type":"Feature","geometry":{"type":"Point","coordinates":[20.396364,52.269292]},"properties":{"name":"Łazy","lines":"42","arr":["42"],"terminus":0,"mode":"bus","color":"#0059a9","colorDark":"#00294f","angle":340.2,"snapDist":7,"label":0}},{"type":"Feature","geometry":{"type":"Point","coordinates":[20.380923,52.265992]},"properties":{"name":"Wola Pasikońska","lines":"42","arr":["42"],"terminus":0,"mode":"bus","color":"#0059a9","colorDark":"#00294f","angle":351.4,"snapDist":6,"label":0}},{"type":"Feature","geometry":{"type":"Point","coordinates":[20.36354,52.262952]},"properties":{"name":"Strzyżew I","lines":"42","arr":["42"],"terminus":0,"mode":"bus","color":"#0059a9","colorDark":"#00294f","angle":324.9,"snapDist":5,"label":0}},{"type":"Feature","geometry":{"type":"Point","coordinates":[20.35203,52.260108]},"properties":{"name":"Strzyżew II","lines":"42","arr":["42"],"terminus":0,"mode":"bus","color":"#0059a9","colorDark":"#00294f","angle":349.5,"snapDist":3,"label":0}},{"type":"Feature","geometry":{"type":"Point","coordinates":[20.32613,52.257325]},"properties":{"name":"Dzięglewo","lines":"42","arr":["42"],"terminus":0,"mode":"bus","color":"#0059a9","colorDark":"#00294f","angle":352.8,"snapDist":8,"label":0}},{"type":"Feature","geometry":{"type":"Point","coordinates":[20.307329,52.258943]},"properties":{"name":"Żelazowa Wola","lines":"42","arr":["42"],"terminus":0,"mode":"bus","color":"#0059a9","colorDark":"#00294f","angle":10.2,"snapDist":6,"label":0}},{"type":"Feature","geometry":{"type":"Point","coordinates":[20.297196,52.259256]},"properties":{"name":"Chodakówek","lines":"42","arr":["42"],"terminus":0,"mode":"bus","color":"#0059a9","colorDark":"#00294f","angle":333.5,"snapDist":8,"label":0}},{"type":"Feature","geometry":{"type":"Point","coordinates":[20.24891,52.2373]},"properties":{"name":"Sochaczew Al. 600-lecia Kaufland","lines":"42","arr":["42"],"terminus":0,"mode":"bus","color":"#0059a9","colorDark":"#00294f","angle":277.3,"snapDist":8,"label":0}},{"type":"Feature","geometry":{"type":"Point","coordinates":[20.614333,52.311716]},"properties":{"name":"Roztoka","lines":"43","arr":["43"],"terminus":1,"mode":"bus","color":"#0059a9","colorDark":"#00294f","angle":299.7,"snapDist":9,"label":1}},{"type":"Feature","geometry":{"type":"Point","coordinates":[20.603315,52.292774]},"properties":{"name":"Łubiec","lines":"43","arr":["43"],"terminus":0,"mode":"bus","color":"#0059a9","colorDark":"#00294f","angle":189.7,"snapDist":3,"label":1}},{"type":"Feature","geometry":{"type":"Point","coordinates":[20.61367,52.290964]},"properties":{"name":"Kępiaste III","lines":"43","arr":["43"],"terminus":0,"mode":"bus","color":"#0059a9","colorDark":"#00294f","angle":202.8,"snapDist":5,"label":1}},{"type":"Feature","geometry":{"type":"Point","coordinates":[20.611234,52.286315]},"properties":{"name":"Kępiaste II","lines":"43","arr":["43"],"terminus":0,"mode":"bus","color":"#0059a9","colorDark":"#00294f","angle":12,"snapDist":6,"label":1}},{"type":"Feature","geometry":{"type":"Point","coordinates":[20.601054,52.286538]},"properties":{"name":"Kępiaste I","lines":"43, 93","arr":["43","93"],"terminus":0,"mode":"bus","color":"#0059a9","colorDark":"#00294f","angle":276.8,"snapDist":4,"label":1}},{"type":"Feature","geometry":{"type":"Point","coordinates":[20.596733,52.274375]},"properties":{"name":"Julinek","lines":"43, 93","arr":["43","93"],"terminus":0,"mode":"bus","color":"#0059a9","colorDark":"#00294f","angle":288.8,"snapDist":3,"label":1}},{"type":"Feature","geometry":{"type":"Point","coordinates":[20.560164,52.231375]},"properties":{"name":"Rochale","lines":"43","arr":["43"],"terminus":0,"mode":"bus","color":"#0059a9","colorDark":"#00294f","angle":211.4,"snapDist":5,"label":1}},{"type":"Feature","geometry":{"type":"Point","coordinates":[20.570834,52.22701]},"properties":{"name":"Rochaliki III","lines":"43","arr":["43"],"terminus":0,"mode":"bus","color":"#0059a9","colorDark":"#00294f","angle":227.5,"snapDist":4,"label":1}},{"type":"Feature","geometry":{"type":"Point","coordinates":[20.57521,52.224071]},"properties":{"name":"Rochaliki skrzyżowanie","lines":"43","arr":["43"],"terminus":0,"mode":"bus","color":"#0059a9","colorDark":"#00294f","angle":227.8,"snapDist":4,"label":0}},{"type":"Feature","geometry":{"type":"Point","coordinates":[20.574396,52.22462]},"properties":{"name":"Rochaliki skrzyżowanie","lines":"43","arr":["43"],"terminus":0,"mode":"bus","color":"#0059a9","colorDark":"#00294f","angle":47.5,"snapDist":5,"label":0}},{"type":"Feature","geometry":{"type":"Point","coordinates":[20.570368,52.227322]},"properties":{"name":"Rochaliki III","lines":"43","arr":["43"],"terminus":0,"mode":"bus","color":"#0059a9","colorDark":"#00294f","angle":47.5,"snapDist":6,"label":0}},{"type":"Feature","geometry":{"type":"Point","coordinates":[20.559706,52.231707]},"properties":{"name":"Rochale","lines":"43","arr":["43"],"terminus":0,"mode":"bus","color":"#0059a9","colorDark":"#00294f","angle":61.7,"snapDist":6,"label":0}},{"type":"Feature","geometry":{"type":"Point","coordinates":[20.532415,52.246925]},"properties":{"name":"Czarnów OSP / Przedszkole","lines":"43","arr":["43"],"terminus":0,"mode":"bus","color":"#0059a9","colorDark":"#00294f","angle":16.8,"snapDist":5,"label":0}},{"type":"Feature","geometry":{"type":"Point","coordinates":[20.597243,52.275294]},"properties":{"name":"Julinek","lines":"43, 93","arr":["43","93"],"terminus":0,"mode":"bus","color":"#0059a9","colorDark":"#00294f","angle":108.9,"snapDist":8,"label":0}},{"type":"Feature","geometry":{"type":"Point","coordinates":[20.602847,52.287328]},"properties":{"name":"Kępiaste I","lines":"43","arr":["43"],"terminus":0,"mode":"bus","color":"#0059a9","colorDark":"#00294f","angle":190.9,"snapDist":3,"label":0}},{"type":"Feature","geometry":{"type":"Point","coordinates":[20.6124,52.286204]},"properties":{"name":"Kępiaste II","lines":"43","arr":["43"],"terminus":0,"mode":"bus","color":"#0059a9","colorDark":"#00294f","angle":187.3,"snapDist":4,"label":0}},{"type":"Feature","geometry":{"type":"Point","coordinates":[20.613598,52.290982]},"properties":{"name":"Kępiaste III","lines":"43","arr":["43"],"terminus":0,"mode":"bus","color":"#0059a9","colorDark":"#00294f","angle":22.8,"snapDist":5,"label":0}},{"type":"Feature","geometry":{"type":"Point","coordinates":[20.602425,52.29332]},"properties":{"name":"Łubiec","lines":"43, 93","arr":["43","93"],"terminus":0,"mode":"bus","color":"#0059a9","colorDark":"#00294f","angle":98.9,"snapDist":9,"label":0}},{"type":"Feature","geometry":{"type":"Point","coordinates":[20.423386,52.205295]},"properties":{"name":"Niepokalanów Klasztor","lines":"44","arr":["44"],"terminus":0,"mode":"bus","color":"#0059a9","colorDark":"#00294f","angle":121.9,"snapDist":6,"label":1}},{"type":"Feature","geometry":{"type":"Point","coordinates":[20.432677,52.212786]},"properties":{"name":"Paprotnia","lines":"44","arr":["44"],"terminus":0,"mode":"bus","color":"#0059a9","colorDark":"#00294f","angle":100.1,"snapDist":7,"label":1}},{"type":"Feature","geometry":{"type":"Point","coordinates":[20.446158,52.221686]},"properties":{"name":"Maszna","lines":"44","arr":["44"],"terminus":0,"mode":"bus","color":"#0059a9","colorDark":"#00294f","angle":96.3,"snapDist":7,"label":1}},{"type":"Feature","geometry":{"type":"Point","coordinates":[20.453128,52.242866]},"properties":{"name":"Podkampinos Rondo","lines":"44","arr":["44"],"terminus":0,"mode":"bus","color":"#0059a9","colorDark":"#00294f","angle":102.9,"snapDist":8,"label":0}},{"type":"Feature","geometry":{"type":"Point","coordinates":[20.454387,52.246242]},"properties":{"name":"Podkampinos III","lines":"44","arr":["44"],"terminus":0,"mode":"bus","color":"#0059a9","colorDark":"#00294f","angle":102.9,"snapDist":6,"label":1}},{"type":"Feature","geometry":{"type":"Point","coordinates":[20.456668,52.252335]},"properties":{"name":"Podkampinos II","lines":"44","arr":["44"],"terminus":0,"mode":"bus","color":"#0059a9","colorDark":"#00294f","angle":102.9,"snapDist":5,"label":1}},{"type":"Feature","geometry":{"type":"Point","coordinates":[20.458083,52.25652]},"properties":{"name":"Podkampinos I","lines":"44","arr":["44"],"terminus":0,"mode":"bus","color":"#0059a9","colorDark":"#00294f","angle":88.8,"snapDist":8,"label":1}},{"type":"Feature","geometry":{"type":"Point","coordinates":[20.460501,52.263354]},"properties":{"name":"Kampinos Kwiatowa","lines":"44","arr":["44"],"terminus":0,"mode":"bus","color":"#0059a9","colorDark":"#00294f","angle":109.3,"snapDist":2,"label":1}},{"type":"Feature","geometry":{"type":"Point","coordinates":[20.457941,52.255752]},"properties":{"name":"Podkampinos I","lines":"44","arr":["44"],"terminus":0,"mode":"bus","color":"#0059a9","colorDark":"#00294f","angle":282.9,"snapDist":6,"label":0}},{"type":"Feature","geometry":{"type":"Point","coordinates":[20.456381,52.251569]},"properties":{"name":"Podkampinos II","lines":"44","arr":["44"],"terminus":0,"mode":"bus","color":"#0059a9","colorDark":"#00294f","angle":282.9,"snapDist":8,"label":0}},{"type":"Feature","geometry":{"type":"Point","coordinates":[20.45414,52.245583]},"properties":{"name":"Podkampinos III","lines":"44","arr":["44"],"terminus":0,"mode":"bus","color":"#0059a9","colorDark":"#00294f","angle":283,"snapDist":3,"label":0}},{"type":"Feature","geometry":{"type":"Point","coordinates":[20.452656,52.241604]},"properties":{"name":"Podkampinos Rondo","lines":"44","arr":["44"],"terminus":0,"mode":"bus","color":"#0059a9","colorDark":"#00294f","angle":282.8,"snapDist":7,"label":0}},{"type":"Feature","geometry":{"type":"Point","coordinates":[20.446156,52.221678]},"properties":{"name":"Maszna","lines":"44","arr":["44"],"terminus":0,"mode":"bus","color":"#0059a9","colorDark":"#00294f","angle":276.3,"snapDist":4,"label":0}},{"type":"Feature","geometry":{"type":"Point","coordinates":[20.432806,52.213249]},"properties":{"name":"Paprotnia","lines":"44","arr":["44"],"terminus":0,"mode":"bus","color":"#0059a9","colorDark":"#00294f","angle":279.5,"snapDist":5,"label":0}},{"type":"Feature","geometry":{"type":"Point","coordinates":[20.42334,52.20525]},"properties":{"name":"Niepokalanów Klasztor","lines":"44","arr":["44"],"terminus":0,"mode":"bus","color":"#0059a9","colorDark":"#00294f","angle":301.9,"snapDist":6,"label":0}},{"type":"Feature","geometry":{"type":"Point","coordinates":[20.798889,52.167781]},"properties":{"name":"PKP Pruszków","lines":"48, 77, 78, Z67","arr":["48","77","78","Z67"],"terminus":1,"mode":"bus","color":"#0059a9","colorDark":"#00294f","angle":151.4,"snapDist":9,"label":1}},{"type":"Feature","geometry":{"type":"Point","coordinates":[20.806731,52.165342]},"properties":{"name":"Pruszków USC","lines":"48, 77, Z67","arr":["48","77","Z67"],"terminus":0,"mode":"bus","color":"#0059a9","colorDark":"#00294f","angle":209.1,"snapDist":7,"label":1}},{"type":"Feature","geometry":{"type":"Point","coordinates":[20.807817,52.165466]},"properties":{"name":"Pruszków USC","lines":"48, 62, 77, 78","arr":["48","62","77","78"],"terminus":0,"mode":"bus","color":"#0059a9","colorDark":"#00294f","angle":115.5,"snapDist":10,"label":0}},{"type":"Feature","geometry":{"type":"Point","coordinates":[20.80537,52.17343]},"properties":{"name":"Pruszków Dulag","lines":"48, 77","arr":["48","77"],"terminus":0,"mode":"bus","color":"#0059a9","colorDark":"#00294f","angle":142.1,"snapDist":5,"label":1}},{"type":"Feature","geometry":{"type":"Point","coordinates":[20.803363,52.175206]},"properties":{"name":"Pruszków Pańska","lines":"48, 77","arr":["48","77"],"terminus":0,"mode":"bus","color":"#0059a9","colorDark":"#00294f","angle":44.4,"snapDist":5,"label":1}},{"type":"Feature","geometry":{"type":"Point","coordinates":[20.797908,52.17766]},"properties":{"name":"Pruszków Mostowa","lines":"48, 77","arr":["48","77"],"terminus":0,"mode":"bus","color":"#0059a9","colorDark":"#00294f","angle":23.1,"snapDist":6,"label":1}},{"type":"Feature","geometry":{"type":"Point","coordinates":[20.794982,52.178396]},"properties":{"name":"Pruszków Granitowa","lines":"48, 77","arr":["48","77"],"terminus":0,"mode":"bus","color":"#0059a9","colorDark":"#00294f","angle":21.9,"snapDist":8,"label":1}},{"type":"Feature","geometry":{"type":"Point","coordinates":[20.787288,52.17985]},"properties":{"name":"Pruszków Kościół","lines":"48, 77","arr":["48","77"],"terminus":0,"mode":"bus","color":"#0059a9","colorDark":"#00294f","angle":12.9,"snapDist":5,"label":1}},{"type":"Feature","geometry":{"type":"Point","coordinates":[20.78385,52.180944]},"properties":{"name":"Pruszków Żbików Rondo","lines":"48, 77","arr":["48","77"],"terminus":0,"mode":"bus","color":"#0059a9","colorDark":"#00294f","angle":62,"snapDist":6,"label":1}},{"type":"Feature","geometry":{"type":"Point","coordinates":[20.779061,52.183012]},"properties":{"name":"Pruszków Żbików Cmentarz","lines":"48, 77","arr":["48","77"],"terminus":0,"mode":"bus","color":"#0059a9","colorDark":"#00294f","angle":19.9,"snapDist":10,"label":1}},{"type":"Feature","geometry":{"type":"Point","coordinates":[20.766898,52.186491]},"properties":{"name":"Domaniew II","lines":"48, 77","arr":["48","77"],"terminus":0,"mode":"bus","color":"#0059a9","colorDark":"#00294f","angle":25.2,"snapDist":8,"label":1}},{"type":"Feature","geometry":{"type":"Point","coordinates":[20.762704,52.187743]},"properties":{"name":"Domaniew I","lines":"48, 77","arr":["48","77"],"terminus":0,"mode":"bus","color":"#0059a9","colorDark":"#00294f","angle":27.2,"snapDist":6,"label":1}},{"type":"Feature","geometry":{"type":"Point","coordinates":[20.742642,52.191699]},"properties":{"name":"Domaniewek I","lines":"48, 64, 68, 77","arr":["48","64","68","77"],"terminus":0,"mode":"bus","color":"#0059a9","colorDark":"#00294f","angle":-170.1,"snapDist":10,"label":1}},{"type":"Feature","geometry":{"type":"Point","coordinates":[20.753558,52.190329]},"properties":{"name":"Domaniewek II","lines":"48, 64, 68, 77","arr":["48","64","68","77"],"terminus":0,"mode":"bus","color":"#0059a9","colorDark":"#00294f","angle":-173,"snapDist":4,"label":1}},{"type":"Feature","geometry":{"type":"Point","coordinates":[20.75315,52.188916]},"properties":{"name":"Domaniew Sklep","lines":"48","arr":["48"],"terminus":0,"mode":"bus","color":"#0059a9","colorDark":"#00294f","angle":294,"snapDist":6,"label":1}},{"type":"Feature","geometry":{"type":"Point","coordinates":[20.750274,52.181145]},"properties":{"name":"Moszna Skrzyżowanie","lines":"48, 64, 68, 78","arr":["48","64","68","78"],"terminus":0,"mode":"bus","color":"#0059a9","colorDark":"#00294f","angle":191.6,"snapDist":5,"label":1}},{"type":"Feature","geometry":{"type":"Point","coordinates":[20.755989,52.179849]},"properties":{"name":"Moszna I","lines":"48, 78","arr":["48","78"],"terminus":0,"mode":"bus","color":"#0059a9","colorDark":"#00294f","angle":202.9,"snapDist":5,"label":1}},{"type":"Feature","geometry":{"type":"Point","coordinates":[20.73735,52.168926]},"properties":{"name":"Koszajec","lines":"48","arr":["48"],"terminus":0,"mode":"bus","color":"#0059a9","colorDark":"#00294f","angle":17.9,"snapDist":2,"label":1}},{"type":"Feature","geometry":{"type":"Point","coordinates":[20.723237,52.171005]},"properties":{"name":"Krosna Józefowska","lines":"48","arr":["48"],"terminus":0,"mode":"bus","color":"#0059a9","colorDark":"#00294f","angle":347.4,"snapDist":5,"label":1}},{"type":"Feature","geometry":{"type":"Point","coordinates":[20.7081,52.165098]},"properties":{"name":"Krosna Marianka","lines":"48, 64","arr":["48","64"],"terminus":0,"mode":"bus","color":"#0059a9","colorDark":"#00294f","angle":326.2,"snapDist":5,"label":1}},{"type":"Feature","geometry":{"type":"Point","coordinates":[20.701724,52.162447]},"properties":{"name":"Biskupice Majątek","lines":"48, 64","arr":["48","64"],"terminus":0,"mode":"bus","color":"#0059a9","colorDark":"#00294f","angle":325.9,"snapDist":4,"label":1}},{"type":"Feature","geometry":{"type":"Point","coordinates":[20.707203,52.156057]},"properties":{"name":"Brwinów Glinki","lines":"48, 64, 67","arr":["48","64","67"],"terminus":0,"mode":"bus","color":"#0059a9","colorDark":"#00294f","angle":239.1,"snapDist":6,"label":1}},{"type":"Feature","geometry":{"type":"Point","coordinates":[20.710911,52.150397]},"properties":{"name":"Brwinów Ciechanowska","lines":"48, 64, 67","arr":["48","64","67"],"terminus":0,"mode":"bus","color":"#0059a9","colorDark":"#00294f","angle":252.5,"snapDist":3,"label":1}},{"type":"Feature","geometry":{"type":"Point","coordinates":[20.713679,52.144963]},"properties":{"name":"Brwinów Biskupicka / Armii Krajowej","lines":"48, 64, 67","arr":["48","64","67"],"terminus":0,"mode":"bus","color":"#0059a9","colorDark":"#00294f","angle":251.9,"snapDist":8,"label":1}},{"type":"Feature","geometry":{"type":"Point","coordinates":[20.708722,52.144916]},"properties":{"name":"Brwinów Szkoła Nr 1","lines":"48","arr":["48"],"terminus":0,"mode":"bus","color":"#0059a9","colorDark":"#00294f","angle":3.3,"snapDist":9,"label":1}},{"type":"Feature","geometry":{"type":"Point","coordinates":[20.71758,52.142408]},"properties":{"name":"Brwinów Rynek","lines":"48, 64, 67, 69","arr":["48","64","67","69"],"terminus":1,"mode":"bus","color":"#0059a9","colorDark":"#00294f","angle":153.4,"snapDist":8,"label":1}},{"type":"Feature","geometry":{"type":"Point","coordinates":[20.713496,52.145309]},"properties":{"name":"Brwinów Biskupicka / Armii Krajowej","lines":"48, 64, 67, 69","arr":["48","64","67","69"],"terminus":0,"mode":"bus","color":"#0059a9","colorDark":"#00294f","angle":73.1,"snapDist":8,"label":0}},{"type":"Feature","geometry":{"type":"Point","coordinates":[20.710325,52.151545]},"properties":{"name":"Brwinów Ciechanowska","lines":"48, 64, 67, 69","arr":["48","64","67","69"],"terminus":0,"mode":"bus","color":"#0059a9","colorDark":"#00294f","angle":73.9,"snapDist":6,"label":0}},{"type":"Feature","geometry":{"type":"Point","coordinates":[20.707246,52.156013]},"properties":{"name":"Brwinów Glinki","lines":"48, 64, 67, 69","arr":["48","64","67","69"],"terminus":0,"mode":"bus","color":"#0059a9","colorDark":"#00294f","angle":59.1,"snapDist":7,"label":0}},{"type":"Feature","geometry":{"type":"Point","coordinates":[20.701966,52.162548]},"properties":{"name":"Biskupice Majątek","lines":"48, 64, 69","arr":["48","64","69"],"terminus":0,"mode":"bus","color":"#0059a9","colorDark":"#00294f","angle":145.8,"snapDist":9,"label":0}},{"type":"Feature","geometry":{"type":"Point","coordinates":[20.709044,52.165491]},"properties":{"name":"Krosna Marianka","lines":"48, 64","arr":["48","64"],"terminus":0,"mode":"bus","color":"#0059a9","colorDark":"#00294f","angle":145.7,"snapDist":7,"label":0}},{"type":"Feature","geometry":{"type":"Point","coordinates":[20.723273,52.17101]},"properties":{"name":"Krosna Józefowska","lines":"48, 64","arr":["48","64"],"terminus":0,"mode":"bus","color":"#0059a9","colorDark":"#00294f","angle":166.5,"snapDist":4,"label":0}},{"type":"Feature","geometry":{"type":"Point","coordinates":[20.738263,52.168746]},"properties":{"name":"Koszajec","lines":"48, 64","arr":["48","64"],"terminus":0,"mode":"bus","color":"#0059a9","colorDark":"#00294f","angle":197.9,"snapDist":8,"label":0}},{"type":"Feature","geometry":{"type":"Point","coordinates":[20.755682,52.179929]},"properties":{"name":"Moszna I","lines":"48, 64, 68, 78","arr":["48","64","68","78"],"terminus":0,"mode":"bus","color":"#0059a9","colorDark":"#00294f","angle":23.7,"snapDist":5,"label":0}},{"type":"Feature","geometry":{"type":"Point","coordinates":[20.753972,52.189999]},"properties":{"name":"Domaniew Sklep","lines":"48, 64, 68","arr":["48","64","68"],"terminus":0,"mode":"bus","color":"#0059a9","colorDark":"#00294f","angle":115.3,"snapDist":6,"label":0}},{"type":"Feature","geometry":{"type":"Point","coordinates":[20.76327,52.187569]},"properties":{"name":"Domaniew I","lines":"48, 64, 68, 77","arr":["48","64","68","77"],"terminus":0,"mode":"bus","color":"#0059a9","colorDark":"#00294f","angle":205.7,"snapDist":6,"label":0}},{"type":"Feature","geometry":{"type":"Point","coordinates":[20.767248,52.186389]},"properties":{"name":"Domaniew II","lines":"48, 64, 68, 77","arr":["48","64","68","77"],"terminus":0,"mode":"bus","color":"#0059a9","colorDark":"#00294f","angle":205.5,"snapDist":4,"label":0}},{"type":"Feature","geometry":{"type":"Point","coordinates":[20.779148,52.182993]},"properties":{"name":"Pruszków Żbików Cmentarz","lines":"48, 64, 68, 77","arr":["48","64","68","77"],"terminus":0,"mode":"bus","color":"#0059a9","colorDark":"#00294f","angle":199.2,"snapDist":8,"label":0}},{"type":"Feature","geometry":{"type":"Point","coordinates":[20.782505,52.182406]},"properties":{"name":"Pruszków Żbików Rondo","lines":"48, 68, 77","arr":["48","68","77"],"terminus":0,"mode":"bus","color":"#0059a9","colorDark":"#00294f","angle":239.9,"snapDist":11,"label":0}},{"type":"Feature","geometry":{"type":"Point","coordinates":[20.787806,52.179778]},"properties":{"name":"Pruszków Kościół","lines":"48, 68, 77","arr":["48","68","77"],"terminus":0,"mode":"bus","color":"#0059a9","colorDark":"#00294f","angle":191.5,"snapDist":0,"label":0}},{"type":"Feature","geometry":{"type":"Point","coordinates":[20.792142,52.1791]},"properties":{"name":"Pruszków Ciechanowska","lines":"48, 68, 77","arr":["48","68","77"],"terminus":0,"mode":"bus","color":"#0059a9","colorDark":"#00294f","angle":201.9,"snapDist":3,"label":1}},{"type":"Feature","geometry":{"type":"Point","coordinates":[20.798928,52.177391]},"properties":{"name":"Pruszków Mostowa","lines":"48, 68, 77","arr":["48","68","77"],"terminus":0,"mode":"bus","color":"#0059a9","colorDark":"#00294f","angle":204.2,"snapDist":7,"label":0}},{"type":"Feature","geometry":{"type":"Point","coordinates":[20.802994,52.175426]},"properties":{"name":"Pruszków Łąkowa","lines":"48, 68, 77","arr":["48","68","77"],"terminus":0,"mode":"bus","color":"#0059a9","colorDark":"#00294f","angle":225.2,"snapDist":2,"label":1}},{"type":"Feature","geometry":{"type":"Point","coordinates":[20.803724,52.173132]},"properties":{"name":"Pruszków Rondo Solidarności","lines":"48, 68, 77","arr":["48","68","77"],"terminus":0,"mode":"bus","color":"#0059a9","colorDark":"#00294f","angle":288.6,"snapDist":4,"label":1}},{"type":"Feature","geometry":{"type":"Point","coordinates":[20.807865,52.165528]},"properties":{"name":"Pruszków USC","lines":"48, 62, 77","arr":["48","62","77"],"terminus":0,"mode":"bus","color":"#0059a9","colorDark":"#00294f","angle":295.9,"snapDist":8,"label":0}},{"type":"Feature","geometry":{"type":"Point","coordinates":[20.798267,52.167576]},"properties":{"name":"PKP Pruszków","lines":"48, 60, 65, 66, 77, 78, Z67","arr":["48","60","65","66","77","78","Z67"],"terminus":1,"mode":"bus","color":"#0059a9","colorDark":"#00294f","angle":331.7,"snapDist":8,"label":0}},{"type":"Feature","geometry":{"type":"Point","coordinates":[20.593369,52.174875]},"properties":{"name":"Stare Faszczyce","lines":"49","arr":["49"],"terminus":1,"mode":"bus","color":"#0059a9","colorDark":"#00294f","angle":101.5,"snapDist":3,"label":1}},{"type":"Feature","geometry":{"type":"Point","coordinates":[20.60123,52.177387]},"properties":{"name":"Błonie Pogodna","lines":"49","arr":["49"],"terminus":0,"mode":"bus","color":"#0059a9","colorDark":"#00294f","angle":96.6,"snapDist":5,"label":1}},{"type":"Feature","geometry":{"type":"Point","coordinates":[20.602241,52.181927]},"properties":{"name":"Błonie Słoneczna","lines":"49","arr":["49"],"terminus":0,"mode":"bus","color":"#0059a9","colorDark":"#00294f","angle":96.4,"snapDist":5,"label":1}},{"type":"Feature","geometry":{"type":"Point","coordinates":[20.608592,52.184165]},"properties":{"name":"Błonie Mokra","lines":"49","arr":["49"],"terminus":0,"mode":"bus","color":"#0059a9","colorDark":"#00294f","angle":157.5,"snapDist":5,"label":1}},{"type":"Feature","geometry":{"type":"Point","coordinates":[20.652626,52.217086]},"properties":{"name":"Witki Skrzyżowanie","lines":"49","arr":["49"],"terminus":0,"mode":"bus","color":"#0059a9","colorDark":"#00294f","angle":81.9,"snapDist":3,"label":1}},{"type":"Feature","geometry":{"type":"Point","coordinates":[20.651007,52.221684]},"properties":{"name":"Witki Wieś","lines":"49","arr":["49"],"terminus":0,"mode":"bus","color":"#0059a9","colorDark":"#00294f","angle":73.5,"snapDist":5,"label":1}},{"type":"Feature","geometry":{"type":"Point","coordinates":[20.649453,52.225909]},"properties":{"name":"Witki Hurtownia Rolna","lines":"49","arr":["49"],"terminus":0,"mode":"bus","color":"#0059a9","colorDark":"#00294f","angle":82.6,"snapDist":7,"label":0}},{"type":"Feature","geometry":{"type":"Point","coordinates":[20.654804,52.23003]},"properties":{"name":"Łaźniewek","lines":"49","arr":["49"],"terminus":0,"mode":"bus","color":"#0059a9","colorDark":"#00294f","angle":168.5,"snapDist":2,"label":1}},{"type":"Feature","geometry":{"type":"Point","coordinates":[20.664294,52.231037]},"properties":{"name":"Łaźniew Majątkowa","lines":"49","arr":["49"],"terminus":0,"mode":"bus","color":"#0059a9","colorDark":"#00294f","angle":258.8,"snapDist":4,"label":1}},{"type":"Feature","geometry":{"type":"Point","coordinates":[20.666559,52.223932]},"properties":{"name":"Łaźniew Majątkowa przy nr 2D","lines":"49","arr":["49"],"terminus":0,"mode":"bus","color":"#0059a9","colorDark":"#00294f","angle":258.7,"snapDist":2,"label":1}},{"type":"Feature","geometry":{"type":"Point","coordinates":[20.669851,52.219582]},"properties":{"name":"Łaźniew Wiosenna","lines":"49","arr":["49"],"terminus":0,"mode":"bus","color":"#0059a9","colorDark":"#00294f","angle":170.1,"snapDist":1,"label":0}},{"type":"Feature","geometry":{"type":"Point","coordinates":[20.671416,52.217078]},"properties":{"name":"Łaźniew Zakład Opiekuńczo-Leczniczy","lines":"49","arr":["49"],"terminus":0,"mode":"bus","color":"#0059a9","colorDark":"#00294f","angle":259.6,"snapDist":3,"label":1}},{"type":"Feature","geometry":{"type":"Point","coordinates":[20.672846,52.212307]},"properties":{"name":"Łaźniew Cmentarz","lines":"49","arr":["49"],"terminus":0,"mode":"bus","color":"#0059a9","colorDark":"#00294f","angle":259.5,"snapDist":3,"label":1}},{"type":"Feature","geometry":{"type":"Point","coordinates":[20.667686,52.207007]},"properties":{"name":"Kopytów III","lines":"49","arr":["49"],"terminus":0,"mode":"bus","color":"#0059a9","colorDark":"#00294f","angle":204.9,"snapDist":3,"label":1}},{"type":"Feature","geometry":{"type":"Point","coordinates":[20.674458,52.206386]},"properties":{"name":"Kopytów IV","lines":"49","arr":["49"],"terminus":0,"mode":"bus","color":"#0059a9","colorDark":"#00294f","angle":179.8,"snapDist":2,"label":1}},{"type":"Feature","geometry":{"type":"Point","coordinates":[20.696459,52.202705]},"properties":{"name":"Płochocin Święcicka","lines":"49, 94","arr":["49","94"],"terminus":0,"mode":"bus","color":"#0059a9","colorDark":"#00294f","angle":256.1,"snapDist":4,"label":1}},{"type":"Feature","geometry":{"type":"Point","coordinates":[20.701098,52.202047]},"properties":{"name":"Płochocin Parkowa","lines":"49","arr":["49"],"terminus":0,"mode":"bus","color":"#0059a9","colorDark":"#00294f","angle":177.1,"snapDist":1,"label":1}},{"type":"Feature","geometry":{"type":"Point","coordinates":[20.701542,52.200246]},"properties":{"name":"Płochocin PKP / Kolejowa","lines":"49, 94","arr":["49","94"],"terminus":1,"mode":"bus","color":"#0059a9","colorDark":"#00294f","angle":349.2,"snapDist":6,"label":1}},{"type":"Feature","geometry":{"type":"Point","coordinates":[20.670442,52.219447]},"properties":{"name":"Łaźniew Wiosenna","lines":"49","arr":["49"],"terminus":1,"mode":"bus","color":"#0059a9","colorDark":"#00294f","angle":85.2,"snapDist":6,"label":1}},{"type":"Feature","geometry":{"type":"Point","coordinates":[20.696286,52.203133]},"properties":{"name":"Płochocin Święcicka","lines":"49, 94","arr":["49","94"],"terminus":0,"mode":"bus","color":"#0059a9","colorDark":"#00294f","angle":75.9,"snapDist":4,"label":0}},{"type":"Feature","geometry":{"type":"Point","coordinates":[20.682962,52.206377]},"properties":{"name":"Święcice Wiosenna","lines":"49","arr":["49"],"terminus":0,"mode":"bus","color":"#0059a9","colorDark":"#00294f","angle":0.5,"snapDist":7,"label":0}},{"type":"Feature","geometry":{"type":"Point","coordinates":[20.67418,52.206386]},"properties":{"name":"Kopytów IV","lines":"49","arr":["49"],"terminus":0,"mode":"bus","color":"#0059a9","colorDark":"#00294f","angle":359.8,"snapDist":2,"label":0}},{"type":"Feature","geometry":{"type":"Point","coordinates":[20.667109,52.207172]},"properties":{"name":"Kopytów III","lines":"49","arr":["49"],"terminus":0,"mode":"bus","color":"#0059a9","colorDark":"#00294f","angle":24.9,"snapDist":1,"label":0}},{"type":"Feature","geometry":{"type":"Point","coordinates":[20.672686,52.212835]},"properties":{"name":"Łaźniew Cmentarz","lines":"49","arr":["49"],"terminus":0,"mode":"bus","color":"#0059a9","colorDark":"#00294f","angle":79.6,"snapDist":5,"label":0}},{"type":"Feature","geometry":{"type":"Point","coordinates":[20.671358,52.217275]},"properties":{"name":"Łaźniew Zakład Opiekuńczo-Leczniczy","lines":"49","arr":["49"],"terminus":0,"mode":"bus","color":"#0059a9","colorDark":"#00294f","angle":78.1,"snapDist":6,"label":0}},{"type":"Feature","geometry":{"type":"Point","coordinates":[20.66663,52.223716]},"properties":{"name":"Łaźniew Majątkowa przy nr 2D","lines":"49","arr":["49"],"terminus":0,"mode":"bus","color":"#0059a9","colorDark":"#00294f","angle":78.4,"snapDist":4,"label":0}},{"type":"Feature","geometry":{"type":"Point","coordinates":[20.664334,52.230912]},"properties":{"name":"Łaźniew Majątkowa","lines":"49","arr":["49"],"terminus":0,"mode":"bus","color":"#0059a9","colorDark":"#00294f","angle":78.8,"snapDist":5,"label":0}},{"type":"Feature","geometry":{"type":"Point","coordinates":[20.655565,52.230126]},"properties":{"name":"Łaźniewek","lines":"49","arr":["49"],"terminus":0,"mode":"bus","color":"#0059a9","colorDark":"#00294f","angle":348.5,"snapDist":6,"label":0}},{"type":"Feature","geometry":{"type":"Point","coordinates":[20.65132,52.221072]},"properties":{"name":"Witki Wieś","lines":"49","arr":["49"],"terminus":0,"mode":"bus","color":"#0059a9","colorDark":"#00294f","angle":252.5,"snapDist":3,"label":0}},{"type":"Feature","geometry":{"type":"Point","coordinates":[20.652803,52.216339]},"properties":{"name":"Witki Skrzyżowanie","lines":"49","arr":["49"],"terminus":0,"mode":"bus","color":"#0059a9","colorDark":"#00294f","angle":262.2,"snapDist":3,"label":0}},{"type":"Feature","geometry":{"type":"Point","coordinates":[20.608395,52.184115]},"properties":{"name":"Błonie Mokra","lines":"49","arr":["49"],"terminus":0,"mode":"bus","color":"#0059a9","colorDark":"#00294f","angle":337.5,"snapDist":5,"label":0}},{"type":"Feature","geometry":{"type":"Point","coordinates":[20.603283,52.1828]},"properties":{"name":"Błonie Kwiatów Polnych","lines":"49","arr":["49"],"terminus":0,"mode":"bus","color":"#0059a9","colorDark":"#00294f","angle":337,"snapDist":5,"label":1}},{"type":"Feature","geometry":{"type":"Point","coordinates":[20.601255,52.177518]},"properties":{"name":"Błonie Pogodna","lines":"49","arr":["49"],"terminus":0,"mode":"bus","color":"#0059a9","colorDark":"#00294f","angle":276.6,"snapDist":4,"label":0}},{"type":"Feature","geometry":{"type":"Point","coordinates":[20.594471,52.175668]},"properties":{"name":"Stare Faszczyce","lines":"49","arr":["49"],"terminus":1,"mode":"bus","color":"#0059a9","colorDark":"#00294f","angle":358.1,"snapDist":6,"label":0}},{"type":"Feature","geometry":{"type":"Point","coordinates":[20.705218,52.053258]},"properties":{"name":"Władysławów Boczna","lines":"51, 63","arr":["51","63"],"terminus":0,"mode":"bus","color":"#0059a9","colorDark":"#00294f","angle":32.8,"snapDist":6,"label":1}},{"type":"Feature","geometry":{"type":"Point","coordinates":[20.700677,52.052758]},"properties":{"name":"Władysławów Merkurego","lines":"51, 63","arr":["51","63"],"terminus":0,"mode":"bus","color":"#0059a9","colorDark":"#00294f","angle":289.4,"snapDist":1,"label":1}},{"type":"Feature","geometry":{"type":"Point","coordinates":[20.699356,52.048365]},"properties":{"name":"Siestrzeń Poranna","lines":"51, 63","arr":["51","63"],"terminus":0,"mode":"bus","color":"#0059a9","colorDark":"#00294f","angle":236.3,"snapDist":3,"label":1}},{"type":"Feature","geometry":{"type":"Point","coordinates":[20.700638,52.042212]},"properties":{"name":"Przeszkoda","lines":"51, 63","arr":["51","63"],"terminus":0,"mode":"bus","color":"#0059a9","colorDark":"#00294f","angle":303,"snapDist":6,"label":1}},{"type":"Feature","geometry":{"type":"Point","coordinates":[20.688395,52.036392]},"properties":{"name":"Zalesie","lines":"51, 63","arr":["51","63"],"terminus":0,"mode":"bus","color":"#0059a9","colorDark":"#00294f","angle":51.1,"snapDist":6,"label":1}},{"type":"Feature","geometry":{"type":"Point","coordinates":[20.701647,52.036116]},"properties":{"name":"Żabia Wola Wiśniowa","lines":"51","arr":["51"],"terminus":0,"mode":"bus","color":"#0059a9","colorDark":"#00294f","angle":12.9,"snapDist":2,"label":1}},{"type":"Feature","geometry":{"type":"Point","coordinates":[20.710066,52.035984]},"properties":{"name":"Żabia Wola Rolnicza","lines":"51","arr":["51"],"terminus":0,"mode":"bus","color":"#0059a9","colorDark":"#00294f","angle":-21.2,"snapDist":11,"label":1}},{"type":"Feature","geometry":{"type":"Point","coordinates":[20.702441,52.036005]},"properties":{"name":"Żabia Wola Wiśniowa","lines":"51","arr":["51"],"terminus":0,"mode":"bus","color":"#0059a9","colorDark":"#00294f","angle":192.9,"snapDist":6,"label":0}},{"type":"Feature","geometry":{"type":"Point","coordinates":[20.685731,52.022189]},"properties":{"name":"Huta Żabiowolska Lipowa","lines":"51","arr":["51"],"terminus":0,"mode":"bus","color":"#0059a9","colorDark":"#00294f","angle":28,"snapDist":5,"label":1}},{"type":"Feature","geometry":{"type":"Point","coordinates":[20.676072,52.025205]},"properties":{"name":"Huta Żabiowolska Akacjowa","lines":"51","arr":["51"],"terminus":0,"mode":"bus","color":"#0059a9","colorDark":"#00294f","angle":26.9,"snapDist":4,"label":1}},{"type":"Feature","geometry":{"type":"Point","coordinates":[20.67659,52.025042]},"properties":{"name":"Huta Żabiowolska Akacjowa","lines":"51","arr":["51"],"terminus":0,"mode":"bus","color":"#0059a9","colorDark":"#00294f","angle":207.1,"snapDist":5,"label":0}},{"type":"Feature","geometry":{"type":"Point","coordinates":[20.686352,52.021992]},"properties":{"name":"Huta Żabiowolska Lipowa","lines":"51","arr":["51"],"terminus":0,"mode":"bus","color":"#0059a9","colorDark":"#00294f","angle":207.6,"snapDist":5,"label":0}},{"type":"Feature","geometry":{"type":"Point","coordinates":[20.687817,52.024322]},"properties":{"name":"Żabia Wola Jana Ślaskiego","lines":"51","arr":["51"],"terminus":0,"mode":"bus","color":"#0059a9","colorDark":"#00294f","angle":100.7,"snapDist":4,"label":1}},{"type":"Feature","geometry":{"type":"Point","coordinates":[20.689369,52.03565]},"properties":{"name":"Zalesie","lines":"51, 63","arr":["51","63"],"terminus":0,"mode":"bus","color":"#0059a9","colorDark":"#00294f","angle":231.2,"snapDist":7,"label":0}},{"type":"Feature","geometry":{"type":"Point","coordinates":[20.701299,52.042831]},"properties":{"name":"Przeszkoda","lines":"51, 63","arr":["51","63"],"terminus":0,"mode":"bus","color":"#0059a9","colorDark":"#00294f","angle":124.6,"snapDist":6,"label":0}},{"type":"Feature","geometry":{"type":"Point","coordinates":[20.6993,52.048416]},"properties":{"name":"Siestrzeń Poranna","lines":"51, 63","arr":["51","63"],"terminus":0,"mode":"bus","color":"#0059a9","colorDark":"#00294f","angle":56.3,"snapDist":0,"label":0}},{"type":"Feature","geometry":{"type":"Point","coordinates":[20.700682,52.052767]},"properties":{"name":"Władysławów Merkurego","lines":"51, 63","arr":["51","63"],"terminus":0,"mode":"bus","color":"#0059a9","colorDark":"#00294f","angle":109.4,"snapDist":5,"label":0}},{"type":"Feature","geometry":{"type":"Point","coordinates":[20.705441,52.053123]},"properties":{"name":"Władysławów Boczna","lines":"51, 63","arr":["51","63"],"terminus":0,"mode":"bus","color":"#0059a9","colorDark":"#00294f","angle":230,"snapDist":1,"label":0}},{"type":"Feature","geometry":{"type":"Point","coordinates":[20.711586,52.028793]},"properties":{"name":"Jastrzębnik Pszeniczna","lines":"52","arr":["52"],"terminus":0,"mode":"bus","color":"#0059a9","colorDark":"#00294f","angle":-26.3,"snapDist":5,"label":1}},{"type":"Feature","geometry":{"type":"Point","coordinates":[20.707876,52.024901]},"properties":{"name":"Jastrzębnik Ziołowa","lines":"52","arr":["52"],"terminus":0,"mode":"bus","color":"#0059a9","colorDark":"#00294f","angle":208.8,"snapDist":3,"label":1}},{"type":"Feature","geometry":{"type":"Point","coordinates":[20.726587,52.01982]},"properties":{"name":"Żelechów Topolowa","lines":"52","arr":["52"],"terminus":0,"mode":"bus","color":"#0059a9","colorDark":"#00294f","angle":172.2,"snapDist":4,"label":1}},{"type":"Feature","geometry":{"type":"Point","coordinates":[20.728885,52.020011]},"properties":{"name":"Żelechów Topolowa","lines":"52, 83","arr":["52","83"],"terminus":0,"mode":"bus","color":"#0059a9","colorDark":"#00294f","angle":353.1,"snapDist":4,"label":0}},{"type":"Feature","geometry":{"type":"Point","coordinates":[20.722322,52.019803]},"properties":{"name":"Żelechów Jastrzębska","lines":"52, 83","arr":["52","83"],"terminus":0,"mode":"bus","color":"#0059a9","colorDark":"#00294f","angle":35,"snapDist":6,"label":1}},{"type":"Feature","geometry":{"type":"Point","coordinates":[20.707656,52.024975]},"properties":{"name":"Jastrzębnik Ziołowa","lines":"52, 83","arr":["52","83"],"terminus":0,"mode":"bus","color":"#0059a9","colorDark":"#00294f","angle":28.8,"snapDist":5,"label":0}},{"type":"Feature","geometry":{"type":"Point","coordinates":[20.740133,52.10874]},"properties":{"name":"Żółwin Leśna / Świerkowa","lines":"55","arr":["55"],"terminus":0,"mode":"bus","color":"#0059a9","colorDark":"#00294f","angle":97.3,"snapDist":3,"label":1}},{"type":"Feature","geometry":{"type":"Point","coordinates":[20.740854,52.111956]},"properties":{"name":"Żółwin Leśna / Młochowska","lines":"55","arr":["55"],"terminus":0,"mode":"bus","color":"#0059a9","colorDark":"#00294f","angle":97.1,"snapDist":1,"label":1}},{"type":"Feature","geometry":{"type":"Point","coordinates":[20.739106,52.10643]},"properties":{"name":"Żółwin Nadarzyńska / Leśna","lines":"55","arr":["55"],"terminus":0,"mode":"bus","color":"#0059a9","colorDark":"#00294f","angle":9.5,"snapDist":7,"label":1}},{"type":"Feature","geometry":{"type":"Point","coordinates":[20.613233,52.06916]},"properties":{"name":"Mościska","lines":"58","arr":["58"],"terminus":0,"mode":"bus","color":"#0059a9","colorDark":"#00294f","angle":356.7,"snapDist":6,"label":0}},{"type":"Feature","geometry":{"type":"Point","coordinates":[20.604078,52.068737]},"properties":{"name":"Janinów Irlandzka","lines":"58","arr":["58"],"terminus":0,"mode":"bus","color":"#0059a9","colorDark":"#00294f","angle":356.4,"snapDist":4,"label":0}},{"type":"Feature","geometry":{"type":"Point","coordinates":[20.595962,52.067252]},"properties":{"name":"Czarny Las Cedrowa","lines":"58","arr":["58"],"terminus":0,"mode":"bus","color":"#0059a9","colorDark":"#00294f","angle":356.8,"snapDist":4,"label":0}},{"type":"Feature","geometry":{"type":"Point","coordinates":[20.594202,52.065153]},"properties":{"name":"Czarny Las Malwowa","lines":"58","arr":["58"],"terminus":0,"mode":"bus","color":"#0059a9","colorDark":"#00294f","angle":246.3,"snapDist":3,"label":0}},{"type":"Feature","geometry":{"type":"Point","coordinates":[20.595822,52.064667]},"properties":{"name":"Czarny Las Wiązowa","lines":"58","arr":["58"],"terminus":0,"mode":"bus","color":"#0059a9","colorDark":"#00294f","angle":168.7,"snapDist":6,"label":0}},{"type":"Feature","geometry":{"type":"Point","coordinates":[20.596295,52.062096]},"properties":{"name":"Czarny Las Migdałowa","lines":"58","arr":["58"],"terminus":0,"mode":"bus","color":"#0059a9","colorDark":"#00294f","angle":266.8,"snapDist":3,"label":0}},{"type":"Feature","geometry":{"type":"Point","coordinates":[20.589723,52.060199]},"properties":{"name":"Czarny Las Kwitnącej Wiśni","lines":"58","arr":["58"],"terminus":0,"mode":"bus","color":"#0059a9","colorDark":"#00294f","angle":357.1,"snapDist":4,"label":0}},{"type":"Feature","geometry":{"type":"Point","coordinates":[20.582649,52.061221]},"properties":{"name":"Czarny Las Limbowa","lines":"58","arr":["58"],"terminus":0,"mode":"bus","color":"#0059a9","colorDark":"#00294f","angle":21.1,"snapDist":5,"label":0}},{"type":"Feature","geometry":{"type":"Point","coordinates":[20.577733,52.059178]},"properties":{"name":"Czarny Las Platanowa","lines":"58","arr":["58"],"terminus":0,"mode":"bus","color":"#0059a9","colorDark":"#00294f","angle":271.2,"snapDist":5,"label":0}},{"type":"Feature","geometry":{"type":"Point","coordinates":[20.788882,52.16327]},"properties":{"name":"Pruszków Urząd Skarbowy","lines":"60, 65, 66","arr":["60","65","66"],"terminus":0,"mode":"bus","color":"#0059a9","colorDark":"#00294f","angle":295.3,"snapDist":4,"label":1}},{"type":"Feature","geometry":{"type":"Point","coordinates":[20.787363,52.160217]},"properties":{"name":"Pruszków Rondo ks. J. Popiełuszki","lines":"60, 65, 66, 78","arr":["60","65","66","78"],"terminus":0,"mode":"bus","color":"#0059a9","colorDark":"#00294f","angle":196.5,"snapDist":6,"label":1}},{"type":"Feature","geometry":{"type":"Point","coordinates":[20.79332,52.15713]},"properties":{"name":"Pruszków Jasna","lines":"60, 62, 65, Z67","arr":["60","62","65","Z67"],"terminus":0,"mode":"bus","color":"#0059a9","colorDark":"#00294f","angle":232.3,"snapDist":6,"label":1}},{"type":"Feature","geometry":{"type":"Point","coordinates":[20.790007,52.151537]},"properties":{"name":"Pruszków Os. Staszica / Działkowa","lines":"60, 62, 65, Z67","arr":["60","62","65","Z67"],"terminus":0,"mode":"bus","color":"#0059a9","colorDark":"#00294f","angle":284.6,"snapDist":8,"label":1}},{"type":"Feature","geometry":{"type":"Point","coordinates":[20.795259,52.14981]},"properties":{"name":"Nowa Wieś Sasanek","lines":"60, 62, 65","arr":["60","62","65"],"terminus":0,"mode":"bus","color":"#0059a9","colorDark":"#00294f","angle":186.3,"snapDist":5,"label":1}},{"type":"Feature","geometry":{"type":"Point","coordinates":[20.803572,52.149031]},"properties":{"name":"Nowa Wieś Brzozowa","lines":"60, 62, 65","arr":["60","62","65"],"terminus":0,"mode":"bus","color":"#0059a9","colorDark":"#00294f","angle":194.6,"snapDist":5,"label":1}},{"type":"Feature","geometry":{"type":"Point","coordinates":[20.805281,52.14124]},"properties":{"name":"Granica Długa","lines":"60, 65","arr":["60","65"],"terminus":0,"mode":"bus","color":"#0059a9","colorDark":"#00294f","angle":293.3,"snapDist":2,"label":1}},{"type":"Feature","geometry":{"type":"Point","coordinates":[20.798704,52.12452]},"properties":{"name":"Kanie Osiedle Słoneczne","lines":"60, 65","arr":["60","65"],"terminus":0,"mode":"bus","color":"#0059a9","colorDark":"#00294f","angle":281.3,"snapDist":7,"label":1}},{"type":"Feature","geometry":{"type":"Point","coordinates":[20.797383,52.115891]},"properties":{"name":"Strzeniówka","lines":"60, 65","arr":["60","65"],"terminus":0,"mode":"bus","color":"#0059a9","colorDark":"#00294f","angle":246.3,"snapDist":2,"label":1}},{"type":"Feature","geometry":{"type":"Point","coordinates":[20.802152,52.106224]},"properties":{"name":"Nadarzyn Lipowa","lines":"60, 65","arr":["60","65"],"terminus":0,"mode":"bus","color":"#0059a9","colorDark":"#00294f","angle":254.5,"snapDist":6,"label":1}},{"type":"Feature","geometry":{"type":"Point","coordinates":[20.806148,52.098146]},"properties":{"name":"Nadarzyn Pruszkowska","lines":"60, 65","arr":["60","65"],"terminus":0,"mode":"bus","color":"#0059a9","colorDark":"#00294f","angle":253.4,"snapDist":2,"label":1}},{"type":"Feature","geometry":{"type":"Point","coordinates":[20.847103,52.07448]},"properties":{"name":"Walendów","lines":"60","arr":["60"],"terminus":1,"mode":"bus","color":"#0059a9","colorDark":"#00294f","angle":-106.6,"snapDist":9,"label":1}},{"type":"Feature","geometry":{"type":"Point","coordinates":[20.847317,52.078281]},"properties":{"name":"Walendów Cyranki","lines":"60","arr":["60"],"terminus":0,"mode":"bus","color":"#0059a9","colorDark":"#00294f","angle":92.6,"snapDist":4,"label":1}},{"type":"Feature","geometry":{"type":"Point","coordinates":[20.847329,52.0875]},"properties":{"name":"Walendów Stawowa","lines":"60","arr":["60"],"terminus":0,"mode":"bus","color":"#0059a9","colorDark":"#00294f","angle":77.2,"snapDist":5,"label":1}},{"type":"Feature","geometry":{"type":"Point","coordinates":[20.844823,52.09217]},"properties":{"name":"Walendów Wentana","lines":"60","arr":["60"],"terminus":0,"mode":"bus","color":"#0059a9","colorDark":"#00294f","angle":28.3,"snapDist":6,"label":1}},{"type":"Feature","geometry":{"type":"Point","coordinates":[20.834036,52.093]},"properties":{"name":"Walendów Ogrody","lines":"60","arr":["60"],"terminus":0,"mode":"bus","color":"#0059a9","colorDark":"#00294f","angle":4.6,"snapDist":5,"label":1}},{"type":"Feature","geometry":{"type":"Point","coordinates":[20.825853,52.092866]},"properties":{"name":"Kajetany Brzozowa","lines":"60","arr":["60"],"terminus":0,"mode":"bus","color":"#0059a9","colorDark":"#00294f","angle":357.6,"snapDist":3,"label":1}},{"type":"Feature","geometry":{"type":"Point","coordinates":[20.814236,52.092386]},"properties":{"name":"Kajetany Klonowa","lines":"60","arr":["60"],"terminus":0,"mode":"bus","color":"#0059a9","colorDark":"#00294f","angle":58.1,"snapDist":3,"label":1}},{"type":"Feature","geometry":{"type":"Point","coordinates":[20.822349,52.096629]},"properties":{"name":"Kajetany Centrum Słuchu i Mowy","lines":"60","arr":["60"],"terminus":0,"mode":"bus","color":"#0059a9","colorDark":"#00294f","angle":94.4,"snapDist":3,"label":1}},{"type":"Feature","geometry":{"type":"Point","coordinates":[20.825901,52.101895]},"properties":{"name":"Nadarzyn Centrum Mody","lines":"60, 63","arr":["60","63"],"terminus":0,"mode":"bus","color":"#0059a9","colorDark":"#00294f","angle":326.7,"snapDist":4,"label":1}},{"type":"Feature","geometry":{"type":"Point","coordinates":[20.808584,52.093675]},"properties":{"name":"Nadarzyn Węzeł","lines":"60, 63, 65","arr":["60","63","65"],"terminus":0,"mode":"bus","color":"#0059a9","colorDark":"#00294f","angle":207.6,"snapDist":11,"label":1}},{"type":"Feature","geometry":{"type":"Point","coordinates":[20.805884,52.098678]},"properties":{"name":"Nadarzyn Pruszkowska","lines":"60, 65","arr":["60","65"],"terminus":0,"mode":"bus","color":"#0059a9","colorDark":"#00294f","angle":73.4,"snapDist":4,"label":0}},{"type":"Feature","geometry":{"type":"Point","coordinates":[20.802821,52.104875]},"properties":{"name":"Nadarzyn Lipowa","lines":"60, 65","arr":["60","65"],"terminus":0,"mode":"bus","color":"#0059a9","colorDark":"#00294f","angle":73.2,"snapDist":3,"label":0}},{"type":"Feature","geometry":{"type":"Point","coordinates":[20.796884,52.116832]},"properties":{"name":"Strzeniówka","lines":"60, 65","arr":["60","65"],"terminus":0,"mode":"bus","color":"#0059a9","colorDark":"#00294f","angle":74.4,"snapDist":4,"label":0}},{"type":"Feature","geometry":{"type":"Point","coordinates":[20.79938,52.127064]},"properties":{"name":"Kanie Osiedle Słoneczne","lines":"60, 65","arr":["60","65"],"terminus":0,"mode":"bus","color":"#0059a9","colorDark":"#00294f","angle":98.8,"snapDist":3,"label":1}},{"type":"Feature","geometry":{"type":"Point","coordinates":[20.8044,52.135054]},"properties":{"name":"Granica Świetlica","lines":"60, 65","arr":["60","65"],"terminus":0,"mode":"bus","color":"#0059a9","colorDark":"#00294f","angle":102.2,"snapDist":6,"label":1}},{"type":"Feature","geometry":{"type":"Point","coordinates":[20.803117,52.149084]},"properties":{"name":"Nowa Wieś Brzozowa","lines":"60, 62, 65","arr":["60","62","65"],"terminus":0,"mode":"bus","color":"#0059a9","colorDark":"#00294f","angle":9.3,"snapDist":8,"label":0}},{"type":"Feature","geometry":{"type":"Point","coordinates":[20.791,52.152641]},"properties":{"name":"Pruszków Os. Staszica / Działkowa","lines":"60, 62, 65, Z67","arr":["60","62","65","Z67"],"terminus":0,"mode":"bus","color":"#0059a9","colorDark":"#00294f","angle":132.5,"snapDist":10,"label":0}},{"type":"Feature","geometry":{"type":"Point","coordinates":[20.793443,52.157032]},"properties":{"name":"Pruszków Jasna","lines":"60, 62, 65, Z67","arr":["60","62","65","Z67"],"terminus":0,"mode":"bus","color":"#0059a9","colorDark":"#00294f","angle":52.7,"snapDist":8,"label":0}},{"type":"Feature","geometry":{"type":"Point","coordinates":[20.792369,52.159806]},"properties":{"name":"Pruszków Ołówkowa","lines":"60, 62, 65, 66, 78, Z67","arr":["60","62","65","66","78","Z67"],"terminus":0,"mode":"bus","color":"#0059a9","colorDark":"#00294f","angle":179.3,"snapDist":6,"label":1}},{"type":"Feature","geometry":{"type":"Point","coordinates":[20.798557,52.162596]},"properties":{"name":"Pruszków Moniuszki","lines":"60, 65, 66, 78, Z67","arr":["60","65","66","78","Z67"],"terminus":0,"mode":"bus","color":"#0059a9","colorDark":"#00294f","angle":114.7,"snapDist":3,"label":1}},{"type":"Feature","geometry":{"type":"Point","coordinates":[20.801729,52.166859]},"properties":{"name":"Pruszków Pałacyk Sokoła","lines":"60, 65, 66, 78, Z67","arr":["60","65","66","78","Z67"],"terminus":0,"mode":"bus","color":"#0059a9","colorDark":"#00294f","angle":114.3,"snapDist":4,"label":1}},{"type":"Feature","geometry":{"type":"Point","coordinates":[20.826536,52.102148]},"properties":{"name":"Nadarzyn Centrum Mody","lines":"60, 63","arr":["60","63"],"terminus":0,"mode":"bus","color":"#0059a9","colorDark":"#00294f","angle":146.7,"snapDist":2,"label":0}},{"type":"Feature","geometry":{"type":"Point","coordinates":[20.814364,52.092125]},"properties":{"name":"Kajetany Klonowa","lines":"60","arr":["60"],"terminus":0,"mode":"bus","color":"#0059a9","colorDark":"#00294f","angle":239.1,"snapDist":4,"label":0}},{"type":"Feature","geometry":{"type":"Point","coordinates":[20.826631,52.092886]},"properties":{"name":"Kajetany Brzozowa","lines":"60","arr":["60"],"terminus":0,"mode":"bus","color":"#0059a9","colorDark":"#00294f","angle":177.6,"snapDist":5,"label":0}},{"type":"Feature","geometry":{"type":"Point","coordinates":[20.833293,52.093036]},"properties":{"name":"Walendów Ogrody","lines":"60","arr":["60"],"terminus":0,"mode":"bus","color":"#0059a9","colorDark":"#00294f","angle":184.4,"snapDist":6,"label":0}},{"type":"Feature","geometry":{"type":"Point","coordinates":[20.845178,52.092052]},"properties":{"name":"Walendów Wentana","lines":"60","arr":["60"],"terminus":0,"mode":"bus","color":"#0059a9","colorDark":"#00294f","angle":208.3,"snapDist":3,"label":0}},{"type":"Feature","geometry":{"type":"Point","coordinates":[20.847499,52.087024]},"properties":{"name":"Walendów Stawowa","lines":"60","arr":["60"],"terminus":0,"mode":"bus","color":"#0059a9","colorDark":"#00294f","angle":259.1,"snapDist":4,"label":0}},{"type":"Feature","geometry":{"type":"Point","coordinates":[20.847287,52.07784]},"properties":{"name":"Walendów Cyranki","lines":"60","arr":["60"],"terminus":0,"mode":"bus","color":"#0059a9","colorDark":"#00294f","angle":272.1,"snapDist":4,"label":0}},{"type":"Feature","geometry":{"type":"Point","coordinates":[20.905449,52.180671]},"properties":{"name":"Opacz WKD","lines":"61","arr":["61"],"terminus":1,"mode":"bus","color":"#0059a9","colorDark":"#00294f","angle":235,"snapDist":5,"label":1}},{"type":"Feature","geometry":{"type":"Point","coordinates":[20.904564,52.17828]},"properties":{"name":"Opacz Środkowa","lines":"61","arr":["61"],"terminus":0,"mode":"bus","color":"#0059a9","colorDark":"#00294f","angle":8.8,"snapDist":10,"label":1}},{"type":"Feature","geometry":{"type":"Point","coordinates":[20.896488,52.171399]},"properties":{"name":"Opacz Mała Czapli","lines":"61","arr":["61"],"terminus":0,"mode":"bus","color":"#0059a9","colorDark":"#00294f","angle":9.1,"snapDist":6,"label":1}},{"type":"Feature","geometry":{"type":"Point","coordinates":[20.891591,52.170139]},"properties":{"name":"Michałowice Kościół","lines":"61","arr":["61"],"terminus":0,"mode":"bus","color":"#0059a9","colorDark":"#00294f","angle":314.7,"snapDist":3,"label":1}},{"type":"Feature","geometry":{"type":"Point","coordinates":[20.888626,52.167461]},"properties":{"name":"Michałowice Skatepark","lines":"61","arr":["61"],"terminus":0,"mode":"bus","color":"#0059a9","colorDark":"#00294f","angle":227.1,"snapDist":8,"label":1}},{"type":"Feature","geometry":{"type":"Point","coordinates":[20.892013,52.165375]},"properties":{"name":"Michałowice Wesoła","lines":"61","arr":["61"],"terminus":0,"mode":"bus","color":"#0059a9","colorDark":"#00294f","angle":225.2,"snapDist":9,"label":1}},{"type":"Feature","geometry":{"type":"Point","coordinates":[20.889077,52.16222]},"properties":{"name":"Michałowice Poniatowskiego","lines":"61","arr":["61"],"terminus":0,"mode":"bus","color":"#0059a9","colorDark":"#00294f","angle":305.2,"snapDist":5,"label":1}},{"type":"Feature","geometry":{"type":"Point","coordinates":[20.885629,52.163398]},"properties":{"name":"Michałowice Słowackiego","lines":"61","arr":["61"],"terminus":0,"mode":"bus","color":"#0059a9","colorDark":"#00294f","angle":45,"snapDist":5,"label":1}},{"type":"Feature","geometry":{"type":"Point","coordinates":[20.882804,52.165157]},"properties":{"name":"Michałowice Spacerowa","lines":"61","arr":["61"],"terminus":0,"mode":"bus","color":"#0059a9","colorDark":"#00294f","angle":45.6,"snapDist":4,"label":1}},{"type":"Feature","geometry":{"type":"Point","coordinates":[20.876982,52.168314]},"properties":{"name":"Michałowice Regulska","lines":"61","arr":["61"],"terminus":0,"mode":"bus","color":"#0059a9","colorDark":"#00294f","angle":295.4,"snapDist":4,"label":1}},{"type":"Feature","geometry":{"type":"Point","coordinates":[20.87041,52.165335]},"properties":{"name":"Michałowice Cmentarz","lines":"61","arr":["61"],"terminus":0,"mode":"bus","color":"#0059a9","colorDark":"#00294f","angle":30.6,"snapDist":4,"label":1}},{"type":"Feature","geometry":{"type":"Point","coordinates":[20.861765,52.16924]},"properties":{"name":"Reguły Urząd Gminy","lines":"61","arr":["61"],"terminus":0,"mode":"bus","color":"#0059a9","colorDark":"#00294f","angle":30.6,"snapDist":4,"label":1}},{"type":"Feature","geometry":{"type":"Point","coordinates":[20.859862,52.170133]},"properties":{"name":"Reguły WKD","lines":"61","arr":["61"],"terminus":1,"mode":"bus","color":"#0059a9","colorDark":"#00294f","angle":-76.3,"snapDist":6,"label":1}},{"type":"Feature","geometry":{"type":"Point","coordinates":[20.848778,52.152349]},"properties":{"name":"Pęcice Kościół","lines":"61","arr":["61"],"terminus":0,"mode":"bus","color":"#0059a9","colorDark":"#00294f","angle":257.7,"snapDist":8,"label":1}},{"type":"Feature","geometry":{"type":"Point","coordinates":[20.84673,52.141978]},"properties":{"name":"Pęcice Małe Przepiórki","lines":"61","arr":["61"],"terminus":0,"mode":"bus","color":"#0059a9","colorDark":"#00294f","angle":281.2,"snapDist":2,"label":1}},{"type":"Feature","geometry":{"type":"Point","coordinates":[20.850941,52.135255]},"properties":{"name":"Suchy Las","lines":"61","arr":["61"],"terminus":0,"mode":"bus","color":"#0059a9","colorDark":"#00294f","angle":207,"snapDist":5,"label":1}},{"type":"Feature","geometry":{"type":"Point","coordinates":[20.883518,52.129013]},"properties":{"name":"Janki Małe","lines":"61","arr":["61"],"terminus":0,"mode":"bus","color":"#0059a9","colorDark":"#00294f","angle":180.4,"snapDist":9,"label":1}},{"type":"Feature","geometry":{"type":"Point","coordinates":[20.894398,52.13261]},"properties":{"name":"Janki Pl. Szwedzki","lines":"61, 62","arr":["61","62"],"terminus":1,"mode":"bus","color":"#0059a9","colorDark":"#00294f","angle":-172.4,"snapDist":5,"label":1}},{"type":"Feature","geometry":{"type":"Point","coordinates":[20.891726,52.133349]},"properties":{"name":"Janki Pl. Szwedzki","lines":"61, 63, 83","arr":["61","63","83"],"terminus":0,"mode":"bus","color":"#0059a9","colorDark":"#00294f","angle":314.6,"snapDist":6,"label":0}},{"type":"Feature","geometry":{"type":"Point","coordinates":[20.882188,52.129026]},"properties":{"name":"Janki Małe","lines":"61","arr":["61"],"terminus":0,"mode":"bus","color":"#0059a9","colorDark":"#00294f","angle":1.3,"snapDist":11,"label":0}},{"type":"Feature","geometry":{"type":"Point","coordinates":[20.850963,52.135248]},"properties":{"name":"Suchy Las","lines":"61","arr":["61"],"terminus":0,"mode":"bus","color":"#0059a9","colorDark":"#00294f","angle":27,"snapDist":4,"label":0}},{"type":"Feature","geometry":{"type":"Point","coordinates":[20.846907,52.142504]},"properties":{"name":"Pęcice Małe Przepiórki","lines":"61","arr":["61"],"terminus":0,"mode":"bus","color":"#0059a9","colorDark":"#00294f","angle":101.9,"snapDist":7,"label":0}},{"type":"Feature","geometry":{"type":"Point","coordinates":[20.848789,52.152317]},"properties":{"name":"Pęcice Kościół","lines":"61","arr":["61"],"terminus":0,"mode":"bus","color":"#0059a9","colorDark":"#00294f","angle":77.7,"snapDist":7,"label":0}},{"type":"Feature","geometry":{"type":"Point","coordinates":[20.860123,52.169633]},"properties":{"name":"Reguły Urząd Gminy","lines":"61","arr":["61"],"terminus":0,"mode":"bus","color":"#0059a9","colorDark":"#00294f","angle":194.9,"snapDist":6,"label":0}},{"type":"Feature","geometry":{"type":"Point","coordinates":[20.87087,52.165168]},"properties":{"name":"Michałowice Cmentarz","lines":"61","arr":["61"],"terminus":0,"mode":"bus","color":"#0059a9","colorDark":"#00294f","angle":210.6,"snapDist":7,"label":0}},{"type":"Feature","geometry":{"type":"Point","coordinates":[20.876835,52.168127]},"properties":{"name":"Michałowice Regulska","lines":"61","arr":["61"],"terminus":0,"mode":"bus","color":"#0059a9","colorDark":"#00294f","angle":116,"snapDist":5,"label":0}},{"type":"Feature","geometry":{"type":"Point","coordinates":[20.881984,52.165665]},"properties":{"name":"Michałowice Spacerowa","lines":"61","arr":["61"],"terminus":0,"mode":"bus","color":"#0059a9","colorDark":"#00294f","angle":224.6,"snapDist":3,"label":0}},{"type":"Feature","geometry":{"type":"Point","coordinates":[20.886352,52.162959]},"properties":{"name":"Michałowice Słowackiego","lines":"61","arr":["61"],"terminus":0,"mode":"bus","color":"#0059a9","colorDark":"#00294f","angle":223.1,"snapDist":9,"label":0}},{"type":"Feature","geometry":{"type":"Point","coordinates":[20.889777,52.162845]},"properties":{"name":"Michałowice Poniatowskiego","lines":"61","arr":["61"],"terminus":0,"mode":"bus","color":"#0059a9","colorDark":"#00294f","angle":125.3,"snapDist":10,"label":0}},{"type":"Feature","geometry":{"type":"Point","coordinates":[20.891939,52.164673]},"properties":{"name":"Michałowice Wesoła","lines":"61","arr":["61"],"terminus":0,"mode":"bus","color":"#0059a9","colorDark":"#00294f","angle":125.4,"snapDist":5,"label":0}},{"type":"Feature","geometry":{"type":"Point","coordinates":[20.889649,52.168896]},"properties":{"name":"Michałowice Szkoła","lines":"61","arr":["61"],"terminus":0,"mode":"bus","color":"#0059a9","colorDark":"#00294f","angle":124.5,"snapDist":2,"label":1}},{"type":"Feature","geometry":{"type":"Point","coordinates":[20.892007,52.170396]},"properties":{"name":"Michałowice Kościół","lines":"61","arr":["61"],"terminus":0,"mode":"bus","color":"#0059a9","colorDark":"#00294f","angle":135.1,"snapDist":7,"label":0}},{"type":"Feature","geometry":{"type":"Point","coordinates":[20.897987,52.17108]},"properties":{"name":"Opacz Mała Czapli","lines":"61","arr":["61"],"terminus":0,"mode":"bus","color":"#0059a9","colorDark":"#00294f","angle":212.9,"snapDist":7,"label":0}},{"type":"Feature","geometry":{"type":"Point","coordinates":[20.905026,52.181038]},"properties":{"name":"Opacz WKD","lines":"61","arr":["61"],"terminus":1,"mode":"bus","color":"#0059a9","colorDark":"#00294f","angle":54.5,"snapDist":6,"label":0}},{"type":"Feature","geometry":{"type":"Point","coordinates":[20.943727,52.176185]},"properties":{"name":"Warszawa P+R Al. Krakowska","lines":"62, 63, 83","arr":["62","63","83"],"terminus":1,"mode":"bus","color":"#0059a9","colorDark":"#00294f","angle":303.4,"snapDist":10,"label":1}},{"type":"Feature","geometry":{"type":"Point","coordinates":[20.925218,52.158789]},"properties":{"name":"Raszyn Młyn","lines":"62, 63, 83","arr":["62","63","83"],"terminus":0,"mode":"bus","color":"#0059a9","colorDark":"#00294f","angle":303.1,"snapDist":7,"label":1}},{"type":"Feature","geometry":{"type":"Point","coordinates":[20.921328,52.155069]},"properties":{"name":"Raszyn Szkolna","lines":"62, 63, 83","arr":["62","63","83"],"terminus":0,"mode":"bus","color":"#0059a9","colorDark":"#00294f","angle":303.1,"snapDist":7,"label":1}},{"type":"Feature","geometry":{"type":"Point","coordinates":[20.919404,52.153237]},"properties":{"name":"Raszyn Sportowa","lines":"62, 63, 83","arr":["62","63","83"],"terminus":0,"mode":"bus","color":"#0059a9","colorDark":"#00294f","angle":302,"snapDist":8,"label":1}},{"type":"Feature","geometry":{"type":"Point","coordinates":[20.916646,52.150591]},"properties":{"name":"Raszyn Kościół","lines":"62, 63, 83","arr":["62","63","83"],"terminus":0,"mode":"bus","color":"#0059a9","colorDark":"#00294f","angle":303.5,"snapDist":4,"label":1}},{"type":"Feature","geometry":{"type":"Point","coordinates":[20.910481,52.145876]},"properties":{"name":"Puchały","lines":"62, 63, 83","arr":["62","63","83"],"terminus":0,"mode":"bus","color":"#0059a9","colorDark":"#00294f","angle":309.4,"snapDist":8,"label":1}},{"type":"Feature","geometry":{"type":"Point","coordinates":[20.902229,52.139638]},"properties":{"name":"Janki","lines":"62, 63, 83","arr":["62","63","83"],"terminus":0,"mode":"bus","color":"#0059a9","colorDark":"#00294f","angle":309.3,"snapDist":8,"label":1}},{"type":"Feature","geometry":{"type":"Point","coordinates":[20.895336,52.137265]},"properties":{"name":"Janki Wspólna","lines":"62","arr":["62"],"terminus":0,"mode":"bus","color":"#0059a9","colorDark":"#00294f","angle":6.5,"snapDist":4,"label":1}},{"type":"Feature","geometry":{"type":"Point","coordinates":[20.884792,52.139265]},"properties":{"name":"Wypędy Platynowa","lines":"62","arr":["62"],"terminus":0,"mode":"bus","color":"#0059a9","colorDark":"#00294f","angle":78.8,"snapDist":3,"label":1}},{"type":"Feature","geometry":{"type":"Point","coordinates":[20.881454,52.143966]},"properties":{"name":"Wypędy Węzeł","lines":"62","arr":["62"],"terminus":0,"mode":"bus","color":"#0059a9","colorDark":"#00294f","angle":8.5,"snapDist":3,"label":1}},{"type":"Feature","geometry":{"type":"Point","coordinates":[20.875576,52.143772]},"properties":{"name":"Sokołów Wacława","lines":"62","arr":["62"],"terminus":0,"mode":"bus","color":"#0059a9","colorDark":"#00294f","angle":352.4,"snapDist":5,"label":1}},{"type":"Feature","geometry":{"type":"Point","coordinates":[20.864057,52.144053]},"properties":{"name":"Sokołów Rodzinna","lines":"62","arr":["62"],"terminus":0,"mode":"bus","color":"#0059a9","colorDark":"#00294f","angle":0.6,"snapDist":6,"label":1}},{"type":"Feature","geometry":{"type":"Point","coordinates":[20.845927,52.144179]},"properties":{"name":"Pęcice Małe Parkowa","lines":"62","arr":["62"],"terminus":0,"mode":"bus","color":"#0059a9","colorDark":"#00294f","angle":352.8,"snapDist":6,"label":1}},{"type":"Feature","geometry":{"type":"Point","coordinates":[20.835135,52.143843]},"properties":{"name":"Pęcice Małe Konopnickiej","lines":"62","arr":["62"],"terminus":0,"mode":"bus","color":"#0059a9","colorDark":"#00294f","angle":355.3,"snapDist":6,"label":1}},{"type":"Feature","geometry":{"type":"Point","coordinates":[20.829736,52.145264]},"properties":{"name":"Komorów Sanatoryjna","lines":"62","arr":["62"],"terminus":0,"mode":"bus","color":"#0059a9","colorDark":"#00294f","angle":17.6,"snapDist":6,"label":1}},{"type":"Feature","geometry":{"type":"Point","coordinates":[20.820038,52.146115]},"properties":{"name":"Komorów Podhalańska","lines":"62","arr":["62"],"terminus":0,"mode":"bus","color":"#0059a9","colorDark":"#00294f","angle":15.4,"snapDist":3,"label":1}},{"type":"Feature","geometry":{"type":"Point","coordinates":[20.812039,52.147684]},"properties":{"name":"Komorów WKD","lines":"62","arr":["62"],"terminus":0,"mode":"bus","color":"#0059a9","colorDark":"#00294f","angle":14.2,"snapDist":4,"label":1}},{"type":"Feature","geometry":{"type":"Point","coordinates":[20.799433,52.159548]},"properties":{"name":"Pruszków Al. Wojska Polskiego","lines":"62","arr":["62"],"terminus":0,"mode":"bus","color":"#0059a9","colorDark":"#00294f","angle":185.2,"snapDist":6,"label":1}},{"type":"Feature","geometry":{"type":"Point","coordinates":[20.803692,52.159584]},"properties":{"name":"Pruszków Ceramiczna","lines":"62","arr":["62"],"terminus":0,"mode":"bus","color":"#0059a9","colorDark":"#00294f","angle":136.2,"snapDist":7,"label":1}},{"type":"Feature","geometry":{"type":"Point","coordinates":[20.805767,52.162505]},"properties":{"name":"Pruszków Kościelna","lines":"62","arr":["62"],"terminus":0,"mode":"bus","color":"#0059a9","colorDark":"#00294f","angle":112.1,"snapDist":10,"label":1}},{"type":"Feature","geometry":{"type":"Point","coordinates":[20.807139,52.164564]},"properties":{"name":"Pruszków Kościuszki","lines":"62","arr":["62"],"terminus":0,"mode":"bus","color":"#0059a9","colorDark":"#00294f","angle":114.9,"snapDist":7,"label":1}},{"type":"Feature","geometry":{"type":"Point","coordinates":[20.813487,52.171981]},"properties":{"name":"Pruszków Topolowa","lines":"62","arr":["62"],"terminus":0,"mode":"bus","color":"#0059a9","colorDark":"#00294f","angle":127.8,"snapDist":4,"label":1}},{"type":"Feature","geometry":{"type":"Point","coordinates":[20.820325,52.173009]},"properties":{"name":"Pruszków Szpitalna","lines":"62","arr":["62"],"terminus":0,"mode":"bus","color":"#0059a9","colorDark":"#00294f","angle":201.9,"snapDist":5,"label":1}},{"type":"Feature","geometry":{"type":"Point","coordinates":[20.82872,52.170526]},"properties":{"name":"Szpital Tworki","lines":"62","arr":["62"],"terminus":0,"mode":"bus","color":"#0059a9","colorDark":"#00294f","angle":197.8,"snapDist":5,"label":1}},{"type":"Feature","geometry":{"type":"Point","coordinates":[20.840904,52.168667]},"properties":{"name":"Malichy WKD","lines":"62, 97","arr":["62","97"],"terminus":0,"mode":"bus","color":"#0059a9","colorDark":"#00294f","angle":102.1,"snapDist":5,"label":1}},{"type":"Feature","geometry":{"type":"Point","coordinates":[20.84074,52.178594]},"properties":{"name":"Piastów Orzeszkowej","lines":"62, 97","arr":["62","97"],"terminus":0,"mode":"bus","color":"#0059a9","colorDark":"#00294f","angle":107.4,"snapDist":7,"label":1}},{"type":"Feature","geometry":{"type":"Point","coordinates":[20.840039,52.185183]},"properties":{"name":"Piastów Traugutta","lines":"62, 97","arr":["62","97"],"terminus":0,"mode":"bus","color":"#0059a9","colorDark":"#00294f","angle":94.1,"snapDist":9,"label":1}},{"type":"Feature","geometry":{"type":"Point","coordinates":[20.840363,52.188136]},"properties":{"name":"Piastów Dąbrowskiego","lines":"62, 97","arr":["62","97"],"terminus":0,"mode":"bus","color":"#0059a9","colorDark":"#00294f","angle":85.4,"snapDist":6,"label":1}},{"type":"Feature","geometry":{"type":"Point","coordinates":[20.840927,52.192081]},"properties":{"name":"Piastów Toruńska","lines":"62, 97","arr":["62","97"],"terminus":0,"mode":"bus","color":"#0059a9","colorDark":"#00294f","angle":98.1,"snapDist":1,"label":1}},{"type":"Feature","geometry":{"type":"Point","coordinates":[20.835372,52.192909]},"properties":{"name":"Piastów Al. Piłsudskiego","lines":"62, 97","arr":["62","97"],"terminus":0,"mode":"bus","color":"#0059a9","colorDark":"#00294f","angle":4.8,"snapDist":7,"label":1}},{"type":"Feature","geometry":{"type":"Point","coordinates":[20.828964,52.192891]},"properties":{"name":"Piastów Ogińskiego","lines":"62, 97","arr":["62","97"],"terminus":1,"mode":"bus","color":"#0059a9","colorDark":"#00294f","angle":352.9,"snapDist":13,"label":1}},{"type":"Feature","geometry":{"type":"Point","coordinates":[20.839098,52.192671]},"properties":{"name":"Piastów Toruńska","lines":"62, 97","arr":["62","97"],"terminus":0,"mode":"bus","color":"#0059a9","colorDark":"#00294f","angle":187.1,"snapDist":7,"label":0}},{"type":"Feature","geometry":{"type":"Point","coordinates":[20.840355,52.189466]},"properties":{"name":"Piastów Dąbrowskiego","lines":"62, 97","arr":["62","97"],"terminus":0,"mode":"bus","color":"#0059a9","colorDark":"#00294f","angle":276.4,"snapDist":9,"label":0}},{"type":"Feature","geometry":{"type":"Point","coordinates":[20.84014,52.183991]},"properties":{"name":"Piastów Traugutta","lines":"62, 97","arr":["62","97"],"terminus":0,"mode":"bus","color":"#0059a9","colorDark":"#00294f","angle":235.5,"snapDist":15,"label":0}},{"type":"Feature","geometry":{"type":"Point","coordinates":[20.840184,52.177568]},"properties":{"name":"Piastów Orzeszkowej","lines":"62, 97","arr":["62","97"],"terminus":0,"mode":"bus","color":"#0059a9","colorDark":"#00294f","angle":289.3,"snapDist":7,"label":0}},{"type":"Feature","geometry":{"type":"Point","coordinates":[20.840953,52.168807]},"properties":{"name":"Malichy WKD","lines":"62, 97","arr":["62","97"],"terminus":0,"mode":"bus","color":"#0059a9","colorDark":"#00294f","angle":282.1,"snapDist":4,"label":0}},{"type":"Feature","geometry":{"type":"Point","coordinates":[20.829443,52.170379]},"properties":{"name":"Szpital Tworki","lines":"62","arr":["62"],"terminus":0,"mode":"bus","color":"#0059a9","colorDark":"#00294f","angle":17.6,"snapDist":7,"label":0}},{"type":"Feature","geometry":{"type":"Point","coordinates":[20.820152,52.173052]},"properties":{"name":"Pruszków Szpitalna","lines":"62","arr":["62"],"terminus":0,"mode":"bus","color":"#0059a9","colorDark":"#00294f","angle":21.9,"snapDist":6,"label":0}},{"type":"Feature","geometry":{"type":"Point","coordinates":[20.812987,52.171585]},"properties":{"name":"Pruszków Topolowa","lines":"62","arr":["62"],"terminus":0,"mode":"bus","color":"#0059a9","colorDark":"#00294f","angle":308.3,"snapDist":10,"label":0}},{"type":"Feature","geometry":{"type":"Point","coordinates":[20.805726,52.162445]},"properties":{"name":"Pruszków Kościelna","lines":"62, 78, Z67","arr":["62","78","Z67"],"terminus":0,"mode":"bus","color":"#0059a9","colorDark":"#00294f","angle":293.3,"snapDist":5,"label":0}},{"type":"Feature","geometry":{"type":"Point","coordinates":[20.804359,52.160374]},"properties":{"name":"Pruszków Kubusia Puchatka","lines":"62, 78, Z67","arr":["62","78","Z67"],"terminus":0,"mode":"bus","color":"#0059a9","colorDark":"#00294f","angle":292.2,"snapDist":5,"label":1}},{"type":"Feature","geometry":{"type":"Point","coordinates":[20.798597,52.159595]},"properties":{"name":"Pruszków Al. Wojska Polskiego","lines":"62, 78, Z67","arr":["62","78","Z67"],"terminus":0,"mode":"bus","color":"#0059a9","colorDark":"#00294f","angle":4.9,"snapDist":9,"label":0}},{"type":"Feature","geometry":{"type":"Point","coordinates":[20.791384,52.159807]},"properties":{"name":"Pruszków Ołówkowa","lines":"62, 78, Z67","arr":["62","78","Z67"],"terminus":0,"mode":"bus","color":"#0059a9","colorDark":"#00294f","angle":359,"snapDist":6,"label":0}},{"type":"Feature","geometry":{"type":"Point","coordinates":[20.812805,52.147556]},"properties":{"name":"Komorów WKD","lines":"62","arr":["62"],"terminus":0,"mode":"bus","color":"#0059a9","colorDark":"#00294f","angle":195,"snapDist":4,"label":0}},{"type":"Feature","geometry":{"type":"Point","coordinates":[20.816921,52.146674]},"properties":{"name":"Komorów Waldemara","lines":"62","arr":["62"],"terminus":0,"mode":"bus","color":"#0059a9","colorDark":"#00294f","angle":205.6,"snapDist":2,"label":1}},{"type":"Feature","geometry":{"type":"Point","coordinates":[20.819777,52.14616]},"properties":{"name":"Komorów Podhalańska","lines":"62","arr":["62"],"terminus":0,"mode":"bus","color":"#0059a9","colorDark":"#00294f","angle":195.4,"snapDist":5,"label":0}},{"type":"Feature","geometry":{"type":"Point","coordinates":[20.828713,52.145466]},"properties":{"name":"Komorów Sanatoryjna","lines":"62","arr":["62"],"terminus":0,"mode":"bus","color":"#0059a9","colorDark":"#00294f","angle":197.7,"snapDist":4,"label":0}},{"type":"Feature","geometry":{"type":"Point","coordinates":[20.836149,52.143885]},"properties":{"name":"Pęcice Małe Konopnickiej","lines":"62","arr":["62"],"terminus":0,"mode":"bus","color":"#0059a9","colorDark":"#00294f","angle":177,"snapDist":5,"label":0}},{"type":"Feature","geometry":{"type":"Point","coordinates":[20.848311,52.144374]},"properties":{"name":"Pęcice Parkowa","lines":"62","arr":["62"],"terminus":0,"mode":"bus","color":"#0059a9","colorDark":"#00294f","angle":173.7,"snapDist":8,"label":1}},{"type":"Feature","geometry":{"type":"Point","coordinates":[20.868362,52.143756]},"properties":{"name":"Sokołów Rodzinna","lines":"62","arr":["62"],"terminus":0,"mode":"bus","color":"#0059a9","colorDark":"#00294f","angle":192.8,"snapDist":6,"label":1}},{"type":"Feature","geometry":{"type":"Point","coordinates":[20.876755,52.143866]},"properties":{"name":"Sokołów Wacława","lines":"62","arr":["62"],"terminus":0,"mode":"bus","color":"#0059a9","colorDark":"#00294f","angle":172.9,"snapDist":3,"label":0}},{"type":"Feature","geometry":{"type":"Point","coordinates":[20.88487,52.139023]},"properties":{"name":"Wypędy Platynowa","lines":"62","arr":["62"],"terminus":0,"mode":"bus","color":"#0059a9","colorDark":"#00294f","angle":258.8,"snapDist":3,"label":0}},{"type":"Feature","geometry":{"type":"Point","coordinates":[20.894485,52.137325]},"properties":{"name":"Janki Wspólna","lines":"62","arr":["62"],"terminus":0,"mode":"bus","color":"#0059a9","colorDark":"#00294f","angle":186.5,"snapDist":3,"label":0}},{"type":"Feature","geometry":{"type":"Point","coordinates":[20.893809,52.134022]},"properties":{"name":"Janki Pl. Szwedzki","lines":"62, 63, 83","arr":["62","63","83"],"terminus":0,"mode":"bus","color":"#0059a9","colorDark":"#00294f","angle":136.7,"snapDist":14,"label":0}},{"type":"Feature","geometry":{"type":"Point","coordinates":[20.90108,52.138596]},"properties":{"name":"Janki","lines":"62, 63","arr":["62","63"],"terminus":0,"mode":"bus","color":"#0059a9","colorDark":"#00294f","angle":129.2,"snapDist":5,"label":0}},{"type":"Feature","geometry":{"type":"Point","coordinates":[20.908594,52.144232]},"properties":{"name":"Falenty Aleja Hrabska","lines":"62, 63","arr":["62","63"],"terminus":0,"mode":"bus","color":"#0059a9","colorDark":"#00294f","angle":129,"snapDist":7,"label":1}},{"type":"Feature","geometry":{"type":"Point","coordinates":[20.911118,52.146145]},"properties":{"name":"Puchały","lines":"62, 63","arr":["62","63"],"terminus":0,"mode":"bus","color":"#0059a9","colorDark":"#00294f","angle":130.3,"snapDist":5,"label":0}},{"type":"Feature","geometry":{"type":"Point","coordinates":[20.916933,52.150658]},"properties":{"name":"Raszyn Kościół","lines":"62, 63","arr":["62","63"],"terminus":0,"mode":"bus","color":"#0059a9","colorDark":"#00294f","angle":122.7,"snapDist":6,"label":0}},{"type":"Feature","geometry":{"type":"Point","coordinates":[20.920787,52.154342]},"properties":{"name":"Raszyn Sportowa","lines":"62, 63, 83","arr":["62","63","83"],"terminus":0,"mode":"bus","color":"#0059a9","colorDark":"#00294f","angle":121.8,"snapDist":7,"label":0}},{"type":"Feature","geometry":{"type":"Point","coordinates":[20.927485,52.160786]},"properties":{"name":"Raszyn Młyn","lines":"62, 63, 83","arr":["62","63","83"],"terminus":0,"mode":"bus","color":"#0059a9","colorDark":"#00294f","angle":122.1,"snapDist":6,"label":1}},{"type":"Feature","geometry":{"type":"Point","coordinates":[20.94448,52.17544]},"properties":{"name":"Warszawa P+R Al. Krakowska","lines":"62, 63, 83","arr":["62","63","83"],"terminus":1,"mode":"bus","color":"#0059a9","colorDark":"#00294f","angle":113.2,"snapDist":12,"label":0}},{"type":"Feature","geometry":{"type":"Point","coordinates":[20.810628,52.093481]},"properties":{"name":"Nadarzyn Węzeł","lines":"63","arr":["63"],"terminus":0,"mode":"bus","color":"#0059a9","colorDark":"#00294f","angle":1.6,"snapDist":5,"label":0}},{"type":"Feature","geometry":{"type":"Point","coordinates":[20.783987,52.077839]},"properties":{"name":"Rusiec","lines":"63","arr":["63"],"terminus":0,"mode":"bus","color":"#0059a9","colorDark":"#00294f","angle":322.1,"snapDist":8,"label":1}},{"type":"Feature","geometry":{"type":"Point","coordinates":[20.770019,52.0747]},"properties":{"name":"Żabieniec","lines":"63","arr":["63"],"terminus":0,"mode":"bus","color":"#0059a9","colorDark":"#00294f","angle":257.7,"snapDist":6,"label":1}},{"type":"Feature","geometry":{"type":"Point","coordinates":[20.758971,52.070561]},"properties":{"name":"Urzut","lines":"63","arr":["63"],"terminus":0,"mode":"bus","color":"#0059a9","colorDark":"#00294f","angle":336,"snapDist":9,"label":1}},{"type":"Feature","geometry":{"type":"Point","coordinates":[20.738107,52.061108]},"properties":{"name":"Kostowiec","lines":"63","arr":["63"],"terminus":0,"mode":"bus","color":"#0059a9","colorDark":"#00294f","angle":142,"snapDist":33,"label":1}},{"type":"Feature","geometry":{"type":"Point","coordinates":[20.664377,52.032277]},"properties":{"name":"Józefina Poziomkowa","lines":"63","arr":["63"],"terminus":0,"mode":"bus","color":"#0059a9","colorDark":"#00294f","angle":17.2,"snapDist":5,"label":1}},{"type":"Feature","geometry":{"type":"Point","coordinates":[20.656355,52.033795]},"properties":{"name":"Osowiec Słoneczna","lines":"63","arr":["63"],"terminus":0,"mode":"bus","color":"#0059a9","colorDark":"#00294f","angle":16.9,"snapDist":6,"label":1}},{"type":"Feature","geometry":{"type":"Point","coordinates":[20.650038,52.035026]},"properties":{"name":"Osowiec Rzeczna","lines":"63","arr":["63"],"terminus":0,"mode":"bus","color":"#0059a9","colorDark":"#00294f","angle":18.2,"snapDist":6,"label":1}},{"type":"Feature","geometry":{"type":"Point","coordinates":[20.646441,52.035697]},"properties":{"name":"Osowiec Dębowa","lines":"63","arr":["63"],"terminus":0,"mode":"bus","color":"#0059a9","colorDark":"#00294f","angle":17.4,"snapDist":5,"label":1}},{"type":"Feature","geometry":{"type":"Point","coordinates":[20.648473,52.043214]},"properties":{"name":"Osowiec Łanowa","lines":"63","arr":["63"],"terminus":0,"mode":"bus","color":"#0059a9","colorDark":"#00294f","angle":104.1,"snapDist":6,"label":1}},{"type":"Feature","geometry":{"type":"Point","coordinates":[20.648191,52.042497]},"properties":{"name":"Osowiec Łanowa","lines":"63","arr":["63"],"terminus":0,"mode":"bus","color":"#0059a9","colorDark":"#00294f","angle":282.8,"snapDist":4,"label":0}},{"type":"Feature","geometry":{"type":"Point","coordinates":[20.645406,52.03628]},"properties":{"name":"Osowiec Dębowa","lines":"63","arr":["63"],"terminus":0,"mode":"bus","color":"#0059a9","colorDark":"#00294f","angle":287,"snapDist":3,"label":0}},{"type":"Feature","geometry":{"type":"Point","coordinates":[20.650858,52.03486]},"properties":{"name":"Osowiec Rzeczna","lines":"63","arr":["63"],"terminus":0,"mode":"bus","color":"#0059a9","colorDark":"#00294f","angle":197.8,"snapDist":5,"label":0}},{"type":"Feature","geometry":{"type":"Point","coordinates":[20.660474,52.033015]},"properties":{"name":"Osowiec Słoneczna","lines":"63","arr":["63"],"terminus":0,"mode":"bus","color":"#0059a9","colorDark":"#00294f","angle":197.1,"snapDist":5,"label":1}},{"type":"Feature","geometry":{"type":"Point","coordinates":[20.739342,52.061232]},"properties":{"name":"Kostowiec","lines":"63","arr":["63"],"terminus":0,"mode":"bus","color":"#0059a9","colorDark":"#00294f","angle":137.4,"snapDist":7,"label":0}},{"type":"Feature","geometry":{"type":"Point","coordinates":[20.761041,52.071174]},"properties":{"name":"Urzut","lines":"63","arr":["63"],"terminus":0,"mode":"bus","color":"#0059a9","colorDark":"#00294f","angle":154.7,"snapDist":7,"label":0}},{"type":"Feature","geometry":{"type":"Point","coordinates":[20.76978,52.075358]},"properties":{"name":"Żabieniec","lines":"63","arr":["63"],"terminus":0,"mode":"bus","color":"#0059a9","colorDark":"#00294f","angle":77.7,"snapDist":8,"label":0}},{"type":"Feature","geometry":{"type":"Point","coordinates":[20.784967,52.078345]},"properties":{"name":"Rusiec","lines":"63","arr":["63"],"terminus":0,"mode":"bus","color":"#0059a9","colorDark":"#00294f","angle":145.8,"snapDist":5,"label":0}},{"type":"Feature","geometry":{"type":"Point","coordinates":[20.745237,52.181088]},"properties":{"name":"Moszna Rozwoju","lines":"64","arr":["64"],"terminus":0,"mode":"bus","color":"#0059a9","colorDark":"#00294f","angle":359.7,"snapDist":2,"label":1}},{"type":"Feature","geometry":{"type":"Point","coordinates":[20.729385,52.181133]},"properties":{"name":"Moszna Słoneczna / Gwiaździsta","lines":"64","arr":["64"],"terminus":0,"mode":"bus","color":"#0059a9","colorDark":"#00294f","angle":0.2,"snapDist":6,"label":1}},{"type":"Feature","geometry":{"type":"Point","coordinates":[20.715623,52.183331]},"properties":{"name":"Krosna Wieś Bloki","lines":"64","arr":["64"],"terminus":0,"mode":"bus","color":"#0059a9","colorDark":"#00294f","angle":359.4,"snapDist":4,"label":1}},{"type":"Feature","geometry":{"type":"Point","coordinates":[20.703721,52.179697]},"properties":{"name":"Krosna Józefowska EKOPAL","lines":"64","arr":["64"],"terminus":0,"mode":"bus","color":"#0059a9","colorDark":"#00294f","angle":281.1,"snapDist":3,"label":1}},{"type":"Feature","geometry":{"type":"Point","coordinates":[20.713971,52.172243]},"properties":{"name":"Krosna Józefowska Kamienica","lines":"64","arr":["64"],"terminus":0,"mode":"bus","color":"#0059a9","colorDark":"#00294f","angle":199.6,"snapDist":3,"label":1}},{"type":"Feature","geometry":{"type":"Point","coordinates":[20.759613,52.122768]},"properties":{"name":"Otrębusy Szkoła","lines":"65, Z67","arr":["65","Z67"],"terminus":0,"mode":"bus","color":"#0059a9","colorDark":"#00294f","angle":12,"snapDist":20,"label":1}},{"type":"Feature","geometry":{"type":"Point","coordinates":[20.717584,52.134675]},"properties":{"name":"Brwinów Wilsona / Lilpopa","lines":"65, 66, Z67","arr":["65","66","Z67"],"terminus":0,"mode":"bus","color":"#0059a9","colorDark":"#00294f","angle":95.5,"snapDist":4,"label":1}},{"type":"Feature","geometry":{"type":"Point","coordinates":[20.783934,52.159397]},"properties":{"name":"Pruszków Działkowa","lines":"66, 78","arr":["66","78"],"terminus":0,"mode":"bus","color":"#0059a9","colorDark":"#00294f","angle":328.8,"snapDist":4,"label":1}},{"type":"Feature","geometry":{"type":"Point","coordinates":[20.77965,52.158446]},"properties":{"name":"Parzniew Wolności","lines":"66","arr":["66"],"terminus":0,"mode":"bus","color":"#0059a9","colorDark":"#00294f","angle":59.3,"snapDist":7,"label":1}},{"type":"Feature","geometry":{"type":"Point","coordinates":[20.762967,52.152386]},"properties":{"name":"Parzniew 36 pp Legii Akademickiej","lines":"66","arr":["66"],"terminus":0,"mode":"bus","color":"#0059a9","colorDark":"#00294f","angle":282.6,"snapDist":3,"label":1}},{"type":"Feature","geometry":{"type":"Point","coordinates":[20.75803,52.152482]},"properties":{"name":"Parzniew Główna","lines":"66","arr":["66"],"terminus":0,"mode":"bus","color":"#0059a9","colorDark":"#00294f","angle":32.7,"snapDist":5,"label":1}},{"type":"Feature","geometry":{"type":"Point","coordinates":[20.729928,52.14464]},"properties":{"name":"Brwinów Graniczna / Rodzinna","lines":"66","arr":["66"],"terminus":0,"mode":"bus","color":"#0059a9","colorDark":"#00294f","angle":300,"snapDist":3,"label":1}},{"type":"Feature","geometry":{"type":"Point","coordinates":[20.725871,52.140322]},"properties":{"name":"Brwinów Graniczna / Pszczelińska","lines":"66","arr":["66"],"terminus":0,"mode":"bus","color":"#0059a9","colorDark":"#00294f","angle":300.3,"snapDist":4,"label":1}},{"type":"Feature","geometry":{"type":"Point","coordinates":[20.726095,52.140559]},"properties":{"name":"Brwinów Graniczna / Pszczelińska","lines":"66","arr":["66"],"terminus":0,"mode":"bus","color":"#0059a9","colorDark":"#00294f","angle":119.7,"snapDist":5,"label":0}},{"type":"Feature","geometry":{"type":"Point","coordinates":[20.731466,52.145775]},"properties":{"name":"Brwinów Pruszkowska / Graniczna","lines":"66","arr":["66"],"terminus":0,"mode":"bus","color":"#0059a9","colorDark":"#00294f","angle":153.8,"snapDist":2,"label":1}},{"type":"Feature","geometry":{"type":"Point","coordinates":[20.757313,52.152382]},"properties":{"name":"Parzniew Główna","lines":"66","arr":["66"],"terminus":0,"mode":"bus","color":"#0059a9","colorDark":"#00294f","angle":183.6,"snapDist":6,"label":0}},{"type":"Feature","geometry":{"type":"Point","coordinates":[20.763076,52.152693]},"properties":{"name":"Parzniew 36 pp Legii Akademickiej","lines":"66","arr":["66"],"terminus":0,"mode":"bus","color":"#0059a9","colorDark":"#00294f","angle":102.2,"snapDist":6,"label":0}},{"type":"Feature","geometry":{"type":"Point","coordinates":[20.778378,52.161212]},"properties":{"name":"Parzniew Centrum Handlowe","lines":"66","arr":["66"],"terminus":0,"mode":"bus","color":"#0059a9","colorDark":"#00294f","angle":151.4,"snapDist":3,"label":1}},{"type":"Feature","geometry":{"type":"Point","coordinates":[20.782054,52.159939]},"properties":{"name":"Pruszków Akacjowa","lines":"66, 77, 78","arr":["66","77","78"],"terminus":1,"mode":"bus","color":"#0059a9","colorDark":"#00294f","angle":238.8,"snapDist":11,"label":1}},{"type":"Feature","geometry":{"type":"Point","coordinates":[20.619444,52.192393]},"properties":{"name":"Błonie Piłsudskiego Przedszkole","lines":"67, 77","arr":["67","77"],"terminus":1,"mode":"bus","color":"#0059a9","colorDark":"#00294f","angle":94.7,"snapDist":28,"label":1}},{"type":"Feature","geometry":{"type":"Point","coordinates":[20.626128,52.186665]},"properties":{"name":"Błonie Łąki I","lines":"67, 77","arr":["67","77"],"terminus":0,"mode":"bus","color":"#0059a9","colorDark":"#00294f","angle":180.7,"snapDist":4,"label":1}},{"type":"Feature","geometry":{"type":"Point","coordinates":[20.632971,52.186789]},"properties":{"name":"Błonie Łąki II","lines":"67, 77","arr":["67","77"],"terminus":0,"mode":"bus","color":"#0059a9","colorDark":"#00294f","angle":171.1,"snapDist":5,"label":1}},{"type":"Feature","geometry":{"type":"Point","coordinates":[20.641852,52.189235]},"properties":{"name":"Błonie-Rokitno PKP","lines":"67, 77","arr":["67","77"],"terminus":0,"mode":"bus","color":"#0059a9","colorDark":"#00294f","angle":175.2,"snapDist":5,"label":1}},{"type":"Feature","geometry":{"type":"Point","coordinates":[20.647084,52.188279]},"properties":{"name":"Rokitno I","lines":"67, 77","arr":["67","77"],"terminus":0,"mode":"bus","color":"#0059a9","colorDark":"#00294f","angle":200.8,"snapDist":4,"label":1}},{"type":"Feature","geometry":{"type":"Point","coordinates":[20.651314,52.187292]},"properties":{"name":"Rokitno II","lines":"67, 77","arr":["67","77"],"terminus":0,"mode":"bus","color":"#0059a9","colorDark":"#00294f","angle":200.7,"snapDist":5,"label":1}},{"type":"Feature","geometry":{"type":"Point","coordinates":[20.666705,52.184476]},"properties":{"name":"Rokitno-Majątek Sanktuarium","lines":"67","arr":["67"],"terminus":0,"mode":"bus","color":"#0059a9","colorDark":"#00294f","angle":255.1,"snapDist":6,"label":1}},{"type":"Feature","geometry":{"type":"Point","coordinates":[20.667544,52.17744]},"properties":{"name":"Czubin","lines":"67","arr":["67"],"terminus":0,"mode":"bus","color":"#0059a9","colorDark":"#00294f","angle":181.2,"snapDist":4,"label":1}},{"type":"Feature","geometry":{"type":"Point","coordinates":[20.681975,52.169344]},"properties":{"name":"Biskupice Wieś","lines":"67","arr":["67"],"terminus":0,"mode":"bus","color":"#0059a9","colorDark":"#00294f","angle":231.4,"snapDist":6,"label":1}},{"type":"Feature","geometry":{"type":"Point","coordinates":[20.687411,52.16701]},"properties":{"name":"Biskupice OSP","lines":"67","arr":["67"],"terminus":0,"mode":"bus","color":"#0059a9","colorDark":"#00294f","angle":194.8,"snapDist":4,"label":1}},{"type":"Feature","geometry":{"type":"Point","coordinates":[20.699526,52.162332]},"properties":{"name":"Biskupice Majątek","lines":"67","arr":["67"],"terminus":0,"mode":"bus","color":"#0059a9","colorDark":"#00294f","angle":189.9,"snapDist":10,"label":0}},{"type":"Feature","geometry":{"type":"Point","coordinates":[20.70966,52.143666]},"properties":{"name":"Brwinów Szkoła Nr 1","lines":"67","arr":["67"],"terminus":0,"mode":"bus","color":"#0059a9","colorDark":"#00294f","angle":273.7,"snapDist":5,"label":0}},{"type":"Feature","geometry":{"type":"Point","coordinates":[20.705064,52.140808]},"properties":{"name":"Brwinów Sochaczewska Osiedle","lines":"67","arr":["67"],"terminus":0,"mode":"bus","color":"#0059a9","colorDark":"#00294f","angle":6.2,"snapDist":3,"label":1}},{"type":"Feature","geometry":{"type":"Point","coordinates":[20.70382,52.140892]},"properties":{"name":"Brwinów Sochaczewska Osiedle","lines":"67, 69","arr":["67","69"],"terminus":0,"mode":"bus","color":"#0059a9","colorDark":"#00294f","angle":186.1,"snapDist":4,"label":0}},{"type":"Feature","geometry":{"type":"Point","coordinates":[20.700119,52.162271]},"properties":{"name":"Biskupice Majątek","lines":"67","arr":["67"],"terminus":0,"mode":"bus","color":"#0059a9","colorDark":"#00294f","angle":9.5,"snapDist":7,"label":0}},{"type":"Feature","geometry":{"type":"Point","coordinates":[20.693104,52.166108]},"properties":{"name":"Biskupice","lines":"67","arr":["67"],"terminus":0,"mode":"bus","color":"#0059a9","colorDark":"#00294f","angle":14.5,"snapDist":5,"label":1}},{"type":"Feature","geometry":{"type":"Point","coordinates":[20.680667,52.170347]},"properties":{"name":"Biskupice Wieś","lines":"67","arr":["67"],"terminus":0,"mode":"bus","color":"#0059a9","colorDark":"#00294f","angle":51.2,"snapDist":7,"label":0}},{"type":"Feature","geometry":{"type":"Point","coordinates":[20.667995,52.177434]},"properties":{"name":"Czubin","lines":"67","arr":["67"],"terminus":0,"mode":"bus","color":"#0059a9","colorDark":"#00294f","angle":-178.8,"snapDist":3,"label":0}},{"type":"Feature","geometry":{"type":"Point","coordinates":[20.666598,52.184724]},"properties":{"name":"Rokitno-Majątek Sanktuarium","lines":"67","arr":["67"],"terminus":0,"mode":"bus","color":"#0059a9","colorDark":"#00294f","angle":75.1,"snapDist":7,"label":0}},{"type":"Feature","geometry":{"type":"Point","coordinates":[20.652582,52.186997]},"properties":{"name":"Rokitno II","lines":"67, 77","arr":["67","77"],"terminus":0,"mode":"bus","color":"#0059a9","colorDark":"#00294f","angle":20,"snapDist":5,"label":0}},{"type":"Feature","geometry":{"type":"Point","coordinates":[20.646105,52.188511]},"properties":{"name":"Rokitno I","lines":"67, 77","arr":["67","77"],"terminus":0,"mode":"bus","color":"#0059a9","colorDark":"#00294f","angle":20.9,"snapDist":0,"label":0}},{"type":"Feature","geometry":{"type":"Point","coordinates":[20.64095,52.189021]},"properties":{"name":"Błonie-Rokitno PKP","lines":"67, 77","arr":["67","77"],"terminus":0,"mode":"bus","color":"#0059a9","colorDark":"#00294f","angle":330,"snapDist":5,"label":0}},{"type":"Feature","geometry":{"type":"Point","coordinates":[20.632506,52.186751]},"properties":{"name":"Błonie Łąki II","lines":"67, 77","arr":["67","77"],"terminus":0,"mode":"bus","color":"#0059a9","colorDark":"#00294f","angle":353.2,"snapDist":3,"label":0}},{"type":"Feature","geometry":{"type":"Point","coordinates":[20.62619,52.186665]},"properties":{"name":"Błonie Łąki I","lines":"67, 77","arr":["67","77"],"terminus":0,"mode":"bus","color":"#0059a9","colorDark":"#00294f","angle":0.7,"snapDist":9,"label":0}},{"type":"Feature","geometry":{"type":"Point","coordinates":[20.747273,52.176849]},"properties":{"name":"Moszna Park Logistyczny","lines":"68, 78","arr":["68","78"],"terminus":1,"mode":"bus","color":"#0059a9","colorDark":"#00294f","angle":-89.5,"snapDist":9,"label":1}},{"type":"Feature","geometry":{"type":"Point","coordinates":[20.797562,52.169568]},"properties":{"name":"Pruszków Elektrownia","lines":"68","arr":["68"],"terminus":0,"mode":"bus","color":"#0059a9","colorDark":"#00294f","angle":316.5,"snapDist":6,"label":1}},{"type":"Feature","geometry":{"type":"Point","coordinates":[20.791397,52.169894]},"properties":{"name":"Pruszków Szkoła","lines":"68","arr":["68"],"terminus":0,"mode":"bus","color":"#0059a9","colorDark":"#00294f","angle":33,"snapDist":7,"label":1}},{"type":"Feature","geometry":{"type":"Point","coordinates":[20.777167,52.173496]},"properties":{"name":"Pruszków Błońska","lines":"68, 78","arr":["68","78"],"terminus":0,"mode":"bus","color":"#0059a9","colorDark":"#00294f","angle":22.1,"snapDist":6,"label":1}},{"type":"Feature","geometry":{"type":"Point","coordinates":[20.772744,52.174628]},"properties":{"name":"Pruszków Przejazdowa","lines":"68, 78","arr":["68","78"],"terminus":0,"mode":"bus","color":"#0059a9","colorDark":"#00294f","angle":22.7,"snapDist":5,"label":1}},{"type":"Feature","geometry":{"type":"Point","coordinates":[20.769879,52.171146]},"properties":{"name":"Pruszków Traktowa","lines":"68","arr":["68"],"terminus":0,"mode":"bus","color":"#0059a9","colorDark":"#00294f","angle":282.3,"snapDist":8,"label":1}},{"type":"Feature","geometry":{"type":"Point","coordinates":[20.767963,52.16597]},"properties":{"name":"Pruszków Południowa","lines":"68","arr":["68"],"terminus":0,"mode":"bus","color":"#0059a9","colorDark":"#00294f","angle":284.3,"snapDist":5,"label":1}},{"type":"Feature","geometry":{"type":"Point","coordinates":[20.753815,52.161572]},"properties":{"name":"Brwinów Św. Jerzego JMP Biedronka","lines":"68","arr":["68"],"terminus":0,"mode":"bus","color":"#0059a9","colorDark":"#00294f","angle":328.7,"snapDist":8,"label":1}},{"type":"Feature","geometry":{"type":"Point","coordinates":[20.741092,52.157981]},"properties":{"name":"Brwinów Św. Jerzego Hupac Terminal","lines":"68","arr":["68"],"terminus":0,"mode":"bus","color":"#0059a9","colorDark":"#00294f","angle":142.5,"snapDist":7,"label":1}},{"type":"Feature","geometry":{"type":"Point","coordinates":[20.749066,52.15977]},"properties":{"name":"Brwinów Św. Jerzego Formika","lines":"68","arr":["68"],"terminus":0,"mode":"bus","color":"#0059a9","colorDark":"#00294f","angle":148.2,"snapDist":6,"label":1}},{"type":"Feature","geometry":{"type":"Point","coordinates":[20.754911,52.161992]},"properties":{"name":"Brwinów Św. Jerzego JMP Biedronka","lines":"68","arr":["68"],"terminus":0,"mode":"bus","color":"#0059a9","colorDark":"#00294f","angle":147.5,"snapDist":6,"label":0}},{"type":"Feature","geometry":{"type":"Point","coordinates":[20.76806,52.16622]},"properties":{"name":"Pruszków Południowa","lines":"68","arr":["68"],"terminus":0,"mode":"bus","color":"#0059a9","colorDark":"#00294f","angle":103.1,"snapDist":5,"label":0}},{"type":"Feature","geometry":{"type":"Point","coordinates":[20.770246,52.172183]},"properties":{"name":"Pruszków Traktowa","lines":"68","arr":["68"],"terminus":0,"mode":"bus","color":"#0059a9","colorDark":"#00294f","angle":102.3,"snapDist":7,"label":0}},{"type":"Feature","geometry":{"type":"Point","coordinates":[20.664552,52.164939]},"properties":{"name":"Milęcin I","lines":"69","arr":["69"],"terminus":0,"mode":"bus","color":"#0059a9","colorDark":"#00294f","angle":-126.7,"snapDist":10,"label":1}},{"type":"Feature","geometry":{"type":"Point","coordinates":[20.678028,52.156606]},"properties":{"name":"Kotowice II","lines":"69","arr":["69"],"terminus":0,"mode":"bus","color":"#0059a9","colorDark":"#00294f","angle":-145.5,"snapDist":5,"label":1}},{"type":"Feature","geometry":{"type":"Point","coordinates":[20.681693,52.153064]},"properties":{"name":"Kotowice III MOP","lines":"69","arr":["69"],"terminus":0,"mode":"bus","color":"#0059a9","colorDark":"#00294f","angle":45.4,"snapDist":8,"label":1}},{"type":"Feature","geometry":{"type":"Point","coordinates":[20.674354,52.150262]},"properties":{"name":"Kotowice I","lines":"69","arr":["69"],"terminus":0,"mode":"bus","color":"#0059a9","colorDark":"#00294f","angle":293.8,"snapDist":13,"label":1}},{"type":"Feature","geometry":{"type":"Point","coordinates":[20.672551,52.147148]},"properties":{"name":"Falęcin","lines":"69","arr":["69"],"terminus":0,"mode":"bus","color":"#0059a9","colorDark":"#00294f","angle":214.4,"snapDist":1,"label":1}},{"type":"Feature","geometry":{"type":"Point","coordinates":[20.688662,52.137109]},"properties":{"name":"Grudów II","lines":"69","arr":["69"],"terminus":0,"mode":"bus","color":"#0059a9","colorDark":"#00294f","angle":209.6,"snapDist":6,"label":1}},{"type":"Feature","geometry":{"type":"Point","coordinates":[20.696117,52.139162]},"properties":{"name":"Grudów I","lines":"69","arr":["69"],"terminus":0,"mode":"bus","color":"#0059a9","colorDark":"#00294f","angle":146.9,"snapDist":2,"label":1}},{"type":"Feature","geometry":{"type":"Point","coordinates":[20.789108,52.163564]},"properties":{"name":"Pruszków Urząd Skarbowy","lines":"77","arr":["77"],"terminus":0,"mode":"bus","color":"#0059a9","colorDark":"#00294f","angle":115.2,"snapDist":1,"label":0}},{"type":"Feature","geometry":{"type":"Point","coordinates":[20.753207,52.190356]},"properties":{"name":"Domaniewek II","lines":"77","arr":["77"],"terminus":0,"mode":"bus","color":"#0059a9","colorDark":"#00294f","angle":7.1,"snapDist":3,"label":0}},{"type":"Feature","geometry":{"type":"Point","coordinates":[20.741846,52.191795]},"properties":{"name":"Domaniewek I","lines":"77","arr":["77"],"terminus":0,"mode":"bus","color":"#0059a9","colorDark":"#00294f","angle":13.1,"snapDist":4,"label":0}},{"type":"Feature","geometry":{"type":"Point","coordinates":[20.720949,52.198982]},"properties":{"name":"Płochocin Zabytkowa","lines":"77","arr":["77"],"terminus":0,"mode":"bus","color":"#0059a9","colorDark":"#00294f","angle":96.6,"snapDist":5,"label":1}},{"type":"Feature","geometry":{"type":"Point","coordinates":[20.710589,52.199277]},"properties":{"name":"Płochocin Szeroka","lines":"77","arr":["77"],"terminus":0,"mode":"bus","color":"#0059a9","colorDark":"#00294f","angle":-104.5,"snapDist":8,"label":1}},{"type":"Feature","geometry":{"type":"Point","coordinates":[20.698293,52.196993]},"properties":{"name":"Płochocin Urocza","lines":"77","arr":["77"],"terminus":0,"mode":"bus","color":"#0059a9","colorDark":"#00294f","angle":345,"snapDist":9,"label":1}},{"type":"Feature","geometry":{"type":"Point","coordinates":[20.695074,52.193463]},"properties":{"name":"Płochocin Fabryczna","lines":"77","arr":["77"],"terminus":0,"mode":"bus","color":"#0059a9","colorDark":"#00294f","angle":-176.6,"snapDist":10,"label":1}},{"type":"Feature","geometry":{"type":"Point","coordinates":[20.668136,52.185522]},"properties":{"name":"Rokitno-Majątek Sanktuarium","lines":"77","arr":["77"],"terminus":0,"mode":"bus","color":"#0059a9","colorDark":"#00294f","angle":349.6,"snapDist":5,"label":0}},{"type":"Feature","geometry":{"type":"Point","coordinates":[20.667366,52.185428]},"properties":{"name":"Rokitno-Majątek Sanktuarium","lines":"77","arr":["77"],"terminus":0,"mode":"bus","color":"#0059a9","colorDark":"#00294f","angle":168,"snapDist":6,"label":0}},{"type":"Feature","geometry":{"type":"Point","coordinates":[20.697274,52.196826]},"properties":{"name":"Płochocin Urocza","lines":"77","arr":["77"],"terminus":0,"mode":"bus","color":"#0059a9","colorDark":"#00294f","angle":165.1,"snapDist":5,"label":0}},{"type":"Feature","geometry":{"type":"Point","coordinates":[20.720845,52.19845]},"properties":{"name":"Płochocin Zabytkowa","lines":"77","arr":["77"],"terminus":0,"mode":"bus","color":"#0059a9","colorDark":"#00294f","angle":277.1,"snapDist":4,"label":0}},{"type":"Feature","geometry":{"type":"Point","coordinates":[20.793652,52.164068]},"properties":{"name":"Pruszków ZUS","lines":"77","arr":["77"],"terminus":0,"mode":"bus","color":"#0059a9","colorDark":"#00294f","angle":295,"snapDist":6,"label":1}},{"type":"Feature","geometry":{"type":"Point","coordinates":[20.789614,52.159848]},"properties":{"name":"Pruszków Pułaskiego","lines":"77","arr":["77"],"terminus":0,"mode":"bus","color":"#0059a9","colorDark":"#00294f","angle":13.7,"snapDist":9,"label":1}},{"type":"Feature","geometry":{"type":"Point","coordinates":[20.781437,52.160568]},"properties":{"name":"Pruszków Akacjowa","lines":"78","arr":["78"],"terminus":0,"mode":"bus","color":"#0059a9","colorDark":"#00294f","angle":59.1,"snapDist":9,"label":0}},{"type":"Feature","geometry":{"type":"Point","coordinates":[20.778713,52.164344]},"properties":{"name":"Pruszków Robotnicza","lines":"78","arr":["78"],"terminus":0,"mode":"bus","color":"#0059a9","colorDark":"#00294f","angle":70.7,"snapDist":7,"label":1}},{"type":"Feature","geometry":{"type":"Point","coordinates":[20.776077,52.171195]},"properties":{"name":"Pruszków Agrestowa","lines":"78","arr":["78"],"terminus":0,"mode":"bus","color":"#0059a9","colorDark":"#00294f","angle":114.4,"snapDist":6,"label":1}},{"type":"Feature","geometry":{"type":"Point","coordinates":[20.741992,52.175018]},"properties":{"name":"Moszna Park Logistyczny - Komin","lines":"78","arr":["78"],"terminus":0,"mode":"bus","color":"#0059a9","colorDark":"#00294f","angle":0.2,"snapDist":6,"label":1}},{"type":"Feature","geometry":{"type":"Point","coordinates":[20.729941,52.177336]},"properties":{"name":"Moszna Park Logistyczny - Hale Zachodnie","lines":"78","arr":["78"],"terminus":1,"mode":"bus","color":"#0059a9","colorDark":"#00294f","angle":14.2,"snapDist":1,"label":1}},{"type":"Feature","geometry":{"type":"Point","coordinates":[20.740882,52.175018]},"properties":{"name":"Moszna Park Logistyczny - Komin","lines":"78","arr":["78"],"terminus":0,"mode":"bus","color":"#0059a9","colorDark":"#00294f","angle":179,"snapDist":7,"label":0}},{"type":"Feature","geometry":{"type":"Point","coordinates":[20.747269,52.176546]},"properties":{"name":"Moszna Park Logistyczny","lines":"78","arr":["78"],"terminus":0,"mode":"bus","color":"#0059a9","colorDark":"#00294f","angle":90.6,"snapDist":8,"label":0}},{"type":"Feature","geometry":{"type":"Point","coordinates":[20.772116,52.174784]},"properties":{"name":"Pruszków Przejazdowa","lines":"78","arr":["78"],"terminus":0,"mode":"bus","color":"#0059a9","colorDark":"#00294f","angle":203.6,"snapDist":5,"label":0}},{"type":"Feature","geometry":{"type":"Point","coordinates":[20.776714,52.17361]},"properties":{"name":"Pruszków Błońska","lines":"78","arr":["78"],"terminus":0,"mode":"bus","color":"#0059a9","colorDark":"#00294f","angle":202.6,"snapDist":5,"label":0}},{"type":"Feature","geometry":{"type":"Point","coordinates":[20.775778,52.170784]},"properties":{"name":"Pruszków Agrestowa","lines":"78","arr":["78"],"terminus":0,"mode":"bus","color":"#0059a9","colorDark":"#00294f","angle":293.7,"snapDist":4,"label":0}},{"type":"Feature","geometry":{"type":"Point","coordinates":[20.77878,52.164226]},"properties":{"name":"Pruszków Robotnicza","lines":"78","arr":["78"],"terminus":0,"mode":"bus","color":"#0059a9","colorDark":"#00294f","angle":250.7,"snapDist":9,"label":0}},{"type":"Feature","geometry":{"type":"Point","coordinates":[20.44727,52.052364]},"properties":{"name":"Żyrardów PKP","lines":"80","arr":["80"],"terminus":1,"mode":"bus","color":"#0059a9","colorDark":"#00294f","angle":186.4,"snapDist":8,"label":1}},{"type":"Feature","geometry":{"type":"Point","coordinates":[20.454321,52.056243]},"properties":{"name":"Żyrardów Środkowa / Bohaterów Warszawy","lines":"80","arr":["80"],"terminus":0,"mode":"bus","color":"#0059a9","colorDark":"#00294f","angle":55.5,"snapDist":7,"label":1}},{"type":"Feature","geometry":{"type":"Point","coordinates":[20.451264,52.05899]},"properties":{"name":"Żyrardów Środkowa / Mireckiego","lines":"80","arr":["80"],"terminus":0,"mode":"bus","color":"#0059a9","colorDark":"#00294f","angle":56.2,"snapDist":4,"label":1}},{"type":"Feature","geometry":{"type":"Point","coordinates":[20.448262,52.061663]},"properties":{"name":"Żyrardów Środkowa / Limanowskiego","lines":"80","arr":["80"],"terminus":0,"mode":"bus","color":"#0059a9","colorDark":"#00294f","angle":54.3,"snapDist":6,"label":1}},{"type":"Feature","geometry":{"type":"Point","coordinates":[20.446274,52.063387]},"properties":{"name":"Żyrardów Środkowa / Kilińskiego","lines":"80","arr":["80"],"terminus":0,"mode":"bus","color":"#0059a9","colorDark":"#00294f","angle":58.3,"snapDist":8,"label":1}},{"type":"Feature","geometry":{"type":"Point","coordinates":[20.447262,52.066327]},"properties":{"name":"Żyrardów Jedności Robotniczej","lines":"80","arr":["80"],"terminus":0,"mode":"bus","color":"#0059a9","colorDark":"#00294f","angle":137.8,"snapDist":5,"label":1}},{"type":"Feature","geometry":{"type":"Point","coordinates":[20.470044,52.066426]},"properties":{"name":"Międzyborów Żwirki i Wigury","lines":"80","arr":["80"],"terminus":0,"mode":"bus","color":"#0059a9","colorDark":"#00294f","angle":58,"snapDist":6,"label":1}},{"type":"Feature","geometry":{"type":"Point","coordinates":[20.469762,52.069537]},"properties":{"name":"Henryszew 11 Listopada","lines":"80","arr":["80"],"terminus":0,"mode":"bus","color":"#0059a9","colorDark":"#00294f","angle":87.1,"snapDist":4,"label":1}},{"type":"Feature","geometry":{"type":"Point","coordinates":[20.467625,52.073337]},"properties":{"name":"Henryszew Jasna","lines":"80","arr":["80"],"terminus":0,"mode":"bus","color":"#0059a9","colorDark":"#00294f","angle":79.4,"snapDist":4,"label":1}},{"type":"Feature","geometry":{"type":"Point","coordinates":[20.465871,52.076396]},"properties":{"name":"Henryszew Miodowa","lines":"80","arr":["80"],"terminus":0,"mode":"bus","color":"#0059a9","colorDark":"#00294f","angle":55.8,"snapDist":6,"label":1}},{"type":"Feature","geometry":{"type":"Point","coordinates":[20.462138,52.07981]},"properties":{"name":"Henryszew Pustynna","lines":"80","arr":["80"],"terminus":0,"mode":"bus","color":"#0059a9","colorDark":"#00294f","angle":56.5,"snapDist":6,"label":1}},{"type":"Feature","geometry":{"type":"Point","coordinates":[20.456177,52.08499]},"properties":{"name":"Henryszew Orła Białego","lines":"80","arr":["80"],"terminus":0,"mode":"bus","color":"#0059a9","colorDark":"#00294f","angle":52.5,"snapDist":5,"label":1}},{"type":"Feature","geometry":{"type":"Point","coordinates":[20.454261,52.086626]},"properties":{"name":"Grądy","lines":"80","arr":["80"],"terminus":0,"mode":"bus","color":"#0059a9","colorDark":"#00294f","angle":54.5,"snapDist":7,"label":1}},{"type":"Feature","geometry":{"type":"Point","coordinates":[20.45276,52.103883]},"properties":{"name":"Holendry Baranowskie","lines":"80","arr":["80"],"terminus":0,"mode":"bus","color":"#0059a9","colorDark":"#00294f","angle":-152.2,"snapDist":11,"label":1}},{"type":"Feature","geometry":{"type":"Point","coordinates":[20.465029,52.104044]},"properties":{"name":"Holendry Baranowskie II","lines":"80","arr":["80"],"terminus":0,"mode":"bus","color":"#0059a9","colorDark":"#00294f","angle":192.5,"snapDist":6,"label":1}},{"type":"Feature","geometry":{"type":"Point","coordinates":[20.478233,52.099349]},"properties":{"name":"Holendry Baranowskie III","lines":"80","arr":["80"],"terminus":0,"mode":"bus","color":"#0059a9","colorDark":"#00294f","angle":188.1,"snapDist":4,"label":1}},{"type":"Feature","geometry":{"type":"Point","coordinates":[20.484331,52.099032]},"properties":{"name":"Holendry Baranowskie Spacerowa","lines":"80","arr":["80"],"terminus":0,"mode":"bus","color":"#0059a9","colorDark":"#00294f","angle":177.2,"snapDist":3,"label":1}},{"type":"Feature","geometry":{"type":"Point","coordinates":[20.482401,52.10329]},"properties":{"name":"Holendry Baranowskie Spacerowa II","lines":"80","arr":["80"],"terminus":0,"mode":"bus","color":"#0059a9","colorDark":"#00294f","angle":60.3,"snapDist":5,"label":1}},{"type":"Feature","geometry":{"type":"Point","coordinates":[20.47631,52.108281]},"properties":{"name":"Holendry Baranowskie Spacerowa III","lines":"80","arr":["80"],"terminus":0,"mode":"bus","color":"#0059a9","colorDark":"#00294f","angle":39.3,"snapDist":4,"label":1}},{"type":"Feature","geometry":{"type":"Point","coordinates":[20.477409,52.10781]},"properties":{"name":"Holendry Baranowskie Spacerowa III","lines":"80","arr":["80"],"terminus":0,"mode":"bus","color":"#0059a9","colorDark":"#00294f","angle":209.6,"snapDist":2,"label":0}},{"type":"Feature","geometry":{"type":"Point","coordinates":[20.482815,52.102697]},"properties":{"name":"Holendry Baranowskie Spacerowa II","lines":"80","arr":["80"],"terminus":0,"mode":"bus","color":"#0059a9","colorDark":"#00294f","angle":255.5,"snapDist":4,"label":0}},{"type":"Feature","geometry":{"type":"Point","coordinates":[20.484378,52.099034]},"properties":{"name":"Holendry Baranowskie Spacerowa","lines":"80","arr":["80"],"terminus":0,"mode":"bus","color":"#0059a9","colorDark":"#00294f","angle":357.2,"snapDist":6,"label":0}},{"type":"Feature","geometry":{"type":"Point","coordinates":[20.478103,52.099361]},"properties":{"name":"Holendry Baranowskie III","lines":"80","arr":["80"],"terminus":0,"mode":"bus","color":"#0059a9","colorDark":"#00294f","angle":8.1,"snapDist":0,"label":0}},{"type":"Feature","geometry":{"type":"Point","coordinates":[20.465035,52.104043]},"properties":{"name":"Holendry Baranowskie II","lines":"80","arr":["80"],"terminus":0,"mode":"bus","color":"#0059a9","colorDark":"#00294f","angle":12.5,"snapDist":4,"label":0}},{"type":"Feature","geometry":{"type":"Point","coordinates":[20.45276,52.103883]},"properties":{"name":"Holendry Baranowskie","lines":"80","arr":["80"],"terminus":0,"mode":"bus","color":"#0059a9","colorDark":"#00294f","angle":27.8,"snapDist":5,"label":0}},{"type":"Feature","geometry":{"type":"Point","coordinates":[20.454272,52.086617]},"properties":{"name":"Grądy","lines":"80","arr":["80"],"terminus":0,"mode":"bus","color":"#0059a9","colorDark":"#00294f","angle":-125.5,"snapDist":6,"label":0}},{"type":"Feature","geometry":{"type":"Point","coordinates":[20.456703,52.084538]},"properties":{"name":"Henryszew Orła Białego","lines":"80","arr":["80"],"terminus":0,"mode":"bus","color":"#0059a9","colorDark":"#00294f","angle":234.2,"snapDist":5,"label":0}},{"type":"Feature","geometry":{"type":"Point","coordinates":[20.462216,52.079737]},"properties":{"name":"Henryszew Pustynna","lines":"80","arr":["80"],"terminus":0,"mode":"bus","color":"#0059a9","colorDark":"#00294f","angle":236.5,"snapDist":2,"label":0}},{"type":"Feature","geometry":{"type":"Point","coordinates":[20.466342,52.07597]},"properties":{"name":"Henryszew Miodowa","lines":"80","arr":["80"],"terminus":0,"mode":"bus","color":"#0059a9","colorDark":"#00294f","angle":237.1,"snapDist":5,"label":0}},{"type":"Feature","geometry":{"type":"Point","coordinates":[20.467825,52.072807]},"properties":{"name":"Henryszew Jasna","lines":"80","arr":["80"],"terminus":0,"mode":"bus","color":"#0059a9","colorDark":"#00294f","angle":252.5,"snapDist":4,"label":0}},{"type":"Feature","geometry":{"type":"Point","coordinates":[20.469756,52.06961]},"properties":{"name":"Henryszew 11 Listopada","lines":"80","arr":["80"],"terminus":0,"mode":"bus","color":"#0059a9","colorDark":"#00294f","angle":267.1,"snapDist":4,"label":0}},{"type":"Feature","geometry":{"type":"Point","coordinates":[20.470465,52.065927]},"properties":{"name":"Międzyborów Żwirki i Wigury","lines":"80","arr":["80"],"terminus":0,"mode":"bus","color":"#0059a9","colorDark":"#00294f","angle":242.6,"snapDist":6,"label":0}},{"type":"Feature","geometry":{"type":"Point","coordinates":[20.44721,52.066298]},"properties":{"name":"Żyrardów Jedności Robotniczej","lines":"80","arr":["80"],"terminus":0,"mode":"bus","color":"#0059a9","colorDark":"#00294f","angle":317.8,"snapDist":7,"label":0}},{"type":"Feature","geometry":{"type":"Point","coordinates":[20.446294,52.063367]},"properties":{"name":"Żyrardów Środkowa / Kilińskiego","lines":"80","arr":["80"],"terminus":0,"mode":"bus","color":"#0059a9","colorDark":"#00294f","angle":238.3,"snapDist":6,"label":0}},{"type":"Feature","geometry":{"type":"Point","coordinates":[20.448425,52.061522]},"properties":{"name":"Żyrardów Środkowa / Limanowskiego","lines":"80","arr":["80"],"terminus":0,"mode":"bus","color":"#0059a9","colorDark":"#00294f","angle":234.6,"snapDist":8,"label":0}},{"type":"Feature","geometry":{"type":"Point","coordinates":[20.451209,52.05904]},"properties":{"name":"Żyrardów Środkowa / Mireckiego","lines":"80","arr":["80"],"terminus":0,"mode":"bus","color":"#0059a9","colorDark":"#00294f","angle":236.2,"snapDist":9,"label":0}},{"type":"Feature","geometry":{"type":"Point","coordinates":[20.453833,52.056683]},"properties":{"name":"Żyrardów Środkowa / Bohaterów Warszawy","lines":"80","arr":["80"],"terminus":0,"mode":"bus","color":"#0059a9","colorDark":"#00294f","angle":236.1,"snapDist":5,"label":0}},{"type":"Feature","geometry":{"type":"Point","coordinates":[20.460438,51.988626]},"properties":{"name":"Suntago Park Wodny","lines":"82","arr":["82"],"terminus":1,"mode":"bus","color":"#0059a9","colorDark":"#00294f","angle":272.5,"snapDist":5,"label":1}},{"type":"Feature","geometry":{"type":"Point","coordinates":[20.51373,51.974077]},"properties":{"name":"Mszczonów Rynek","lines":"82, 83","arr":["82","83"],"terminus":1,"mode":"bus","color":"#0059a9","colorDark":"#00294f","angle":100.8,"snapDist":8,"label":1}},{"type":"Feature","geometry":{"type":"Point","coordinates":[20.521393,51.974094]},"properties":{"name":"Mszczonów PKO","lines":"82, 83","arr":["82","83"],"terminus":0,"mode":"bus","color":"#0059a9","colorDark":"#00294f","angle":182.4,"snapDist":8,"label":1}},{"type":"Feature","geometry":{"type":"Point","coordinates":[20.523726,51.972111]},"properties":{"name":"Mszczonów Maklakiewicza","lines":"82","arr":["82"],"terminus":0,"mode":"bus","color":"#0059a9","colorDark":"#00294f","angle":143.2,"snapDist":9,"label":1}},{"type":"Feature","geometry":{"type":"Point","coordinates":[20.529511,51.975807]},"properties":{"name":"Mszczonów Stadion","lines":"82, 83","arr":["82","83"],"terminus":0,"mode":"bus","color":"#0059a9","colorDark":"#00294f","angle":86.6,"snapDist":10,"label":1}},{"type":"Feature","geometry":{"type":"Point","coordinates":[20.533889,51.984796]},"properties":{"name":"Kuranów Flis","lines":"82, 83","arr":["82","83"],"terminus":0,"mode":"bus","color":"#0059a9","colorDark":"#00294f","angle":131.7,"snapDist":8,"label":1}},{"type":"Feature","geometry":{"type":"Point","coordinates":[20.551687,51.996666]},"properties":{"name":"Radziejowice Parcel","lines":"82, 83","arr":["82","83"],"terminus":0,"mode":"bus","color":"#0059a9","colorDark":"#00294f","angle":130.2,"snapDist":9,"label":1}},{"type":"Feature","geometry":{"type":"Point","coordinates":[20.55826,52.00055]},"properties":{"name":"Radziejowice Rondo","lines":"82, 83","arr":["82","83"],"terminus":0,"mode":"bus","color":"#0059a9","colorDark":"#00294f","angle":134.4,"snapDist":9,"label":1}},{"type":"Feature","geometry":{"type":"Point","coordinates":[20.555999,52.005325]},"properties":{"name":"Radziejowice","lines":"82","arr":["82"],"terminus":0,"mode":"bus","color":"#0059a9","colorDark":"#00294f","angle":111.8,"snapDist":9,"label":1}},{"type":"Feature","geometry":{"type":"Point","coordinates":[20.563849,52.018553]},"properties":{"name":"Adamów / Budy Stare","lines":"82","arr":["82"],"terminus":0,"mode":"bus","color":"#0059a9","colorDark":"#00294f","angle":112.1,"snapDist":17,"label":1}},{"type":"Feature","geometry":{"type":"Point","coordinates":[20.569644,52.027334]},"properties":{"name":"Adamów / Budy Nowe","lines":"82","arr":["82"],"terminus":0,"mode":"bus","color":"#0059a9","colorDark":"#00294f","angle":112.2,"snapDist":11,"label":1}},{"type":"Feature","geometry":{"type":"Point","coordinates":[20.586724,52.036992]},"properties":{"name":"Adamów / Dobiegała","lines":"82","arr":["82"],"terminus":0,"mode":"bus","color":"#0059a9","colorDark":"#00294f","angle":120.1,"snapDist":5,"label":1}},{"type":"Feature","geometry":{"type":"Point","coordinates":[20.592447,52.046632]},"properties":{"name":"Kuklówka","lines":"82","arr":["82"],"terminus":0,"mode":"bus","color":"#0059a9","colorDark":"#00294f","angle":53,"snapDist":7,"label":1}},{"type":"Feature","geometry":{"type":"Point","coordinates":[20.591492,52.045203]},"properties":{"name":"Kuklówka","lines":"82","arr":["82"],"terminus":0,"mode":"bus","color":"#0059a9","colorDark":"#00294f","angle":306.7,"snapDist":1,"label":0}},{"type":"Feature","geometry":{"type":"Point","coordinates":[20.584402,52.036069]},"properties":{"name":"Adamów / Dobiegała","lines":"82","arr":["82"],"terminus":0,"mode":"bus","color":"#0059a9","colorDark":"#00294f","angle":340.5,"snapDist":4,"label":0}},{"type":"Feature","geometry":{"type":"Point","coordinates":[20.568624,52.025805]},"properties":{"name":"Adamów / Budy Nowe","lines":"82","arr":["82"],"terminus":0,"mode":"bus","color":"#0059a9","colorDark":"#00294f","angle":292.3,"snapDist":3,"label":0}},{"type":"Feature","geometry":{"type":"Point","coordinates":[20.56328,52.01772]},"properties":{"name":"Adamów / Budy Stare","lines":"82","arr":["82"],"terminus":0,"mode":"bus","color":"#0059a9","colorDark":"#00294f","angle":293.7,"snapDist":2,"label":0}},{"type":"Feature","geometry":{"type":"Point","coordinates":[20.556685,52.003601]},"properties":{"name":"Radziejowice","lines":"82","arr":["82"],"terminus":0,"mode":"bus","color":"#0059a9","colorDark":"#00294f","angle":231.6,"snapDist":4,"label":0}},{"type":"Feature","geometry":{"type":"Point","coordinates":[20.557834,52.000267]},"properties":{"name":"Radziejowice Rondo","lines":"82, 83","arr":["82","83"],"terminus":0,"mode":"bus","color":"#0059a9","colorDark":"#00294f","angle":312.6,"snapDist":6,"label":0}},{"type":"Feature","geometry":{"type":"Point","coordinates":[20.55034,51.995717]},"properties":{"name":"Radziejowice Parcel","lines":"82, 83","arr":["82","83"],"terminus":0,"mode":"bus","color":"#0059a9","colorDark":"#00294f","angle":312.5,"snapDist":5,"label":0}},{"type":"Feature","geometry":{"type":"Point","coordinates":[20.533642,51.984626]},"properties":{"name":"Kuranów Flis","lines":"82, 83","arr":["82","83"],"terminus":0,"mode":"bus","color":"#0059a9","colorDark":"#00294f","angle":311.8,"snapDist":6,"label":0}},{"type":"Feature","geometry":{"type":"Point","coordinates":[20.529462,51.976281]},"properties":{"name":"Mszczonów Stadion","lines":"82, 83","arr":["82","83"],"terminus":0,"mode":"bus","color":"#0059a9","colorDark":"#00294f","angle":266.2,"snapDist":5,"label":0}},{"type":"Feature","geometry":{"type":"Point","coordinates":[20.522687,51.971631]},"properties":{"name":"Mszczonów Maklakiewicza","lines":"82","arr":["82"],"terminus":0,"mode":"bus","color":"#0059a9","colorDark":"#00294f","angle":324,"snapDist":1,"label":0}},{"type":"Feature","geometry":{"type":"Point","coordinates":[20.521652,51.974088]},"properties":{"name":"Mszczonów PKO","lines":"82, 83","arr":["82","83"],"terminus":0,"mode":"bus","color":"#0059a9","colorDark":"#00294f","angle":2.4,"snapDist":6,"label":0}},{"type":"Feature","geometry":{"type":"Point","coordinates":[20.652322,52.024237]},"properties":{"name":"Stara Bukówka","lines":"83","arr":["83"],"terminus":0,"mode":"bus","color":"#0059a9","colorDark":"#00294f","angle":343,"snapDist":7,"label":1}},{"type":"Feature","geometry":{"type":"Point","coordinates":[20.631007,52.018971]},"properties":{"name":"Oddział","lines":"83","arr":["83"],"terminus":0,"mode":"bus","color":"#0059a9","colorDark":"#00294f","angle":329.6,"snapDist":7,"label":1}},{"type":"Feature","geometry":{"type":"Point","coordinates":[20.60663,52.009438]},"properties":{"name":"Krze Canpol","lines":"83","arr":["83"],"terminus":0,"mode":"bus","color":"#0059a9","colorDark":"#00294f","angle":328.1,"snapDist":6,"label":1}},{"type":"Feature","geometry":{"type":"Point","coordinates":[20.595197,52.005771]},"properties":{"name":"Krze","lines":"83","arr":["83"],"terminus":0,"mode":"bus","color":"#0059a9","colorDark":"#00294f","angle":338.8,"snapDist":6,"label":1}},{"type":"Feature","geometry":{"type":"Point","coordinates":[20.59421,52.002601]},"properties":{"name":"Krze Tunel","lines":"83","arr":["83"],"terminus":0,"mode":"bus","color":"#0059a9","colorDark":"#00294f","angle":351.3,"snapDist":6,"label":1}},{"type":"Feature","geometry":{"type":"Point","coordinates":[20.58178,52.003817]},"properties":{"name":"Krze Kładka","lines":"83","arr":["83"],"terminus":0,"mode":"bus","color":"#0059a9","colorDark":"#00294f","angle":356,"snapDist":8,"label":1}},{"type":"Feature","geometry":{"type":"Point","coordinates":[20.582933,52.003863]},"properties":{"name":"Krze Kładka","lines":"83","arr":["83"],"terminus":0,"mode":"bus","color":"#0059a9","colorDark":"#00294f","angle":176.6,"snapDist":7,"label":0}},{"type":"Feature","geometry":{"type":"Point","coordinates":[20.595388,52.003875]},"properties":{"name":"Krze Tunel","lines":"83","arr":["83"],"terminus":0,"mode":"bus","color":"#0059a9","colorDark":"#00294f","angle":68.6,"snapDist":9,"label":0}},{"type":"Feature","geometry":{"type":"Point","coordinates":[20.597015,52.006202]},"properties":{"name":"Krze","lines":"83","arr":["83"],"terminus":0,"mode":"bus","color":"#0059a9","colorDark":"#00294f","angle":159.1,"snapDist":6,"label":0}},{"type":"Feature","geometry":{"type":"Point","coordinates":[20.607846,52.009899]},"properties":{"name":"Krze Canpol","lines":"83","arr":["83"],"terminus":0,"mode":"bus","color":"#0059a9","colorDark":"#00294f","angle":148,"snapDist":9,"label":0}},{"type":"Feature","geometry":{"type":"Point","coordinates":[20.632731,52.019622]},"properties":{"name":"Oddział","lines":"83","arr":["83"],"terminus":0,"mode":"bus","color":"#0059a9","colorDark":"#00294f","angle":146.5,"snapDist":6,"label":0}},{"type":"Feature","geometry":{"type":"Point","coordinates":[20.654627,52.024691]},"properties":{"name":"Stara Bukówka","lines":"83","arr":["83"],"terminus":0,"mode":"bus","color":"#0059a9","colorDark":"#00294f","angle":163.6,"snapDist":7,"label":0}},{"type":"Feature","geometry":{"type":"Point","coordinates":[20.447303,52.286999]},"properties":{"name":"Granica - Kampinoski Park Narodowy","lines":"92","arr":["92"],"terminus":1,"mode":"bus","color":"#0059a9","colorDark":"#00294f","angle":100.4,"snapDist":1,"label":1}},{"type":"Feature","geometry":{"type":"Point","coordinates":[20.610983,52.307315]},"properties":{"name":"Roztoka - Kampinoski Park Narodowy","lines":"93","arr":["93"],"terminus":1,"mode":"bus","color":"#0059a9","colorDark":"#00294f","angle":311.6,"snapDist":12,"label":1}},{"type":"Feature","geometry":{"type":"Point","coordinates":[20.602195,52.292338]},"properties":{"name":"Łubiec","lines":"93","arr":["93"],"terminus":0,"mode":"bus","color":"#0059a9","colorDark":"#00294f","angle":278.5,"snapDist":7,"label":0}},{"type":"Feature","geometry":{"type":"Point","coordinates":[20.601327,52.287958]},"properties":{"name":"Kępiaste I","lines":"93","arr":["93"],"terminus":0,"mode":"bus","color":"#0059a9","colorDark":"#00294f","angle":96.8,"snapDist":5,"label":0}},{"type":"Feature","geometry":{"type":"Point","coordinates":[20.691511,52.213029]},"properties":{"name":"Święcice Zaborowska","lines":"94","arr":["94"],"terminus":0,"mode":"bus","color":"#0059a9","colorDark":"#00294f","angle":94.8,"snapDist":3,"label":1}},{"type":"Feature","geometry":{"type":"Point","coordinates":[20.692299,52.218727]},"properties":{"name":"Święcice Łaźniewska","lines":"94","arr":["94"],"terminus":0,"mode":"bus","color":"#0059a9","colorDark":"#00294f","angle":95.2,"snapDist":3,"label":1}},{"type":"Feature","geometry":{"type":"Point","coordinates":[20.692986,52.233002]},"properties":{"name":"Pilaszków","lines":"94","arr":["94"],"terminus":0,"mode":"bus","color":"#0059a9","colorDark":"#00294f","angle":94,"snapDist":5,"label":1}},{"type":"Feature","geometry":{"type":"Point","coordinates":[20.691731,52.241962]},"properties":{"name":"Myszczyn","lines":"94","arr":["94"],"terminus":0,"mode":"bus","color":"#0059a9","colorDark":"#00294f","angle":83.3,"snapDist":5,"label":1}},{"type":"Feature","geometry":{"type":"Point","coordinates":[20.68747,52.249612]},"properties":{"name":"Wyględy Kujawskiego","lines":"94, 96","arr":["94","96"],"terminus":0,"mode":"bus","color":"#0059a9","colorDark":"#00294f","angle":62.2,"snapDist":5,"label":1}},{"type":"Feature","geometry":{"type":"Point","coordinates":[20.684084,52.253807]},"properties":{"name":"Feliksów","lines":"94, 96","arr":["94","96"],"terminus":0,"mode":"bus","color":"#0059a9","colorDark":"#00294f","angle":64.5,"snapDist":6,"label":1}},{"type":"Feature","geometry":{"type":"Point","coordinates":[20.676393,52.262438]},"properties":{"name":"Zaborów Szkoła","lines":"94, 96","arr":["94","96"],"terminus":1,"mode":"bus","color":"#0059a9","colorDark":"#00294f","angle":6.9,"snapDist":1,"label":1}},{"type":"Feature","geometry":{"type":"Point","coordinates":[20.663527,52.263382]},"properties":{"name":"Janin","lines":"94","arr":["94"],"terminus":0,"mode":"bus","color":"#0059a9","colorDark":"#00294f","angle":0.4,"snapDist":7,"label":1}},{"type":"Feature","geometry":{"type":"Point","coordinates":[20.659806,52.247788]},"properties":{"name":"Wąsy-Kolonia Graniczna","lines":"94","arr":["94"],"terminus":0,"mode":"bus","color":"#0059a9","colorDark":"#00294f","angle":180.7,"snapDist":4,"label":1}},{"type":"Feature","geometry":{"type":"Point","coordinates":[20.672785,52.247192]},"properties":{"name":"Feliksów Południowa","lines":"94","arr":["94"],"terminus":0,"mode":"bus","color":"#0059a9","colorDark":"#00294f","angle":100.9,"snapDist":4,"label":1}},{"type":"Feature","geometry":{"type":"Point","coordinates":[20.676798,52.262917]},"properties":{"name":"Zaborów Szkoła","lines":"94, 96","arr":["94","96"],"terminus":1,"mode":"bus","color":"#0059a9","colorDark":"#00294f","angle":171.1,"snapDist":0,"label":0}},{"type":"Feature","geometry":{"type":"Point","coordinates":[20.69238,52.267386]},"properties":{"name":"Zaborów Leśna","lines":"94","arr":["94"],"terminus":0,"mode":"bus","color":"#0059a9","colorDark":"#00294f","angle":188.6,"snapDist":5,"label":1}},{"type":"Feature","geometry":{"type":"Point","coordinates":[20.703311,52.265039]},"properties":{"name":"Wiktorów Leśna","lines":"94","arr":["94"],"terminus":0,"mode":"bus","color":"#0059a9","colorDark":"#00294f","angle":307.7,"snapDist":4,"label":1}},{"type":"Feature","geometry":{"type":"Point","coordinates":[20.697371,52.260252]},"properties":{"name":"Wyględy Topolowa","lines":"94","arr":["94"],"terminus":0,"mode":"bus","color":"#0059a9","colorDark":"#00294f","angle":306.1,"snapDist":6,"label":1}},{"type":"Feature","geometry":{"type":"Point","coordinates":[20.685903,52.260656]},"properties":{"name":"Zaborów Wiosenna","lines":"94","arr":["94"],"terminus":0,"mode":"bus","color":"#0059a9","colorDark":"#00294f","angle":5.7,"snapDist":4,"label":1}},{"type":"Feature","geometry":{"type":"Point","coordinates":[20.684511,52.253282]},"properties":{"name":"Feliksów","lines":"94, 96","arr":["94","96"],"terminus":0,"mode":"bus","color":"#0059a9","colorDark":"#00294f","angle":-116.7,"snapDist":6,"label":0}},{"type":"Feature","geometry":{"type":"Point","coordinates":[20.688208,52.248764]},"properties":{"name":"Wyględy Kujawskiego","lines":"94, 96","arr":["94","96"],"terminus":0,"mode":"bus","color":"#0059a9","colorDark":"#00294f","angle":-118.7,"snapDist":6,"label":0}},{"type":"Feature","geometry":{"type":"Point","coordinates":[20.691898,52.241131]},"properties":{"name":"Myszczyn","lines":"94","arr":["94"],"terminus":0,"mode":"bus","color":"#0059a9","colorDark":"#00294f","angle":-97.1,"snapDist":3,"label":0}},{"type":"Feature","geometry":{"type":"Point","coordinates":[20.692995,52.233136]},"properties":{"name":"Pilaszków","lines":"94","arr":["94"],"terminus":0,"mode":"bus","color":"#0059a9","colorDark":"#00294f","angle":-87.9,"snapDist":2,"label":0}},{"type":"Feature","geometry":{"type":"Point","coordinates":[20.692189,52.217979]},"properties":{"name":"Święcice Łaźniewska","lines":"94","arr":["94"],"terminus":0,"mode":"bus","color":"#0059a9","colorDark":"#00294f","angle":-85.4,"snapDist":2,"label":0}},{"type":"Feature","geometry":{"type":"Point","coordinates":[20.695699,52.212673]},"properties":{"name":"Święcice Zaborowska","lines":"94","arr":["94"],"terminus":0,"mode":"bus","color":"#0059a9","colorDark":"#00294f","angle":170.3,"snapDist":11,"label":1}},{"type":"Feature","geometry":{"type":"Point","coordinates":[20.898044,52.258041]},"properties":{"name":"Warszawa Stare Bemowo","lines":"95, 96","arr":["95","96"],"terminus":1,"mode":"bus","color":"#0059a9","colorDark":"#00294f","angle":125.5,"snapDist":7,"label":1}},{"type":"Feature","geometry":{"type":"Point","coordinates":[20.898467,52.258773]},"properties":{"name":"Warszawa Stare Bemowo","lines":"95, 96","arr":["95","96"],"terminus":0,"mode":"bus","color":"#0059a9","colorDark":"#00294f","angle":39.3,"snapDist":7,"label":0}},{"type":"Feature","geometry":{"type":"Point","coordinates":[20.878005,52.267542]},"properties":{"name":"Klaudyn Radiowa","lines":"95, 96","arr":["95","96"],"terminus":0,"mode":"bus","color":"#0059a9","colorDark":"#00294f","angle":44,"snapDist":7,"label":1}},{"type":"Feature","geometry":{"type":"Point","coordinates":[20.871689,52.275046]},"properties":{"name":"Klaudyn Ekologiczna","lines":"95, 96","arr":["95","96"],"terminus":0,"mode":"bus","color":"#0059a9","colorDark":"#00294f","angle":3.9,"snapDist":7,"label":1}},{"type":"Feature","geometry":{"type":"Point","coordinates":[20.866887,52.275247]},"properties":{"name":"Klaudyn","lines":"95, 96","arr":["95","96"],"terminus":0,"mode":"bus","color":"#0059a9","colorDark":"#00294f","angle":3.6,"snapDist":8,"label":1}},{"type":"Feature","geometry":{"type":"Point","coordinates":[20.863342,52.274903]},"properties":{"name":"Klaudyn","lines":"95, 96","arr":["95","96"],"terminus":0,"mode":"bus","color":"#0059a9","colorDark":"#00294f","angle":358.3,"snapDist":5,"label":1}},{"type":"Feature","geometry":{"type":"Point","coordinates":[20.852104,52.274853]},"properties":{"name":"Klaudyn Lutosławskiego","lines":"95, 96","arr":["95","96"],"terminus":0,"mode":"bus","color":"#0059a9","colorDark":"#00294f","angle":359.4,"snapDist":3,"label":1}},{"type":"Feature","geometry":{"type":"Point","coordinates":[20.845435,52.274792]},"properties":{"name":"Klaudyn Vivaldiego","lines":"95, 96","arr":["95","96"],"terminus":0,"mode":"bus","color":"#0059a9","colorDark":"#00294f","angle":1.1,"snapDist":1,"label":1}},{"type":"Feature","geometry":{"type":"Point","coordinates":[20.842667,52.27826]},"properties":{"name":"Klaudyn Czajkowskiego","lines":"95, 96","arr":["95","96"],"terminus":0,"mode":"bus","color":"#0059a9","colorDark":"#00294f","angle":93.3,"snapDist":4,"label":1}},{"type":"Feature","geometry":{"type":"Point","coordinates":[20.842307,52.280551]},"properties":{"name":"Klaudyn Szymanowskiego / Ciećwierza","lines":"95, 96","arr":["95","96"],"terminus":0,"mode":"bus","color":"#0059a9","colorDark":"#00294f","angle":78.4,"snapDist":3,"label":1}},{"type":"Feature","geometry":{"type":"Point","coordinates":[20.832274,52.283326]},"properties":{"name":"Izabelin Zagłoby","lines":"95, 98","arr":["95","98"],"terminus":0,"mode":"bus","color":"#0059a9","colorDark":"#00294f","angle":52,"snapDist":2,"label":1}},{"type":"Feature","geometry":{"type":"Point","coordinates":[20.829037,52.286216]},"properties":{"name":"Izabelin Sapiehy","lines":"95, 98","arr":["95","98"],"terminus":0,"mode":"bus","color":"#0059a9","colorDark":"#00294f","angle":73.1,"snapDist":1,"label":1}},{"type":"Feature","geometry":{"type":"Point","coordinates":[20.82567,52.290745]},"properties":{"name":"Izabelin Sienkiewicza","lines":"95, 97, 98","arr":["95","97","98"],"terminus":1,"mode":"bus","color":"#0059a9","colorDark":"#00294f","angle":357,"snapDist":2,"label":1}},{"type":"Feature","geometry":{"type":"Point","coordinates":[20.815593,52.292519]},"properties":{"name":"Izabelin Urząd Gminy","lines":"95, 97, 98","arr":["95","97","98"],"terminus":0,"mode":"bus","color":"#0059a9","colorDark":"#00294f","angle":18.7,"snapDist":3,"label":1}},{"type":"Feature","geometry":{"type":"Point","coordinates":[20.809687,52.293677]},"properties":{"name":"Izabelin Kościuszki Szkoła","lines":"95, 97, 98","arr":["95","97","98"],"terminus":0,"mode":"bus","color":"#0059a9","colorDark":"#00294f","angle":10.7,"snapDist":3,"label":1}},{"type":"Feature","geometry":{"type":"Point","coordinates":[20.80226,52.295226]},"properties":{"name":"Izabelin Sierakowska","lines":"95, 97","arr":["95","97"],"terminus":0,"mode":"bus","color":"#0059a9","colorDark":"#00294f","angle":27.8,"snapDist":2,"label":1}},{"type":"Feature","geometry":{"type":"Point","coordinates":[20.79833,52.296512]},"properties":{"name":"Izabelin Langiewicza","lines":"95","arr":["95"],"terminus":0,"mode":"bus","color":"#0059a9","colorDark":"#00294f","angle":27.6,"snapDist":3,"label":1}},{"type":"Feature","geometry":{"type":"Point","coordinates":[20.784553,52.30044]},"properties":{"name":"Truskaw Parkowa","lines":"95","arr":["95"],"terminus":0,"mode":"bus","color":"#0059a9","colorDark":"#00294f","angle":14.6,"snapDist":5,"label":1}},{"type":"Feature","geometry":{"type":"Point","coordinates":[20.776965,52.303487]},"properties":{"name":"Truskaw 3 Maja","lines":"95","arr":["95"],"terminus":0,"mode":"bus","color":"#0059a9","colorDark":"#00294f","angle":36.1,"snapDist":2,"label":1}},{"type":"Feature","geometry":{"type":"Point","coordinates":[20.767419,52.307838]},"properties":{"name":"Truskaw Skibińskiego","lines":"95","arr":["95"],"terminus":1,"mode":"bus","color":"#0059a9","colorDark":"#00294f","angle":-88.3,"snapDist":2,"label":1}},{"type":"Feature","geometry":{"type":"Point","coordinates":[20.777495,52.303248]},"properties":{"name":"Truskaw 3 Maja","lines":"95","arr":["95"],"terminus":0,"mode":"bus","color":"#0059a9","colorDark":"#00294f","angle":216.2,"snapDist":5,"label":0}},{"type":"Feature","geometry":{"type":"Point","coordinates":[20.786865,52.300068]},"properties":{"name":"Truskaw Parkowa","lines":"95","arr":["95"],"terminus":0,"mode":"bus","color":"#0059a9","colorDark":"#00294f","angle":194.9,"snapDist":4,"label":0}},{"type":"Feature","geometry":{"type":"Point","coordinates":[20.8014,52.295503]},"properties":{"name":"Izabelin Langiewicza","lines":"95, 97","arr":["95","97"],"terminus":0,"mode":"bus","color":"#0059a9","colorDark":"#00294f","angle":207.8,"snapDist":4,"label":1}},{"type":"Feature","geometry":{"type":"Point","coordinates":[20.804747,52.29442]},"properties":{"name":"Izabelin Sierakowska","lines":"95, 97, 98","arr":["95","97","98"],"terminus":0,"mode":"bus","color":"#0059a9","colorDark":"#00294f","angle":207.2,"snapDist":4,"label":0}},{"type":"Feature","geometry":{"type":"Point","coordinates":[20.810863,52.293531]},"properties":{"name":"Izabelin Kościuszki Szkoła","lines":"95, 97, 98","arr":["95","97","98"],"terminus":0,"mode":"bus","color":"#0059a9","colorDark":"#00294f","angle":190.8,"snapDist":5,"label":0}},{"type":"Feature","geometry":{"type":"Point","coordinates":[20.817859,52.292103]},"properties":{"name":"Izabelin Urząd Gminy","lines":"95, 97, 98","arr":["95","97","98"],"terminus":0,"mode":"bus","color":"#0059a9","colorDark":"#00294f","angle":194.1,"snapDist":5,"label":0}},{"type":"Feature","geometry":{"type":"Point","coordinates":[20.827126,52.290227]},"properties":{"name":"Izabelin Sienkiewicza","lines":"95, 98","arr":["95","98"],"terminus":0,"mode":"bus","color":"#0059a9","colorDark":"#00294f","angle":259.7,"snapDist":3,"label":0}},{"type":"Feature","geometry":{"type":"Point","coordinates":[20.829562,52.285504]},"properties":{"name":"Izabelin Sapiehy","lines":"95, 98","arr":["95","98"],"terminus":0,"mode":"bus","color":"#0059a9","colorDark":"#00294f","angle":239.2,"snapDist":3,"label":0}},{"type":"Feature","geometry":{"type":"Point","coordinates":[20.832733,52.282964]},"properties":{"name":"Izabelin Zagłoby","lines":"95, 98","arr":["95","98"],"terminus":0,"mode":"bus","color":"#0059a9","colorDark":"#00294f","angle":231.2,"snapDist":4,"label":0}},{"type":"Feature","geometry":{"type":"Point","coordinates":[20.842312,52.280538]},"properties":{"name":"Klaudyn Szymanowskiego / Ciećwierza","lines":"95","arr":["95"],"terminus":0,"mode":"bus","color":"#0059a9","colorDark":"#00294f","angle":258.4,"snapDist":7,"label":0}},{"type":"Feature","geometry":{"type":"Point","coordinates":[20.842654,52.277637]},"properties":{"name":"Klaudyn Czajkowskiego","lines":"95","arr":["95"],"terminus":0,"mode":"bus","color":"#0059a9","colorDark":"#00294f","angle":269.7,"snapDist":3,"label":0}},{"type":"Feature","geometry":{"type":"Point","coordinates":[20.846638,52.274787]},"properties":{"name":"Klaudyn Vivaldiego","lines":"95","arr":["95"],"terminus":0,"mode":"bus","color":"#0059a9","colorDark":"#00294f","angle":178.2,"snapDist":5,"label":0}},{"type":"Feature","geometry":{"type":"Point","coordinates":[20.853826,52.27485]},"properties":{"name":"Klaudyn Lutosławskiego","lines":"95","arr":["95"],"terminus":0,"mode":"bus","color":"#0059a9","colorDark":"#00294f","angle":180.8,"snapDist":5,"label":0}},{"type":"Feature","geometry":{"type":"Point","coordinates":[20.864419,52.274913]},"properties":{"name":"Klaudyn","lines":"95","arr":["95"],"terminus":0,"mode":"bus","color":"#0059a9","colorDark":"#00294f","angle":179.3,"snapDist":4,"label":0}},{"type":"Feature","geometry":{"type":"Point","coordinates":[20.872821,52.274995]},"properties":{"name":"Klaudyn Ekologiczna","lines":"95, 96","arr":["95","96"],"terminus":0,"mode":"bus","color":"#0059a9","colorDark":"#00294f","angle":183.2,"snapDist":13,"label":0}},{"type":"Feature","geometry":{"type":"Point","coordinates":[20.878648,52.267155]},"properties":{"name":"Klaudyn Radiowa","lines":"95, 96","arr":["95","96"],"terminus":0,"mode":"bus","color":"#0059a9","colorDark":"#00294f","angle":225.6,"snapDist":14,"label":0}},{"type":"Feature","geometry":{"type":"Point","coordinates":[20.698319,52.245377]},"properties":{"name":"Borzęcin Mały Dzikiej Róży","lines":"96","arr":["96"],"terminus":0,"mode":"bus","color":"#0059a9","colorDark":"#00294f","angle":188.9,"snapDist":8,"label":1}},{"type":"Feature","geometry":{"type":"Point","coordinates":[20.710158,52.247944]},"properties":{"name":"Borzęcin Mały","lines":"96","arr":["96"],"terminus":0,"mode":"bus","color":"#0059a9","colorDark":"#00294f","angle":157.8,"snapDist":5,"label":1}},{"type":"Feature","geometry":{"type":"Point","coordinates":[20.71851,52.249685]},"properties":{"name":"Borzęcin Duży Kosmowska II","lines":"96","arr":["96"],"terminus":0,"mode":"bus","color":"#0059a9","colorDark":"#00294f","angle":169.7,"snapDist":7,"label":1}},{"type":"Feature","geometry":{"type":"Point","coordinates":[20.726933,52.250621]},"properties":{"name":"Borzęcin Duży Kosmowska I","lines":"96","arr":["96"],"terminus":0,"mode":"bus","color":"#0059a9","colorDark":"#00294f","angle":168.8,"snapDist":5,"label":1}},{"type":"Feature","geometry":{"type":"Point","coordinates":[20.734362,52.252177]},"properties":{"name":"Borzęcin Duży","lines":"96","arr":["96"],"terminus":0,"mode":"bus","color":"#0059a9","colorDark":"#00294f","angle":13.8,"snapDist":8,"label":1}},{"type":"Feature","geometry":{"type":"Point","coordinates":[20.735036,52.252949]},"properties":{"name":"Borzęcin Duży","lines":"96","arr":["96"],"terminus":0,"mode":"bus","color":"#0059a9","colorDark":"#00294f","angle":83.4,"snapDist":4,"label":0}},{"type":"Feature","geometry":{"type":"Point","coordinates":[20.737611,52.260736]},"properties":{"name":"Borzęcin Duży Spacerowa","lines":"96","arr":["96"],"terminus":0,"mode":"bus","color":"#0059a9","colorDark":"#00294f","angle":183.8,"snapDist":3,"label":1}},{"type":"Feature","geometry":{"type":"Point","coordinates":[20.745509,52.260671]},"properties":{"name":"Borzęcin Duży Trakt Królewski","lines":"96","arr":["96"],"terminus":0,"mode":"bus","color":"#0059a9","colorDark":"#00294f","angle":180.1,"snapDist":5,"label":1}},{"type":"Feature","geometry":{"type":"Point","coordinates":[20.760344,52.256463]},"properties":{"name":"Wojcieszyn Królowej Marysieńki","lines":"96","arr":["96"],"terminus":0,"mode":"bus","color":"#0059a9","colorDark":"#00294f","angle":186.1,"snapDist":6,"label":1}},{"type":"Feature","geometry":{"type":"Point","coordinates":[20.767722,52.259172]},"properties":{"name":"Wojcieszyn Wspólna","lines":"96","arr":["96"],"terminus":0,"mode":"bus","color":"#0059a9","colorDark":"#00294f","angle":177.7,"snapDist":6,"label":1}},{"type":"Feature","geometry":{"type":"Point","coordinates":[20.772739,52.259909]},"properties":{"name":"Wojcieszyn Górki","lines":"96","arr":["96"],"terminus":0,"mode":"bus","color":"#0059a9","colorDark":"#00294f","angle":157.1,"snapDist":6,"label":1}},{"type":"Feature","geometry":{"type":"Point","coordinates":[20.783982,52.263298]},"properties":{"name":"Koczargi Stare Klonowa","lines":"96","arr":["96"],"terminus":0,"mode":"bus","color":"#0059a9","colorDark":"#00294f","angle":140.4,"snapDist":4,"label":1}},{"type":"Feature","geometry":{"type":"Point","coordinates":[20.788589,52.264801]},"properties":{"name":"Koczargi Stare Wrzosowa","lines":"96","arr":["96"],"terminus":0,"mode":"bus","color":"#0059a9","colorDark":"#00294f","angle":160.4,"snapDist":4,"label":1}},{"type":"Feature","geometry":{"type":"Point","coordinates":[20.795026,52.265593]},"properties":{"name":"Koczargi Stare Dębowa","lines":"96","arr":["96"],"terminus":0,"mode":"bus","color":"#0059a9","colorDark":"#00294f","angle":178.6,"snapDist":4,"label":1}},{"type":"Feature","geometry":{"type":"Point","coordinates":[20.795613,52.26471]},"properties":{"name":"Koczargi Stare","lines":"96","arr":["96"],"terminus":0,"mode":"bus","color":"#0059a9","colorDark":"#00294f","angle":271.4,"snapDist":4,"label":1}},{"type":"Feature","geometry":{"type":"Point","coordinates":[20.796441,52.254006]},"properties":{"name":"Zielonki-Wieś","lines":"96","arr":["96"],"terminus":0,"mode":"bus","color":"#0059a9","colorDark":"#00294f","angle":187.4,"snapDist":4,"label":1}},{"type":"Feature","geometry":{"type":"Point","coordinates":[20.805474,52.253177]},"properties":{"name":"Zielonki-Wieś Warszawska","lines":"96","arr":["96"],"terminus":0,"mode":"bus","color":"#0059a9","colorDark":"#00294f","angle":190.6,"snapDist":5,"label":1}},{"type":"Feature","geometry":{"type":"Point","coordinates":[20.816604,52.252405]},"properties":{"name":"Zielonki Sportowa","lines":"96","arr":["96"],"terminus":0,"mode":"bus","color":"#0059a9","colorDark":"#00294f","angle":184.4,"snapDist":4,"label":1}},{"type":"Feature","geometry":{"type":"Point","coordinates":[20.818808,52.246821]},"properties":{"name":"Zielonki-Parcela GOSiR","lines":"96, 97","arr":["96","97"],"terminus":0,"mode":"bus","color":"#0059a9","colorDark":"#00294f","angle":281.1,"snapDist":5,"label":1}},{"type":"Feature","geometry":{"type":"Point","coordinates":[20.817159,52.231399]},"properties":{"name":"Strzykuły","lines":"96","arr":["96"],"terminus":0,"mode":"bus","color":"#0059a9","colorDark":"#00294f","angle":181.4,"snapDist":6,"label":1}},{"type":"Feature","geometry":{"type":"Point","coordinates":[20.82433,52.231193]},"properties":{"name":"Strzykuły Orzechowa","lines":"96","arr":["96"],"terminus":0,"mode":"bus","color":"#0059a9","colorDark":"#00294f","angle":188.3,"snapDist":3,"label":1}},{"type":"Feature","geometry":{"type":"Point","coordinates":[20.834653,52.230851]},"properties":{"name":"Wieruchów","lines":"96","arr":["96"],"terminus":0,"mode":"bus","color":"#0059a9","colorDark":"#00294f","angle":120.2,"snapDist":7,"label":1}},{"type":"Feature","geometry":{"type":"Point","coordinates":[20.846977,52.242428]},"properties":{"name":"Babice Nowe Ogrodnicza","lines":"96","arr":["96"],"terminus":0,"mode":"bus","color":"#0059a9","colorDark":"#00294f","angle":117.3,"snapDist":5,"label":1}},{"type":"Feature","geometry":{"type":"Point","coordinates":[20.844063,52.247596]},"properties":{"name":"Babice Nowe Centrum Handlowe","lines":"96, 97, 98","arr":["96","97","98"],"terminus":1,"mode":"bus","color":"#0059a9","colorDark":"#00294f","angle":-1.3,"snapDist":6,"label":1}},{"type":"Feature","geometry":{"type":"Point","coordinates":[20.843342,52.250628]},"properties":{"name":"Stare Babice Rynek","lines":"96, 97, 98","arr":["96","97","98"],"terminus":0,"mode":"bus","color":"#0059a9","colorDark":"#00294f","angle":7.7,"snapDist":7,"label":1}},{"type":"Feature","geometry":{"type":"Point","coordinates":[20.838481,52.256189]},"properties":{"name":"Stare Babice Wołodyjowskiego","lines":"96, 97, 98","arr":["96","97","98"],"terminus":0,"mode":"bus","color":"#0059a9","colorDark":"#00294f","angle":66.5,"snapDist":4,"label":1}},{"type":"Feature","geometry":{"type":"Point","coordinates":[20.839369,52.25881]},"properties":{"name":"Kwirynów Agawy","lines":"96","arr":["96"],"terminus":0,"mode":"bus","color":"#0059a9","colorDark":"#00294f","angle":112.6,"snapDist":5,"label":1}},{"type":"Feature","geometry":{"type":"Point","coordinates":[20.841141,52.261379]},"properties":{"name":"Kwirynów Kalinowa","lines":"96","arr":["96"],"terminus":0,"mode":"bus","color":"#0059a9","colorDark":"#00294f","angle":114.1,"snapDist":5,"label":1}},{"type":"Feature","geometry":{"type":"Point","coordinates":[20.845174,52.265685]},"properties":{"name":"Janów Pohulanka","lines":"96","arr":["96"],"terminus":0,"mode":"bus","color":"#0059a9","colorDark":"#00294f","angle":193.3,"snapDist":7,"label":1}},{"type":"Feature","geometry":{"type":"Point","coordinates":[20.850967,52.264784]},"properties":{"name":"Janów gen. Sulika","lines":"96","arr":["96"],"terminus":0,"mode":"bus","color":"#0059a9","colorDark":"#00294f","angle":196.1,"snapDist":6,"label":1}},{"type":"Feature","geometry":{"type":"Point","coordinates":[20.857404,52.265244]},"properties":{"name":"Janów","lines":"96","arr":["96"],"terminus":0,"mode":"bus","color":"#0059a9","colorDark":"#00294f","angle":116,"snapDist":4,"label":1}},{"type":"Feature","geometry":{"type":"Point","coordinates":[20.847152,52.280955]},"properties":{"name":"Klaudyn Szymanowskiego","lines":"96","arr":["96"],"terminus":0,"mode":"bus","color":"#0059a9","colorDark":"#00294f","angle":170.6,"snapDist":4,"label":1}},{"type":"Feature","geometry":{"type":"Point","coordinates":[20.85322,52.280116]},"properties":{"name":"Klaudyn Ciećwierza","lines":"96","arr":["96"],"terminus":0,"mode":"bus","color":"#0059a9","colorDark":"#00294f","angle":202.8,"snapDist":1,"label":1}},{"type":"Feature","geometry":{"type":"Point","coordinates":[20.864579,52.276973]},"properties":{"name":"Klaudyn","lines":"96","arr":["96"],"terminus":0,"mode":"bus","color":"#0059a9","colorDark":"#00294f","angle":206.8,"snapDist":3,"label":1}},{"type":"Feature","geometry":{"type":"Point","coordinates":[20.855767,52.264719]},"properties":{"name":"Janów","lines":"96","arr":["96"],"terminus":0,"mode":"bus","color":"#0059a9","colorDark":"#00294f","angle":356.9,"snapDist":5,"label":0}},{"type":"Feature","geometry":{"type":"Point","coordinates":[20.849933,52.26497]},"properties":{"name":"Janów gen. Sulika","lines":"96","arr":["96"],"terminus":0,"mode":"bus","color":"#0059a9","colorDark":"#00294f","angle":17,"snapDist":5,"label":0}},{"type":"Feature","geometry":{"type":"Point","coordinates":[20.844097,52.265475]},"properties":{"name":"Janów Pohulanka","lines":"96","arr":["96"],"terminus":0,"mode":"bus","color":"#0059a9","colorDark":"#00294f","angle":293.6,"snapDist":4,"label":0}},{"type":"Feature","geometry":{"type":"Point","coordinates":[20.840739,52.26081]},"properties":{"name":"Kwirynów Kalinowa","lines":"96","arr":["96"],"terminus":0,"mode":"bus","color":"#0059a9","colorDark":"#00294f","angle":293.6,"snapDist":4,"label":0}},{"type":"Feature","geometry":{"type":"Point","coordinates":[20.839043,52.2583]},"properties":{"name":"Kwirynów Agawy","lines":"96","arr":["96"],"terminus":0,"mode":"bus","color":"#0059a9","colorDark":"#00294f","angle":291.3,"snapDist":4,"label":0}},{"type":"Feature","geometry":{"type":"Point","coordinates":[20.838854,52.255632]},"properties":{"name":"Stare Babice Wołodyjowskiego","lines":"96, 97, 98","arr":["96","97","98"],"terminus":0,"mode":"bus","color":"#0059a9","colorDark":"#00294f","angle":248.3,"snapDist":3,"label":0}},{"type":"Feature","geometry":{"type":"Point","coordinates":[20.841853,52.250761]},"properties":{"name":"Stare Babice Rynek","lines":"96, 97, 98","arr":["96","97","98"],"terminus":0,"mode":"bus","color":"#0059a9","colorDark":"#00294f","angle":187.1,"snapDist":10,"label":0}},{"type":"Feature","geometry":{"type":"Point","coordinates":[20.846617,52.241998]},"properties":{"name":"Babice Nowe Ogrodnicza","lines":"96","arr":["96"],"terminus":0,"mode":"bus","color":"#0059a9","colorDark":"#00294f","angle":297,"snapDist":3,"label":0}},{"type":"Feature","geometry":{"type":"Point","coordinates":[20.833034,52.230428]},"properties":{"name":"Wieruchów","lines":"96","arr":["96"],"terminus":0,"mode":"bus","color":"#0059a9","colorDark":"#00294f","angle":7.8,"snapDist":2,"label":0}},{"type":"Feature","geometry":{"type":"Point","coordinates":[20.822631,52.231291]},"properties":{"name":"Strzykuły Orzechowa","lines":"96","arr":["96"],"terminus":0,"mode":"bus","color":"#0059a9","colorDark":"#00294f","angle":2.4,"snapDist":1,"label":0}},{"type":"Feature","geometry":{"type":"Point","coordinates":[20.816461,52.231854]},"properties":{"name":"Strzykuły","lines":"96, 97","arr":["96","97"],"terminus":0,"mode":"bus","color":"#0059a9","colorDark":"#00294f","angle":100.4,"snapDist":7,"label":0}},{"type":"Feature","geometry":{"type":"Point","coordinates":[20.819444,52.252031]},"properties":{"name":"Zielonki","lines":"96","arr":["96"],"terminus":0,"mode":"bus","color":"#0059a9","colorDark":"#00294f","angle":16.4,"snapDist":6,"label":1}},{"type":"Feature","geometry":{"type":"Point","coordinates":[20.804555,52.253284]},"properties":{"name":"Zielonki-Wieś Warszawska","lines":"96","arr":["96"],"terminus":0,"mode":"bus","color":"#0059a9","colorDark":"#00294f","angle":10.2,"snapDist":5,"label":0}},{"type":"Feature","geometry":{"type":"Point","coordinates":[20.795347,52.254981]},"properties":{"name":"Zielonki-Wieś","lines":"96","arr":["96"],"terminus":0,"mode":"bus","color":"#0059a9","colorDark":"#00294f","angle":90.9,"snapDist":2,"label":0}},{"type":"Feature","geometry":{"type":"Point","coordinates":[20.795585,52.263694]},"properties":{"name":"Koczargi Stare","lines":"96","arr":["96"],"terminus":0,"mode":"bus","color":"#0059a9","colorDark":"#00294f","angle":91.3,"snapDist":4,"label":0}},{"type":"Feature","geometry":{"type":"Point","coordinates":[20.794586,52.26559]},"properties":{"name":"Koczargi Stare Dębowa","lines":"96","arr":["96"],"terminus":0,"mode":"bus","color":"#0059a9","colorDark":"#00294f","angle":359.4,"snapDist":2,"label":0}},{"type":"Feature","geometry":{"type":"Point","coordinates":[20.787825,52.264638]},"properties":{"name":"Koczargi Stare Wrzosowa","lines":"96","arr":["96"],"terminus":0,"mode":"bus","color":"#0059a9","colorDark":"#00294f","angle":341.9,"snapDist":2,"label":0}},{"type":"Feature","geometry":{"type":"Point","coordinates":[20.781589,52.261989]},"properties":{"name":"Koczargi Stare Klonowa","lines":"96","arr":["96"],"terminus":0,"mode":"bus","color":"#0059a9","colorDark":"#00294f","angle":316.3,"snapDist":1,"label":0}},{"type":"Feature","geometry":{"type":"Point","coordinates":[20.774521,52.260352]},"properties":{"name":"Wojcieszyn Górki","lines":"96","arr":["96"],"terminus":0,"mode":"bus","color":"#0059a9","colorDark":"#00294f","angle":342.9,"snapDist":4,"label":0}},{"type":"Feature","geometry":{"type":"Point","coordinates":[20.768786,52.259235]},"properties":{"name":"Wojcieszyn Wspólna","lines":"96","arr":["96"],"terminus":0,"mode":"bus","color":"#0059a9","colorDark":"#00294f","angle":345.3,"snapDist":4,"label":0}},{"type":"Feature","geometry":{"type":"Point","coordinates":[20.759157,52.256564]},"properties":{"name":"Wojcieszyn Królowej Marysieńki","lines":"96","arr":["96"],"terminus":0,"mode":"bus","color":"#0059a9","colorDark":"#00294f","angle":5.7,"snapDist":5,"label":0}},{"type":"Feature","geometry":{"type":"Point","coordinates":[20.745434,52.260671]},"properties":{"name":"Borzęcin Duży Trakt Królewski","lines":"96","arr":["96"],"terminus":0,"mode":"bus","color":"#0059a9","colorDark":"#00294f","angle":0.1,"snapDist":3,"label":0}},{"type":"Feature","geometry":{"type":"Point","coordinates":[20.738719,52.260684]},"properties":{"name":"Borzęcin Duży Spacerowa","lines":"96","arr":["96"],"terminus":0,"mode":"bus","color":"#0059a9","colorDark":"#00294f","angle":4.4,"snapDist":3,"label":0}},{"type":"Feature","geometry":{"type":"Point","coordinates":[20.735235,52.259772]},"properties":{"name":"Borzęcin Duży Spacerowa","lines":"96","arr":["96"],"terminus":0,"mode":"bus","color":"#0059a9","colorDark":"#00294f","angle":280.3,"snapDist":4,"label":0}},{"type":"Feature","geometry":{"type":"Point","coordinates":[20.735102,52.252598]},"properties":{"name":"Borzęcin Duży","lines":"96","arr":["96"],"terminus":0,"mode":"bus","color":"#0059a9","colorDark":"#00294f","angle":263.8,"snapDist":4,"label":0}},{"type":"Feature","geometry":{"type":"Point","coordinates":[20.727831,52.25073]},"properties":{"name":"Borzęcin Duży Kosmowska I","lines":"96","arr":["96"],"terminus":0,"mode":"bus","color":"#0059a9","colorDark":"#00294f","angle":348.8,"snapDist":4,"label":0}},{"type":"Feature","geometry":{"type":"Point","coordinates":[20.71977,52.249826]},"properties":{"name":"Borzęcin Duży Kosmowska II","lines":"96","arr":["96"],"terminus":0,"mode":"bus","color":"#0059a9","colorDark":"#00294f","angle":349.6,"snapDist":8,"label":0}},{"type":"Feature","geometry":{"type":"Point","coordinates":[20.709052,52.247668]},"properties":{"name":"Borzęcin Mały","lines":"96","arr":["96"],"terminus":0,"mode":"bus","color":"#0059a9","colorDark":"#00294f","angle":338.5,"snapDist":5,"label":0}},{"type":"Feature","geometry":{"type":"Point","coordinates":[20.69743,52.245455]},"properties":{"name":"Borzęcin Mały Dzikiej Róży","lines":"96","arr":["96"],"terminus":0,"mode":"bus","color":"#0059a9","colorDark":"#00294f","angle":5.6,"snapDist":8,"label":0}},{"type":"Feature","geometry":{"type":"Point","coordinates":[20.838823,52.168011]},"properties":{"name":"Malichy Sadowa","lines":"97","arr":["97"],"terminus":1,"mode":"bus","color":"#0059a9","colorDark":"#00294f","angle":285.2,"snapDist":5,"label":1}},{"type":"Feature","geometry":{"type":"Point","coordinates":[20.840082,52.166267]},"properties":{"name":"Malichy Zamienna","lines":"97","arr":["97"],"terminus":0,"mode":"bus","color":"#0059a9","colorDark":"#00294f","angle":101.2,"snapDist":3,"label":1}},{"type":"Feature","geometry":{"type":"Point","coordinates":[20.834297,52.20279]},"properties":{"name":"Konotopa","lines":"97","arr":["97"],"terminus":0,"mode":"bus","color":"#0059a9","colorDark":"#00294f","angle":111.6,"snapDist":6,"label":1}},{"type":"Feature","geometry":{"type":"Point","coordinates":[20.843287,52.210853]},"properties":{"name":"Bronisze Przyparkowa","lines":"97","arr":["97"],"terminus":0,"mode":"bus","color":"#0059a9","colorDark":"#00294f","angle":192.4,"snapDist":3,"label":1}},{"type":"Feature","geometry":{"type":"Point","coordinates":[20.798967,52.213233]},"properties":{"name":"Ożarów Maz. Obrońców Warszawy","lines":"97","arr":["97"],"terminus":0,"mode":"bus","color":"#0059a9","colorDark":"#00294f","angle":124.3,"snapDist":4,"label":1}},{"type":"Feature","geometry":{"type":"Point","coordinates":[20.800315,52.218441]},"properties":{"name":"Ożarów Maz. Robotnicza","lines":"97","arr":["97"],"terminus":0,"mode":"bus","color":"#0059a9","colorDark":"#00294f","angle":97.7,"snapDist":2,"label":1}},{"type":"Feature","geometry":{"type":"Point","coordinates":[20.801197,52.22244]},"properties":{"name":"Ożarów Maz. Kossaka","lines":"97","arr":["97"],"terminus":0,"mode":"bus","color":"#0059a9","colorDark":"#00294f","angle":97.8,"snapDist":6,"label":1}},{"type":"Feature","geometry":{"type":"Point","coordinates":[20.802206,52.22711]},"properties":{"name":"Kaputy Zachodzącego Słońca","lines":"97","arr":["97"],"terminus":0,"mode":"bus","color":"#0059a9","colorDark":"#00294f","angle":97.5,"snapDist":3,"label":1}},{"type":"Feature","geometry":{"type":"Point","coordinates":[20.803578,52.230939]},"properties":{"name":"Strzykuły Poniatowskiego","lines":"97","arr":["97"],"terminus":0,"mode":"bus","color":"#0059a9","colorDark":"#00294f","angle":167.6,"snapDist":7,"label":1}},{"type":"Feature","geometry":{"type":"Point","coordinates":[20.822173,52.251519]},"properties":{"name":"Zielonki","lines":"97","arr":["97"],"terminus":0,"mode":"bus","color":"#0059a9","colorDark":"#00294f","angle":197.7,"snapDist":8,"label":0}},{"type":"Feature","geometry":{"type":"Point","coordinates":[20.827503,52.250357]},"properties":{"name":"Stare Babice Gen. Kutrzeby","lines":"97","arr":["97"],"terminus":0,"mode":"bus","color":"#0059a9","colorDark":"#00294f","angle":199.1,"snapDist":7,"label":1}},{"type":"Feature","geometry":{"type":"Point","coordinates":[20.836385,52.248586]},"properties":{"name":"Stare Babice Wieruchowska","lines":"97","arr":["97"],"terminus":0,"mode":"bus","color":"#0059a9","colorDark":"#00294f","angle":197.5,"snapDist":11,"label":1}},{"type":"Feature","geometry":{"type":"Point","coordinates":[20.831614,52.261054]},"properties":{"name":"Stare Babice Gen. Thomme","lines":"97, 98","arr":["97","98"],"terminus":0,"mode":"bus","color":"#0059a9","colorDark":"#00294f","angle":36.2,"snapDist":3,"label":1}},{"type":"Feature","geometry":{"type":"Point","coordinates":[20.82312,52.264763]},"properties":{"name":"Stare Babice Osiedlowa","lines":"97","arr":["97"],"terminus":0,"mode":"bus","color":"#0059a9","colorDark":"#00294f","angle":35.5,"snapDist":3,"label":1}},{"type":"Feature","geometry":{"type":"Point","coordinates":[20.815046,52.268961]},"properties":{"name":"Lipków Mościckiego","lines":"97","arr":["97"],"terminus":0,"mode":"bus","color":"#0059a9","colorDark":"#00294f","angle":44.4,"snapDist":2,"label":1}},{"type":"Feature","geometry":{"type":"Point","coordinates":[20.807546,52.2737]},"properties":{"name":"Lipków","lines":"97","arr":["97"],"terminus":0,"mode":"bus","color":"#0059a9","colorDark":"#00294f","angle":42.7,"snapDist":2,"label":1}},{"type":"Feature","geometry":{"type":"Point","coordinates":[20.804001,52.277889]},"properties":{"name":"Lipków Przy Parku","lines":"97","arr":["97"],"terminus":0,"mode":"bus","color":"#0059a9","colorDark":"#00294f","angle":61.1,"snapDist":4,"label":1}},{"type":"Feature","geometry":{"type":"Point","coordinates":[20.79827,52.287102]},"properties":{"name":"Hornówek","lines":"97","arr":["97"],"terminus":0,"mode":"bus","color":"#0059a9","colorDark":"#00294f","angle":100.9,"snapDist":2,"label":1}},{"type":"Feature","geometry":{"type":"Point","coordinates":[20.828742,52.290833]},"properties":{"name":"Izabelin Sienkiewicza","lines":"97","arr":["97"],"terminus":1,"mode":"bus","color":"#0059a9","colorDark":"#00294f","angle":178.8,"snapDist":7,"label":0}},{"type":"Feature","geometry":{"type":"Point","coordinates":[20.838691,52.291118]},"properties":{"name":"Laski Sokołowskiego","lines":"97","arr":["97"],"terminus":0,"mode":"bus","color":"#0059a9","colorDark":"#00294f","angle":176.3,"snapDist":9,"label":1}},{"type":"Feature","geometry":{"type":"Point","coordinates":[20.851098,52.292472]},"properties":{"name":"Laski Pocztowa","lines":"97","arr":["97"],"terminus":0,"mode":"bus","color":"#0059a9","colorDark":"#00294f","angle":194.2,"snapDist":5,"label":1}},{"type":"Feature","geometry":{"type":"Point","coordinates":[20.857312,52.29036]},"properties":{"name":"Laski Łąkowa","lines":"97","arr":["97"],"terminus":0,"mode":"bus","color":"#0059a9","colorDark":"#00294f","angle":220.5,"snapDist":5,"label":1}},{"type":"Feature","geometry":{"type":"Point","coordinates":[20.869194,52.288252]},"properties":{"name":"Mościska Sikorskiego","lines":"97","arr":["97"],"terminus":0,"mode":"bus","color":"#0059a9","colorDark":"#00294f","angle":198.9,"snapDist":7,"label":1}},{"type":"Feature","geometry":{"type":"Point","coordinates":[20.876911,52.29103]},"properties":{"name":"Mościska Energetyczna","lines":"97","arr":["97"],"terminus":0,"mode":"bus","color":"#0059a9","colorDark":"#00294f","angle":-86.5,"snapDist":12,"label":1}},{"type":"Feature","geometry":{"type":"Point","coordinates":[20.882271,52.315779]},"properties":{"name":"Laski Trenów","lines":"97","arr":["97"],"terminus":0,"mode":"bus","color":"#0059a9","colorDark":"#00294f","angle":86.5,"snapDist":6,"label":1}},{"type":"Feature","geometry":{"type":"Point","coordinates":[20.882586,52.31821]},"properties":{"name":"Łomianki Kampinoska","lines":"97","arr":["97"],"terminus":0,"mode":"bus","color":"#0059a9","colorDark":"#00294f","angle":128.1,"snapDist":1,"label":1}},{"type":"Feature","geometry":{"type":"Point","coordinates":[20.884258,52.321287]},"properties":{"name":"Łomianki Młocińska","lines":"97","arr":["97"],"terminus":0,"mode":"bus","color":"#0059a9","colorDark":"#00294f","angle":121,"snapDist":3,"label":1}},{"type":"Feature","geometry":{"type":"Point","coordinates":[20.894295,52.321508]},"properties":{"name":"Łomianki Pancerz","lines":"97","arr":["97"],"terminus":0,"mode":"bus","color":"#0059a9","colorDark":"#00294f","angle":137.4,"snapDist":5,"label":1}},{"type":"Feature","geometry":{"type":"Point","coordinates":[20.89946,52.325725]},"properties":{"name":"Łomianki Centrum Handlowe","lines":"97","arr":["97"],"terminus":0,"mode":"bus","color":"#0059a9","colorDark":"#00294f","angle":120.3,"snapDist":3,"label":1}},{"type":"Feature","geometry":{"type":"Point","coordinates":[20.90184,52.331702]},"properties":{"name":"Łomianki POLMO","lines":"97","arr":["97"],"terminus":0,"mode":"bus","color":"#0059a9","colorDark":"#00294f","angle":55.5,"snapDist":6,"label":1}},{"type":"Feature","geometry":{"type":"Point","coordinates":[20.898927,52.334307]},"properties":{"name":"Łomianki Lwowska","lines":"97","arr":["97"],"terminus":0,"mode":"bus","color":"#0059a9","colorDark":"#00294f","angle":55.5,"snapDist":7,"label":1}},{"type":"Feature","geometry":{"type":"Point","coordinates":[20.89502,52.337805]},"properties":{"name":"Łomianki Szkoła","lines":"97","arr":["97"],"terminus":0,"mode":"bus","color":"#0059a9","colorDark":"#00294f","angle":55.6,"snapDist":6,"label":1}},{"type":"Feature","geometry":{"type":"Point","coordinates":[20.89085,52.339689]},"properties":{"name":"Łomianki Centrum","lines":"97","arr":["97"],"terminus":0,"mode":"bus","color":"#0059a9","colorDark":"#00294f","angle":26.6,"snapDist":4,"label":1}},{"type":"Feature","geometry":{"type":"Point","coordinates":[20.882418,52.342391]},"properties":{"name":"Łomianki Kościół","lines":"97","arr":["97"],"terminus":0,"mode":"bus","color":"#0059a9","colorDark":"#00294f","angle":27.9,"snapDist":5,"label":1}},{"type":"Feature","geometry":{"type":"Point","coordinates":[20.876999,52.344136]},"properties":{"name":"Łomianki ICDS","lines":"97","arr":["97"],"terminus":0,"mode":"bus","color":"#0059a9","colorDark":"#00294f","angle":26.4,"snapDist":7,"label":1}},{"type":"Feature","geometry":{"type":"Point","coordinates":[20.871141,52.346017]},"properties":{"name":"Łomianki Armii Poznań","lines":"97","arr":["97"],"terminus":0,"mode":"bus","color":"#0059a9","colorDark":"#00294f","angle":28.1,"snapDist":7,"label":1}},{"type":"Feature","geometry":{"type":"Point","coordinates":[20.866646,52.34746]},"properties":{"name":"Kiełpin Poduchowny Ogrodowa","lines":"97","arr":["97"],"terminus":0,"mode":"bus","color":"#0059a9","colorDark":"#00294f","angle":27.6,"snapDist":7,"label":1}},{"type":"Feature","geometry":{"type":"Point","coordinates":[20.862207,52.348886]},"properties":{"name":"Kiełpin Graniczka","lines":"97","arr":["97"],"terminus":0,"mode":"bus","color":"#0059a9","colorDark":"#00294f","angle":27.4,"snapDist":5,"label":1}},{"type":"Feature","geometry":{"type":"Point","coordinates":[20.855753,52.346425]},"properties":{"name":"Dziekanów Leśny Instytut Ekologii PAN","lines":"97","arr":["97"],"terminus":0,"mode":"bus","color":"#0059a9","colorDark":"#00294f","angle":14.5,"snapDist":6,"label":1}},{"type":"Feature","geometry":{"type":"Point","coordinates":[20.847176,52.341559]},"properties":{"name":"Dziekanów Leśny","lines":"97","arr":["97"],"terminus":1,"mode":"bus","color":"#0059a9","colorDark":"#00294f","angle":247.7,"snapDist":5,"label":1}},{"type":"Feature","geometry":{"type":"Point","coordinates":[20.857048,52.346216]},"properties":{"name":"Dziekanów Leśny Instytut Ekologii PAN","lines":"97","arr":["97"],"terminus":0,"mode":"bus","color":"#0059a9","colorDark":"#00294f","angle":194.9,"snapDist":6,"label":0}},{"type":"Feature","geometry":{"type":"Point","coordinates":[20.862901,52.348664]},"properties":{"name":"Kiełpin Graniczka","lines":"97","arr":["97"],"terminus":0,"mode":"bus","color":"#0059a9","colorDark":"#00294f","angle":207.8,"snapDist":6,"label":0}},{"type":"Feature","geometry":{"type":"Point","coordinates":[20.86539,52.347865]},"properties":{"name":"Kiełpin Poduchowny Ogrodowa","lines":"97","arr":["97"],"terminus":0,"mode":"bus","color":"#0059a9","colorDark":"#00294f","angle":207.3,"snapDist":4,"label":0}},{"type":"Feature","geometry":{"type":"Point","coordinates":[20.87288,52.345459]},"properties":{"name":"Łomianki Armii Poznań","lines":"97","arr":["97"],"terminus":0,"mode":"bus","color":"#0059a9","colorDark":"#00294f","angle":207.5,"snapDist":5,"label":0}},{"type":"Feature","geometry":{"type":"Point","coordinates":[20.877653,52.343926]},"properties":{"name":"Łomianki ICDS","lines":"97","arr":["97"],"terminus":0,"mode":"bus","color":"#0059a9","colorDark":"#00294f","angle":207.3,"snapDist":6,"label":0}},{"type":"Feature","geometry":{"type":"Point","coordinates":[20.883939,52.341895]},"properties":{"name":"Łomianki Kościół","lines":"97","arr":["97"],"terminus":0,"mode":"bus","color":"#0059a9","colorDark":"#00294f","angle":207.6,"snapDist":5,"label":0}},{"type":"Feature","geometry":{"type":"Point","coordinates":[20.889149,52.340215]},"properties":{"name":"Łomianki Centrum","lines":"97","arr":["97"],"terminus":0,"mode":"bus","color":"#0059a9","colorDark":"#00294f","angle":208.2,"snapDist":7,"label":0}},{"type":"Feature","geometry":{"type":"Point","coordinates":[20.895631,52.337258]},"properties":{"name":"Łomianki Szkoła","lines":"97","arr":["97"],"terminus":0,"mode":"bus","color":"#0059a9","colorDark":"#00294f","angle":235.4,"snapDist":3,"label":0}},{"type":"Feature","geometry":{"type":"Point","coordinates":[20.899398,52.333888]},"properties":{"name":"Łomianki Lwowska","lines":"97","arr":["97"],"terminus":0,"mode":"bus","color":"#0059a9","colorDark":"#00294f","angle":235.3,"snapDist":5,"label":0}},{"type":"Feature","geometry":{"type":"Point","coordinates":[20.902274,52.331316]},"properties":{"name":"Łomianki POLMO","lines":"97","arr":["97"],"terminus":0,"mode":"bus","color":"#0059a9","colorDark":"#00294f","angle":235.5,"snapDist":5,"label":0}},{"type":"Feature","geometry":{"type":"Point","coordinates":[20.902916,52.329142]},"properties":{"name":"Łomianki Brukowa","lines":"97","arr":["97"],"terminus":0,"mode":"bus","color":"#0059a9","colorDark":"#00294f","angle":310.8,"snapDist":9,"label":1}},{"type":"Feature","geometry":{"type":"Point","coordinates":[20.900233,52.326757]},"properties":{"name":"Łomianki Centrum Handlowe","lines":"97","arr":["97"],"terminus":0,"mode":"bus","color":"#0059a9","colorDark":"#00294f","angle":299.9,"snapDist":2,"label":0}},{"type":"Feature","geometry":{"type":"Point","coordinates":[20.89409,52.32134]},"properties":{"name":"Łomianki Pancerz","lines":"97","arr":["97"],"terminus":0,"mode":"bus","color":"#0059a9","colorDark":"#00294f","angle":300.6,"snapDist":6,"label":0}},{"type":"Feature","geometry":{"type":"Point","coordinates":[20.885862,52.32158]},"properties":{"name":"Łomianki Partyzantów","lines":"97","arr":["97"],"terminus":0,"mode":"bus","color":"#0059a9","colorDark":"#00294f","angle":31.8,"snapDist":3,"label":1}},{"type":"Feature","geometry":{"type":"Point","coordinates":[20.884068,52.321093]},"properties":{"name":"Łomianki Młocińska","lines":"97","arr":["97"],"terminus":0,"mode":"bus","color":"#0059a9","colorDark":"#00294f","angle":300.8,"snapDist":3,"label":0}},{"type":"Feature","geometry":{"type":"Point","coordinates":[20.882095,52.317317]},"properties":{"name":"Łomianki Kampinoska","lines":"97","arr":["97"],"terminus":0,"mode":"bus","color":"#0059a9","colorDark":"#00294f","angle":266.5,"snapDist":2,"label":0}},{"type":"Feature","geometry":{"type":"Point","coordinates":[20.882515,52.314243]},"properties":{"name":"Laski Trenów","lines":"97","arr":["97"],"terminus":0,"mode":"bus","color":"#0059a9","colorDark":"#00294f","angle":276.5,"snapDist":5,"label":0}},{"type":"Feature","geometry":{"type":"Point","coordinates":[20.87088,52.28804]},"properties":{"name":"Mościska Sikorskiego","lines":"97","arr":["97"],"terminus":0,"mode":"bus","color":"#0059a9","colorDark":"#00294f","angle":9.6,"snapDist":3,"label":0}},{"type":"Feature","geometry":{"type":"Point","coordinates":[20.867016,52.288626]},"properties":{"name":"Mościska Wierzbowa","lines":"97","arr":["97"],"terminus":0,"mode":"bus","color":"#0059a9","colorDark":"#00294f","angle":6.5,"snapDist":7,"label":1}},{"type":"Feature","geometry":{"type":"Point","coordinates":[20.856013,52.291039]},"properties":{"name":"Laski Łąkowa","lines":"97","arr":["97"],"terminus":0,"mode":"bus","color":"#0059a9","colorDark":"#00294f","angle":40.1,"snapDist":4,"label":0}},{"type":"Feature","geometry":{"type":"Point","coordinates":[20.849557,52.29271]},"properties":{"name":"Laski Pocztowa","lines":"97","arr":["97"],"terminus":0,"mode":"bus","color":"#0059a9","colorDark":"#00294f","angle":14.4,"snapDist":5,"label":0}},{"type":"Feature","geometry":{"type":"Point","coordinates":[20.840139,52.291337]},"properties":{"name":"Laski Sokołowskiego","lines":"97","arr":["97"],"terminus":0,"mode":"bus","color":"#0059a9","colorDark":"#00294f","angle":336.1,"snapDist":5,"label":0}},{"type":"Feature","geometry":{"type":"Point","coordinates":[20.800187,52.294918]},"properties":{"name":"Izabelin Langiewicza","lines":"97","arr":["97"],"terminus":0,"mode":"bus","color":"#0059a9","colorDark":"#00294f","angle":282.5,"snapDist":0,"label":0}},{"type":"Feature","geometry":{"type":"Point","coordinates":[20.804513,52.2773]},"properties":{"name":"Lipków Przy Parku","lines":"97","arr":["97"],"terminus":0,"mode":"bus","color":"#0059a9","colorDark":"#00294f","angle":247.8,"snapDist":4,"label":0}},{"type":"Feature","geometry":{"type":"Point","coordinates":[20.80817,52.27332]},"properties":{"name":"Lipków","lines":"97","arr":["97"],"terminus":0,"mode":"bus","color":"#0059a9","colorDark":"#00294f","angle":223.8,"snapDist":3,"label":0}},{"type":"Feature","geometry":{"type":"Point","coordinates":[20.814197,52.269492]},"properties":{"name":"Lipków Mościckiego","lines":"97","arr":["97"],"terminus":0,"mode":"bus","color":"#0059a9","colorDark":"#00294f","angle":227.2,"snapDist":3,"label":0}},{"type":"Feature","geometry":{"type":"Point","coordinates":[20.824878,52.263987]},"properties":{"name":"Stare Babice Osiedlowa","lines":"97, 98","arr":["97","98"],"terminus":0,"mode":"bus","color":"#0059a9","colorDark":"#00294f","angle":214.6,"snapDist":3,"label":0}},{"type":"Feature","geometry":{"type":"Point","coordinates":[20.832575,52.260517]},"properties":{"name":"Stare Babice Gen. Thomme","lines":"97, 98","arr":["97","98"],"terminus":0,"mode":"bus","color":"#0059a9","colorDark":"#00294f","angle":224.3,"snapDist":2,"label":0}},{"type":"Feature","geometry":{"type":"Point","coordinates":[20.835071,52.24884]},"properties":{"name":"Stare Babice Wieruchowska","lines":"97","arr":["97"],"terminus":0,"mode":"bus","color":"#0059a9","colorDark":"#00294f","angle":18.6,"snapDist":6,"label":0}},{"type":"Feature","geometry":{"type":"Point","coordinates":[20.826054,52.250644]},"properties":{"name":"Stare Babice Gen. Kutrzeby","lines":"97","arr":["97"],"terminus":0,"mode":"bus","color":"#0059a9","colorDark":"#00294f","angle":17.9,"snapDist":7,"label":0}},{"type":"Feature","geometry":{"type":"Point","coordinates":[20.815447,52.231398]},"properties":{"name":"Strzykuły","lines":"97","arr":["97"],"terminus":0,"mode":"bus","color":"#0059a9","colorDark":"#00294f","angle":2.9,"snapDist":7,"label":0}},{"type":"Feature","geometry":{"type":"Point","coordinates":[20.802419,52.229965]},"properties":{"name":"Strzykuły Poniatowskiego","lines":"97","arr":["97"],"terminus":0,"mode":"bus","color":"#0059a9","colorDark":"#00294f","angle":269.4,"snapDist":5,"label":0}},{"type":"Feature","geometry":{"type":"Point","coordinates":[20.802108,52.226649]},"properties":{"name":"Kaputy Zachodzącego Słońca","lines":"97","arr":["97"],"terminus":0,"mode":"bus","color":"#0059a9","colorDark":"#00294f","angle":277.3,"snapDist":3,"label":0}},{"type":"Feature","geometry":{"type":"Point","coordinates":[20.801122,52.222102]},"properties":{"name":"Ożarów Maz. Kossaka","lines":"97","arr":["97"],"terminus":0,"mode":"bus","color":"#0059a9","colorDark":"#00294f","angle":278.4,"snapDist":2,"label":0}},{"type":"Feature","geometry":{"type":"Point","coordinates":[20.80018,52.217815]},"properties":{"name":"Ożarów Maz. Robotnicza","lines":"97","arr":["97"],"terminus":0,"mode":"bus","color":"#0059a9","colorDark":"#00294f","angle":277.8,"snapDist":2,"label":0}},{"type":"Feature","geometry":{"type":"Point","coordinates":[20.799342,52.214008]},"properties":{"name":"Ożarów Maz. Obrońców Warszawy","lines":"97","arr":["97"],"terminus":0,"mode":"bus","color":"#0059a9","colorDark":"#00294f","angle":277.6,"snapDist":3,"label":0}},{"type":"Feature","geometry":{"type":"Point","coordinates":[20.797443,52.210973]},"properties":{"name":"Ożarów Maz. Poniatowskiego","lines":"97","arr":["97"],"terminus":0,"mode":"bus","color":"#0059a9","colorDark":"#00294f","angle":279,"snapDist":2,"label":1}},{"type":"Feature","geometry":{"type":"Point","coordinates":[20.799618,52.207898]},"properties":{"name":"Ożarów Maz. PKP","lines":"97","arr":["97"],"terminus":0,"mode":"bus","color":"#0059a9","colorDark":"#00294f","angle":-176.7,"snapDist":11,"label":1}},{"type":"Feature","geometry":{"type":"Point","coordinates":[20.849705,52.214802]},"properties":{"name":"Jawczyce","lines":"97","arr":["97"],"terminus":0,"mode":"bus","color":"#0059a9","colorDark":"#00294f","angle":283.4,"snapDist":4,"label":0}},{"type":"Feature","geometry":{"type":"Point","coordinates":[20.842365,52.210977]},"properties":{"name":"Bronisze Przyparkowa","lines":"97","arr":["97"],"terminus":0,"mode":"bus","color":"#0059a9","colorDark":"#00294f","angle":12.8,"snapDist":3,"label":0}},{"type":"Feature","geometry":{"type":"Point","coordinates":[20.833879,52.20094]},"properties":{"name":"Konotopa","lines":"97","arr":["97"],"terminus":0,"mode":"bus","color":"#0059a9","colorDark":"#00294f","angle":264.8,"snapDist":5,"label":0}},{"type":"Feature","geometry":{"type":"Point","coordinates":[20.8175,52.21043]},"properties":{"name":"Ożarów Maz. Starostwo","lines":"97","arr":["97"],"terminus":1,"mode":"bus","color":"#0059a9","colorDark":"#00294f","angle":278.3,"snapDist":7,"label":0}},{"type":"Feature","geometry":{"type":"Point","coordinates":[20.812391,52.312657]},"properties":{"name":"Sieraków","lines":"98","arr":["98"],"terminus":1,"mode":"bus","color":"#0059a9","colorDark":"#00294f","angle":290.9,"snapDist":0,"label":1}},{"type":"Feature","geometry":{"type":"Point","coordinates":[20.809543,52.304862]},"properties":{"name":"Izabelin Końcowa","lines":"98","arr":["98"],"terminus":0,"mode":"bus","color":"#0059a9","colorDark":"#00294f","angle":291,"snapDist":2,"label":1}},{"type":"Feature","geometry":{"type":"Point","coordinates":[20.8074,52.301246]},"properties":{"name":"Izabelin Chodkiewicza","lines":"98","arr":["98"],"terminus":0,"mode":"bus","color":"#0059a9","colorDark":"#00294f","angle":286.7,"snapDist":3,"label":1}},{"type":"Feature","geometry":{"type":"Point","coordinates":[20.805661,52.297998]},"properties":{"name":"Izabelin Planty","lines":"98","arr":["98"],"terminus":0,"mode":"bus","color":"#0059a9","colorDark":"#00294f","angle":290,"snapDist":0,"label":1}},{"type":"Feature","geometry":{"type":"Point","coordinates":[20.829652,52.267864]},"properties":{"name":"Stare Babice Izabelińska","lines":"98","arr":["98"],"terminus":0,"mode":"bus","color":"#0059a9","colorDark":"#00294f","angle":301.9,"snapDist":4,"label":1}},{"type":"Feature","geometry":{"type":"Point","coordinates":[20.831294,52.269343]},"properties":{"name":"Stare Babice Izabelińska","lines":"98","arr":["98"],"terminus":0,"mode":"bus","color":"#0059a9","colorDark":"#00294f","angle":125.7,"snapDist":3,"label":0}},{"type":"Feature","geometry":{"type":"Point","coordinates":[20.804188,52.295606]},"properties":{"name":"Izabelin Sierakowska","lines":"98","arr":["98"],"terminus":0,"mode":"bus","color":"#0059a9","colorDark":"#00294f","angle":106.4,"snapDist":3,"label":0}},{"type":"Feature","geometry":{"type":"Point","coordinates":[20.806332,52.299196]},"properties":{"name":"Izabelin Planty","lines":"98","arr":["98"],"terminus":0,"mode":"bus","color":"#0059a9","colorDark":"#00294f","angle":108.8,"snapDist":5,"label":0}},{"type":"Feature","geometry":{"type":"Point","coordinates":[20.808529,52.303257]},"properties":{"name":"Izabelin Chodkiewicza","lines":"98","arr":["98"],"terminus":0,"mode":"bus","color":"#0059a9","colorDark":"#00294f","angle":111.7,"snapDist":2,"label":1}},{"type":"Feature","geometry":{"type":"Point","coordinates":[20.778383,52.145688]},"properties":{"name":"Helenówek","lines":"Z67","arr":["Z67"],"terminus":0,"mode":"bus","color":"#0059a9","colorDark":"#00294f","angle":1.2,"snapDist":7,"label":1}},{"type":"Feature","geometry":{"type":"Point","coordinates":[20.769707,52.138122]},"properties":{"name":"Kanie Piłsudskiego Świetlica","lines":"Z67","arr":["Z67"],"terminus":0,"mode":"bus","color":"#0059a9","colorDark":"#00294f","angle":210.8,"snapDist":4,"label":1}},{"type":"Feature","geometry":{"type":"Point","coordinates":[20.774741,52.131292]},"properties":{"name":"Kanie Helenowskie WKD","lines":"Z67","arr":["Z67"],"terminus":0,"mode":"bus","color":"#0059a9","colorDark":"#00294f","angle":233.4,"snapDist":2,"label":1}},{"type":"Feature","geometry":{"type":"Point","coordinates":[20.769601,52.126086]},"properties":{"name":"Kanie Nadarzyńska","lines":"Z67","arr":["Z67"],"terminus":0,"mode":"bus","color":"#0059a9","colorDark":"#00294f","angle":240.2,"snapDist":2,"label":1}},{"type":"Feature","geometry":{"type":"Point","coordinates":[20.769028,52.124645]},"properties":{"name":"Otrębusy Słowackiego","lines":"Z67","arr":["Z67"],"terminus":0,"mode":"bus","color":"#0059a9","colorDark":"#00294f","angle":61.3,"snapDist":4,"label":1}},{"type":"Feature","geometry":{"type":"Point","coordinates":[20.769509,52.124009]},"properties":{"name":"Otrębusy Słowackiego","lines":"Z67","arr":["Z67"],"terminus":0,"mode":"bus","color":"#0059a9","colorDark":"#00294f","angle":86.7,"snapDist":10,"label":0}},{"type":"Feature","geometry":{"type":"Point","coordinates":[20.769376,52.126419]},"properties":{"name":"Kanie Nadarzyńska","lines":"Z67","arr":["Z67"],"terminus":0,"mode":"bus","color":"#0059a9","colorDark":"#00294f","angle":72,"snapDist":5,"label":0}},{"type":"Feature","geometry":{"type":"Point","coordinates":[20.773441,52.132385]},"properties":{"name":"Kanie Helenowskie WKD","lines":"Z67","arr":["Z67"],"terminus":0,"mode":"bus","color":"#0059a9","colorDark":"#00294f","angle":54,"snapDist":7,"label":0}},{"type":"Feature","geometry":{"type":"Point","coordinates":[20.770163,52.137959]},"properties":{"name":"Kanie Piłsudskiego Świetlica","lines":"Z67","arr":["Z67"],"terminus":0,"mode":"bus","color":"#0059a9","colorDark":"#00294f","angle":30.2,"snapDist":9,"label":0}},{"type":"Feature","geometry":{"type":"Point","coordinates":[20.628432,52.100654]},"properties":{"name":"Grodzisk Mazowiecki Radońska","lines":"WKD","arr":["WKD"],"terminus":1,"mode":"tram","color":"#A518A3","colorDark":"#5b0d5a","angle":0,"metro":1,"snapDist":1,"label":1}},{"type":"Feature","geometry":{"type":"Point","coordinates":[20.636804,52.103309]},"properties":{"name":"Grodzisk Mazowiecki Jordanowice","lines":"WKD","arr":["WKD"],"terminus":0,"mode":"tram","color":"#A518A3","colorDark":"#5b0d5a","angle":0,"metro":1,"snapDist":2,"label":1}},{"type":"Feature","geometry":{"type":"Point","coordinates":[20.651109,52.102766]},"properties":{"name":"Grodzisk Mazowiecki Piaskowa","lines":"WKD","arr":["WKD"],"terminus":0,"mode":"tram","color":"#A518A3","colorDark":"#5b0d5a","angle":0,"metro":1,"snapDist":2,"label":1}},{"type":"Feature","geometry":{"type":"Point","coordinates":[20.659572,52.100688]},"properties":{"name":"Grodzisk Mazowiecki Okrężna","lines":"WKD","arr":["WKD"],"terminus":0,"mode":"tram","color":"#A518A3","colorDark":"#5b0d5a","angle":0,"metro":1,"snapDist":2,"label":1}},{"type":"Feature","geometry":{"type":"Point","coordinates":[20.678301,52.105013]},"properties":{"name":"Brzózki","lines":"WKD","arr":["WKD"],"terminus":0,"mode":"tram","color":"#A518A3","colorDark":"#5b0d5a","angle":0,"metro":1,"snapDist":2,"label":1}},{"type":"Feature","geometry":{"type":"Point","coordinates":[20.697992,52.110834]},"properties":{"name":"Kazimierówka","lines":"WKD","arr":["WKD"],"terminus":0,"mode":"tram","color":"#A518A3","colorDark":"#5b0d5a","angle":0,"metro":1,"snapDist":2,"label":1}},{"type":"Feature","geometry":{"type":"Point","coordinates":[20.712156,52.120872]},"properties":{"name":"Podkowa Leśna Zachodnia","lines":"WKD","arr":["WKD"],"terminus":0,"mode":"tram","color":"#A518A3","colorDark":"#5b0d5a","angle":0,"metro":1,"snapDist":2,"label":1}},{"type":"Feature","geometry":{"type":"Point","coordinates":[20.725176,52.122388]},"properties":{"name":"Podkowa Leśna Główna","lines":"WKD","arr":["WKD"],"terminus":0,"mode":"tram","color":"#A518A3","colorDark":"#5b0d5a","angle":0,"metro":1,"snapDist":2,"label":1}},{"type":"Feature","geometry":{"type":"Point","coordinates":[20.738429,52.123796]},"properties":{"name":"Podkowa Leśna Wschodnia","lines":"WKD","arr":["WKD"],"terminus":0,"mode":"tram","color":"#A518A3","colorDark":"#5b0d5a","angle":0,"metro":1,"snapDist":1,"label":1}},{"type":"Feature","geometry":{"type":"Point","coordinates":[20.761578,52.126394]},"properties":{"name":"Otrębusy","lines":"WKD","arr":["WKD"],"terminus":0,"mode":"tram","color":"#A518A3","colorDark":"#5b0d5a","angle":0,"metro":1,"snapDist":1,"label":1}},{"type":"Feature","geometry":{"type":"Point","coordinates":[20.774268,52.131652]},"properties":{"name":"Kanie Helenowskie","lines":"WKD","arr":["WKD"],"terminus":0,"mode":"tram","color":"#A518A3","colorDark":"#5b0d5a","angle":0,"metro":1,"snapDist":1,"label":1}},{"type":"Feature","geometry":{"type":"Point","coordinates":[20.795645,52.140491]},"properties":{"name":"Nowa Wieś Warszawska","lines":"WKD","arr":["WKD"],"terminus":0,"mode":"tram","color":"#A518A3","colorDark":"#5b0d5a","angle":0,"metro":1,"snapDist":1,"label":1}},{"type":"Feature","geometry":{"type":"Point","coordinates":[20.811333,52.148088]},"properties":{"name":"Komorów","lines":"WKD","arr":["WKD"],"terminus":0,"mode":"tram","color":"#A518A3","colorDark":"#5b0d5a","angle":0,"metro":1,"snapDist":1,"label":1}},{"type":"Feature","geometry":{"type":"Point","coordinates":[20.816629,52.161632]},"properties":{"name":"Pruszków WKD","lines":"WKD","arr":["WKD"],"terminus":0,"mode":"tram","color":"#A518A3","colorDark":"#5b0d5a","angle":0,"metro":1,"snapDist":1,"label":1}},{"type":"Feature","geometry":{"type":"Point","coordinates":[20.82331,52.169]},"properties":{"name":"Tworki","lines":"WKD","arr":["WKD"],"terminus":0,"mode":"tram","color":"#A518A3","colorDark":"#5b0d5a","angle":0,"metro":1,"snapDist":1,"label":1}},{"type":"Feature","geometry":{"type":"Point","coordinates":[20.841146,52.169381]},"properties":{"name":"Malichy","lines":"WKD","arr":["WKD"],"terminus":0,"mode":"tram","color":"#A518A3","colorDark":"#5b0d5a","angle":0,"metro":1,"snapDist":1,"label":1}},{"type":"Feature","geometry":{"type":"Point","coordinates":[20.859067,52.170387]},"properties":{"name":"Reguły","lines":"WKD","arr":["WKD"],"terminus":0,"mode":"tram","color":"#A518A3","colorDark":"#5b0d5a","angle":0,"metro":1,"snapDist":2,"label":1}},{"type":"Feature","geometry":{"type":"Point","coordinates":[20.881282,52.175381]},"properties":{"name":"Michałowice","lines":"WKD","arr":["WKD"],"terminus":0,"mode":"tram","color":"#A518A3","colorDark":"#5b0d5a","angle":0,"metro":1,"snapDist":1,"label":1}},{"type":"Feature","geometry":{"type":"Point","coordinates":[20.904625,52.181393]},"properties":{"name":"Opacz","lines":"WKD","arr":["WKD"],"terminus":0,"mode":"tram","color":"#A518A3","colorDark":"#5b0d5a","angle":0,"metro":1,"snapDist":1,"label":1}},{"type":"Feature","geometry":{"type":"Point","coordinates":[20.924628,52.186508]},"properties":{"name":"Warszawa Salomea","lines":"WKD","arr":["WKD"],"terminus":0,"mode":"tram","color":"#A518A3","colorDark":"#5b0d5a","angle":0,"metro":1,"snapDist":1,"label":1}},{"type":"Feature","geometry":{"type":"Point","coordinates":[20.935851,52.194456]},"properties":{"name":"Warszawa Raków","lines":"WKD","arr":["WKD"],"terminus":0,"mode":"tram","color":"#A518A3","colorDark":"#5b0d5a","angle":0,"metro":1,"snapDist":1,"label":1}},{"type":"Feature","geometry":{"type":"Point","coordinates":[20.942188,52.2053]},"properties":{"name":"Warszawa Aleje Jerozolimskie","lines":"WKD","arr":["WKD"],"terminus":0,"mode":"tram","color":"#A518A3","colorDark":"#5b0d5a","angle":0,"metro":1,"snapDist":5,"label":1}},{"type":"Feature","geometry":{"type":"Point","coordinates":[20.947908,52.214398]},"properties":{"name":"Warszawa Reduta Ordona","lines":"WKD","arr":["WKD"],"terminus":0,"mode":"tram","color":"#A518A3","colorDark":"#5b0d5a","angle":0,"metro":1,"snapDist":1,"label":1}},{"type":"Feature","geometry":{"type":"Point","coordinates":[20.965582,52.219399]},"properties":{"name":"Warszawa Zachodnia WKD","lines":"WKD","arr":["WKD"],"terminus":0,"mode":"tram","color":"#A518A3","colorDark":"#5b0d5a","angle":0,"metro":1,"snapDist":5,"label":1}},{"type":"Feature","geometry":{"type":"Point","coordinates":[20.98962,52.225394]},"properties":{"name":"Warszawa Ochota WKD","lines":"WKD","arr":["WKD"],"terminus":0,"mode":"tram","color":"#A518A3","colorDark":"#5b0d5a","angle":0,"metro":1,"snapDist":3,"label":1}},{"type":"Feature","geometry":{"type":"Point","coordinates":[21.000339,52.227687]},"properties":{"name":"Warszawa Śródmieście WKD","lines":"WKD","arr":["WKD"],"terminus":1,"mode":"tram","color":"#A518A3","colorDark":"#5b0d5a","angle":0,"metro":1,"snapDist":4,"label":1}}]}